"id","noise_sd","slope","bubble_mean","n_bubbles","overshoot","scenario","rep","true_diffusive","true_ebullition","true_total"
"syn_00001",2,0.1,50,1,0,1,1,0.831470201384011,0.721523999042099,1.55299420042611
"syn_00002",10,0.1,50,1,0,2,1,0.831470201384011,0.703458677545825,1.53492887892984
"syn_00003",50,0.1,50,1,0,3,1,0.831470201384011,0.538881089705545,1.37035129108956
"syn_00004",2,1,50,1,0,4,1,8.31470201384011,0.865855021340185,9.1805570351803
"syn_00005",10,1,50,1,0,5,1,8.31470201384011,0.910267238684358,9.22496925252447
"syn_00006",50,1,50,1,0,6,1,8.31470201384011,0.338476168631845,8.65317818247196
"syn_00007",2,0.1,300,1,0,7,1,0.831470201384011,1.51641699328782,2.34788719467183
"syn_00008",10,0.1,300,1,0,8,1,0.831470201384011,3.27346495680707,4.10493515819108
"syn_00009",50,0.1,300,1,0,9,1,0.831470201384011,6.60733352160268,7.43880372298669
"syn_00010",2,1,300,1,0,10,1,8.31470201384011,3.36352181870597,11.6782238325461
"syn_00011",10,1,300,1,0,11,1,8.31470201384011,5.52690760342316,13.8416096172633
"syn_00012",50,1,300,1,0,12,1,8.31470201384011,3.22649768776585,11.541199701606
"syn_00013",2,0.1,1500,1,0,13,1,0.831470201384011,16.1124661837288,16.9439363851128
"syn_00014",10,0.1,1500,1,0,14,1,0.831470201384011,23.2695808293447,24.1010510307287
"syn_00015",50,0.1,1500,1,0,15,1,0.831470201384011,13.2720626372083,14.1035328385923
"syn_00016",2,1,1500,1,0,16,1,8.31470201384011,42.1496972798191,50.4643992936592
"syn_00017",10,1,1500,1,0,17,1,8.31470201384011,14.7717639790876,23.0864659929277
"syn_00018",50,1,1500,1,0,18,1,8.31470201384011,10.5930059562911,18.9077079701312
"syn_00019",2,0.1,50,4,0,19,1,0.831470201384011,1.63324665836589,2.4647168597499
"syn_00020",10,0.1,50,4,0,20,1,0.831470201384011,2.99678448022961,3.82825468161362
"syn_00021",50,0.1,50,4,0,21,1,0.831470201384011,2.45433871126862,3.28580891265263
"syn_00022",2,1,50,4,0,22,1,8.31470201384011,3.20918903257312,11.5238910464132
"syn_00023",10,1,50,4,0,23,1,8.31470201384011,2.19196093141291,10.506662945253
"syn_00024",50,1,50,4,0,24,1,8.31470201384011,1.95145996396601,10.2661619778061
"syn_00025",2,0.1,300,4,0,25,1,0.831470201384011,14.7485885946754,15.5800587960594
"syn_00026",10,0.1,300,4,0,26,1,0.831470201384011,16.2576278554847,17.0890980568687
"syn_00027",50,0.1,300,4,0,27,1,0.831470201384011,18.3795860475442,19.2110562489282
"syn_00028",2,1,300,4,0,28,1,8.31470201384011,17.8650080216566,26.1797100354967
"syn_00029",10,1,300,4,0,29,1,8.31470201384011,16.8201128332417,25.1348148470818
"syn_00030",50,1,300,4,0,30,1,8.31470201384011,15.4823751132945,23.7970771271346
"syn_00031",2,0.1,1500,4,0,31,1,0.831470201384011,59.784799472634,60.616269674018
"syn_00032",10,0.1,1500,4,0,32,1,0.831470201384011,123.285282042762,124.116752244146
"syn_00033",50,0.1,1500,4,0,33,1,0.831470201384011,80.6098240623565,81.4412942637405
"syn_00034",2,1,1500,4,0,34,1,8.31470201384011,106.199219759346,114.513921773186
"syn_00035",10,1,1500,4,0,35,1,8.31470201384011,79.1568897291,87.4715917429401
"syn_00036",50,1,1500,4,0,36,1,8.31470201384011,61.5651285870036,69.8798306008437
"syn_00037",2,0.1,50,10,0,37,1,0.831470201384011,6.45731914632059,7.2887893477046
"syn_00038",10,0.1,50,10,0,38,1,0.831470201384011,5.80283865597323,6.63430885735724
"syn_00039",50,0.1,50,10,0,39,1,0.831470201384011,6.54179213215151,7.37326233353552
"syn_00040",2,1,50,10,0,40,1,8.31470201384011,7.34341246488164,15.6581144787218
"syn_00041",10,1,50,10,0,41,1,8.31470201384011,5.61556816073437,13.9302701745745
"syn_00042",50,1,50,10,0,42,1,8.31470201384011,6.08265142755725,14.3973534413974
"syn_00043",2,0.1,300,10,0,43,1,0.831470201384011,47.4320681833959,48.2635383847799
"syn_00044",10,0.1,300,10,0,44,1,0.831470201384011,51.6424648566996,52.4739350580836
"syn_00045",50,0.1,300,10,0,45,1,0.831470201384011,38.5142582042068,39.3457284055908
"syn_00046",2,1,300,10,0,46,1,8.31470201384011,39.6157985269275,47.9305005407676
"syn_00047",10,1,300,10,0,47,1,8.31470201384011,35.4082911124212,43.7229931262614
"syn_00048",50,1,300,10,0,48,1,8.31470201384011,49.2168395537997,57.5315415676398
"syn_00049",2,0.1,1500,10,0,49,1,0.831470201384011,139.826656830994,140.658127032378
"syn_00050",10,0.1,1500,10,0,50,1,0.831470201384011,208.916035624931,209.747505826315
"syn_00051",50,0.1,1500,10,0,51,1,0.831470201384011,217.578237834069,218.409708035453
"syn_00052",2,1,1500,10,0,52,1,8.31470201384011,248.449845781342,256.764547795182
"syn_00053",10,1,1500,10,0,53,1,8.31470201384011,166.473758504095,174.788460517935
"syn_00054",50,1,1500,10,0,54,1,8.31470201384011,240.074116695907,248.388818709747
"syn_00055",2,0.1,50,1,1,55,1,0.831470201384011,0.309841624505998,1.14131182589001
"syn_00056",10,0.1,50,1,1,56,1,0.831470201384011,0.455885935318825,1.28735613670284
"syn_00057",50,0.1,50,1,1,57,1,0.831470201384011,0.92855124600745,1.76002144739146
"syn_00058",2,1,50,1,1,58,1,8.31470201384011,0.61986700987115,8.93456902371126
"syn_00059",10,1,50,1,1,59,1,8.31470201384011,0.173463791373695,8.48816580521381
"syn_00060",50,1,50,1,1,60,1,8.31470201384011,0.468387565751917,8.78308957959203
"syn_00061",2,0.1,300,1,1,61,1,0.831470201384011,4.40826468736956,5.23973488875357
"syn_00062",10,0.1,300,1,1,62,1,0.831470201384011,5.27736200594135,6.10883220732537
"syn_00063",50,0.1,300,1,1,63,1,0.831470201384011,3.3308051722093,4.16227537359331
"syn_00064",2,1,300,1,1,64,1,8.31470201384011,4.0342895234984,12.3489915373385
"syn_00065",10,1,300,1,1,65,1,8.31470201384011,3.64004783283444,11.9547498466745
"syn_00066",50,1,300,1,1,66,1,8.31470201384011,2.85129975626779,11.1660017701079
"syn_00067",2,0.1,1500,1,1,67,1,0.831470201384011,33.5884105199919,34.4198807213759
"syn_00068",10,0.1,1500,1,1,68,1,0.831470201384011,15.3254455525016,16.1569157538856
"syn_00069",50,0.1,1500,1,1,69,1,0.831470201384011,13.2199131547547,14.0513833561387
"syn_00070",2,1,1500,1,1,70,1,8.31470201384011,10.1235734028402,18.4382754166803
"syn_00071",10,1,1500,1,1,71,1,8.31470201384011,10.1962068465738,18.510908860414
"syn_00072",50,1,1500,1,1,72,1,8.31470201384011,21.0138141737431,29.3285161875832
"syn_00073",2,0.1,50,4,1,73,1,0.831470201384011,2.75913435878658,3.59060456017059
"syn_00074",10,0.1,50,4,1,74,1,0.831470201384011,2.57203044391494,3.40350064529895
"syn_00075",50,0.1,50,4,1,75,1,0.831470201384011,2.26567849981258,3.09714870119659
"syn_00076",2,1,50,4,1,76,1,8.31470201384011,2.25479782237356,10.5694998362137
"syn_00077",10,1,50,4,1,77,1,8.31470201384011,2.73288175518593,11.047583769026
"syn_00078",50,1,50,4,1,78,1,8.31470201384011,4.08019029893656,12.3948923127767
"syn_00079",2,0.1,300,4,1,79,1,0.831470201384011,18.3969370914757,19.2284072928597
"syn_00080",10,0.1,300,4,1,80,1,0.831470201384011,18.4372906124109,19.2687608137949
"syn_00081",50,0.1,300,4,1,81,1,0.831470201384011,10.4315995660792,11.2630697674632
"syn_00082",2,1,300,4,1,82,1,8.31470201384011,9.91929804757266,18.2340000614128
"syn_00083",10,1,300,4,1,83,1,8.31470201384011,12.5276716800252,20.8423736938653
"syn_00084",50,1,300,4,1,84,1,8.31470201384011,13.3606926960986,21.6753947099387
"syn_00085",2,0.1,1500,4,1,85,1,0.831470201384011,140.570918501308,141.402388702692
"syn_00086",10,0.1,1500,4,1,86,1,0.831470201384011,83.5775613956704,84.4090315970544
"syn_00087",50,0.1,1500,4,1,87,1,0.831470201384011,82.6579588139413,83.4894290153253
"syn_00088",2,1,1500,4,1,88,1,8.31470201384011,110.039425111379,118.354127125219
"syn_00089",10,1,1500,4,1,89,1,8.31470201384011,84.4924579750479,92.807159988888
"syn_00090",50,1,1500,4,1,90,1,8.31470201384011,73.7375014177309,82.052203431571
"syn_00091",2,0.1,50,10,1,91,1,0.831470201384011,7.7777863468414,8.60925654822541
"syn_00092",10,0.1,50,10,1,92,1,0.831470201384011,5.97494325667327,6.80641345805728
"syn_00093",50,0.1,50,10,1,93,1,0.831470201384011,5.75274747146949,6.5842176728535
"syn_00094",2,1,50,10,1,94,1,8.31470201384011,6.15376417959902,14.4684661934391
"syn_00095",10,1,50,10,1,95,1,8.31470201384011,7.95974123852281,16.2744432523629
"syn_00096",50,1,50,10,1,96,1,8.31470201384011,6.1935257284315,14.5082277422716
"syn_00097",2,0.1,300,10,1,97,1,0.831470201384011,39.5137146372013,40.3451848385853
"syn_00098",10,0.1,300,10,1,98,1,0.831470201384011,43.7269762265953,44.5584464279793
"syn_00099",50,0.1,300,10,1,99,1,0.831470201384011,38.279912870055,39.111383071439
"syn_00100",2,1,300,10,1,100,1,8.31470201384011,50.7436318879185,59.0583339017586
"syn_00101",10,1,300,10,1,101,1,8.31470201384011,51.8610542802039,60.1757562940441
"syn_00102",50,1,300,10,1,102,1,8.31470201384011,44.9051999533017,53.2199019671418
"syn_00103",2,0.1,1500,10,1,103,1,0.831470201384011,232.102530329476,232.93400053086
"syn_00104",10,0.1,1500,10,1,104,1,0.831470201384011,175.510259442664,176.341729644048
"syn_00105",50,0.1,1500,10,1,105,1,0.831470201384011,183.993159977138,184.824630178522
"syn_00106",2,1,1500,10,1,106,1,8.31470201384011,231.835839803809,240.150541817649
"syn_00107",10,1,1500,10,1,107,1,8.31470201384011,190.812862575121,199.127564588961
"syn_00108",50,1,1500,10,1,108,1,8.31470201384011,164.188212778552,172.502914792392
"syn_00109",2,0.1,NA,0,NA,109,1,0.831470201384011,0,0.831470201384011
"syn_00110",10,0.1,NA,0,NA,110,1,0.831470201384011,0,0.831470201384011
"syn_00111",50,0.1,NA,0,NA,111,1,0.831470201384011,0,0.831470201384011
"syn_00112",2,1,NA,0,NA,112,1,8.31470201384011,0,8.31470201384011
"syn_00113",10,1,NA,0,NA,113,1,8.31470201384011,0,8.31470201384011
"syn_00114",50,1,NA,0,NA,114,1,8.31470201384011,0,8.31470201384011
"syn_00115",2,0.1,50,1,0,1,2,0.831470201384011,0.50428424896589,1.3357544503499
"syn_00116",10,0.1,50,1,0,2,2,0.831470201384011,0.651140366929577,1.48261056831359
"syn_00117",50,0.1,50,1,0,3,2,0.831470201384011,0.653640660496761,1.48511086188077
"syn_00118",2,1,50,1,0,4,2,8.31470201384011,0.937521878760694,9.25222389260081
"syn_00119",10,1,50,1,0,5,2,8.31470201384011,0.422889948731877,8.73759196257199
"syn_00120",50,1,50,1,0,6,2,8.31470201384011,0.294509889894564,8.60921190373467
"syn_00121",2,0.1,300,1,0,7,2,0.831470201384011,4.65698275337736,5.48845295476137
"syn_00122",10,0.1,300,1,0,8,2,0.831470201384011,2.17223428719081,3.00370448857482
"syn_00123",50,0.1,300,1,0,9,2,0.831470201384011,4.48702659976328,5.31849680114729
"syn_00124",2,1,300,1,0,10,2,8.31470201384011,2.16024762225551,10.4749496360956
"syn_00125",10,1,300,1,0,11,2,8.31470201384011,4.5660213991481,12.8807234129882
"syn_00126",50,1,300,1,0,12,2,8.31470201384011,2.12313266607771,10.4378346799178
"syn_00127",2,0.1,1500,1,0,13,2,0.831470201384011,33.0401274991015,33.8715977004855
"syn_00128",10,0.1,1500,1,0,14,2,0.831470201384011,39.9211644852396,40.7526346866236
"syn_00129",50,0.1,1500,1,0,15,2,0.831470201384011,23.9052153771195,24.7366855785035
"syn_00130",2,1,1500,1,0,16,2,8.31470201384011,10.445758335644,18.7604603494841
"syn_00131",10,1,1500,1,0,17,2,8.31470201384011,16.2561824291323,24.5708844429724
"syn_00132",50,1,1500,1,0,18,2,8.31470201384011,57.9896703410009,66.304372354841
"syn_00133",2,0.1,50,4,0,19,2,0.831470201384011,2.62673389277479,3.4582040941588
"syn_00134",10,0.1,50,4,0,20,2,0.831470201384011,2.14689258105664,2.97836278244065
"syn_00135",50,0.1,50,4,0,21,2,0.831470201384011,2.68353945277253,3.51500965415654
"syn_00136",2,1,50,4,0,22,2,8.31470201384011,2.44130897137495,10.7560109852151
"syn_00137",10,1,50,4,0,23,2,8.31470201384011,2.59435226482178,10.9090542786619
"syn_00138",50,1,50,4,0,24,2,8.31470201384011,3.63034928083346,11.9450512946736
"syn_00139",2,0.1,300,4,0,25,2,0.831470201384011,19.1021606675707,19.9336308689547
"syn_00140",10,0.1,300,4,0,26,2,0.831470201384011,10.8131990235139,11.644669224898
"syn_00141",50,0.1,300,4,0,27,2,0.831470201384011,21.3480228075235,22.1794930089075
"syn_00142",2,1,300,4,0,28,2,8.31470201384011,14.2696353139347,22.5843373277748
"syn_00143",10,1,300,4,0,29,2,8.31470201384011,12.8013496449005,21.1160516587407
"syn_00144",50,1,300,4,0,30,2,8.31470201384011,10.6939884554406,19.0086904692807
"syn_00145",2,0.1,1500,4,0,31,2,0.831470201384011,123.746678325357,124.578148526741
"syn_00146",10,0.1,1500,4,0,32,2,0.831470201384011,74.1560556592678,74.9875258606518
"syn_00147",50,0.1,1500,4,0,33,2,0.831470201384011,59.1768473794984,60.0083175808824
"syn_00148",2,1,1500,4,0,34,2,8.31470201384011,144.358133218637,152.672835232477
"syn_00149",10,1,1500,4,0,35,2,8.31470201384011,92.0300161274423,100.344718141282
"syn_00150",50,1,1500,4,0,36,2,8.31470201384011,49.5463416375672,57.8610436514073
"syn_00151",2,0.1,50,10,0,37,2,0.831470201384011,6.47428052040301,7.30575072178702
"syn_00152",10,0.1,50,10,0,38,2,0.831470201384011,7.8973909366849,8.72886113806891
"syn_00153",50,0.1,50,10,0,39,2,0.831470201384011,5.91261027460295,6.74408047598696
"syn_00154",2,1,50,10,0,40,2,8.31470201384011,7.0717872085084,15.3864892223485
"syn_00155",10,1,50,10,0,41,2,8.31470201384011,8.14989625292452,16.4645982667646
"syn_00156",50,1,50,10,0,42,2,8.31470201384011,6.76394315541505,15.0786451692552
"syn_00157",2,0.1,300,10,0,43,2,0.831470201384011,32.9511926732055,33.7826628745895
"syn_00158",10,0.1,300,10,0,44,2,0.831470201384011,37.3578967037869,38.1893669051709
"syn_00159",50,0.1,300,10,0,45,2,0.831470201384011,49.1955344234814,50.0270046248654
"syn_00160",2,1,300,10,0,46,2,8.31470201384011,34.0469536546227,42.3616556684628
"syn_00161",10,1,300,10,0,47,2,8.31470201384011,50.3422554584539,58.656957472294
"syn_00162",50,1,300,10,0,48,2,8.31470201384011,44.7473523408564,53.0620543546965
"syn_00163",2,0.1,1500,10,0,49,2,0.831470201384011,177.585932376566,178.41740257795
"syn_00164",10,0.1,1500,10,0,50,2,0.831470201384011,202.974975312806,203.80644551419
"syn_00165",50,0.1,1500,10,0,51,2,0.831470201384011,210.497929048208,211.329399249592
"syn_00166",2,1,1500,10,0,52,2,8.31470201384011,203.194757802142,211.509459815982
"syn_00167",10,1,1500,10,0,53,2,8.31470201384011,220.186094435308,228.500796449148
"syn_00168",50,1,1500,10,0,54,2,8.31470201384011,195.383876873248,203.698578887088
"syn_00169",2,0.1,50,1,1,55,2,0.831470201384011,0.520996108160973,1.35246630954498
"syn_00170",10,0.1,50,1,1,56,2,0.831470201384011,0.887794023357042,1.71926422474105
"syn_00171",50,0.1,50,1,1,57,2,0.831470201384011,1.79843753461251,2.62990773599652
"syn_00172",2,1,50,1,1,58,2,8.31470201384011,0.756733248473691,9.0714352623138
"syn_00173",10,1,50,1,1,59,2,8.31470201384011,0.519948342537982,8.83465035637809
"syn_00174",50,1,50,1,1,60,2,8.31470201384011,1.30408758020728,9.6187895940474
"syn_00175",2,0.1,300,1,1,61,2,0.831470201384011,1.93678192114866,2.76825212253267
"syn_00176",10,0.1,300,1,1,62,2,0.831470201384011,5.26670317718304,6.09817337856705
"syn_00177",50,0.1,300,1,1,63,2,0.831470201384011,4.56080829113745,5.39227849252146
"syn_00178",2,1,300,1,1,64,2,8.31470201384011,3.62269103038884,11.937393044229
"syn_00179",10,1,300,1,1,65,2,8.31470201384011,2.8461739969222,11.1608760107623
"syn_00180",50,1,300,1,1,66,2,8.31470201384011,7.17596119332079,15.4906632071609
"syn_00181",2,0.1,1500,1,1,67,2,0.831470201384011,46.164365773377,46.995835974761
"syn_00182",10,0.1,1500,1,1,68,2,0.831470201384011,28.1893308347951,29.0208010361791
"syn_00183",50,0.1,1500,1,1,69,2,0.831470201384011,12.3655061066845,13.1969763080685
"syn_00184",2,1,1500,1,1,70,2,8.31470201384011,44.4352736843586,52.7499756981987
"syn_00185",10,1,1500,1,1,71,2,8.31470201384011,20.2785645363796,28.5932665502197
"syn_00186",50,1,1500,1,1,72,2,8.31470201384011,23.0132358529416,31.3279378667817
"syn_00187",2,0.1,50,4,1,73,2,0.831470201384011,2.32942607892513,3.16089628030914
"syn_00188",10,0.1,50,4,1,74,2,0.831470201384011,2.03566218463325,2.86713238601726
"syn_00189",50,0.1,50,4,1,75,2,0.831470201384011,2.82424140224039,3.6557116036244
"syn_00190",2,1,50,4,1,76,2,8.31470201384011,3.27515984746523,11.5898618613053
"syn_00191",10,1,50,4,1,77,2,8.31470201384011,3.31496335689847,11.6296653707386
"syn_00192",50,1,50,4,1,78,2,8.31470201384011,2.67500383098237,10.9897058448225
"syn_00193",2,0.1,300,4,1,79,2,0.831470201384011,21.0843025930045,21.9157727943885
"syn_00194",10,0.1,300,4,1,80,2,0.831470201384011,17.1133892187567,17.9448594201407
"syn_00195",50,0.1,300,4,1,81,2,0.831470201384011,14.3942954965076,15.2257656978916
"syn_00196",2,1,300,4,1,82,2,8.31470201384011,16.9129360330109,25.227638046851
"syn_00197",10,1,300,4,1,83,2,8.31470201384011,16.1323484730692,24.4470504869093
"syn_00198",50,1,300,4,1,84,2,8.31470201384011,13.1648637793815,21.4795657932216
"syn_00199",2,0.1,1500,4,1,85,2,0.831470201384011,82.5770493596828,83.4085195610668
"syn_00200",10,0.1,1500,4,1,86,2,0.831470201384011,56.5491633147016,57.3806335160857
"syn_00201",50,0.1,1500,4,1,87,2,0.831470201384011,79.9324204590499,80.7638906604339
"syn_00202",2,1,1500,4,1,88,2,8.31470201384011,80.7855069590342,89.1002089728743
"syn_00203",10,1,1500,4,1,89,2,8.31470201384011,57.2206208651864,65.5353228790265
"syn_00204",50,1,1500,4,1,90,2,8.31470201384011,55.936146508273,64.2508485221131
"syn_00205",2,0.1,50,10,1,91,2,0.831470201384011,6.77302072958376,7.60449093096777
"syn_00206",10,0.1,50,10,1,92,2,0.831470201384011,7.651127076833,8.48259727821702
"syn_00207",50,0.1,50,10,1,93,2,0.831470201384011,7.69946315421953,8.53093335560354
"syn_00208",2,1,50,10,1,94,2,8.31470201384011,7.22345089884731,15.5381529126874
"syn_00209",10,1,50,10,1,95,2,8.31470201384011,5.86931346502744,14.1840154788675
"syn_00210",50,1,50,10,1,96,2,8.31470201384011,6.76241840840446,15.0771204222446
"syn_00211",2,0.1,300,10,1,97,2,0.831470201384011,37.1323204755775,37.9637906769615
"syn_00212",10,0.1,300,10,1,98,2,0.831470201384011,53.8442946434653,54.6757648448493
"syn_00213",50,0.1,300,10,1,99,2,0.831470201384011,55.5786328032491,56.4101030046331
"syn_00214",2,1,300,10,1,100,2,8.31470201384011,33.8731927110554,42.1878947248955
"syn_00215",10,1,300,10,1,101,2,8.31470201384011,31.3107122049817,39.6254142188218
"syn_00216",50,1,300,10,1,102,2,8.31470201384011,33.6561328079731,41.9708348218133
"syn_00217",2,0.1,1500,10,1,103,2,0.831470201384011,255.091717335481,255.923187536865
"syn_00218",10,0.1,1500,10,1,104,2,0.831470201384011,217.468797752249,218.300267953633
"syn_00219",50,0.1,1500,10,1,105,2,0.831470201384011,169.832037606164,170.663507807548
"syn_00220",2,1,1500,10,1,106,2,8.31470201384011,222.874483132629,231.189185146469
"syn_00221",10,1,1500,10,1,107,2,8.31470201384011,183.052553190401,191.367255204241
"syn_00222",50,1,1500,10,1,108,2,8.31470201384011,222.887195593306,231.201897607146
"syn_00223",2,0.1,NA,0,NA,109,2,0.831470201384011,0,0.831470201384011
"syn_00224",10,0.1,NA,0,NA,110,2,0.831470201384011,0,0.831470201384011
"syn_00225",50,0.1,NA,0,NA,111,2,0.831470201384011,0,0.831470201384011
"syn_00226",2,1,NA,0,NA,112,2,8.31470201384011,0,8.31470201384011
"syn_00227",10,1,NA,0,NA,113,2,8.31470201384011,0,8.31470201384011
"syn_00228",50,1,NA,0,NA,114,2,8.31470201384011,0,8.31470201384011
"syn_00229",2,0.1,50,1,0,1,3,0.831470201384011,0.484813403977441,1.31628360536145
"syn_00230",10,0.1,50,1,0,2,3,0.831470201384011,0.727713121725454,1.55918332310946
"syn_00231",50,0.1,50,1,0,3,3,0.831470201384011,0.500122560848084,1.3315927622321
"syn_00232",2,1,50,1,0,4,3,8.31470201384011,0.404004875759407,8.71870688959952
"syn_00233",10,1,50,1,0,5,3,8.31470201384011,0.643451963656673,8.95815397749679
"syn_00234",50,1,50,1,0,6,3,8.31470201384011,0.719016779476328,9.03371879331644
"syn_00235",2,0.1,300,1,0,7,3,0.831470201384011,11.2172732515649,12.0487434529489
"syn_00236",10,0.1,300,1,0,8,3,0.831470201384011,2.14733271085423,2.97880291223824
"syn_00237",50,0.1,300,1,0,9,3,0.831470201384011,4.21964681801935,5.05111701940336
"syn_00238",2,1,300,1,0,10,3,8.31470201384011,3.78645117399098,12.1011531878311
"syn_00239",10,1,300,1,0,11,3,8.31470201384011,11.1321397823582,19.4468417961983
"syn_00240",50,1,300,1,0,12,3,8.31470201384011,5.57329292158474,13.8879949354249
"syn_00241",2,0.1,1500,1,0,13,3,0.831470201384011,14.8160989903502,15.6475691917342
"syn_00242",10,0.1,1500,1,0,14,3,0.831470201384011,9.23513650100538,10.0666067023894
"syn_00243",50,0.1,1500,1,0,15,3,0.831470201384011,10.9359447005801,11.7674149019642
"syn_00244",2,1,1500,1,0,16,3,8.31470201384011,16.2008373150476,24.5155393288877
"syn_00245",10,1,1500,1,0,17,3,8.31470201384011,30.7490338911075,39.0637359049476
"syn_00246",50,1,1500,1,0,18,3,8.31470201384011,34.7506528066014,43.0653548204415
"syn_00247",2,0.1,50,4,0,19,3,0.831470201384011,2.54238767136375,3.37385787274777
"syn_00248",10,0.1,50,4,0,20,3,0.831470201384011,2.42584238991019,3.2573125912942
"syn_00249",50,0.1,50,4,0,21,3,0.831470201384011,3.32817315739506,4.15964335877907
"syn_00250",2,1,50,4,0,22,3,8.31470201384011,2.40166181932581,10.7163638331659
"syn_00251",10,1,50,4,0,23,3,8.31470201384011,2.49876250695334,10.8134645207935
"syn_00252",50,1,50,4,0,24,3,8.31470201384011,2.69701120465563,11.0117132184957
"syn_00253",2,0.1,300,4,0,25,3,0.831470201384011,18.4759240762257,19.3073942776097
"syn_00254",10,0.1,300,4,0,26,3,0.831470201384011,16.6422692661619,17.4737394675459
"syn_00255",50,0.1,300,4,0,27,3,0.831470201384011,18.6588425894735,19.4903127908575
"syn_00256",2,1,300,4,0,28,3,8.31470201384011,19.3444108275273,27.6591128413674
"syn_00257",10,1,300,4,0,29,3,8.31470201384011,15.4634027818782,23.7781047957183
"syn_00258",50,1,300,4,0,30,3,8.31470201384011,13.2224501720522,21.5371521858924
"syn_00259",2,0.1,1500,4,0,31,3,0.831470201384011,91.5916847421222,92.4231549435062
"syn_00260",10,0.1,1500,4,0,32,3,0.831470201384011,51.2383282396711,52.0697984410551
"syn_00261",50,0.1,1500,4,0,33,3,0.831470201384011,78.7635874349156,79.5950576362996
"syn_00262",2,1,1500,4,0,34,3,8.31470201384011,89.0234628080321,97.3381648218722
"syn_00263",10,1,1500,4,0,35,3,8.31470201384011,77.129356416641,85.4440584304811
"syn_00264",50,1,1500,4,0,36,3,8.31470201384011,81.9824751599529,90.297177173793
"syn_00265",2,0.1,50,10,0,37,3,0.831470201384011,9.47039505099148,10.3018652523755
"syn_00266",10,0.1,50,10,0,38,3,0.831470201384011,6.44948725959439,7.2809574609784
"syn_00267",50,0.1,50,10,0,39,3,0.831470201384011,6.35405408974395,7.18552429112796
"syn_00268",2,1,50,10,0,40,3,8.31470201384011,6.11661205865038,14.4313140724905
"syn_00269",10,1,50,10,0,41,3,8.31470201384011,7.07564385204086,15.390345865881
"syn_00270",50,1,50,10,0,42,3,8.31470201384011,4.83189021914192,13.146592232982
"syn_00271",2,0.1,300,10,0,43,3,0.831470201384011,45.1393704953455,45.9708406967296
"syn_00272",10,0.1,300,10,0,44,3,0.831470201384011,36.8884922828719,37.7199624842559
"syn_00273",50,0.1,300,10,0,45,3,0.831470201384011,27.8151101735078,28.6465803748918
"syn_00274",2,1,300,10,0,46,3,8.31470201384011,32.8349076757141,41.1496096895542
"syn_00275",10,1,300,10,0,47,3,8.31470201384011,48.1458843285272,56.4605863423673
"syn_00276",50,1,300,10,0,48,3,8.31470201384011,38.5478314352651,46.8625334491052
"syn_00277",2,0.1,1500,10,0,49,3,0.831470201384011,198.636334563123,199.467804764507
"syn_00278",10,0.1,1500,10,0,50,3,0.831470201384011,183.39372751196,184.225197713344
"syn_00279",50,0.1,1500,10,0,51,3,0.831470201384011,219.932745331965,220.764215533349
"syn_00280",2,1,1500,10,0,52,3,8.31470201384011,160.147780978304,168.462482992144
"syn_00281",10,1,1500,10,0,53,3,8.31470201384011,218.535090277442,226.849792291282
"syn_00282",50,1,1500,10,0,54,3,8.31470201384011,175.097727051092,183.412429064932
"syn_00283",2,0.1,50,1,1,55,3,0.831470201384011,0.374302593591937,1.20577279497595
"syn_00284",10,0.1,50,1,1,56,3,0.831470201384011,1.02139193606974,1.85286213745375
"syn_00285",50,0.1,50,1,1,57,3,0.831470201384011,1.33828203447804,2.16975223586205
"syn_00286",2,1,50,1,1,58,3,8.31470201384011,0.301247951823661,8.61594996566377
"syn_00287",10,1,50,1,1,59,3,8.31470201384011,0.827375285279543,9.14207729911965
"syn_00288",50,1,50,1,1,60,3,8.31470201384011,1.69338827623107,10.0080902900712
"syn_00289",2,0.1,300,1,1,61,3,0.831470201384011,6.33387758789759,7.16534778928161
"syn_00290",10,0.1,300,1,1,62,3,0.831470201384011,2.71952917885294,3.55099938023695
"syn_00291",50,0.1,300,1,1,63,3,0.831470201384011,2.12408385566648,2.95555405705049
"syn_00292",2,1,300,1,1,64,3,8.31470201384011,3.69328946212177,12.0079914759619
"syn_00293",10,1,300,1,1,65,3,8.31470201384011,3.59862791090888,11.913329924749
"syn_00294",50,1,300,1,1,66,3,8.31470201384011,8.01894809064031,16.3336501044804
"syn_00295",2,0.1,1500,1,1,67,3,0.831470201384011,20.7992505787642,21.6307207801482
"syn_00296",10,0.1,1500,1,1,68,3,0.831470201384011,12.1900190631203,13.0214892645043
"syn_00297",50,0.1,1500,1,1,69,3,0.831470201384011,13.4338794989223,14.2653497003063
"syn_00298",2,1,1500,1,1,70,3,8.31470201384011,8.62606758881074,16.9407696026509
"syn_00299",10,1,1500,1,1,71,3,8.31470201384011,29.6721293190451,37.9868313328852
"syn_00300",50,1,1500,1,1,72,3,8.31470201384011,16.1240234947384,24.4387255085785
"syn_00301",2,0.1,50,4,1,73,3,0.831470201384011,2.60421263504314,3.43568283642715
"syn_00302",10,0.1,50,4,1,74,3,0.831470201384011,1.86993043151925,2.70140063290326
"syn_00303",50,0.1,50,4,1,75,3,0.831470201384011,2.7634296464155,3.59489984779952
"syn_00304",2,1,50,4,1,76,3,8.31470201384011,3.6614704567747,11.9761724706148
"syn_00305",10,1,50,4,1,77,3,8.31470201384011,1.79128093427333,10.1059829481134
"syn_00306",50,1,50,4,1,78,3,8.31470201384011,2.67461648962614,10.9893185034663
"syn_00307",2,0.1,300,4,1,79,3,0.831470201384011,17.1415153022365,17.9729855036206
"syn_00308",10,0.1,300,4,1,80,3,0.831470201384011,11.0406187734852,11.8720889748692
"syn_00309",50,0.1,300,4,1,81,3,0.831470201384011,17.8561871355222,18.6876573369062
"syn_00310",2,1,300,4,1,82,3,8.31470201384011,21.3981219081652,29.7128239220053
"syn_00311",10,1,300,4,1,83,3,8.31470201384011,17.3655720651327,25.6802740789728
"syn_00312",50,1,300,4,1,84,3,8.31470201384011,8.19150820295863,16.5062102167987
"syn_00313",2,0.1,1500,4,1,85,3,0.831470201384011,78.5217296371829,79.3531998385669
"syn_00314",10,0.1,1500,4,1,86,3,0.831470201384011,62.9452016173336,63.7766718187176
"syn_00315",50,0.1,1500,4,1,87,3,0.831470201384011,129.232679103079,130.064149304463
"syn_00316",2,1,1500,4,1,88,3,8.31470201384011,60.6819281204705,68.9966301343106
"syn_00317",10,1,1500,4,1,89,3,8.31470201384011,89.4201112162687,97.7348132301088
"syn_00318",50,1,1500,4,1,90,3,8.31470201384011,84.9628505736975,93.2775525875376
"syn_00319",2,0.1,50,10,1,91,3,0.831470201384011,6.32640859445225,7.15787879583626
"syn_00320",10,0.1,50,10,1,92,3,0.831470201384011,9.49434266960162,10.3258128709856
"syn_00321",50,0.1,50,10,1,93,3,0.831470201384011,5.99940495664921,6.83087515803322
"syn_00322",2,1,50,10,1,94,3,8.31470201384011,7.43763133732036,15.7523333511605
"syn_00323",10,1,50,10,1,95,3,8.31470201384011,9.82594063506305,18.1406426489032
"syn_00324",50,1,50,10,1,96,3,8.31470201384011,6.10269256546616,14.4173945793063
"syn_00325",2,0.1,300,10,1,97,3,0.831470201384011,39.0665511591871,39.8980213605711
"syn_00326",10,0.1,300,10,1,98,3,0.831470201384011,40.7184695873441,41.5499397887281
"syn_00327",50,0.1,300,10,1,99,3,0.831470201384011,42.9396073901853,43.7710775915693
"syn_00328",2,1,300,10,1,100,3,8.31470201384011,44.7732163015647,53.0879183154048
"syn_00329",10,1,300,10,1,101,3,8.31470201384011,31.5395440230506,39.8542460368907
"syn_00330",50,1,300,10,1,102,3,8.31470201384011,44.9284208336809,53.243122847521
"syn_00331",2,0.1,1500,10,1,103,3,0.831470201384011,207.260614484373,208.092084685757
"syn_00332",10,0.1,1500,10,1,104,3,0.831470201384011,230.589804045139,231.421274246523
"syn_00333",50,0.1,1500,10,1,105,3,0.831470201384011,198.972149362971,199.803619564355
"syn_00334",2,1,1500,10,1,106,3,8.31470201384011,210.660178935594,218.974880949434
"syn_00335",10,1,1500,10,1,107,3,8.31470201384011,203.645088480846,211.959790494686
"syn_00336",50,1,1500,10,1,108,3,8.31470201384011,231.155830237422,239.470532251262
"syn_00337",2,0.1,NA,0,NA,109,3,0.831470201384011,0,0.831470201384011
"syn_00338",10,0.1,NA,0,NA,110,3,0.831470201384011,0,0.831470201384011
"syn_00339",50,0.1,NA,0,NA,111,3,0.831470201384011,0,0.831470201384011
"syn_00340",2,1,NA,0,NA,112,3,8.31470201384011,0,8.31470201384011
"syn_00341",10,1,NA,0,NA,113,3,8.31470201384011,0,8.31470201384011
"syn_00342",50,1,NA,0,NA,114,3,8.31470201384011,0,8.31470201384011
"syn_00343",2,0.1,50,1,0,1,4,0.831470201384011,1.21560238099983,2.04707258238384
"syn_00344",10,0.1,50,1,0,2,4,0.831470201384011,0.811867460777153,1.64333766216116
"syn_00345",50,0.1,50,1,0,3,4,0.831470201384011,0.580007331205522,1.41147753258953
"syn_00346",2,1,50,1,0,4,4,8.31470201384011,0.245018020733333,8.55972003457344
"syn_00347",10,1,50,1,0,5,4,8.31470201384011,1.00896630956792,9.32366832340803
"syn_00348",50,1,50,1,0,6,4,8.31470201384011,0.596257422262491,8.9109594361026
"syn_00349",2,0.1,300,1,0,7,4,0.831470201384011,4.71899527924539,5.5504654806294
"syn_00350",10,0.1,300,1,0,8,4,0.831470201384011,4.98582121446057,5.81729141584458
"syn_00351",50,0.1,300,1,0,9,4,0.831470201384011,2.43277304207373,3.26424324345774
"syn_00352",2,1,300,1,0,10,4,8.31470201384011,3.12337684978892,11.438078863629
"syn_00353",10,1,300,1,0,11,4,8.31470201384011,1.88528782029385,10.199989834134
"syn_00354",50,1,300,1,0,12,4,8.31470201384011,1.90154869308721,10.2162507069273
"syn_00355",2,0.1,1500,1,0,13,4,0.831470201384011,16.1235922226796,16.9550624240636
"syn_00356",10,0.1,1500,1,0,14,4,0.831470201384011,37.3759069934773,38.2073771948613
"syn_00357",50,0.1,1500,1,0,15,4,0.831470201384011,17.3318403191062,18.1633105204902
"syn_00358",2,1,1500,1,0,16,4,8.31470201384011,9.1802973364726,17.4949993503127
"syn_00359",10,1,1500,1,0,17,4,8.31470201384011,12.2656700120711,20.5803720259112
"syn_00360",50,1,1500,1,0,18,4,8.31470201384011,10.2988362002992,18.6135382141393
"syn_00361",2,0.1,50,4,0,19,4,0.831470201384011,2.6557849182488,3.48725511963281
"syn_00362",10,0.1,50,4,0,20,4,0.831470201384011,3.23483395748425,4.06630415886826
"syn_00363",50,0.1,50,4,0,21,4,0.831470201384011,2.81923884890632,3.65070905029033
"syn_00364",2,1,50,4,0,22,4,8.31470201384011,2.06867025725257,10.3833722710927
"syn_00365",10,1,50,4,0,23,4,8.31470201384011,2.00909553344997,10.3237975472901
"syn_00366",50,1,50,4,0,24,4,8.31470201384011,3.40402687203707,11.7187288858772
"syn_00367",2,0.1,300,4,0,25,4,0.831470201384011,16.1347298422101,16.9662000435941
"syn_00368",10,0.1,300,4,0,26,4,0.831470201384011,14.7884464290456,15.6199166304296
"syn_00369",50,0.1,300,4,0,27,4,0.831470201384011,10.7457087677181,11.5771789691021
"syn_00370",2,1,300,4,0,28,4,8.31470201384011,24.9433081412667,33.2580101551069
"syn_00371",10,1,300,4,0,29,4,8.31470201384011,17.288416576236,25.6031185900761
"syn_00372",50,1,300,4,0,30,4,8.31470201384011,18.0390435684709,26.353745582311
"syn_00373",2,0.1,1500,4,0,31,4,0.831470201384011,53.4127386682704,54.2442088696544
"syn_00374",10,0.1,1500,4,0,32,4,0.831470201384011,52.3522445685741,53.1837147699581
"syn_00375",50,0.1,1500,4,0,33,4,0.831470201384011,73.5175618502081,74.3490320515921
"syn_00376",2,1,1500,4,0,34,4,8.31470201384011,65.8720651019824,74.1867671158225
"syn_00377",10,1,1500,4,0,35,4,8.31470201384011,60.2546147179933,68.5693167318334
"syn_00378",50,1,1500,4,0,36,4,8.31470201384011,110.225340773316,118.540042787156
"syn_00379",2,0.1,50,10,0,37,4,0.831470201384011,9.03916463863061,9.87063484001462
"syn_00380",10,0.1,50,10,0,38,4,0.831470201384011,5.55452311553051,6.38599331691452
"syn_00381",50,0.1,50,10,0,39,4,0.831470201384011,5.57191322323772,6.40338342462173
"syn_00382",2,1,50,10,0,40,4,8.31470201384011,9.94831901492841,18.2630210287685
"syn_00383",10,1,50,10,0,41,4,8.31470201384011,8.64123323386491,16.955935247705
"syn_00384",50,1,50,10,0,42,4,8.31470201384011,7.19133670019453,15.5060387140346
"syn_00385",2,0.1,300,10,0,43,4,0.831470201384011,40.0261761518255,40.8576463532095
"syn_00386",10,0.1,300,10,0,44,4,0.831470201384011,37.7531898578358,38.5846600592198
"syn_00387",50,0.1,300,10,0,45,4,0.831470201384011,38.7265134300964,39.5579836314805
"syn_00388",2,1,300,10,0,46,4,8.31470201384011,41.5347645791583,49.8494665929984
"syn_00389",10,1,300,10,0,47,4,8.31470201384011,44.1755653693202,52.4902673831603
"syn_00390",50,1,300,10,0,48,4,8.31470201384011,34.9679812223417,43.2826832361818
"syn_00391",2,0.1,1500,10,0,49,4,0.831470201384011,207.976129446897,208.807599648281
"syn_00392",10,0.1,1500,10,0,50,4,0.831470201384011,236.448912185815,237.280382387199
"syn_00393",50,0.1,1500,10,0,51,4,0.831470201384011,230.43411647233,231.265586673714
"syn_00394",2,1,1500,10,0,52,4,8.31470201384011,169.628722965134,177.943424978974
"syn_00395",10,1,1500,10,0,53,4,8.31470201384011,220.292503708609,228.607205722449
"syn_00396",50,1,1500,10,0,54,4,8.31470201384011,152.231519152835,160.546221166675
"syn_00397",2,0.1,50,1,1,55,4,0.831470201384011,1.50611347651366,2.33758367789768
"syn_00398",10,0.1,50,1,1,56,4,0.831470201384011,0.579322037170455,1.41079223855447
"syn_00399",50,0.1,50,1,1,57,4,0.831470201384011,0.420319593782056,1.25178979516607
"syn_00400",2,1,50,1,1,58,4,8.31470201384011,0.854358406431694,9.16906042027181
"syn_00401",10,1,50,1,1,59,4,8.31470201384011,0.398169897527314,8.71287191136743
"syn_00402",50,1,50,1,1,60,4,8.31470201384011,0.322666178751173,8.63736819259128
"syn_00403",2,0.1,300,1,1,61,4,0.831470201384011,2.20933039422967,3.04080059561368
"syn_00404",10,0.1,300,1,1,62,4,0.831470201384011,2.09293193717185,2.92440213855586
"syn_00405",50,0.1,300,1,1,63,4,0.831470201384011,3.2574797193711,4.08894992075511
"syn_00406",2,1,300,1,1,64,4,8.31470201384011,5.01823598504114,13.3329379988813
"syn_00407",10,1,300,1,1,65,4,8.31470201384011,5.84787017148698,14.1625721853271
"syn_00408",50,1,300,1,1,66,4,8.31470201384011,1.82552410742387,10.140226121264
"syn_00409",2,0.1,1500,1,1,67,4,0.831470201384011,16.4370280893594,17.2684982907434
"syn_00410",10,0.1,1500,1,1,68,4,0.831470201384011,15.8224092494247,16.6538794508087
"syn_00411",50,0.1,1500,1,1,69,4,0.831470201384011,19.2368572310033,20.0683274323873
"syn_00412",2,1,1500,1,1,70,4,8.31470201384011,39.5946938845159,47.909395898356
"syn_00413",10,1,1500,1,1,71,4,8.31470201384011,12.4057034003618,20.7204054142019
"syn_00414",50,1,1500,1,1,72,4,8.31470201384011,35.4626041183572,43.7773061321973
"syn_00415",2,0.1,50,4,1,73,4,0.831470201384011,1.66513732103286,2.49660752241687
"syn_00416",10,0.1,50,4,1,74,4,0.831470201384011,3.70321866983076,4.53468887121477
"syn_00417",50,0.1,50,4,1,75,4,0.831470201384011,3.52215146087419,4.3536216622582
"syn_00418",2,1,50,4,1,76,4,8.31470201384011,2.49601071883886,10.810712732679
"syn_00419",10,1,50,4,1,77,4,8.31470201384011,2.95409159397963,11.2687936078197
"syn_00420",50,1,50,4,1,78,4,8.31470201384011,2.28165107594214,10.5963530897823
"syn_00421",2,0.1,300,4,1,79,4,0.831470201384011,19.5322790531924,20.3637492545764
"syn_00422",10,0.1,300,4,1,80,4,0.831470201384011,21.8919128595359,22.7233830609199
"syn_00423",50,0.1,300,4,1,81,4,0.831470201384011,14.434520877391,15.265991078775
"syn_00424",2,1,300,4,1,82,4,8.31470201384011,20.3317103439336,28.6464123577737
"syn_00425",10,1,300,4,1,83,4,8.31470201384011,16.7948583167557,25.1095603305958
"syn_00426",50,1,300,4,1,84,4,8.31470201384011,22.7730788936909,31.087780907531
"syn_00427",2,0.1,1500,4,1,85,4,0.831470201384011,98.874813432676,99.70628363406
"syn_00428",10,0.1,1500,4,1,86,4,0.831470201384011,106.01445511401,106.845925315394
"syn_00429",50,0.1,1500,4,1,87,4,0.831470201384011,125.629458488157,126.460928689541
"syn_00430",2,1,1500,4,1,88,4,8.31470201384011,90.2336643013831,98.5483663152232
"syn_00431",10,1,1500,4,1,89,4,8.31470201384011,87.9827919092012,96.2974939230413
"syn_00432",50,1,1500,4,1,90,4,8.31470201384011,94.9317461659611,103.246448179801
"syn_00433",2,0.1,50,10,1,91,4,0.831470201384011,6.70355212085231,7.53502232223632
"syn_00434",10,0.1,50,10,1,92,4,0.831470201384011,7.3004821379189,8.13195233930291
"syn_00435",50,0.1,50,10,1,93,4,0.831470201384011,7.73796053677252,8.56943073815653
"syn_00436",2,1,50,10,1,94,4,8.31470201384011,6.43351774966675,14.7482197635069
"syn_00437",10,1,50,10,1,95,4,8.31470201384011,10.4745681955017,18.7892702093418
"syn_00438",50,1,50,10,1,96,4,8.31470201384011,6.28270124974395,14.5974032635841
"syn_00439",2,0.1,300,10,1,97,4,0.831470201384011,36.0498843108684,36.8813545122524
"syn_00440",10,0.1,300,10,1,98,4,0.831470201384011,61.5197993149427,62.3512695163267
"syn_00441",50,0.1,300,10,1,99,4,0.831470201384011,41.7604616282369,42.5919318296209
"syn_00442",2,1,300,10,1,100,4,8.31470201384011,39.926423821772,48.2411258356121
"syn_00443",10,1,300,10,1,101,4,8.31470201384011,37.9721147230774,46.2868167369175
"syn_00444",50,1,300,10,1,102,4,8.31470201384011,42.8643705189289,51.179072532769
"syn_00445",2,0.1,1500,10,1,103,4,0.831470201384011,197.16285770892,197.994327910304
"syn_00446",10,0.1,1500,10,1,104,4,0.831470201384011,222.316042804724,223.147513006108
"syn_00447",50,0.1,1500,10,1,105,4,0.831470201384011,219.463693460019,220.295163661403
"syn_00448",2,1,1500,10,1,106,4,8.31470201384011,178.635400808444,186.950102822284
"syn_00449",10,1,1500,10,1,107,4,8.31470201384011,249.127963989185,257.442666003025
"syn_00450",50,1,1500,10,1,108,4,8.31470201384011,212.465664537745,220.780366551585
"syn_00451",2,0.1,NA,0,NA,109,4,0.831470201384011,0,0.831470201384011
"syn_00452",10,0.1,NA,0,NA,110,4,0.831470201384011,0,0.831470201384011
"syn_00453",50,0.1,NA,0,NA,111,4,0.831470201384011,0,0.831470201384011
"syn_00454",2,1,NA,0,NA,112,4,8.31470201384011,0,8.31470201384011
"syn_00455",10,1,NA,0,NA,113,4,8.31470201384011,0,8.31470201384011
"syn_00456",50,1,NA,0,NA,114,4,8.31470201384011,0,8.31470201384011
"syn_00457",2,0.1,50,1,0,1,5,0.831470201384011,0.689112530870356,1.52058273225437
"syn_00458",10,0.1,50,1,0,2,5,0.831470201384011,0.927157383571961,1.75862758495597
"syn_00459",50,0.1,50,1,0,3,5,0.831470201384011,0.946131495182591,1.7776016965666
"syn_00460",2,1,50,1,0,4,5,8.31470201384011,0.573297160506054,8.88799917434617
"syn_00461",10,1,50,1,0,5,5,8.31470201384011,1.06806490921612,9.38276692305623
"syn_00462",50,1,50,1,0,6,5,8.31470201384011,1.03768271901646,9.35238473285657
"syn_00463",2,0.1,300,1,0,7,5,0.831470201384011,6.17920990357181,7.01068010495582
"syn_00464",10,0.1,300,1,0,8,5,0.831470201384011,4.28950497502758,5.1209751764116
"syn_00465",50,0.1,300,1,0,9,5,0.831470201384011,1.78273480964387,2.61420501102788
"syn_00466",2,1,300,1,0,10,5,8.31470201384011,1.7436190037457,10.0583210175858
"syn_00467",10,1,300,1,0,11,5,8.31470201384011,1.7576303373196,10.0723323511597
"syn_00468",50,1,300,1,0,12,5,8.31470201384011,2.33873363365875,10.6534356474989
"syn_00469",2,0.1,1500,1,0,13,5,0.831470201384011,16.5952328271818,17.4267030285658
"syn_00470",10,0.1,1500,1,0,14,5,0.831470201384011,40.7421477460207,41.5736179474048
"syn_00471",50,0.1,1500,1,0,15,5,0.831470201384011,7.13820256315927,7.96967276454328
"syn_00472",2,1,1500,1,0,16,5,8.31470201384011,30.9015682127598,39.2162702265999
"syn_00473",10,1,1500,1,0,17,5,8.31470201384011,16.1330306490014,24.4477326628415
"syn_00474",50,1,1500,1,0,18,5,8.31470201384011,30.4953561729404,38.8100581867805
"syn_00475",2,0.1,50,4,0,19,5,0.831470201384011,3.202029217733,4.03349941911701
"syn_00476",10,0.1,50,4,0,20,5,0.831470201384011,3.40999824433014,4.24146844571415
"syn_00477",50,0.1,50,4,0,21,5,0.831470201384011,2.81228529820373,3.64375549958774
"syn_00478",2,1,50,4,0,22,5,8.31470201384011,2.53137939282102,10.8460814066611
"syn_00479",10,1,50,4,0,23,5,8.31470201384011,2.41501523292489,10.729717246765
"syn_00480",50,1,50,4,0,24,5,8.31470201384011,2.81553530461321,11.1302373184533
"syn_00481",2,0.1,300,4,0,25,5,0.831470201384011,17.4799770720325,18.3114472734165
"syn_00482",10,0.1,300,4,0,26,5,0.831470201384011,25.0336289390283,25.8650991404123
"syn_00483",50,0.1,300,4,0,27,5,0.831470201384011,17.970859557274,18.802329758658
"syn_00484",2,1,300,4,0,28,5,8.31470201384011,18.4486561504664,26.7633581643065
"syn_00485",10,1,300,4,0,29,5,8.31470201384011,15.8778963699593,24.1925983837994
"syn_00486",50,1,300,4,0,30,5,8.31470201384011,16.6131517150933,24.9278537289334
"syn_00487",2,0.1,1500,4,0,31,5,0.831470201384011,69.8864238056261,70.7178940070101
"syn_00488",10,0.1,1500,4,0,32,5,0.831470201384011,94.9683402669004,95.7998104682844
"syn_00489",50,0.1,1500,4,0,33,5,0.831470201384011,74.5603223488343,75.3917925502183
"syn_00490",2,1,1500,4,0,34,5,8.31470201384011,48.4250792256946,56.7397812395347
"syn_00491",10,1,1500,4,0,35,5,8.31470201384011,73.3910793092289,81.705781323069
"syn_00492",50,1,1500,4,0,36,5,8.31470201384011,92.2896839475935,100.604385961434
"syn_00493",2,0.1,50,10,0,37,5,0.831470201384011,6.14677515846114,6.97824535984515
"syn_00494",10,0.1,50,10,0,38,5,0.831470201384011,6.42418127479998,7.255651476184
"syn_00495",50,0.1,50,10,0,39,5,0.831470201384011,5.52195813699908,6.35342833838309
"syn_00496",2,1,50,10,0,40,5,8.31470201384011,7.35405412851018,15.6687561423503
"syn_00497",10,1,50,10,0,41,5,8.31470201384011,7.37032338974885,15.685025403589
"syn_00498",50,1,50,10,0,42,5,8.31470201384011,5.37411684173984,13.6888188555799
"syn_00499",2,0.1,300,10,0,43,5,0.831470201384011,50.3243488529026,51.1558190542866
"syn_00500",10,0.1,300,10,0,44,5,0.831470201384011,33.6002878765685,34.4317580779525
"syn_00501",50,0.1,300,10,0,45,5,0.831470201384011,47.5964609368238,48.4279311382078
"syn_00502",2,1,300,10,0,46,5,8.31470201384011,47.6835459283059,55.998247942146
"syn_00503",10,1,300,10,0,47,5,8.31470201384011,26.4858383764668,34.8005403903069
"syn_00504",50,1,300,10,0,48,5,8.31470201384011,44.1380140932872,52.4527161071273
"syn_00505",2,0.1,1500,10,0,49,5,0.831470201384011,211.564460753078,212.395930954462
"syn_00506",10,0.1,1500,10,0,50,5,0.831470201384011,204.726241303162,205.557711504546
"syn_00507",50,0.1,1500,10,0,51,5,0.831470201384011,190.030216689114,190.861686890498
"syn_00508",2,1,1500,10,0,52,5,8.31470201384011,214.310938119939,222.625640133779
"syn_00509",10,1,1500,10,0,53,5,8.31470201384011,223.917674512095,232.232376525935
"syn_00510",50,1,1500,10,0,54,5,8.31470201384011,231.315519370807,239.630221384647
"syn_00511",2,0.1,50,1,1,55,5,0.831470201384011,1.01825853213337,1.84972873351738
"syn_00512",10,0.1,50,1,1,56,5,0.831470201384011,0.211864792614174,1.04333499399819
"syn_00513",50,0.1,50,1,1,57,5,0.831470201384011,1.07466611704175,1.90613631842576
"syn_00514",2,1,50,1,1,58,5,8.31470201384011,0.780495421358456,9.09519743519857
"syn_00515",10,1,50,1,1,59,5,8.31470201384011,0.417598750000861,8.73230076384097
"syn_00516",50,1,50,1,1,60,5,8.31470201384011,0.43276833283558,8.74747034667569
"syn_00517",2,0.1,300,1,1,61,5,0.831470201384011,4.40143160000261,5.23290180138662
"syn_00518",10,0.1,300,1,1,62,5,0.831470201384011,1.92172611471305,2.75319631609706
"syn_00519",50,0.1,300,1,1,63,5,0.831470201384011,3.12444545054293,3.95591565192694
"syn_00520",2,1,300,1,1,64,5,8.31470201384011,1.06701927568008,9.3817212895202
"syn_00521",10,1,300,1,1,65,5,8.31470201384011,5.02383599001042,13.3385380038505
"syn_00522",50,1,300,1,1,66,5,8.31470201384011,5.35357093219952,13.6682729460396
"syn_00523",2,0.1,1500,1,1,67,5,0.831470201384011,27.495560486241,28.327030687625
"syn_00524",10,0.1,1500,1,1,68,5,0.831470201384011,22.0993466158778,22.9308168172618
"syn_00525",50,0.1,1500,1,1,69,5,0.831470201384011,24.0091489210025,24.8406191223865
"syn_00526",2,1,1500,1,1,70,5,8.31470201384011,48.7567388345241,57.0714408483642
"syn_00527",10,1,1500,1,1,71,5,8.31470201384011,11.4624062579376,19.7771082717777
"syn_00528",50,1,1500,1,1,72,5,8.31470201384011,20.2253513859987,28.5400533998388
"syn_00529",2,0.1,50,4,1,73,5,0.831470201384011,2.4644863072,3.29595650858401
"syn_00530",10,0.1,50,4,1,74,5,0.831470201384011,3.28985130972857,4.12132151111259
"syn_00531",50,0.1,50,4,1,75,5,0.831470201384011,2.63768470729385,3.46915490867787
"syn_00532",2,1,50,4,1,76,5,8.31470201384011,2.44096708589137,10.7556690997315
"syn_00533",10,1,50,4,1,77,5,8.31470201384011,3.99924043467935,12.3139424485195
"syn_00534",50,1,50,4,1,78,5,8.31470201384011,2.24431652599358,10.5590185398337
"syn_00535",2,0.1,300,4,1,79,5,0.831470201384011,16.6421022444984,17.4735724458824
"syn_00536",10,0.1,300,4,1,80,5,0.831470201384011,17.2465660004538,18.0780362018378
"syn_00537",50,0.1,300,4,1,81,5,0.831470201384011,25.3069777786822,26.1384479800662
"syn_00538",2,1,300,4,1,82,5,8.31470201384011,12.9572103165857,21.2719123304258
"syn_00539",10,1,300,4,1,83,5,8.31470201384011,20.4552022348153,28.7699042486554
"syn_00540",50,1,300,4,1,84,5,8.31470201384011,16.9857188993024,25.3004209131425
"syn_00541",2,0.1,1500,4,1,85,5,0.831470201384011,73.0872365565659,73.9187067579499
"syn_00542",10,0.1,1500,4,1,86,5,0.831470201384011,97.8266660313719,98.6581362327559
"syn_00543",50,0.1,1500,4,1,87,5,0.831470201384011,63.1661282654851,63.9975984668691
"syn_00544",2,1,1500,4,1,88,5,8.31470201384011,72.6739160803305,80.9886180941706
"syn_00545",10,1,1500,4,1,89,5,8.31470201384011,122.008463977346,130.323165991186
"syn_00546",50,1,1500,4,1,90,5,8.31470201384011,94.5662417163263,102.880943730166
"syn_00547",2,0.1,50,10,1,91,5,0.831470201384011,7.57200605932417,8.40347626070818
"syn_00548",10,0.1,50,10,1,92,5,0.831470201384011,6.49511912608717,7.32658932747118
"syn_00549",50,0.1,50,10,1,93,5,0.831470201384011,6.75582626033197,7.58729646171598
"syn_00550",2,1,50,10,1,94,5,8.31470201384011,7.06045036672683,15.3751523805669
"syn_00551",10,1,50,10,1,95,5,8.31470201384011,8.39188362968105,16.7065856435212
"syn_00552",50,1,50,10,1,96,5,8.31470201384011,10.7208113402726,19.0355133541128
"syn_00553",2,0.1,300,10,1,97,5,0.831470201384011,49.9254387978061,50.7569089991901
"syn_00554",10,0.1,300,10,1,98,5,0.831470201384011,32.1468974297803,32.9783676311643
"syn_00555",50,0.1,300,10,1,99,5,0.831470201384011,38.8161736824367,39.6476438838208
"syn_00556",2,1,300,10,1,100,5,8.31470201384011,40.1594626989692,48.4741647128093
"syn_00557",10,1,300,10,1,101,5,8.31470201384011,50.3143347118947,58.6290367257348
"syn_00558",50,1,300,10,1,102,5,8.31470201384011,30.7229958259376,39.0376978397777
"syn_00559",2,0.1,1500,10,1,103,5,0.831470201384011,186.079544237174,186.911014438558
"syn_00560",10,0.1,1500,10,1,104,5,0.831470201384011,279.164577123025,279.996047324409
"syn_00561",50,0.1,1500,10,1,105,5,0.831470201384011,230.398529804744,231.230000006128
"syn_00562",2,1,1500,10,1,106,5,8.31470201384011,201.668794802876,209.983496816716
"syn_00563",10,1,1500,10,1,107,5,8.31470201384011,167.186826656383,175.501528670223
"syn_00564",50,1,1500,10,1,108,5,8.31470201384011,225.695728710211,234.010430724051
"syn_00565",2,0.1,NA,0,NA,109,5,0.831470201384011,0,0.831470201384011
"syn_00566",10,0.1,NA,0,NA,110,5,0.831470201384011,0,0.831470201384011
"syn_00567",50,0.1,NA,0,NA,111,5,0.831470201384011,0,0.831470201384011
"syn_00568",2,1,NA,0,NA,112,5,8.31470201384011,0,8.31470201384011
"syn_00569",10,1,NA,0,NA,113,5,8.31470201384011,0,8.31470201384011
"syn_00570",50,1,NA,0,NA,114,5,8.31470201384011,0,8.31470201384011
"syn_00571",2,0.1,50,1,0,1,6,0.831470201384011,0.365771476440105,1.19724167782412
"syn_00572",10,0.1,50,1,0,2,6,0.831470201384011,0.315444861478814,1.14691506286283
"syn_00573",50,0.1,50,1,0,3,6,0.831470201384011,0.689194015325858,1.52066421670987
"syn_00574",2,1,50,1,0,4,6,8.31470201384011,0.208982960232702,8.52368497407281
"syn_00575",10,1,50,1,0,5,6,8.31470201384011,1.94755689456684,10.262258908407
"syn_00576",50,1,50,1,0,6,6,8.31470201384011,0.661080247287006,8.97578226112712
"syn_00577",2,0.1,300,1,0,7,6,0.831470201384011,3.10225357392123,3.93372377530524
"syn_00578",10,0.1,300,1,0,8,6,0.831470201384011,2.11228834011321,2.94375854149722
"syn_00579",50,0.1,300,1,0,9,6,0.831470201384011,5.94167500142293,6.77314520280694
"syn_00580",2,1,300,1,0,10,6,8.31470201384011,2.1500251983645,10.4647272122046
"syn_00581",10,1,300,1,0,11,6,8.31470201384011,7.10420529719079,15.4189073110309
"syn_00582",50,1,300,1,0,12,6,8.31470201384011,1.99728631743787,10.311988331278
"syn_00583",2,0.1,1500,1,0,13,6,0.831470201384011,32.5414302032177,33.3729004046018
"syn_00584",10,0.1,1500,1,0,14,6,0.831470201384011,28.3328422110426,29.1643124124266
"syn_00585",50,0.1,1500,1,0,15,6,0.831470201384011,12.2454019281352,13.0768721295192
"syn_00586",2,1,1500,1,0,16,6,8.31470201384011,21.1746265165256,29.4893285303657
"syn_00587",10,1,1500,1,0,17,6,8.31470201384011,20.5327377863113,28.8474398001514
"syn_00588",50,1,1500,1,0,18,6,8.31470201384011,15.9489043730229,24.263606386863
"syn_00589",2,0.1,50,4,0,19,6,0.831470201384011,2.83960979405364,3.67107999543765
"syn_00590",10,0.1,50,4,0,20,6,0.831470201384011,1.55277562082281,2.38424582220682
"syn_00591",50,0.1,50,4,0,21,6,0.831470201384011,2.73967546082967,3.57114566221368
"syn_00592",2,1,50,4,0,22,6,8.31470201384011,2.36959378897535,10.6842958028155
"syn_00593",10,1,50,4,0,23,6,8.31470201384011,2.97207079935734,11.2867728131974
"syn_00594",50,1,50,4,0,24,6,8.31470201384011,2.61208644267503,10.9267884565151
"syn_00595",2,0.1,300,4,0,25,6,0.831470201384011,26.7720564770938,27.6035266784778
"syn_00596",10,0.1,300,4,0,26,6,0.831470201384011,14.8879377819569,15.7194079833409
"syn_00597",50,0.1,300,4,0,27,6,0.831470201384011,12.4248792866811,13.2563494880652
"syn_00598",2,1,300,4,0,28,6,8.31470201384011,10.3855896194639,18.700291633304
"syn_00599",10,1,300,4,0,29,6,8.31470201384011,16.5750658821005,24.8897678959407
"syn_00600",50,1,300,4,0,30,6,8.31470201384011,18.9014858579419,27.216187871782
"syn_00601",2,0.1,1500,4,0,31,6,0.831470201384011,56.9895181958046,57.8209883971887
"syn_00602",10,0.1,1500,4,0,32,6,0.831470201384011,111.883687411802,112.715157613186
"syn_00603",50,0.1,1500,4,0,33,6,0.831470201384011,113.056554575401,113.888024776785
"syn_00604",2,1,1500,4,0,34,6,8.31470201384011,63.4552034524903,71.7699054663304
"syn_00605",10,1,1500,4,0,35,6,8.31470201384011,62.0528842042089,70.367586218049
"syn_00606",50,1,1500,4,0,36,6,8.31470201384011,78.5376773194769,86.852379333317
"syn_00607",2,0.1,50,10,0,37,6,0.831470201384011,6.8306497865837,7.66211998796771
"syn_00608",10,0.1,50,10,0,38,6,0.831470201384011,6.62124503108689,7.4527152324709
"syn_00609",50,0.1,50,10,0,39,6,0.831470201384011,7.49033341736738,8.3218036187514
"syn_00610",2,1,50,10,0,40,6,8.31470201384011,5.65202680486194,13.9667288187021
"syn_00611",10,1,50,10,0,41,6,8.31470201384011,5.57570314772712,13.8904051615672
"syn_00612",50,1,50,10,0,42,6,8.31470201384011,4.46548346613871,12.7801854799788
"syn_00613",2,0.1,300,10,0,43,6,0.831470201384011,25.3209847693482,26.1524549707323
"syn_00614",10,0.1,300,10,0,44,6,0.831470201384011,49.8075255629628,50.6389957643468
"syn_00615",50,0.1,300,10,0,45,6,0.831470201384011,35.8089567571262,36.6404269585102
"syn_00616",2,1,300,10,0,46,6,8.31470201384011,53.8981040477018,62.2128060615419
"syn_00617",10,1,300,10,0,47,6,8.31470201384011,44.7781180259126,53.0928200397527
"syn_00618",50,1,300,10,0,48,6,8.31470201384011,35.2957918611178,43.6104938749579
"syn_00619",2,0.1,1500,10,0,49,6,0.831470201384011,260.952986104101,261.784456305485
"syn_00620",10,0.1,1500,10,0,50,6,0.831470201384011,173.060522195416,173.8919923968
"syn_00621",50,0.1,1500,10,0,51,6,0.831470201384011,205.668218120173,206.499688321557
"syn_00622",2,1,1500,10,0,52,6,8.31470201384011,176.157141408212,184.471843422052
"syn_00623",10,1,1500,10,0,53,6,8.31470201384011,192.36202871079,200.67673072463
"syn_00624",50,1,1500,10,0,54,6,8.31470201384011,157.176859645988,165.491561659828
"syn_00625",2,0.1,50,1,1,55,6,0.831470201384011,0.930125782475771,1.76159598385978
"syn_00626",10,0.1,50,1,1,56,6,0.831470201384011,0.869590729121267,1.70106093050528
"syn_00627",50,0.1,50,1,1,57,6,0.831470201384011,0.442350637282261,1.27382083866627
"syn_00628",2,1,50,1,1,58,6,8.31470201384011,0.78039566623045,9.09509768007056
"syn_00629",10,1,50,1,1,59,6,8.31470201384011,0.576341972078059,8.89104398591817
"syn_00630",50,1,50,1,1,60,6,8.31470201384011,2.22342584039249,10.5381278542326
"syn_00631",2,0.1,300,1,1,61,6,0.831470201384011,4.72413868633189,5.5556088877159
"syn_00632",10,0.1,300,1,1,62,6,0.831470201384011,5.50612460397087,6.33759480535488
"syn_00633",50,0.1,300,1,1,63,6,0.831470201384011,2.19609737864996,3.02756758003397
"syn_00634",2,1,300,1,1,64,6,8.31470201384011,4.6441018042493,12.9588038180894
"syn_00635",10,1,300,1,1,65,6,8.31470201384011,5.43700471239528,13.7517067262354
"syn_00636",50,1,300,1,1,66,6,8.31470201384011,9.03869313636429,17.3533951502044
"syn_00637",2,0.1,1500,1,1,67,6,0.831470201384011,13.5478087024169,14.3792789038009
"syn_00638",10,0.1,1500,1,1,68,6,0.831470201384011,16.5715048914869,17.4029750928709
"syn_00639",50,0.1,1500,1,1,69,6,0.831470201384011,17.4210567344676,18.2525269358516
"syn_00640",2,1,1500,1,1,70,6,8.31470201384011,18.0757780917185,26.3904801055586
"syn_00641",10,1,1500,1,1,71,6,8.31470201384011,20.3108733643794,28.6255753782195
"syn_00642",50,1,1500,1,1,72,6,8.31470201384011,13.8420868885658,22.1567889024059
"syn_00643",2,0.1,50,4,1,73,6,0.831470201384011,2.19960969074987,3.03107989213388
"syn_00644",10,0.1,50,4,1,74,6,0.831470201384011,4.60785804986496,5.43932825124897
"syn_00645",50,0.1,50,4,1,75,6,0.831470201384011,1.91611711367446,2.74758731505847
"syn_00646",2,1,50,4,1,76,6,8.31470201384011,2.50785422332537,10.8225562371655
"syn_00647",10,1,50,4,1,77,6,8.31470201384011,1.83604153988751,10.1507435537276
"syn_00648",50,1,50,4,1,78,6,8.31470201384011,2.24955535174348,10.5642573655836
"syn_00649",2,0.1,300,4,1,79,6,0.831470201384011,18.3754346786926,19.2069048800766
"syn_00650",10,0.1,300,4,1,80,6,0.831470201384011,17.5653559280833,18.3968261294673
"syn_00651",50,0.1,300,4,1,81,6,0.831470201384011,15.9401239691634,16.7715941705474
"syn_00652",2,1,300,4,1,82,6,8.31470201384011,17.868537295113,26.1832393089531
"syn_00653",10,1,300,4,1,83,6,8.31470201384011,15.776822331665,24.0915243455051
"syn_00654",50,1,300,4,1,84,6,8.31470201384011,15.546835689142,23.8615377029822
"syn_00655",2,0.1,1500,4,1,85,6,0.831470201384011,98.9852884793069,99.8167586806909
"syn_00656",10,0.1,1500,4,1,86,6,0.831470201384011,71.9347773231402,72.7662475245242
"syn_00657",50,0.1,1500,4,1,87,6,0.831470201384011,79.5809814624646,80.4124516638486
"syn_00658",2,1,1500,4,1,88,6,8.31470201384011,54.6975328604193,63.0122348742594
"syn_00659",10,1,1500,4,1,89,6,8.31470201384011,86.9249391304735,95.2396411443136
"syn_00660",50,1,1500,4,1,90,6,8.31470201384011,83.2971367478034,91.6118387616435
"syn_00661",2,0.1,50,10,1,91,6,0.831470201384011,6.79314122791526,7.62461142929927
"syn_00662",10,0.1,50,10,1,92,6,0.831470201384011,5.36171659091207,6.19318679229608
"syn_00663",50,0.1,50,10,1,93,6,0.831470201384011,9.45590537179821,10.2873755731822
"syn_00664",2,1,50,10,1,94,6,8.31470201384011,7.6574953777995,15.9721973916396
"syn_00665",10,1,50,10,1,95,6,8.31470201384011,6.28883622750927,14.6035382413494
"syn_00666",50,1,50,10,1,96,6,8.31470201384011,7.20121310072437,15.5159151145645
"syn_00667",2,0.1,300,10,1,97,6,0.831470201384011,44.495870999967,45.327341201351
"syn_00668",10,0.1,300,10,1,98,6,0.831470201384011,49.9113145952519,50.7427847966359
"syn_00669",50,0.1,300,10,1,99,6,0.831470201384011,51.6561517027262,52.4876219041102
"syn_00670",2,1,300,10,1,100,6,8.31470201384011,42.9075032100959,51.222205223936
"syn_00671",10,1,300,10,1,101,6,8.31470201384011,40.7860069959352,49.1007090097753
"syn_00672",50,1,300,10,1,102,6,8.31470201384011,53.8762822345061,62.1909842483462
"syn_00673",2,0.1,1500,10,1,103,6,0.831470201384011,158.558092528794,159.389562730178
"syn_00674",10,0.1,1500,10,1,104,6,0.831470201384011,182.063728629206,182.89519883059
"syn_00675",50,0.1,1500,10,1,105,6,0.831470201384011,210.355705270027,211.187175471411
"syn_00676",2,1,1500,10,1,106,6,8.31470201384011,212.03007613223,220.34477814607
"syn_00677",10,1,1500,10,1,107,6,8.31470201384011,233.76110503107,242.07580704491
"syn_00678",50,1,1500,10,1,108,6,8.31470201384011,203.840674866663,212.155376880504
"syn_00679",2,0.1,NA,0,NA,109,6,0.831470201384011,0,0.831470201384011
"syn_00680",10,0.1,NA,0,NA,110,6,0.831470201384011,0,0.831470201384011
"syn_00681",50,0.1,NA,0,NA,111,6,0.831470201384011,0,0.831470201384011
"syn_00682",2,1,NA,0,NA,112,6,8.31470201384011,0,8.31470201384011
"syn_00683",10,1,NA,0,NA,113,6,8.31470201384011,0,8.31470201384011
"syn_00684",50,1,NA,0,NA,114,6,8.31470201384011,0,8.31470201384011
"syn_00685",2,0.1,50,1,0,1,7,0.831470201384011,0.590404237427642,1.42187443881165
"syn_00686",10,0.1,50,1,0,2,7,0.831470201384011,0.675967162714703,1.50743736409871
"syn_00687",50,0.1,50,1,0,3,7,0.831470201384011,0.731024494792552,1.56249469617656
"syn_00688",2,1,50,1,0,4,7,8.31470201384011,0.576065895954217,8.89076790979433
"syn_00689",10,1,50,1,0,5,7,8.31470201384011,1.17765987454303,9.49236188838314
"syn_00690",50,1,50,1,0,6,7,8.31470201384011,0.613199173362921,8.92790118720303
"syn_00691",2,0.1,300,1,0,7,7,0.831470201384011,3.34921254351296,4.18068274489697
"syn_00692",10,0.1,300,1,0,8,7,0.831470201384011,4.66858727883955,5.50005748022356
"syn_00693",50,0.1,300,1,0,9,7,0.831470201384011,2.79044042800686,3.62191062939087
"syn_00694",2,1,300,1,0,10,7,8.31470201384011,4.28592604600377,12.6006280598439
"syn_00695",10,1,300,1,0,11,7,8.31470201384011,2.39272691853213,10.7074289323722
"syn_00696",50,1,300,1,0,12,7,8.31470201384011,6.73953369352617,15.0542357073663
"syn_00697",2,0.1,1500,1,0,13,7,0.831470201384011,14.2828308688348,15.1143010702188
"syn_00698",10,0.1,1500,1,0,14,7,0.831470201384011,27.7421713441642,28.5736415455483
"syn_00699",50,0.1,1500,1,0,15,7,0.831470201384011,24.3746031428034,25.2060733441874
"syn_00700",2,1,1500,1,0,16,7,8.31470201384011,10.8323878739854,19.1470898878255
"syn_00701",10,1,1500,1,0,17,7,8.31470201384011,23.1594375245862,31.4741395384263
"syn_00702",50,1,1500,1,0,18,7,8.31470201384011,19.4469928603369,27.7616948741771
"syn_00703",2,0.1,50,4,0,19,7,0.831470201384011,4.14026416121034,4.97173436259435
"syn_00704",10,0.1,50,4,0,20,7,0.831470201384011,1.32235683701808,2.15382703840209
"syn_00705",50,0.1,50,4,0,21,7,0.831470201384011,3.21377115163208,4.04524135301609
"syn_00706",2,1,50,4,0,22,7,8.31470201384011,1.72958005112667,10.0442820649668
"syn_00707",10,1,50,4,0,23,7,8.31470201384011,3.49950142815837,11.8142034419985
"syn_00708",50,1,50,4,0,24,7,8.31470201384011,2.20110585291561,10.5158078667557
"syn_00709",2,0.1,300,4,0,25,7,0.831470201384011,14.3921510519216,15.2236212533056
"syn_00710",10,0.1,300,4,0,26,7,0.831470201384011,14.661180477192,15.4926506785761
"syn_00711",50,0.1,300,4,0,27,7,0.831470201384011,15.0043746177336,15.8358448191176
"syn_00712",2,1,300,4,0,28,7,8.31470201384011,18.0652764806206,26.3799784944607
"syn_00713",10,1,300,4,0,29,7,8.31470201384011,11.9824346608248,20.2971366746649
"syn_00714",50,1,300,4,0,30,7,8.31470201384011,19.1120544290558,27.426756442896
"syn_00715",2,0.1,1500,4,0,31,7,0.831470201384011,72.7199677083118,73.5514379096958
"syn_00716",10,0.1,1500,4,0,32,7,0.831470201384011,103.816098039763,104.647568241147
"syn_00717",50,0.1,1500,4,0,33,7,0.831470201384011,66.2997590014247,67.1312292028087
"syn_00718",2,1,1500,4,0,34,7,8.31470201384011,64.8011084897322,73.1158105035724
"syn_00719",10,1,1500,4,0,35,7,8.31470201384011,102.394199308928,110.708901322768
"syn_00720",50,1,1500,4,0,36,7,8.31470201384011,133.977592588492,142.292294602332
"syn_00721",2,0.1,50,10,0,37,7,0.831470201384011,6.16733991803347,6.99881011941748
"syn_00722",10,0.1,50,10,0,38,7,0.831470201384011,4.7580704798148,5.58954068119881
"syn_00723",50,0.1,50,10,0,39,7,0.831470201384011,8.63224541573046,9.46371561711447
"syn_00724",2,1,50,10,0,40,7,8.31470201384011,6.89628902461806,15.2109910384582
"syn_00725",10,1,50,10,0,41,7,8.31470201384011,5.72318961430798,14.0378916281481
"syn_00726",50,1,50,10,0,42,7,8.31470201384011,6.35470263806337,14.6694046519035
"syn_00727",2,0.1,300,10,0,43,7,0.831470201384011,38.8516178661646,39.6830880675486
"syn_00728",10,0.1,300,10,0,44,7,0.831470201384011,38.0115533916313,38.8430235930153
"syn_00729",50,0.1,300,10,0,45,7,0.831470201384011,33.9207611352679,34.7522313366519
"syn_00730",2,1,300,10,0,46,7,8.31470201384011,33.2342706966084,41.5489727104485
"syn_00731",10,1,300,10,0,47,7,8.31470201384011,44.7495202988194,53.0642223126595
"syn_00732",50,1,300,10,0,48,7,8.31470201384011,31.4561784915882,39.7708805054283
"syn_00733",2,0.1,1500,10,0,49,7,0.831470201384011,202.065788623275,202.897258824659
"syn_00734",10,0.1,1500,10,0,50,7,0.831470201384011,285.073135366498,285.904605567882
"syn_00735",50,0.1,1500,10,0,51,7,0.831470201384011,221.245344232941,222.076814434325
"syn_00736",2,1,1500,10,0,52,7,8.31470201384011,195.024028343821,203.338730357661
"syn_00737",10,1,1500,10,0,53,7,8.31470201384011,198.703141517108,207.017843530948
"syn_00738",50,1,1500,10,0,54,7,8.31470201384011,190.459894524611,198.774596538451
"syn_00739",2,0.1,50,1,1,55,7,0.831470201384011,1.75172312831789,2.58319332970191
"syn_00740",10,0.1,50,1,1,56,7,0.831470201384011,0.525571951981842,1.35704215336585
"syn_00741",50,0.1,50,1,1,57,7,0.831470201384011,0.895957741538588,1.7274279429226
"syn_00742",2,1,50,1,1,58,7,8.31470201384011,0.83995194313454,9.15465395697465
"syn_00743",10,1,50,1,1,59,7,8.31470201384011,1.60458721857051,9.91928923241062
"syn_00744",50,1,50,1,1,60,7,8.31470201384011,0.482837066866822,8.79753908070693
"syn_00745",2,0.1,300,1,1,61,7,0.831470201384011,2.19362252197273,3.02509272335674
"syn_00746",10,0.1,300,1,1,62,7,0.831470201384011,1.83441559020402,2.66588579158803
"syn_00747",50,0.1,300,1,1,63,7,0.831470201384011,2.86307793536375,3.69454813674776
"syn_00748",2,1,300,1,1,64,7,8.31470201384011,2.21857823453114,10.5332802483713
"syn_00749",10,1,300,1,1,65,7,8.31470201384011,4.1071270942904,12.4218291081305
"syn_00750",50,1,300,1,1,66,7,8.31470201384011,3.82162934155421,12.1363313553943
"syn_00751",2,0.1,1500,1,1,67,7,0.831470201384011,14.2370219471228,15.0684921485068
"syn_00752",10,0.1,1500,1,1,68,7,0.831470201384011,24.0310352025449,24.8625054039289
"syn_00753",50,0.1,1500,1,1,69,7,0.831470201384011,9.35234719393984,10.1838173953239
"syn_00754",2,1,1500,1,1,70,7,8.31470201384011,5.68914212192709,14.0038441357672
"syn_00755",10,1,1500,1,1,71,7,8.31470201384011,16.7857977647278,25.1004997785679
"syn_00756",50,1,1500,1,1,72,7,8.31470201384011,24.7836952906349,33.098397304475
"syn_00757",2,0.1,50,4,1,73,7,0.831470201384011,2.49364079861697,3.32511100000099
"syn_00758",10,0.1,50,4,1,74,7,0.831470201384011,2.66239174162919,3.4938619430132
"syn_00759",50,0.1,50,4,1,75,7,0.831470201384011,2.10804129218339,2.9395114935674
"syn_00760",2,1,50,4,1,76,7,8.31470201384011,2.5413249706571,10.8560269844972
"syn_00761",10,1,50,4,1,77,7,8.31470201384011,2.84041045795289,11.155112471793
"syn_00762",50,1,50,4,1,78,7,8.31470201384011,3.51558770419999,11.8302897180401
"syn_00763",2,0.1,300,4,1,79,7,0.831470201384011,26.8936582113236,27.7251284127076
"syn_00764",10,0.1,300,4,1,80,7,0.831470201384011,17.5170749111082,18.3485451124922
"syn_00765",50,0.1,300,4,1,81,7,0.831470201384011,23.6871423206685,24.5186125220525
"syn_00766",2,1,300,4,1,82,7,8.31470201384011,8.22346846222876,16.5381704760689
"syn_00767",10,1,300,4,1,83,7,8.31470201384011,16.7908480510133,25.1055500648534
"syn_00768",50,1,300,4,1,84,7,8.31470201384011,17.1056128332352,25.4203148470753
"syn_00769",2,0.1,1500,4,1,85,7,0.831470201384011,84.7296339575535,85.5611041589375
"syn_00770",10,0.1,1500,4,1,86,7,0.831470201384011,85.6351939503692,86.4666641517532
"syn_00771",50,0.1,1500,4,1,87,7,0.831470201384011,98.4888682548847,99.3203384562687
"syn_00772",2,1,1500,4,1,88,7,8.31470201384011,69.6102137050665,77.9249157189066
"syn_00773",10,1,1500,4,1,89,7,8.31470201384011,81.8631053799557,90.1778073937958
"syn_00774",50,1,1500,4,1,90,7,8.31470201384011,78.1899289833481,86.5046309971883
"syn_00775",2,0.1,50,10,1,91,7,0.831470201384011,7.38709918155426,8.21856938293827
"syn_00776",10,0.1,50,10,1,92,7,0.831470201384011,8.97376916145421,9.80523936283822
"syn_00777",50,0.1,50,10,1,93,7,0.831470201384011,6.47873277037949,7.3102029717635
"syn_00778",2,1,50,10,1,94,7,8.31470201384011,6.79142082296753,15.1061228368076
"syn_00779",10,1,50,10,1,95,7,8.31470201384011,5.64185866033221,13.9565606741723
"syn_00780",50,1,50,10,1,96,7,8.31470201384011,5.678976585951,13.9936785997911
"syn_00781",2,0.1,300,10,1,97,7,0.831470201384011,49.4265353957752,50.2580055971592
"syn_00782",10,0.1,300,10,1,98,7,0.831470201384011,43.1368434871673,43.9683136885513
"syn_00783",50,0.1,300,10,1,99,7,0.831470201384011,45.2298456355598,46.0613158369439
"syn_00784",2,1,300,10,1,100,7,8.31470201384011,49.2629033849788,57.5776053988189
"syn_00785",10,1,300,10,1,101,7,8.31470201384011,36.7460409673102,45.0607429811503
"syn_00786",50,1,300,10,1,102,7,8.31470201384011,38.0701580618291,46.3848600756692
"syn_00787",2,0.1,1500,10,1,103,7,0.831470201384011,186.646858218929,187.478328420313
"syn_00788",10,0.1,1500,10,1,104,7,0.831470201384011,236.535909824991,237.367380026375
"syn_00789",50,0.1,1500,10,1,105,7,0.831470201384011,278.941504192891,279.772974394275
"syn_00790",2,1,1500,10,1,106,7,8.31470201384011,188.567537283184,196.882239297024
"syn_00791",10,1,1500,10,1,107,7,8.31470201384011,196.278790537263,204.593492551104
"syn_00792",50,1,1500,10,1,108,7,8.31470201384011,193.237607090379,201.552309104219
"syn_00793",2,0.1,NA,0,NA,109,7,0.831470201384011,0,0.831470201384011
"syn_00794",10,0.1,NA,0,NA,110,7,0.831470201384011,0,0.831470201384011
"syn_00795",50,0.1,NA,0,NA,111,7,0.831470201384011,0,0.831470201384011
"syn_00796",2,1,NA,0,NA,112,7,8.31470201384011,0,8.31470201384011
"syn_00797",10,1,NA,0,NA,113,7,8.31470201384011,0,8.31470201384011
"syn_00798",50,1,NA,0,NA,114,7,8.31470201384011,0,8.31470201384011
"syn_00799",2,0.1,50,1,0,1,8,0.831470201384011,0.642747559141959,1.47421776052597
"syn_00800",10,0.1,50,1,0,2,8,0.831470201384011,1.15601630619497,1.98748650757898
"syn_00801",50,0.1,50,1,0,3,8,0.831470201384011,1.22572990045335,2.05720010183736
"syn_00802",2,1,50,1,0,4,8,8.31470201384011,1.17665387703731,9.49135589087742
"syn_00803",10,1,50,1,0,5,8,8.31470201384011,1.29962264974403,9.61432466358414
"syn_00804",50,1,50,1,0,6,8,8.31470201384011,0.271560318151443,8.58626233199155
"syn_00805",2,0.1,300,1,0,7,8,0.831470201384011,5.42207565451217,6.25354585589618
"syn_00806",10,0.1,300,1,0,8,8,0.831470201384011,6.83329580159768,7.66476600298169
"syn_00807",50,0.1,300,1,0,9,8,0.831470201384011,5.88010002389853,6.71157022528255
"syn_00808",2,1,300,1,0,10,8,8.31470201384011,3.5687561389384,11.8834581527785
"syn_00809",10,1,300,1,0,11,8,8.31470201384011,1.2480316043077,9.56273361814781
"syn_00810",50,1,300,1,0,12,8,8.31470201384011,3.69584360662627,12.0105456204664
"syn_00811",2,0.1,1500,1,0,13,8,0.831470201384011,19.0300649553403,19.8615351567243
"syn_00812",10,0.1,1500,1,0,14,8,0.831470201384011,28.7577711806943,29.5892413820784
"syn_00813",50,0.1,1500,1,0,15,8,0.831470201384011,8.46144202465372,9.29291222603773
"syn_00814",2,1,1500,1,0,16,8,8.31470201384011,13.8653681342286,22.1800701480687
"syn_00815",10,1,1500,1,0,17,8,8.31470201384011,19.3956888968222,27.7103909106623
"syn_00816",50,1,1500,1,0,18,8,8.31470201384011,17.615669551864,25.9303715657041
"syn_00817",2,0.1,50,4,0,19,8,0.831470201384011,2.98640380263688,3.81787400402089
"syn_00818",10,0.1,50,4,0,20,8,0.831470201384011,2.04176312368428,2.87323332506829
"syn_00819",50,0.1,50,4,0,21,8,0.831470201384011,4.26414641878134,5.09561662016535
"syn_00820",2,1,50,4,0,22,8,8.31470201384011,2.74176302265527,11.0564650364954
"syn_00821",10,1,50,4,0,23,8,8.31470201384011,2.7218065599439,11.036508573784
"syn_00822",50,1,50,4,0,24,8,8.31470201384011,2.92479792288655,11.2394999367267
"syn_00823",2,0.1,300,4,0,25,8,0.831470201384011,13.0594378166912,13.8909080180752
"syn_00824",10,0.1,300,4,0,26,8,0.831470201384011,11.7622307977528,12.5937009991368
"syn_00825",50,0.1,300,4,0,27,8,0.831470201384011,14.6248401523848,15.4563103537688
"syn_00826",2,1,300,4,0,28,8,8.31470201384011,19.4078363365405,27.7225383503806
"syn_00827",10,1,300,4,0,29,8,8.31470201384011,13.1625365695222,21.4772385833623
"syn_00828",50,1,300,4,0,30,8,8.31470201384011,10.9355335217943,19.2502355356345
"syn_00829",2,0.1,1500,4,0,31,8,0.831470201384011,62.7847233976755,63.6161935990596
"syn_00830",10,0.1,1500,4,0,32,8,0.831470201384011,65.4144641042924,66.2459343056764
"syn_00831",50,0.1,1500,4,0,33,8,0.831470201384011,66.4768834288727,67.3083536302567
"syn_00832",2,1,1500,4,0,34,8,8.31470201384011,101.182949851719,109.497651865559
"syn_00833",10,1,1500,4,0,35,8,8.31470201384011,46.1334926571337,54.4481946709738
"syn_00834",50,1,1500,4,0,36,8,8.31470201384011,105.827538291964,114.142240305804
"syn_00835",2,0.1,50,10,0,37,8,0.831470201384011,6.50211257070805,7.33358277209206
"syn_00836",10,0.1,50,10,0,38,8,0.831470201384011,6.59534552733398,7.42681572871799
"syn_00837",50,0.1,50,10,0,39,8,0.831470201384011,4.9536509744386,5.78512117582262
"syn_00838",2,1,50,10,0,40,8,8.31470201384011,11.4855584273876,19.8002604412277
"syn_00839",10,1,50,10,0,41,8,8.31470201384011,7.22907190125569,15.5437739150958
"syn_00840",50,1,50,10,0,42,8,8.31470201384011,7.11754037867241,15.4322423925125
"syn_00841",2,0.1,300,10,0,43,8,0.831470201384011,49.9102568479258,50.7417270493098
"syn_00842",10,0.1,300,10,0,44,8,0.831470201384011,58.2215092269923,59.0529794283763
"syn_00843",50,0.1,300,10,0,45,8,0.831470201384011,33.9989907582761,34.8304609596601
"syn_00844",2,1,300,10,0,46,8,8.31470201384011,39.225449957954,47.5401519717941
"syn_00845",10,1,300,10,0,47,8,8.31470201384011,59.5494865460356,67.8641885598757
"syn_00846",50,1,300,10,0,48,8,8.31470201384011,42.0099743290265,50.3246763428666
"syn_00847",2,0.1,1500,10,0,49,8,0.831470201384011,204.948517876286,205.77998807767
"syn_00848",10,0.1,1500,10,0,50,8,0.831470201384011,176.54969968105,177.381169882434
"syn_00849",50,0.1,1500,10,0,51,8,0.831470201384011,195.468607565981,196.300077767365
"syn_00850",2,1,1500,10,0,52,8,8.31470201384011,266.196160976216,274.510862990056
"syn_00851",10,1,1500,10,0,53,8,8.31470201384011,224.070137411599,232.384839425439
"syn_00852",50,1,1500,10,0,54,8,8.31470201384011,210.206262702876,218.520964716716
"syn_00853",2,0.1,50,1,1,55,8,0.831470201384011,1.72595663972776,2.55742684111177
"syn_00854",10,0.1,50,1,1,56,8,0.831470201384011,1.13365768078982,1.96512788217383
"syn_00855",50,0.1,50,1,1,57,8,0.831470201384011,0.383062269857324,1.21453247124134
"syn_00856",2,1,50,1,1,58,8,8.31470201384011,0.41702489360395,8.73172690744406
"syn_00857",10,1,50,1,1,59,8,8.31470201384011,1.1194601336402,9.43416214748031
"syn_00858",50,1,50,1,1,60,8,8.31470201384011,0.660427475932199,8.97512948977231
"syn_00859",2,0.1,300,1,1,61,8,0.831470201384011,4.8829570317688,5.71442723315281
"syn_00860",10,0.1,300,1,1,62,8,0.831470201384011,2.33398225759868,3.16545245898269
"syn_00861",50,0.1,300,1,1,63,8,0.831470201384011,2.45890883376825,3.29037903515226
"syn_00862",2,1,300,1,1,64,8,8.31470201384011,4.8881687240601,13.2028707379002
"syn_00863",10,1,300,1,1,65,8,8.31470201384011,4.83977835547079,13.1544803693109
"syn_00864",50,1,300,1,1,66,8,8.31470201384011,2.66438024377818,10.9790822576183
"syn_00865",2,0.1,1500,1,1,67,8,0.831470201384011,22.9571585593639,23.7886287607479
"syn_00866",10,0.1,1500,1,1,68,8,0.831470201384011,11.924104542174,12.755574743558
"syn_00867",50,0.1,1500,1,1,69,8,0.831470201384011,6.86380266209175,7.69527286347576
"syn_00868",2,1,1500,1,1,70,8,8.31470201384011,26.5902406371531,34.9049426509932
"syn_00869",10,1,1500,1,1,71,8,8.31470201384011,12.926802057806,21.2415040716461
"syn_00870",50,1,1500,1,1,72,8,8.31470201384011,11.6250555274148,19.9397575412549
"syn_00871",2,0.1,50,4,1,73,8,0.831470201384011,2.20271382968901,3.03418403107302
"syn_00872",10,0.1,50,4,1,74,8,0.831470201384011,1.91644233072482,2.74791253210883
"syn_00873",50,0.1,50,4,1,75,8,0.831470201384011,3.13813920241149,3.9696094037955
"syn_00874",2,1,50,4,1,76,8,8.31470201384011,3.21018138259307,11.5248833964332
"syn_00875",10,1,50,4,1,77,8,8.31470201384011,2.92060855191019,11.2353105657503
"syn_00876",50,1,50,4,1,78,8,8.31470201384011,3.03392022188839,11.3486222357285
"syn_00877",2,0.1,300,4,1,79,8,0.831470201384011,22.5727505239495,23.4042207253335
"syn_00878",10,0.1,300,4,1,80,8,0.831470201384011,15.909318362156,16.74078856354
"syn_00879",50,0.1,300,4,1,81,8,0.831470201384011,15.5891843176855,16.4206545190695
"syn_00880",2,1,300,4,1,82,8,8.31470201384011,16.9148262028173,25.2295282166574
"syn_00881",10,1,300,4,1,83,8,8.31470201384011,10.3587141517514,18.6734161655915
"syn_00882",50,1,300,4,1,84,8,8.31470201384011,18.5322526070432,26.8469546208833
"syn_00883",2,0.1,1500,4,1,85,8,0.831470201384011,87.6301506033619,88.4616208047459
"syn_00884",10,0.1,1500,4,1,86,8,0.831470201384011,75.7606891151732,76.5921593165572
"syn_00885",50,0.1,1500,4,1,87,8,0.831470201384011,70.7900031995226,71.6214734009066
"syn_00886",2,1,1500,4,1,88,8,8.31470201384011,65.5795706215421,73.8942726353822
"syn_00887",10,1,1500,4,1,89,8,8.31470201384011,132.833195359781,141.147897373621
"syn_00888",50,1,1500,4,1,90,8,8.31470201384011,54.781130315248,63.0958323290881
"syn_00889",2,0.1,50,10,1,91,8,0.831470201384011,5.34026927264548,6.17173947402949
"syn_00890",10,0.1,50,10,1,92,8,0.831470201384011,8.25648536969953,9.08795557108355
"syn_00891",50,0.1,50,10,1,93,8,0.831470201384011,7.88238042690202,8.71385062828603
"syn_00892",2,1,50,10,1,94,8,8.31470201384011,6.08163596348538,14.3963379773255
"syn_00893",10,1,50,10,1,95,8,8.31470201384011,7.56498602192701,15.8796880357671
"syn_00894",50,1,50,10,1,96,8,8.31470201384011,5.85604829417831,14.1707503080184
"syn_00895",2,0.1,300,10,1,97,8,0.831470201384011,45.5602419841184,46.3917121855024
"syn_00896",10,0.1,300,10,1,98,8,0.831470201384011,41.2107890848623,42.0422592862463
"syn_00897",50,0.1,300,10,1,99,8,0.831470201384011,37.4692300260017,38.3007002273857
"syn_00898",2,1,300,10,1,100,8,8.31470201384011,47.653697726823,55.9683997406631
"syn_00899",10,1,300,10,1,101,8,8.31470201384011,39.8589870906153,48.1736891044554
"syn_00900",50,1,300,10,1,102,8,8.31470201384011,39.9040484562736,48.2187504701137
"syn_00901",2,0.1,1500,10,1,103,8,0.831470201384011,174.435036341408,175.266506542792
"syn_00902",10,0.1,1500,10,1,104,8,0.831470201384011,225.660047882439,226.491518083823
"syn_00903",50,0.1,1500,10,1,105,8,0.831470201384011,215.228577555096,216.06004775648
"syn_00904",2,1,1500,10,1,106,8,8.31470201384011,176.411330549258,184.726032563098
"syn_00905",10,1,1500,10,1,107,8,8.31470201384011,247.065116244456,255.379818258296
"syn_00906",50,1,1500,10,1,108,8,8.31470201384011,234.913945509941,243.228647523781
"syn_00907",2,0.1,NA,0,NA,109,8,0.831470201384011,0,0.831470201384011
"syn_00908",10,0.1,NA,0,NA,110,8,0.831470201384011,0,0.831470201384011
"syn_00909",50,0.1,NA,0,NA,111,8,0.831470201384011,0,0.831470201384011
"syn_00910",2,1,NA,0,NA,112,8,8.31470201384011,0,8.31470201384011
"syn_00911",10,1,NA,0,NA,113,8,8.31470201384011,0,8.31470201384011
"syn_00912",50,1,NA,0,NA,114,8,8.31470201384011,0,8.31470201384011
"syn_00913",2,0.1,50,1,0,1,9,0.831470201384011,2.04763371273401,2.87910391411802
"syn_00914",10,0.1,50,1,0,2,9,0.831470201384011,0.903857158517893,1.7353273599019
"syn_00915",50,0.1,50,1,0,3,9,0.831470201384011,0.325278506386713,1.15674870777072
"syn_00916",2,1,50,1,0,4,9,8.31470201384011,0.384044623593225,8.69874663743334
"syn_00917",10,1,50,1,0,5,9,8.31470201384011,0.995721886692512,9.31042390053262
"syn_00918",50,1,50,1,0,6,9,8.31470201384011,0.738473139435364,9.05317515327548
"syn_00919",2,0.1,300,1,0,7,9,0.831470201384011,3.11088925098648,3.94235945237049
"syn_00920",10,0.1,300,1,0,8,9,0.831470201384011,1.96230366328582,2.79377386466983
"syn_00921",50,0.1,300,1,0,9,9,0.831470201384011,2.65786894177961,3.48933914316362
"syn_00922",2,1,300,1,0,10,9,8.31470201384011,4.61954630417776,12.9342483180179
"syn_00923",10,1,300,1,0,11,9,8.31470201384011,1.81339094886399,10.1280929627041
"syn_00924",50,1,300,1,0,12,9,8.31470201384011,3.35604975234959,11.6707517661897
"syn_00925",2,0.1,1500,1,0,13,9,0.831470201384011,18.4812864329015,19.3127566342855
"syn_00926",10,0.1,1500,1,0,14,9,0.831470201384011,22.2212744205705,23.0527446219545
"syn_00927",50,0.1,1500,1,0,15,9,0.831470201384011,25.116754347677,25.948224549061
"syn_00928",2,1,1500,1,0,16,9,8.31470201384011,11.0921573468802,19.4068593607203
"syn_00929",10,1,1500,1,0,17,9,8.31470201384011,30.892561908488,39.2072639223281
"syn_00930",50,1,1500,1,0,18,9,8.31470201384011,34.8620750592194,43.1767770730595
"syn_00931",2,0.1,50,4,0,19,9,0.831470201384011,3.35921047056245,4.19068067194646
"syn_00932",10,0.1,50,4,0,20,9,0.831470201384011,3.29105211170209,4.1225223130861
"syn_00933",50,0.1,50,4,0,21,9,0.831470201384011,3.33204258543732,4.16351278682133
"syn_00934",2,1,50,4,0,22,9,8.31470201384011,2.61560528340396,10.9303072972441
"syn_00935",10,1,50,4,0,23,9,8.31470201384011,1.89332397852907,10.2080259923692
"syn_00936",50,1,50,4,0,24,9,8.31470201384011,3.63673620665289,11.951438220493
"syn_00937",2,0.1,300,4,0,25,9,0.831470201384011,18.0554211120287,18.8868913134127
"syn_00938",10,0.1,300,4,0,26,9,0.831470201384011,25.1543883726593,25.9858585740433
"syn_00939",50,0.1,300,4,0,27,9,0.831470201384011,13.579548063824,14.411018265208
"syn_00940",2,1,300,4,0,28,9,8.31470201384011,15.6537277726157,23.9684297864559
"syn_00941",10,1,300,4,0,29,9,8.31470201384011,16.7914903730632,25.1061923869033
"syn_00942",50,1,300,4,0,30,9,8.31470201384011,15.8003062675916,24.1150082814317
"syn_00943",2,0.1,1500,4,0,31,9,0.831470201384011,69.6515359292571,70.4830061306411
"syn_00944",10,0.1,1500,4,0,32,9,0.831470201384011,68.658825959081,69.490296160465
"syn_00945",50,0.1,1500,4,0,33,9,0.831470201384011,67.7282760862866,68.5597462876706
"syn_00946",2,1,1500,4,0,34,9,8.31470201384011,67.4159487275028,75.7306507413429
"syn_00947",10,1,1500,4,0,35,9,8.31470201384011,83.0051666351044,91.3198686489445
"syn_00948",50,1,1500,4,0,36,9,8.31470201384011,75.7227568764201,84.0374588902602
"syn_00949",2,0.1,50,10,0,37,9,0.831470201384011,7.06152757243188,7.89299777381589
"syn_00950",10,0.1,50,10,0,38,9,0.831470201384011,5.71757097675177,6.54904117813579
"syn_00951",50,0.1,50,10,0,39,9,0.831470201384011,5.83489080986711,6.66636101125112
"syn_00952",2,1,50,10,0,40,9,8.31470201384011,6.2260163725917,14.5407183864318
"syn_00953",10,1,50,10,0,41,9,8.31470201384011,6.14284882869031,14.4575508425304
"syn_00954",50,1,50,10,0,42,9,8.31470201384011,5.75689475569298,14.0715967695331
"syn_00955",2,0.1,300,10,0,43,9,0.831470201384011,48.3221830391894,49.1536532405734
"syn_00956",10,0.1,300,10,0,44,9,0.831470201384011,34.5733553941406,35.4048255955246
"syn_00957",50,0.1,300,10,0,45,9,0.831470201384011,34.7118438916094,35.5433140929934
"syn_00958",2,1,300,10,0,46,9,8.31470201384011,51.5228386119847,59.8375406258248
"syn_00959",10,1,300,10,0,47,9,8.31470201384011,47.8235453240125,56.1382473378526
"syn_00960",50,1,300,10,0,48,9,8.31470201384011,36.1127913563207,44.4274933701608
"syn_00961",2,0.1,1500,10,0,49,9,0.831470201384011,278.359958626505,279.191428827889
"syn_00962",10,0.1,1500,10,0,50,9,0.831470201384011,167.713975885422,168.545446086806
"syn_00963",50,0.1,1500,10,0,51,9,0.831470201384011,239.903495729474,240.734965930858
"syn_00964",2,1,1500,10,0,52,9,8.31470201384011,205.03846046501,213.35316247885
"syn_00965",10,1,1500,10,0,53,9,8.31470201384011,236.067542801239,244.382244815079
"syn_00966",50,1,1500,10,0,54,9,8.31470201384011,197.701901943532,206.016603957372
"syn_00967",2,0.1,50,1,1,55,9,0.831470201384011,0.246232165792386,1.0777023671764
"syn_00968",10,0.1,50,1,1,56,9,0.831470201384011,0.632630281381109,1.46410048276512
"syn_00969",50,0.1,50,1,1,57,9,0.831470201384011,0.986968737713541,1.81843893909755
"syn_00970",2,1,50,1,1,58,9,8.31470201384011,0.645528224330996,8.96023023817111
"syn_00971",10,1,50,1,1,59,9,8.31470201384011,0.402509373807537,8.71721138764765
"syn_00972",50,1,50,1,1,60,9,8.31470201384011,0.703354559711506,9.01805657355162
"syn_00973",2,0.1,300,1,1,61,9,0.831470201384011,2.5009349736774,3.33240517506141
"syn_00974",10,0.1,300,1,1,62,9,0.831470201384011,3.66943012023346,4.50090032161747
"syn_00975",50,0.1,300,1,1,63,9,0.831470201384011,4.3620866095195,5.19355681090351
"syn_00976",2,1,300,1,1,64,9,8.31470201384011,2.37711774701895,10.6918197608591
"syn_00977",10,1,300,1,1,65,9,8.31470201384011,5.1352435862047,13.4499456000448
"syn_00978",50,1,300,1,1,66,9,8.31470201384011,2.72019841595402,11.0349004297941
"syn_00979",2,0.1,1500,1,1,67,9,0.831470201384011,17.7641472339185,18.5956174353026
"syn_00980",10,0.1,1500,1,1,68,9,0.831470201384011,16.2410473481469,17.0725175495309
"syn_00981",50,0.1,1500,1,1,69,9,0.831470201384011,12.748048029174,13.579518230558
"syn_00982",2,1,1500,1,1,70,9,8.31470201384011,20.264774163792,28.5794761776321
"syn_00983",10,1,1500,1,1,71,9,8.31470201384011,24.854469852068,33.1691718659081
"syn_00984",50,1,1500,1,1,72,9,8.31470201384011,22.5326016285696,30.8473036424097
"syn_00985",2,0.1,50,4,1,73,9,0.831470201384011,3.11551907253401,3.94698927391802
"syn_00986",10,0.1,50,4,1,74,9,0.831470201384011,2.71274732354356,3.54421752492758
"syn_00987",50,0.1,50,4,1,75,9,0.831470201384011,2.59696380647191,3.42843400785592
"syn_00988",2,1,50,4,1,76,9,8.31470201384011,3.15637341964726,11.4710754334874
"syn_00989",10,1,50,4,1,77,9,8.31470201384011,3.39670482894893,11.711406842789
"syn_00990",50,1,50,4,1,78,9,8.31470201384011,2.20249041490759,10.5171924287477
"syn_00991",2,0.1,300,4,1,79,9,0.831470201384011,15.6713193954516,16.5027895968357
"syn_00992",10,0.1,300,4,1,80,9,0.831470201384011,21.4748849532933,22.3063551546773
"syn_00993",50,0.1,300,4,1,81,9,0.831470201384011,14.3423666185069,15.1738368198909
"syn_00994",2,1,300,4,1,82,9,8.31470201384011,15.2217964573222,23.5364984711623
"syn_00995",10,1,300,4,1,83,9,8.31470201384011,20.6648537929374,28.9795558067775
"syn_00996",50,1,300,4,1,84,9,8.31470201384011,10.2268883319373,18.5415903457774
"syn_00997",2,0.1,1500,4,1,85,9,0.831470201384011,86.2371945866255,87.0686647880095
"syn_00998",10,0.1,1500,4,1,86,9,0.831470201384011,81.2685287164682,82.0999989178522
"syn_00999",50,0.1,1500,4,1,87,9,0.831470201384011,119.881469272203,120.712939473587
"syn_01000",2,1,1500,4,1,88,9,8.31470201384011,111.888730213673,120.203432227513
"syn_01001",10,1,1500,4,1,89,9,8.31470201384011,45.8789844984767,54.1936865123168
"syn_01002",50,1,1500,4,1,90,9,8.31470201384011,64.5288461170409,72.843548130881
"syn_01003",2,0.1,50,10,1,91,9,0.831470201384011,10.2343139637919,11.0657841651759
"syn_01004",10,0.1,50,10,1,92,9,0.831470201384011,5.62232314524595,6.45379334662996
"syn_01005",50,0.1,50,10,1,93,9,0.831470201384011,5.77384530817267,6.60531550955669
"syn_01006",2,1,50,10,1,94,9,8.31470201384011,6.80151689102035,15.1162189048605
"syn_01007",10,1,50,10,1,95,9,8.31470201384011,7.1612671564644,15.4759691703045
"syn_01008",50,1,50,10,1,96,9,8.31470201384011,6.47383230757143,14.7885343214115
"syn_01009",2,0.1,300,10,1,97,9,0.831470201384011,34.3276291631343,35.1590993645183
"syn_01010",10,0.1,300,10,1,98,9,0.831470201384011,37.1549940999912,37.9864643013752
"syn_01011",50,0.1,300,10,1,99,9,0.831470201384011,50.1894309465896,51.0209011479736
"syn_01012",2,1,300,10,1,100,9,8.31470201384011,29.2739019086643,37.5886039225044
"syn_01013",10,1,300,10,1,101,9,8.31470201384011,32.7411719809859,41.055873994826
"syn_01014",50,1,300,10,1,102,9,8.31470201384011,59.1796892242182,67.4943912380583
"syn_01015",2,0.1,1500,10,1,103,9,0.831470201384011,185.333603527995,186.165073729379
"syn_01016",10,0.1,1500,10,1,104,9,0.831470201384011,182.598810986495,183.43028118788
"syn_01017",50,0.1,1500,10,1,105,9,0.831470201384011,184.386736517966,185.21820671935
"syn_01018",2,1,1500,10,1,106,9,8.31470201384011,247.899032494574,256.213734508414
"syn_01019",10,1,1500,10,1,107,9,8.31470201384011,180.843676212145,189.158378225985
"syn_01020",50,1,1500,10,1,108,9,8.31470201384011,143.910010026653,152.224712040493
"syn_01021",2,0.1,NA,0,NA,109,9,0.831470201384011,0,0.831470201384011
"syn_01022",10,0.1,NA,0,NA,110,9,0.831470201384011,0,0.831470201384011
"syn_01023",50,0.1,NA,0,NA,111,9,0.831470201384011,0,0.831470201384011
"syn_01024",2,1,NA,0,NA,112,9,8.31470201384011,0,8.31470201384011
"syn_01025",10,1,NA,0,NA,113,9,8.31470201384011,0,8.31470201384011
"syn_01026",50,1,NA,0,NA,114,9,8.31470201384011,0,8.31470201384011
"syn_01027",2,0.1,50,1,0,1,10,0.831470201384011,0.246042828972872,1.07751303035688
"syn_01028",10,0.1,50,1,0,2,10,0.831470201384011,0.416379847664753,1.24785004904876
"syn_01029",50,0.1,50,1,0,3,10,0.831470201384011,0.624131605453407,1.45560180683742
"syn_01030",2,1,50,1,0,4,10,8.31470201384011,0.39593083427441,8.71063284811452
"syn_01031",10,1,50,1,0,5,10,8.31470201384011,0.622613231856147,8.93731524569626
"syn_01032",50,1,50,1,0,6,10,8.31470201384011,0.399780405376296,8.71448241921641
"syn_01033",2,0.1,300,1,0,7,10,0.831470201384011,2.4177434293397,3.24921363072371
"syn_01034",10,0.1,300,1,0,8,10,0.831470201384011,7.33110895024747,8.16257915163148
"syn_01035",50,0.1,300,1,0,9,10,0.831470201384011,2.78567869636183,3.61714889774584
"syn_01036",2,1,300,1,0,10,10,8.31470201384011,4.9189649203354,13.2336669341755
"syn_01037",10,1,300,1,0,11,10,8.31470201384011,11.6941572955982,20.0088593094383
"syn_01038",50,1,300,1,0,12,10,8.31470201384011,3.32728698634899,11.6419890001891
"syn_01039",2,0.1,1500,1,0,13,10,0.831470201384011,24.9885665343154,25.8200367356994
"syn_01040",10,0.1,1500,1,0,14,10,0.831470201384011,59.3762394650008,60.2077096663848
"syn_01041",50,0.1,1500,1,0,15,10,0.831470201384011,40.3552394266485,41.1867096280326
"syn_01042",2,1,1500,1,0,16,10,8.31470201384011,12.8552408180759,21.169942831916
"syn_01043",10,1,1500,1,0,17,10,8.31470201384011,29.3613836233512,37.6760856371913
"syn_01044",50,1,1500,1,0,18,10,8.31470201384011,27.2754620777869,35.590164091627
"syn_01045",2,0.1,50,4,0,19,10,0.831470201384011,2.89600726928109,3.7274774706651
"syn_01046",10,0.1,50,4,0,20,10,0.831470201384011,3.60270757666016,4.43417777804417
"syn_01047",50,0.1,50,4,0,21,10,0.831470201384011,1.72358977906641,2.55505998045043
"syn_01048",2,1,50,4,0,22,10,8.31470201384011,3.0500160782745,11.3647180921146
"syn_01049",10,1,50,4,0,23,10,8.31470201384011,2.82694275893015,11.1416447727703
"syn_01050",50,1,50,4,0,24,10,8.31470201384011,2.46150424748243,10.7762062613225
"syn_01051",2,0.1,300,4,0,25,10,0.831470201384011,14.9643666683374,15.7958368697214
"syn_01052",10,0.1,300,4,0,26,10,0.831470201384011,12.6160203037356,13.4474905051196
"syn_01053",50,0.1,300,4,0,27,10,0.831470201384011,14.1803204551907,15.0117906565747
"syn_01054",2,1,300,4,0,28,10,8.31470201384011,18.776227279411,27.0909292932512
"syn_01055",10,1,300,4,0,29,10,8.31470201384011,20.6935074233529,29.008209437193
"syn_01056",50,1,300,4,0,30,10,8.31470201384011,18.9625692201732,27.2772712340133
"syn_01057",2,0.1,1500,4,0,31,10,0.831470201384011,51.0568072008881,51.8882774022721
"syn_01058",10,0.1,1500,4,0,32,10,0.831470201384011,120.498848252389,121.330318453773
"syn_01059",50,0.1,1500,4,0,33,10,0.831470201384011,71.9725246601901,72.8039948615741
"syn_01060",2,1,1500,4,0,34,10,8.31470201384011,115.303321530103,123.618023543943
"syn_01061",10,1,1500,4,0,35,10,8.31470201384011,116.353134770657,124.667836784497
"syn_01062",50,1,1500,4,0,36,10,8.31470201384011,83.7894859606025,92.1041879744426
"syn_01063",2,0.1,50,10,0,37,10,0.831470201384011,4.78358182697884,5.61505202836285
"syn_01064",10,0.1,50,10,0,38,10,0.831470201384011,6.36371268780541,7.19518288918942
"syn_01065",50,0.1,50,10,0,39,10,0.831470201384011,6.64167096874485,7.47314117012886
"syn_01066",2,1,50,10,0,40,10,8.31470201384011,6.13386822753413,14.4485702413742
"syn_01067",10,1,50,10,0,41,10,8.31470201384011,5.41051749021915,13.7252195040593
"syn_01068",50,1,50,10,0,42,10,8.31470201384011,6.41625673906093,14.730958752901
"syn_01069",2,0.1,300,10,0,43,10,0.831470201384011,41.6930237250712,42.5244939264552
"syn_01070",10,0.1,300,10,0,44,10,0.831470201384011,49.3225838274252,50.1540540288092
"syn_01071",50,0.1,300,10,0,45,10,0.831470201384011,36.2285483718863,37.0600185732703
"syn_01072",2,1,300,10,0,46,10,8.31470201384011,46.8647113067543,55.1794133205944
"syn_01073",10,1,300,10,0,47,10,8.31470201384011,48.3438461771482,56.6585481909883
"syn_01074",50,1,300,10,0,48,10,8.31470201384011,32.8037954939413,41.1184975077814
"syn_01075",2,0.1,1500,10,0,49,10,0.831470201384011,169.346540418081,170.178010619465
"syn_01076",10,0.1,1500,10,0,50,10,0.831470201384011,233.462780051746,234.29425025313
"syn_01077",50,0.1,1500,10,0,51,10,0.831470201384011,214.815350649001,215.646820850385
"syn_01078",2,1,1500,10,0,52,10,8.31470201384011,227.297375669207,235.612077683047
"syn_01079",10,1,1500,10,0,53,10,8.31470201384011,226.552809546477,234.867511560317
"syn_01080",50,1,1500,10,0,54,10,8.31470201384011,182.729272438393,191.043974452234
"syn_01081",2,0.1,50,1,1,55,10,0.831470201384011,0.625877124957724,1.45734732634173
"syn_01082",10,0.1,50,1,1,56,10,0.831470201384011,0.465081228010214,1.29655142939423
"syn_01083",50,0.1,50,1,1,57,10,0.831470201384011,0.375969251300666,1.20743945268468
"syn_01084",2,1,50,1,1,58,10,8.31470201384011,1.40480847019328,9.71951048403339
"syn_01085",10,1,50,1,1,59,10,8.31470201384011,0.416482822306926,8.73118483614704
"syn_01086",50,1,50,1,1,60,10,8.31470201384011,0.319033517528349,8.63373553136846
"syn_01087",2,0.1,300,1,1,61,10,0.831470201384011,6.53107430358862,7.36254450497263
"syn_01088",10,0.1,300,1,1,62,10,0.831470201384011,6.56153278380514,7.39300298518915
"syn_01089",50,0.1,300,1,1,63,10,0.831470201384011,12.0712550601735,12.9027252615575
"syn_01090",2,1,300,1,1,64,10,8.31470201384011,3.59683996313291,11.911541976973
"syn_01091",10,1,300,1,1,65,10,8.31470201384011,1.70292415976633,10.0176261736064
"syn_01092",50,1,300,1,1,66,10,8.31470201384011,3.44417639413861,11.7588784079787
"syn_01093",2,0.1,1500,1,1,67,10,0.831470201384011,26.2747903839486,27.1062605853326
"syn_01094",10,0.1,1500,1,1,68,10,0.831470201384011,18.0723745690582,18.9038447704422
"syn_01095",50,0.1,1500,1,1,69,10,0.831470201384011,9.48528078823134,10.3167509896154
"syn_01096",2,1,1500,1,1,70,10,8.31470201384011,25.7286356339581,34.0433376477982
"syn_01097",10,1,1500,1,1,71,10,8.31470201384011,25.1659161678381,33.4806181816782
"syn_01098",50,1,1500,1,1,72,10,8.31470201384011,26.7263190408023,35.0410210546424
"syn_01099",2,0.1,50,4,1,73,10,0.831470201384011,1.92028309107881,2.75175329246282
"syn_01100",10,0.1,50,4,1,74,10,0.831470201384011,4.47718211101056,5.30865231239457
"syn_01101",50,0.1,50,4,1,75,10,0.831470201384011,2.7199656631246,3.55143586450861
"syn_01102",2,1,50,4,1,76,10,8.31470201384011,2.53186275215019,10.8465647659903
"syn_01103",10,1,50,4,1,77,10,8.31470201384011,2.58605633486977,10.9007583487099
"syn_01104",50,1,50,4,1,78,10,8.31470201384011,4.41501596402863,12.7297179778687
"syn_01105",2,0.1,300,4,1,79,10,0.831470201384011,16.5660430027577,17.3975132041418
"syn_01106",10,0.1,300,4,1,80,10,0.831470201384011,20.0487584220367,20.8802286234207
"syn_01107",50,0.1,300,4,1,81,10,0.831470201384011,25.284541654642,26.116011856026
"syn_01108",2,1,300,4,1,82,10,8.31470201384011,17.4078843178489,25.722586331689
"syn_01109",10,1,300,4,1,83,10,8.31470201384011,15.1916088421997,23.5063108560398
"syn_01110",50,1,300,4,1,84,10,8.31470201384011,13.2190866002224,21.5337886140625
"syn_01111",2,0.1,1500,4,1,85,10,0.831470201384011,119.546820263877,120.378290465261
"syn_01112",10,0.1,1500,4,1,86,10,0.831470201384011,85.2179759695247,86.0494461709087
"syn_01113",50,0.1,1500,4,1,87,10,0.831470201384011,104.210900489286,105.04237069067
"syn_01114",2,1,1500,4,1,88,10,8.31470201384011,89.9960924790227,98.3107944928628
"syn_01115",10,1,1500,4,1,89,10,8.31470201384011,68.4736741627621,76.7883761766022
"syn_01116",50,1,1500,4,1,90,10,8.31470201384011,74.7524654229566,83.0671674367967
"syn_01117",2,0.1,50,10,1,91,10,0.831470201384011,6.80800176194433,7.63947196332834
"syn_01118",10,0.1,50,10,1,92,10,0.831470201384011,7.25837907842363,8.08984927980764
"syn_01119",50,0.1,50,10,1,93,10,0.831470201384011,6.66973262896152,7.50120283034553
"syn_01120",2,1,50,10,1,94,10,8.31470201384011,8.54724795711561,16.8619499709557
"syn_01121",10,1,50,10,1,95,10,8.31470201384011,6.02970650316235,14.3444085170025
"syn_01122",50,1,50,10,1,96,10,8.31470201384011,8.32757237652305,16.6422743903632
"syn_01123",2,0.1,300,10,1,97,10,0.831470201384011,41.7691752836177,42.6006454850017
"syn_01124",10,0.1,300,10,1,98,10,0.831470201384011,44.7221927021087,45.5536629034927
"syn_01125",50,0.1,300,10,1,99,10,0.831470201384011,39.210348265929,40.041818467313
"syn_01126",2,1,300,10,1,100,10,8.31470201384011,57.1203825465596,65.4350845603998
"syn_01127",10,1,300,10,1,101,10,8.31470201384011,52.9906881539247,61.3053901677648
"syn_01128",50,1,300,10,1,102,10,8.31470201384011,52.441284631565,60.7559866454052
"syn_01129",2,0.1,1500,10,1,103,10,0.831470201384011,211.581282884474,212.412753085858
"syn_01130",10,0.1,1500,10,1,104,10,0.831470201384011,213.198962496572,214.030432697956
"syn_01131",50,0.1,1500,10,1,105,10,0.831470201384011,254.650324967766,255.48179516915
"syn_01132",2,1,1500,10,1,106,10,8.31470201384011,241.100960551979,249.415662565819
"syn_01133",10,1,1500,10,1,107,10,8.31470201384011,162.232607940632,170.547309954472
"syn_01134",50,1,1500,10,1,108,10,8.31470201384011,196.924065880064,205.238767893905
"syn_01135",2,0.1,NA,0,NA,109,10,0.831470201384011,0,0.831470201384011
"syn_01136",10,0.1,NA,0,NA,110,10,0.831470201384011,0,0.831470201384011
"syn_01137",50,0.1,NA,0,NA,111,10,0.831470201384011,0,0.831470201384011
"syn_01138",2,1,NA,0,NA,112,10,8.31470201384011,0,8.31470201384011
"syn_01139",10,1,NA,0,NA,113,10,8.31470201384011,0,8.31470201384011
"syn_01140",50,1,NA,0,NA,114,10,8.31470201384011,0,8.31470201384011
"syn_01141",2,0.1,50,1,0,1,11,0.831470201384011,0.675777461611171,1.50724766299518
"syn_01142",10,0.1,50,1,0,2,11,0.831470201384011,0.967380146921773,1.79885034830578
"syn_01143",50,0.1,50,1,0,3,11,0.831470201384011,1.37462750195839,2.2060977033424
"syn_01144",2,1,50,1,0,4,11,8.31470201384011,0.41135298377958,8.72605499761969
"syn_01145",10,1,50,1,0,5,11,8.31470201384011,1.37467351631811,9.68937553015822
"syn_01146",50,1,50,1,0,6,11,8.31470201384011,0.643625356718431,8.95832737055854
"syn_01147",2,0.1,300,1,0,7,11,0.831470201384011,3.86883431999613,4.70030452138015
"syn_01148",10,0.1,300,1,0,8,11,0.831470201384011,2.27951648971545,3.11098669109946
"syn_01149",50,0.1,300,1,0,9,11,0.831470201384011,4.04723233731578,4.8787025386998
"syn_01150",2,1,300,1,0,10,11,8.31470201384011,4.75455071524604,13.0692527290862
"syn_01151",10,1,300,1,0,11,11,8.31470201384011,5.34940186419726,13.6641038780374
"syn_01152",50,1,300,1,0,12,11,8.31470201384011,4.93087058399884,13.2455725978389
"syn_01153",2,0.1,1500,1,0,13,11,0.831470201384011,45.3822195618824,46.2136897632664
"syn_01154",10,0.1,1500,1,0,14,11,0.831470201384011,14.7804089744645,15.6118791758485
"syn_01155",50,0.1,1500,1,0,15,11,0.831470201384011,20.8510422484044,21.6825124497884
"syn_01156",2,1,1500,1,0,16,11,8.31470201384011,40.0092552899978,48.3239573038379
"syn_01157",10,1,1500,1,0,17,11,8.31470201384011,23.5170810380184,31.8317830518586
"syn_01158",50,1,1500,1,0,18,11,8.31470201384011,14.9392764110881,23.2539784249282
"syn_01159",2,0.1,50,4,0,19,11,0.831470201384011,3.5359843219857,4.36745452336971
"syn_01160",10,0.1,50,4,0,20,11,0.831470201384011,2.35102193644595,3.18249213782996
"syn_01161",50,0.1,50,4,0,21,11,0.831470201384011,3.26603328996003,4.09750349134404
"syn_01162",2,1,50,4,0,22,11,8.31470201384011,2.97882278889502,11.2935248027351
"syn_01163",10,1,50,4,0,23,11,8.31470201384011,1.99599000908573,10.3106920229258
"syn_01164",50,1,50,4,0,24,11,8.31470201384011,2.45017502331403,10.7648770371541
"syn_01165",2,0.1,300,4,0,25,11,0.831470201384011,10.2637929131684,11.0952631145524
"syn_01166",10,0.1,300,4,0,26,11,0.831470201384011,10.4424205550741,11.2738907564582
"syn_01167",50,0.1,300,4,0,27,11,0.831470201384011,18.8378327030401,19.6693029044241
"syn_01168",2,1,300,4,0,28,11,8.31470201384011,14.7106646582581,23.0253666720982
"syn_01169",10,1,300,4,0,29,11,8.31470201384011,16.781791320758,25.0964933345981
"syn_01170",50,1,300,4,0,30,11,8.31470201384011,19.2713644365862,27.5860664504263
"syn_01171",2,0.1,1500,4,0,31,11,0.831470201384011,95.2170929073022,96.0485631086862
"syn_01172",10,0.1,1500,4,0,32,11,0.831470201384011,81.6525368317417,82.4840070331257
"syn_01173",50,0.1,1500,4,0,33,11,0.831470201384011,40.227740201358,41.059210402742
"syn_01174",2,1,1500,4,0,34,11,8.31470201384011,61.9677180131756,70.2824200270157
"syn_01175",10,1,1500,4,0,35,11,8.31470201384011,94.5271127459977,102.841814759838
"syn_01176",50,1,1500,4,0,36,11,8.31470201384011,66.8669603131508,75.181662326991
"syn_01177",2,0.1,50,10,0,37,11,0.831470201384011,6.90893173620931,7.74040193759332
"syn_01178",10,0.1,50,10,0,38,11,0.831470201384011,8.82596493039136,9.65743513177537
"syn_01179",50,0.1,50,10,0,39,11,0.831470201384011,5.73143752220618,6.56290772359019
"syn_01180",2,1,50,10,0,40,11,8.31470201384011,7.24962310203797,15.5643251158781
"syn_01181",10,1,50,10,0,41,11,8.31470201384011,6.66018283875329,14.9748848525934
"syn_01182",50,1,50,10,0,42,11,8.31470201384011,5.31628928992005,13.6309913037602
"syn_01183",2,0.1,300,10,0,43,11,0.831470201384011,43.6263937100011,44.4578639113851
"syn_01184",10,0.1,300,10,0,44,11,0.831470201384011,48.6810849974334,49.5125551988175
"syn_01185",50,0.1,300,10,0,45,11,0.831470201384011,33.9469307397041,34.7784009410882
"syn_01186",2,1,300,10,0,46,11,8.31470201384011,38.6471676012372,46.9618696150774
"syn_01187",10,1,300,10,0,47,11,8.31470201384011,42.3450964790873,50.6597984929274
"syn_01188",50,1,300,10,0,48,11,8.31470201384011,43.291028807234,51.6057308210741
"syn_01189",2,0.1,1500,10,0,49,11,0.831470201384011,247.089871135117,247.921341336501
"syn_01190",10,0.1,1500,10,0,50,11,0.831470201384011,256.739471581258,257.570941782642
"syn_01191",50,0.1,1500,10,0,51,11,0.831470201384011,217.671163226844,218.502633428228
"syn_01192",2,1,1500,10,0,52,11,8.31470201384011,161.806032213119,170.120734226959
"syn_01193",10,1,1500,10,0,53,11,8.31470201384011,207.540766029318,215.855468043158
"syn_01194",50,1,1500,10,0,54,11,8.31470201384011,204.808049083505,213.122751097346
"syn_01195",2,0.1,50,1,1,55,11,0.831470201384011,0.389661329069075,1.22113153045309
"syn_01196",10,0.1,50,1,1,56,11,0.831470201384011,0.408293009551322,1.23976321093533
"syn_01197",50,0.1,50,1,1,57,11,0.831470201384011,1.03825968378316,1.86972988516717
"syn_01198",2,1,50,1,1,58,11,8.31470201384011,0.738223085780329,9.05292509962044
"syn_01199",10,1,50,1,1,59,11,8.31470201384011,0.400259700260644,8.71496171410076
"syn_01200",50,1,50,1,1,60,11,8.31470201384011,0.477258735325838,8.79196074916595
"syn_01201",2,0.1,300,1,1,61,11,0.831470201384011,5.16419700623679,5.9956672076208
"syn_01202",10,0.1,300,1,1,62,11,0.831470201384011,6.92316934524535,7.75463954662936
"syn_01203",50,0.1,300,1,1,63,11,0.831470201384011,4.71232979178334,5.54379999316736
"syn_01204",2,1,300,1,1,64,11,8.31470201384011,10.6282907282892,18.9429927421293
"syn_01205",10,1,300,1,1,65,11,8.31470201384011,4.97335171636981,13.2880537302099
"syn_01206",50,1,300,1,1,66,11,8.31470201384011,6.22370374644924,14.5384057602893
"syn_01207",2,0.1,1500,1,1,67,11,0.831470201384011,17.7199687513806,18.5514389527646
"syn_01208",10,0.1,1500,1,1,68,11,0.831470201384011,10.5379034168726,11.3693736182566
"syn_01209",50,0.1,1500,1,1,69,11,0.831470201384011,23.6371952112009,24.4686654125849
"syn_01210",2,1,1500,1,1,70,11,8.31470201384011,17.7822708404046,26.0969728542447
"syn_01211",10,1,1500,1,1,71,11,8.31470201384011,19.349429317403,27.6641313312431
"syn_01212",50,1,1500,1,1,72,11,8.31470201384011,9.93227492158776,18.2469769354279
"syn_01213",2,0.1,50,4,1,73,11,0.831470201384011,3.93952926775445,4.77099946913846
"syn_01214",10,0.1,50,4,1,74,11,0.831470201384011,2.52498366160394,3.35645386298795
"syn_01215",50,0.1,50,4,1,75,11,0.831470201384011,3.65392324875144,4.48539345013545
"syn_01216",2,1,50,4,1,76,11,8.31470201384011,2.37258907573529,10.6872910895754
"syn_01217",10,1,50,4,1,77,11,8.31470201384011,4.87879235573483,13.1934943695749
"syn_01218",50,1,50,4,1,78,11,8.31470201384011,2.18909127966722,10.5037932935073
"syn_01219",2,0.1,300,4,1,79,11,0.831470201384011,21.0965194112881,21.9279896126721
"syn_01220",10,0.1,300,4,1,80,11,0.831470201384011,13.8579116154459,14.6893818168299
"syn_01221",50,0.1,300,4,1,81,11,0.831470201384011,15.0288858752796,15.8603560766636
"syn_01222",2,1,300,4,1,82,11,8.31470201384011,11.4676123882238,19.7823144020639
"syn_01223",10,1,300,4,1,83,11,8.31470201384011,12.1200988759063,20.4348008897464
"syn_01224",50,1,300,4,1,84,11,8.31470201384011,19.2541043560573,27.5688063698974
"syn_01225",2,0.1,1500,4,1,85,11,0.831470201384011,87.471724297525,88.3031944989091
"syn_01226",10,0.1,1500,4,1,86,11,0.831470201384011,75.0136573354516,75.8451275368356
"syn_01227",50,0.1,1500,4,1,87,11,0.831470201384011,75.8460867122648,76.6775569136489
"syn_01228",2,1,1500,4,1,88,11,8.31470201384011,111.236127609875,119.550829623715
"syn_01229",10,1,1500,4,1,89,11,8.31470201384011,55.9174577826991,64.2321597965392
"syn_01230",50,1,1500,4,1,90,11,8.31470201384011,46.8834895131742,55.1981915270143
"syn_01231",2,0.1,50,10,1,91,11,0.831470201384011,7.05118586709251,7.88265606847652
"syn_01232",10,0.1,50,10,1,92,11,0.831470201384011,7.38965618862976,8.22112639001378
"syn_01233",50,0.1,50,10,1,93,11,0.831470201384011,5.32885850543537,6.16032870681938
"syn_01234",2,1,50,10,1,94,11,8.31470201384011,8.08012111190221,16.3948231257423
"syn_01235",10,1,50,10,1,95,11,8.31470201384011,7.17209430672798,15.4867963205681
"syn_01236",50,1,50,10,1,96,11,8.31470201384011,9.38961358143067,17.7043155952708
"syn_01237",2,0.1,300,10,1,97,11,0.831470201384011,49.3540933395684,50.1855635409524
"syn_01238",10,0.1,300,10,1,98,11,0.831470201384011,50.224996589173,51.056466790557
"syn_01239",50,0.1,300,10,1,99,11,0.831470201384011,45.5529866956214,46.3844568970054
"syn_01240",2,1,300,10,1,100,11,8.31470201384011,35.3175576440146,43.6322596578547
"syn_01241",10,1,300,10,1,101,11,8.31470201384011,44.4312587532112,52.7459607670513
"syn_01242",50,1,300,10,1,102,11,8.31470201384011,38.1583224819949,46.473024495835
"syn_01243",2,0.1,1500,10,1,103,11,0.831470201384011,148.477976968764,149.309447170148
"syn_01244",10,0.1,1500,10,1,104,11,0.831470201384011,249.338084148347,250.169554349731
"syn_01245",50,0.1,1500,10,1,105,11,0.831470201384011,198.464994695604,199.296464896988
"syn_01246",2,1,1500,10,1,106,11,8.31470201384011,237.883639982104,246.198341995945
"syn_01247",10,1,1500,10,1,107,11,8.31470201384011,189.436526288971,197.751228302811
"syn_01248",50,1,1500,10,1,108,11,8.31470201384011,165.284160528771,173.598862542611
"syn_01249",2,0.1,NA,0,NA,109,11,0.831470201384011,0,0.831470201384011
"syn_01250",10,0.1,NA,0,NA,110,11,0.831470201384011,0,0.831470201384011
"syn_01251",50,0.1,NA,0,NA,111,11,0.831470201384011,0,0.831470201384011
"syn_01252",2,1,NA,0,NA,112,11,8.31470201384011,0,8.31470201384011
"syn_01253",10,1,NA,0,NA,113,11,8.31470201384011,0,8.31470201384011
"syn_01254",50,1,NA,0,NA,114,11,8.31470201384011,0,8.31470201384011
"syn_01255",2,0.1,50,1,0,1,12,0.831470201384011,0.684503584590748,1.51597378597476
"syn_01256",10,0.1,50,1,0,2,12,0.831470201384011,0.630700260508966,1.46217046189298
"syn_01257",50,0.1,50,1,0,3,12,0.831470201384011,0.289553427426666,1.12102362881068
"syn_01258",2,1,50,1,0,4,12,8.31470201384011,0.542002864319318,8.85670487815943
"syn_01259",10,1,50,1,0,5,12,8.31470201384011,0.534737836529464,8.84943985036958
"syn_01260",50,1,50,1,0,6,12,8.31470201384011,0.30122078881495,8.61592280265506
"syn_01261",2,0.1,300,1,0,7,12,0.831470201384011,1.4639904355917,2.29546063697571
"syn_01262",10,0.1,300,1,0,8,12,0.831470201384011,2.18680964091754,3.01827984230156
"syn_01263",50,0.1,300,1,0,9,12,0.831470201384011,1.96844136819596,2.79991156957997
"syn_01264",2,1,300,1,0,10,12,8.31470201384011,5.1010856838153,13.4157876976554
"syn_01265",10,1,300,1,0,11,12,8.31470201384011,4.80754048622668,13.1222425000668
"syn_01266",50,1,300,1,0,12,12,8.31470201384011,6.53631523590815,14.8510172497483
"syn_01267",2,0.1,1500,1,0,13,12,0.831470201384011,19.9153826580272,20.7468528594112
"syn_01268",10,0.1,1500,1,0,14,12,0.831470201384011,28.0517629455357,28.8832331469197
"syn_01269",50,0.1,1500,1,0,15,12,0.831470201384011,14.9314636293207,15.7629338307047
"syn_01270",2,1,1500,1,0,16,12,8.31470201384011,18.4617180964726,26.7764201103127
"syn_01271",10,1,1500,1,0,17,12,8.31470201384011,24.3326263773571,32.6473283911972
"syn_01272",50,1,1500,1,0,18,12,8.31470201384011,19.0210800863975,27.3357821002377
"syn_01273",2,0.1,50,4,0,19,12,0.831470201384011,2.40396194168052,3.23543214306453
"syn_01274",10,0.1,50,4,0,20,12,0.831470201384011,2.13969916789277,2.97116936927678
"syn_01275",50,0.1,50,4,0,21,12,0.831470201384011,3.20456475438918,4.03603495577319
"syn_01276",2,1,50,4,0,22,12,8.31470201384011,3.7158774749873,12.0305794888274
"syn_01277",10,1,50,4,0,23,12,8.31470201384011,3.63714470586196,11.9518467197021
"syn_01278",50,1,50,4,0,24,12,8.31470201384011,2.87539243866622,11.1900944525063
"syn_01279",2,0.1,300,4,0,25,12,0.831470201384011,16.4806461030253,17.3121163044093
"syn_01280",10,0.1,300,4,0,26,12,0.831470201384011,17.8203521335035,18.6518223348875
"syn_01281",50,0.1,300,4,0,27,12,0.831470201384011,12.2370071803772,13.0684773817612
"syn_01282",2,1,300,4,0,28,12,8.31470201384011,15.6100376445121,23.9247396583522
"syn_01283",10,1,300,4,0,29,12,8.31470201384011,18.9213062981941,27.2360083120342
"syn_01284",50,1,300,4,0,30,12,8.31470201384011,13.2700601210837,21.5847621349238
"syn_01285",2,0.1,1500,4,0,31,12,0.831470201384011,87.794948730558,88.626418931942
"syn_01286",10,0.1,1500,4,0,32,12,0.831470201384011,75.042156191924,75.873626393308
"syn_01287",50,0.1,1500,4,0,33,12,0.831470201384011,79.9319280807378,80.7633982821218
"syn_01288",2,1,1500,4,0,34,12,8.31470201384011,90.8424455219773,99.1571475358174
"syn_01289",10,1,1500,4,0,35,12,8.31470201384011,50.1478272089209,58.4625292227611
"syn_01290",50,1,1500,4,0,36,12,8.31470201384011,80.8797208913587,89.1944229051988
"syn_01291",2,0.1,50,10,0,37,12,0.831470201384011,7.52609375168319,8.3575639530672
"syn_01292",10,0.1,50,10,0,38,12,0.831470201384011,6.99729719174499,7.828767393129
"syn_01293",50,0.1,50,10,0,39,12,0.831470201384011,7.92115461753982,8.75262481892383
"syn_01294",2,1,50,10,0,40,12,8.31470201384011,7.77961603032462,16.0943180441647
"syn_01295",10,1,50,10,0,41,12,8.31470201384011,5.84729121184827,14.1619932256884
"syn_01296",50,1,50,10,0,42,12,8.31470201384011,5.5929892464967,13.9076912603368
"syn_01297",2,0.1,300,10,0,43,12,0.831470201384011,52.1811903671116,53.0126605684956
"syn_01298",10,0.1,300,10,0,44,12,0.831470201384011,32.676031009959,33.507501211343
"syn_01299",50,0.1,300,10,0,45,12,0.831470201384011,38.7976407311409,39.6291109325249
"syn_01300",2,1,300,10,0,46,12,8.31470201384011,41.9066355336636,50.2213375475037
"syn_01301",10,1,300,10,0,47,12,8.31470201384011,37.7683002162906,46.0830022301307
"syn_01302",50,1,300,10,0,48,12,8.31470201384011,36.2744949166039,44.589196930444
"syn_01303",2,0.1,1500,10,0,49,12,0.831470201384011,252.29412546618,253.125595667564
"syn_01304",10,0.1,1500,10,0,50,12,0.831470201384011,289.200280187688,290.031750389072
"syn_01305",50,0.1,1500,10,0,51,12,0.831470201384011,210.306742204241,211.138212405625
"syn_01306",2,1,1500,10,0,52,12,8.31470201384011,212.08294737333,220.39764938717
"syn_01307",10,1,1500,10,0,53,12,8.31470201384011,154.390731961761,162.705433975601
"syn_01308",50,1,1500,10,0,54,12,8.31470201384011,247.076769347146,255.391471360986
"syn_01309",2,0.1,50,1,1,55,12,0.831470201384011,0.408517766102447,1.23998796748646
"syn_01310",10,0.1,50,1,1,56,12,0.831470201384011,0.421456043595483,1.25292624497949
"syn_01311",50,0.1,50,1,1,57,12,0.831470201384011,0.185638102174828,1.01710830355884
"syn_01312",2,1,50,1,1,58,12,8.31470201384011,0.519119029152371,8.83382104299248
"syn_01313",10,1,50,1,1,59,12,8.31470201384011,0.353656883251843,8.66835889709195
"syn_01314",50,1,50,1,1,60,12,8.31470201384011,1.11377919518626,9.42848120902638
"syn_01315",2,0.1,300,1,1,61,12,0.831470201384011,2.73280017058155,3.56427037196557
"syn_01316",10,0.1,300,1,1,62,12,0.831470201384011,4.68723860899354,5.51870881037755
"syn_01317",50,0.1,300,1,1,63,12,0.831470201384011,2.97625959142891,3.80772979281292
"syn_01318",2,1,300,1,1,64,12,8.31470201384011,5.44699889777662,13.7617009116167
"syn_01319",10,1,300,1,1,65,12,8.31470201384011,9.92443104552629,18.2391330593664
"syn_01320",50,1,300,1,1,66,12,8.31470201384011,3.17285213501716,11.4875541488573
"syn_01321",2,0.1,1500,1,1,67,12,0.831470201384011,16.6505838324314,17.4820540338154
"syn_01322",10,0.1,1500,1,1,68,12,0.831470201384011,18.6317927505216,19.4632629519056
"syn_01323",50,0.1,1500,1,1,69,12,0.831470201384011,20.6736099272709,21.5050801286549
"syn_01324",2,1,1500,1,1,70,12,8.31470201384011,24.1221284214637,32.4368304353038
"syn_01325",10,1,1500,1,1,71,12,8.31470201384011,20.7093674824059,29.024069496246
"syn_01326",50,1,1500,1,1,72,12,8.31470201384011,22.5831320216145,30.8978340354546
"syn_01327",2,0.1,50,4,1,73,12,0.831470201384011,3.25819003120737,4.08966023259138
"syn_01328",10,0.1,50,4,1,74,12,0.831470201384011,1.86871809297739,2.70018829436141
"syn_01329",50,0.1,50,4,1,75,12,0.831470201384011,2.19346515663495,3.02493535801896
"syn_01330",2,1,50,4,1,76,12,8.31470201384011,2.90380051193763,11.2185025257777
"syn_01331",10,1,50,4,1,77,12,8.31470201384011,2.38192710571653,10.6966291195566
"syn_01332",50,1,50,4,1,78,12,8.31470201384011,2.80290821925996,11.1176102331001
"syn_01333",2,0.1,300,4,1,79,12,0.831470201384011,19.9693866422478,20.8008568436318
"syn_01334",10,0.1,300,4,1,80,12,0.831470201384011,17.4574259680433,18.2888961694273
"syn_01335",50,0.1,300,4,1,81,12,0.831470201384011,17.8949805864362,18.7264507878203
"syn_01336",2,1,300,4,1,82,12,8.31470201384011,17.5702655298123,25.8849675436524
"syn_01337",10,1,300,4,1,83,12,8.31470201384011,16.5255771786514,24.8402791924915
"syn_01338",50,1,300,4,1,84,12,8.31470201384011,20.8625313708313,29.1772333846714
"syn_01339",2,0.1,1500,4,1,85,12,0.831470201384011,147.618124938028,148.449595139412
"syn_01340",10,0.1,1500,4,1,86,12,0.831470201384011,85.2305626846611,86.0620328860451
"syn_01341",50,0.1,1500,4,1,87,12,0.831470201384011,103.105775519353,103.937245720737
"syn_01342",2,1,1500,4,1,88,12,8.31470201384011,76.6268072448437,84.9415092586839
"syn_01343",10,1,1500,4,1,89,12,8.31470201384011,82.5024918287916,90.8171938426317
"syn_01344",50,1,1500,4,1,90,12,8.31470201384011,141.92345746389,150.23815947773
"syn_01345",2,0.1,50,10,1,91,12,0.831470201384011,7.38213697625472,8.21360717763873
"syn_01346",10,0.1,50,10,1,92,12,0.831470201384011,6.85546638800156,7.68693658938557
"syn_01347",50,0.1,50,10,1,93,12,0.831470201384011,6.3467569153892,7.17822711677322
"syn_01348",2,1,50,10,1,94,12,8.31470201384011,5.87696745414649,14.1916694679866
"syn_01349",10,1,50,10,1,95,12,8.31470201384011,5.34598692427977,13.6606889381199
"syn_01350",50,1,50,10,1,96,12,8.31470201384011,5.88025751136155,14.1949595252017
"syn_01351",2,0.1,300,10,1,97,12,0.831470201384011,49.6422484959985,50.4737186973825
"syn_01352",10,0.1,300,10,1,98,12,0.831470201384011,33.0759406047225,33.9074108061065
"syn_01353",50,0.1,300,10,1,99,12,0.831470201384011,36.6249230006025,37.4563932019865
"syn_01354",2,1,300,10,1,100,12,8.31470201384011,43.5501857666661,51.8648877805062
"syn_01355",10,1,300,10,1,101,12,8.31470201384011,46.8798408673769,55.194542881217
"syn_01356",50,1,300,10,1,102,12,8.31470201384011,37.6464896930552,45.9611917068953
"syn_01357",2,0.1,1500,10,1,103,12,0.831470201384011,221.390099105059,222.221569306443
"syn_01358",10,0.1,1500,10,1,104,12,0.831470201384011,257.190356115447,258.021826316831
"syn_01359",50,0.1,1500,10,1,105,12,0.831470201384011,188.137845210368,188.969315411752
"syn_01360",2,1,1500,10,1,106,12,8.31470201384011,210.665067246762,218.979769260602
"syn_01361",10,1,1500,10,1,107,12,8.31470201384011,198.190289115817,206.504991129657
"syn_01362",50,1,1500,10,1,108,12,8.31470201384011,233.270100693668,241.584802707508
"syn_01363",2,0.1,NA,0,NA,109,12,0.831470201384011,0,0.831470201384011
"syn_01364",10,0.1,NA,0,NA,110,12,0.831470201384011,0,0.831470201384011
"syn_01365",50,0.1,NA,0,NA,111,12,0.831470201384011,0,0.831470201384011
"syn_01366",2,1,NA,0,NA,112,12,8.31470201384011,0,8.31470201384011
"syn_01367",10,1,NA,0,NA,113,12,8.31470201384011,0,8.31470201384011
"syn_01368",50,1,NA,0,NA,114,12,8.31470201384011,0,8.31470201384011
"syn_01369",2,0.1,50,1,0,1,13,0.831470201384011,0.3572626176194,1.18873281900341
"syn_01370",10,0.1,50,1,0,2,13,0.831470201384011,0.574437081145284,1.40590728252929
"syn_01371",50,0.1,50,1,0,3,13,0.831470201384011,0.761430392773826,1.59290059415784
"syn_01372",2,1,50,1,0,4,13,8.31470201384011,0.4656383234294,8.78034033726951
"syn_01373",10,1,50,1,0,5,13,8.31470201384011,0.40493523038591,8.71963724422602
"syn_01374",50,1,50,1,0,6,13,8.31470201384011,1.21647377836114,9.53117579220125
"syn_01375",2,0.1,300,1,0,7,13,0.831470201384011,5.21252257908067,6.04399278046468
"syn_01376",10,0.1,300,1,0,8,13,0.831470201384011,8.40952117277167,9.24099137415568
"syn_01377",50,0.1,300,1,0,9,13,0.831470201384011,6.12047772205995,6.95194792344396
"syn_01378",2,1,300,1,0,10,13,8.31470201384011,5.27904317779899,13.5937451916391
"syn_01379",10,1,300,1,0,11,13,8.31470201384011,4.56387112779369,12.8785731416338
"syn_01380",50,1,300,1,0,12,13,8.31470201384011,3.81779159056879,12.1324936044089
"syn_01381",2,0.1,1500,1,0,13,13,0.831470201384011,16.9283868436184,17.7598570450024
"syn_01382",10,0.1,1500,1,0,14,13,0.831470201384011,22.9802084387653,23.8116786401493
"syn_01383",50,0.1,1500,1,0,15,13,0.831470201384011,6.14122661980725,6.97269682119126
"syn_01384",2,1,1500,1,0,16,13,8.31470201384011,10.3694848797928,18.684186893633
"syn_01385",10,1,1500,1,0,17,13,8.31470201384011,16.1425206780919,24.457222691932
"syn_01386",50,1,1500,1,0,18,13,8.31470201384011,19.4124258167524,27.7271278305925
"syn_01387",2,0.1,50,4,0,19,13,0.831470201384011,3.36946114075153,4.20093134213554
"syn_01388",10,0.1,50,4,0,20,13,0.831470201384011,2.20941656315033,3.04088676453434
"syn_01389",50,0.1,50,4,0,21,13,0.831470201384011,4.14099024610611,4.97246044749012
"syn_01390",2,1,50,4,0,22,13,8.31470201384011,3.96639580376365,12.2810978176038
"syn_01391",10,1,50,4,0,23,13,8.31470201384011,3.47669341871732,11.7913954325574
"syn_01392",50,1,50,4,0,24,13,8.31470201384011,2.84318327916445,11.1578852930046
"syn_01393",2,0.1,300,4,0,25,13,0.831470201384011,16.1436132495404,16.9750834509244
"syn_01394",10,0.1,300,4,0,26,13,0.831470201384011,14.3880235407613,15.2194937421453
"syn_01395",50,0.1,300,4,0,27,13,0.831470201384011,37.4877927514709,38.3192629528549
"syn_01396",2,1,300,4,0,28,13,8.31470201384011,18.8376722561558,27.1523742699959
"syn_01397",10,1,300,4,0,29,13,8.31470201384011,17.4409971219924,25.7556991358325
"syn_01398",50,1,300,4,0,30,13,8.31470201384011,21.9132839965611,30.2279860104012
"syn_01399",2,0.1,1500,4,0,31,13,0.831470201384011,122.776574328156,123.60804452954
"syn_01400",10,0.1,1500,4,0,32,13,0.831470201384011,79.7560839865027,80.5875541878868
"syn_01401",50,0.1,1500,4,0,33,13,0.831470201384011,54.8977085069341,55.7291787083181
"syn_01402",2,1,1500,4,0,34,13,8.31470201384011,72.1355822945591,80.4502843083992
"syn_01403",10,1,1500,4,0,35,13,8.31470201384011,61.5925669270826,69.9072689409227
"syn_01404",50,1,1500,4,0,36,13,8.31470201384011,97.8621229562152,106.176824970055
"syn_01405",2,0.1,50,10,0,37,13,0.831470201384011,8.59938110408042,9.43085130546443
"syn_01406",10,0.1,50,10,0,38,13,0.831470201384011,7.37867208425901,8.21014228564303
"syn_01407",50,0.1,50,10,0,39,13,0.831470201384011,7.44698066406342,8.27845086544744
"syn_01408",2,1,50,10,0,40,13,8.31470201384011,5.51180898058901,13.8265109944291
"syn_01409",10,1,50,10,0,41,13,8.31470201384011,5.76757112416837,14.0822731380085
"syn_01410",50,1,50,10,0,42,13,8.31470201384011,7.22952595504717,15.5442279688873
"syn_01411",2,0.1,300,10,0,43,13,0.831470201384011,38.4998144266253,39.3312846280093
"syn_01412",10,0.1,300,10,0,44,13,0.831470201384011,26.6655457012438,27.4970159026278
"syn_01413",50,0.1,300,10,0,45,13,0.831470201384011,46.7253257333753,47.5567959347594
"syn_01414",2,1,300,10,0,46,13,8.31470201384011,36.1135994082877,44.4283014221278
"syn_01415",10,1,300,10,0,47,13,8.31470201384011,45.4160034422715,53.7307054561116
"syn_01416",50,1,300,10,0,48,13,8.31470201384011,41.3637596217794,49.6784616356195
"syn_01417",2,0.1,1500,10,0,49,13,0.831470201384011,224.339902472216,225.1713726736
"syn_01418",10,0.1,1500,10,0,50,13,0.831470201384011,187.092492040984,187.923962242368
"syn_01419",50,0.1,1500,10,0,51,13,0.831470201384011,205.95983664677,206.791306848154
"syn_01420",2,1,1500,10,0,52,13,8.31470201384011,172.636637957023,180.951339970863
"syn_01421",10,1,1500,10,0,53,13,8.31470201384011,174.499231965391,182.813933979231
"syn_01422",50,1,1500,10,0,54,13,8.31470201384011,220.694763688209,229.009465702049
"syn_01423",2,0.1,50,1,1,55,13,0.831470201384011,0.649817001315934,1.48128720269994
"syn_01424",10,0.1,50,1,1,56,13,0.831470201384011,0.536892052777304,1.36836225416131
"syn_01425",50,0.1,50,1,1,57,13,0.831470201384011,0.390224705429431,1.22169490681344
"syn_01426",2,1,50,1,1,58,13,8.31470201384011,0.76013235698929,9.0748343708294
"syn_01427",10,1,50,1,1,59,13,8.31470201384011,0.603459119450352,8.91816113329046
"syn_01428",50,1,50,1,1,60,13,8.31470201384011,0.2716043689819,8.58630638282201
"syn_01429",2,0.1,300,1,1,61,13,0.831470201384011,7.14743574909822,7.97890595048223
"syn_01430",10,0.1,300,1,1,62,13,0.831470201384011,4.72462084653962,5.55609104792363
"syn_01431",50,0.1,300,1,1,63,13,0.831470201384011,3.77023458721022,4.60170478859423
"syn_01432",2,1,300,1,1,64,13,8.31470201384011,2.58621486159819,10.9009168754383
"syn_01433",10,1,300,1,1,65,13,8.31470201384011,4.58998459989584,12.904686613736
"syn_01434",50,1,300,1,1,66,13,8.31470201384011,2.31302582605183,10.6277278398919
"syn_01435",2,0.1,1500,1,1,67,13,0.831470201384011,38.1478611496541,38.9793313510381
"syn_01436",10,0.1,1500,1,1,68,13,0.831470201384011,19.909806510993,20.741276712377
"syn_01437",50,0.1,1500,1,1,69,13,0.831470201384011,36.5880186757332,37.4194888771172
"syn_01438",2,1,1500,1,1,70,13,8.31470201384011,24.1070041355688,32.4217061494089
"syn_01439",10,1,1500,1,1,71,13,8.31470201384011,15.8973145740072,24.2120165878473
"syn_01440",50,1,1500,1,1,72,13,8.31470201384011,18.4288088906008,26.7435109044409
"syn_01441",2,0.1,50,4,1,73,13,0.831470201384011,2.42409653690311,3.25556673828712
"syn_01442",10,0.1,50,4,1,74,13,0.831470201384011,3.33375600104304,4.16522620242705
"syn_01443",50,0.1,50,4,1,75,13,0.831470201384011,4.29723225589377,5.12870245727778
"syn_01444",2,1,50,4,1,76,13,8.31470201384011,3.01834749196599,11.3330495058061
"syn_01445",10,1,50,4,1,77,13,8.31470201384011,2.7076234753577,11.0223254891978
"syn_01446",50,1,50,4,1,78,13,8.31470201384011,1.98677767594263,10.3014796897827
"syn_01447",2,0.1,300,4,1,79,13,0.831470201384011,23.269883724828,24.101353926212
"syn_01448",10,0.1,300,4,1,80,13,0.831470201384011,18.0055320268506,18.8370022282346
"syn_01449",50,0.1,300,4,1,81,13,0.831470201384011,18.1470389775893,18.9785091789733
"syn_01450",2,1,300,4,1,82,13,8.31470201384011,22.4206066223994,30.7353086362395
"syn_01451",10,1,300,4,1,83,13,8.31470201384011,12.4058150911003,20.7205171049404
"syn_01452",50,1,300,4,1,84,13,8.31470201384011,18.8180179950446,27.1327200088847
"syn_01453",2,0.1,1500,4,1,85,13,0.831470201384011,58.9737534472222,59.8052236486062
"syn_01454",10,0.1,1500,4,1,86,13,0.831470201384011,84.4735364762424,85.3050066776264
"syn_01455",50,0.1,1500,4,1,87,13,0.831470201384011,82.4821213753087,83.3135915766927
"syn_01456",2,1,1500,4,1,88,13,8.31470201384011,79.932743123845,88.2474451376851
"syn_01457",10,1,1500,4,1,89,13,8.31470201384011,84.4633161179944,92.7780181318345
"syn_01458",50,1,1500,4,1,90,13,8.31470201384011,100.552305767995,108.867007781836
"syn_01459",2,0.1,50,10,1,91,13,0.831470201384011,7.01978756140295,7.85125776278696
"syn_01460",10,0.1,50,10,1,92,13,0.831470201384011,9.41602514168477,10.2474953430688
"syn_01461",50,0.1,50,10,1,93,13,0.831470201384011,7.94795363497034,8.77942383635436
"syn_01462",2,1,50,10,1,94,13,8.31470201384011,6.56245187729923,14.8771538911393
"syn_01463",10,1,50,10,1,95,13,8.31470201384011,8.39648663832581,16.7111886521659
"syn_01464",50,1,50,10,1,96,13,8.31470201384011,6.80283870516629,15.1175407190064
"syn_01465",2,0.1,300,10,1,97,13,0.831470201384011,51.193035273682,52.024505475066
"syn_01466",10,0.1,300,10,1,98,13,0.831470201384011,47.0208497391902,47.8523199405743
"syn_01467",50,0.1,300,10,1,99,13,0.831470201384011,40.1602061408237,40.9916763422077
"syn_01468",2,1,300,10,1,100,13,8.31470201384011,48.3598247300779,56.674526743918
"syn_01469",10,1,300,10,1,101,13,8.31470201384011,43.2672700634166,51.5819720772567
"syn_01470",50,1,300,10,1,102,13,8.31470201384011,45.1901960205875,53.5048980344276
"syn_01471",2,0.1,1500,10,1,103,13,0.831470201384011,162.778297237243,163.609767438627
"syn_01472",10,0.1,1500,10,1,104,13,0.831470201384011,163.122803076104,163.954273277488
"syn_01473",50,0.1,1500,10,1,105,13,0.831470201384011,226.779128695495,227.610598896879
"syn_01474",2,1,1500,10,1,106,13,8.31470201384011,181.326989360326,189.641691374166
"syn_01475",10,1,1500,10,1,107,13,8.31470201384011,213.281001474367,221.595703488207
"syn_01476",50,1,1500,10,1,108,13,8.31470201384011,193.075667777964,201.390369791804
"syn_01477",2,0.1,NA,0,NA,109,13,0.831470201384011,0,0.831470201384011
"syn_01478",10,0.1,NA,0,NA,110,13,0.831470201384011,0,0.831470201384011
"syn_01479",50,0.1,NA,0,NA,111,13,0.831470201384011,0,0.831470201384011
"syn_01480",2,1,NA,0,NA,112,13,8.31470201384011,0,8.31470201384011
"syn_01481",10,1,NA,0,NA,113,13,8.31470201384011,0,8.31470201384011
"syn_01482",50,1,NA,0,NA,114,13,8.31470201384011,0,8.31470201384011
"syn_01483",2,0.1,50,1,0,1,14,0.831470201384011,1.12307092894007,1.95454113032408
"syn_01484",10,0.1,50,1,0,2,14,0.831470201384011,0.778014909032646,1.60948511041666
"syn_01485",50,0.1,50,1,0,3,14,0.831470201384011,0.648893800650749,1.48036400203476
"syn_01486",2,1,50,1,0,4,14,8.31470201384011,0.403196294246399,8.71789830808651
"syn_01487",10,1,50,1,0,5,14,8.31470201384011,0.593741964180949,8.90844397802106
"syn_01488",50,1,50,1,0,6,14,8.31470201384011,0.735915959487859,9.05061797332797
"syn_01489",2,0.1,300,1,0,7,14,0.831470201384011,3.92330268334382,4.75477288472784
"syn_01490",10,0.1,300,1,0,8,14,0.831470201384011,4.15061895290788,4.98208915429189
"syn_01491",50,0.1,300,1,0,9,14,0.831470201384011,2.72676499658217,3.55823519796618
"syn_01492",2,1,300,1,0,10,14,8.31470201384011,2.70301103388596,11.0177130477261
"syn_01493",10,1,300,1,0,11,14,8.31470201384011,3.23668734673937,11.5513893605795
"syn_01494",50,1,300,1,0,12,14,8.31470201384011,1.56039774539831,9.87509975923842
"syn_01495",2,0.1,1500,1,0,13,14,0.831470201384011,10.8721470382587,11.7036172396427
"syn_01496",10,0.1,1500,1,0,14,14,0.831470201384011,16.6979043896634,17.5293745910474
"syn_01497",50,0.1,1500,1,0,15,14,0.831470201384011,13.4052903048179,14.2367605062019
"syn_01498",2,1,1500,1,0,16,14,8.31470201384011,33.1640863914043,41.4787884052444
"syn_01499",10,1,1500,1,0,17,14,8.31470201384011,16.5161285947864,24.8308306086265
"syn_01500",50,1,1500,1,0,18,14,8.31470201384011,29.2288067200366,37.5435087338767
"syn_01501",2,0.1,50,4,0,19,14,0.831470201384011,1.89253849785289,2.7240086992369
"syn_01502",10,0.1,50,4,0,20,14,0.831470201384011,2.1639330681789,2.99540326956291
"syn_01503",50,0.1,50,4,0,21,14,0.831470201384011,3.01886927843254,3.85033947981655
"syn_01504",2,1,50,4,0,22,14,8.31470201384011,2.45874736868802,10.7734493825281
"syn_01505",10,1,50,4,0,23,14,8.31470201384011,4.0169506776097,12.3316526914498
"syn_01506",50,1,50,4,0,24,14,8.31470201384011,2.63814897431913,10.9528509881592
"syn_01507",2,0.1,300,4,0,25,14,0.831470201384011,15.0180987060101,15.8495689073941
"syn_01508",10,0.1,300,4,0,26,14,0.831470201384011,9.05331795458641,9.88478815597042
"syn_01509",50,0.1,300,4,0,27,14,0.831470201384011,25.2638468489189,26.095317050303
"syn_01510",2,1,300,4,0,28,14,8.31470201384011,9.94642351524351,18.2611255290836
"syn_01511",10,1,300,4,0,29,14,8.31470201384011,17.0079934522409,25.3226954660811
"syn_01512",50,1,300,4,0,30,14,8.31470201384011,14.3978318244542,22.7125338382943
"syn_01513",2,0.1,1500,4,0,31,14,0.831470201384011,132.731636615912,133.563106817296
"syn_01514",10,0.1,1500,4,0,32,14,0.831470201384011,78.6505887843436,79.4820589857276
"syn_01515",50,0.1,1500,4,0,33,14,0.831470201384011,58.9446335812534,59.7761037826374
"syn_01516",2,1,1500,4,0,34,14,8.31470201384011,75.2328711475401,83.5475731613802
"syn_01517",10,1,1500,4,0,35,14,8.31470201384011,104.73581023473,113.05051224857
"syn_01518",50,1,1500,4,0,36,14,8.31470201384011,79.8103883006213,88.1250903144614
"syn_01519",2,0.1,50,10,0,37,14,0.831470201384011,6.88406200008903,7.71553220147304
"syn_01520",10,0.1,50,10,0,38,14,0.831470201384011,5.51023845379297,6.34170865517699
"syn_01521",50,0.1,50,10,0,39,14,0.831470201384011,5.87069761228638,6.70216781367039
"syn_01522",2,1,50,10,0,40,14,8.31470201384011,5.13896649053965,13.4536685043798
"syn_01523",10,1,50,10,0,41,14,8.31470201384011,6.09288259087529,14.4075846047154
"syn_01524",50,1,50,10,0,42,14,8.31470201384011,6.22020311939462,14.5349051332347
"syn_01525",2,0.1,300,10,0,43,14,0.831470201384011,53.8786251212224,54.7100953226064
"syn_01526",10,0.1,300,10,0,44,14,0.831470201384011,43.2206710616628,44.0521412630468
"syn_01527",50,0.1,300,10,0,45,14,0.831470201384011,39.2094895102785,40.0409597116625
"syn_01528",2,1,300,10,0,46,14,8.31470201384011,40.1421403273265,48.4568423411666
"syn_01529",10,1,300,10,0,47,14,8.31470201384011,38.2935218691235,46.6082238829636
"syn_01530",50,1,300,10,0,48,14,8.31470201384011,46.3312783396252,54.6459803534653
"syn_01531",2,0.1,1500,10,0,49,14,0.831470201384011,177.696637752528,178.528107953912
"syn_01532",10,0.1,1500,10,0,50,14,0.831470201384011,214.498243672417,215.329713873801
"syn_01533",50,0.1,1500,10,0,51,14,0.831470201384011,236.855079316383,237.686549517767
"syn_01534",2,1,1500,10,0,52,14,8.31470201384011,190.25513446597,198.56983647981
"syn_01535",10,1,1500,10,0,53,14,8.31470201384011,198.396639939879,206.711341953719
"syn_01536",50,1,1500,10,0,54,14,8.31470201384011,240.844809200543,249.159511214384
"syn_01537",2,0.1,50,1,1,55,14,0.831470201384011,1.44539182455426,2.27686202593827
"syn_01538",10,0.1,50,1,1,56,14,0.831470201384011,0.188025897295726,1.01949609867974
"syn_01539",50,0.1,50,1,1,57,14,0.831470201384011,0.40966988209854,1.24114008348255
"syn_01540",2,1,50,1,1,58,14,8.31470201384011,1.00480471861198,9.31950673245209
"syn_01541",10,1,50,1,1,59,14,8.31470201384011,0.609444819420015,8.92414683326013
"syn_01542",50,1,50,1,1,60,14,8.31470201384011,0.524383361357669,8.83908537519778
"syn_01543",2,0.1,300,1,1,61,14,0.831470201384011,4.62022459897348,5.45169480035749
"syn_01544",10,0.1,300,1,1,62,14,0.831470201384011,2.6532267506405,3.48469695202451
"syn_01545",50,0.1,300,1,1,63,14,0.831470201384011,4.50721844549996,5.33868864688397
"syn_01546",2,1,300,1,1,64,14,8.31470201384011,1.18633933881042,9.50104135265053
"syn_01547",10,1,300,1,1,65,14,8.31470201384011,4.30498841934183,12.6196904331819
"syn_01548",50,1,300,1,1,66,14,8.31470201384011,5.43540507661434,13.7501070904545
"syn_01549",2,0.1,1500,1,1,67,14,0.831470201384011,3.87110332026969,4.7025735216537
"syn_01550",10,0.1,1500,1,1,68,14,0.831470201384011,16.3344323237736,17.1659025251576
"syn_01551",50,0.1,1500,1,1,69,14,0.831470201384011,6.89573334003022,7.72720354141423
"syn_01552",2,1,1500,1,1,70,14,8.31470201384011,23.4075009474151,31.7222029612552
"syn_01553",10,1,1500,1,1,71,14,8.31470201384011,16.3671513925037,24.6818534063438
"syn_01554",50,1,1500,1,1,72,14,8.31470201384011,27.0217746709884,35.3364766848285
"syn_01555",2,0.1,50,4,1,73,14,0.831470201384011,3.25369373907146,4.08516394045548
"syn_01556",10,0.1,50,4,1,74,14,0.831470201384011,2.22653997825675,3.05801017964076
"syn_01557",50,0.1,50,4,1,75,14,0.831470201384011,3.23459748809222,4.06606768947623
"syn_01558",2,1,50,4,1,76,14,8.31470201384011,2.32891035403157,10.6436123678717
"syn_01559",10,1,50,4,1,77,14,8.31470201384011,2.32450186409281,10.6392038779329
"syn_01560",50,1,50,4,1,78,14,8.31470201384011,2.48533092533584,10.800032939176
"syn_01561",2,0.1,300,4,1,79,14,0.831470201384011,15.8147162538056,16.6461864551896
"syn_01562",10,0.1,300,4,1,80,14,0.831470201384011,15.7731003994858,16.6045706008698
"syn_01563",50,0.1,300,4,1,81,14,0.831470201384011,21.6615788278879,22.4930490292719
"syn_01564",2,1,300,4,1,82,14,8.31470201384011,12.456434121027,20.7711361348671
"syn_01565",10,1,300,4,1,83,14,8.31470201384011,21.8768201155738,30.1915221294139
"syn_01566",50,1,300,4,1,84,14,8.31470201384011,21.5288209709426,29.8435229847827
"syn_01567",2,0.1,1500,4,1,85,14,0.831470201384011,113.896761760835,114.728231962219
"syn_01568",10,0.1,1500,4,1,86,14,0.831470201384011,107.880746973831,108.712217175215
"syn_01569",50,0.1,1500,4,1,87,14,0.831470201384011,89.7058304093999,90.5373006107839
"syn_01570",2,1,1500,4,1,88,14,8.31470201384011,78.0246466247479,86.3393486385881
"syn_01571",10,1,1500,4,1,89,14,8.31470201384011,48.5662186401536,56.8809206539937
"syn_01572",50,1,1500,4,1,90,14,8.31470201384011,66.3770435523015,74.6917455661416
"syn_01573",2,0.1,50,10,1,91,14,0.831470201384011,8.07256386877671,8.90403407016072
"syn_01574",10,0.1,50,10,1,92,14,0.831470201384011,6.21046748756427,7.04193768894828
"syn_01575",50,0.1,50,10,1,93,14,0.831470201384011,6.6237991207189,7.45526932210291
"syn_01576",2,1,50,10,1,94,14,8.31470201384011,6.59509972240097,14.9098017362411
"syn_01577",10,1,50,10,1,95,14,8.31470201384011,6.07664054143115,14.3913425552713
"syn_01578",50,1,50,10,1,96,14,8.31470201384011,6.2470786872847,14.5617807011248
"syn_01579",2,0.1,300,10,1,97,14,0.831470201384011,38.4340448930838,39.2655150944678
"syn_01580",10,0.1,300,10,1,98,14,0.831470201384011,46.0628328566861,46.8943030580701
"syn_01581",50,0.1,300,10,1,99,14,0.831470201384011,43.2716310296186,44.1031012310027
"syn_01582",2,1,300,10,1,100,14,8.31470201384011,40.922976108153,49.2376781219932
"syn_01583",10,1,300,10,1,101,14,8.31470201384011,33.9497016731657,42.2644036870058
"syn_01584",50,1,300,10,1,102,14,8.31470201384011,43.8495352187234,52.1642372325635
"syn_01585",2,0.1,1500,10,1,103,14,0.831470201384011,228.189014221661,229.020484423045
"syn_01586",10,0.1,1500,10,1,104,14,0.831470201384011,284.811438597306,285.64290879869
"syn_01587",50,0.1,1500,10,1,105,14,0.831470201384011,165.023383394798,165.854853596182
"syn_01588",2,1,1500,10,1,106,14,8.31470201384011,207.433410655125,215.748112668965
"syn_01589",10,1,1500,10,1,107,14,8.31470201384011,185.972770311631,194.287472325471
"syn_01590",50,1,1500,10,1,108,14,8.31470201384011,226.137331844074,234.452033857914
"syn_01591",2,0.1,NA,0,NA,109,14,0.831470201384011,0,0.831470201384011
"syn_01592",10,0.1,NA,0,NA,110,14,0.831470201384011,0,0.831470201384011
"syn_01593",50,0.1,NA,0,NA,111,14,0.831470201384011,0,0.831470201384011
"syn_01594",2,1,NA,0,NA,112,14,8.31470201384011,0,8.31470201384011
"syn_01595",10,1,NA,0,NA,113,14,8.31470201384011,0,8.31470201384011
"syn_01596",50,1,NA,0,NA,114,14,8.31470201384011,0,8.31470201384011
"syn_01597",2,0.1,50,1,0,1,15,0.831470201384011,0.716375586372268,1.54784578775628
"syn_01598",10,0.1,50,1,0,2,15,0.831470201384011,0.913781526009169,1.74525172739318
"syn_01599",50,0.1,50,1,0,3,15,0.831470201384011,0.225975879006871,1.05744608039088
"syn_01600",2,1,50,1,0,4,15,8.31470201384011,0.292503911513656,8.60720592535377
"syn_01601",10,1,50,1,0,5,15,8.31470201384011,1.03654199618812,9.35124401002823
"syn_01602",50,1,50,1,0,6,15,8.31470201384011,0.536186228650063,8.85088824249017
"syn_01603",2,0.1,300,1,0,7,15,0.831470201384011,2.86047806876404,3.69194827014806
"syn_01604",10,0.1,300,1,0,8,15,0.831470201384011,2.17654979330301,3.00801999468702
"syn_01605",50,0.1,300,1,0,9,15,0.831470201384011,5.37930362493016,6.21077382631417
"syn_01606",2,1,300,1,0,10,15,8.31470201384011,7.00559012413823,15.3202921379783
"syn_01607",10,1,300,1,0,11,15,8.31470201384011,2.05733721317867,10.3720392270188
"syn_01608",50,1,300,1,0,12,15,8.31470201384011,5.31563109950661,13.6303331133467
"syn_01609",2,0.1,1500,1,0,13,15,0.831470201384011,31.8536535810221,32.6851237824061
"syn_01610",10,0.1,1500,1,0,14,15,0.831470201384011,26.7004793947674,27.5319495961514
"syn_01611",50,0.1,1500,1,0,15,15,0.831470201384011,12.4089646614599,13.2404348628439
"syn_01612",2,1,1500,1,0,16,15,8.31470201384011,10.589402856785,18.9041048706252
"syn_01613",10,1,1500,1,0,17,15,8.31470201384011,18.5411130325971,26.8558150464372
"syn_01614",50,1,1500,1,0,18,15,8.31470201384011,19.9357290872069,28.250431101047
"syn_01615",2,0.1,50,4,0,19,15,0.831470201384011,2.93320888927994,3.76467909066395
"syn_01616",10,0.1,50,4,0,20,15,0.831470201384011,2.05736398362424,2.88883418500825
"syn_01617",50,0.1,50,4,0,21,15,0.831470201384011,3.06684699476453,3.89831719614854
"syn_01618",2,1,50,4,0,22,15,8.31470201384011,2.79212053429115,11.1068225481313
"syn_01619",10,1,50,4,0,23,15,8.31470201384011,3.12173881925928,11.4364408330994
"syn_01620",50,1,50,4,0,24,15,8.31470201384011,2.57183747224657,10.8865394860867
"syn_01621",2,0.1,300,4,0,25,15,0.831470201384011,17.8612645007243,18.6927347021083
"syn_01622",10,0.1,300,4,0,26,15,0.831470201384011,10.8026559565146,11.6341261578986
"syn_01623",50,0.1,300,4,0,27,15,0.831470201384011,17.3557191455341,18.1871893469181
"syn_01624",2,1,300,4,0,28,15,8.31470201384011,11.6171456265245,19.9318476403646
"syn_01625",10,1,300,4,0,29,15,8.31470201384011,16.7021052774543,25.0168072912944
"syn_01626",50,1,300,4,0,30,15,8.31470201384011,10.6887623014138,19.0034643152539
"syn_01627",2,0.1,1500,4,0,31,15,0.831470201384011,79.6482769299414,80.4797471313255
"syn_01628",10,0.1,1500,4,0,32,15,0.831470201384011,67.2145279378507,68.0459981392347
"syn_01629",50,0.1,1500,4,0,33,15,0.831470201384011,66.9056048493065,67.7370750506905
"syn_01630",2,1,1500,4,0,34,15,8.31470201384011,56.2848371251974,64.5995391390375
"syn_01631",10,1,1500,4,0,35,15,8.31470201384011,51.0218343027108,59.3365363165509
"syn_01632",50,1,1500,4,0,36,15,8.31470201384011,94.4690416773574,102.783743691198
"syn_01633",2,0.1,50,10,0,37,15,0.831470201384011,8.00670619682747,8.83817639821148
"syn_01634",10,0.1,50,10,0,38,15,0.831470201384011,8.25433678223626,9.08580698362027
"syn_01635",50,0.1,50,10,0,39,15,0.831470201384011,5.92422337542312,6.75569357680713
"syn_01636",2,1,50,10,0,40,15,8.31470201384011,10.7262768743254,19.0409788881655
"syn_01637",10,1,50,10,0,41,15,8.31470201384011,7.49908829649513,15.8137903103352
"syn_01638",50,1,50,10,0,42,15,8.31470201384011,6.99004179363079,15.3047438074709
"syn_01639",2,0.1,300,10,0,43,15,0.831470201384011,41.5954718527856,42.4269420541696
"syn_01640",10,0.1,300,10,0,44,15,0.831470201384011,57.0521716369606,57.8836418383446
"syn_01641",50,0.1,300,10,0,45,15,0.831470201384011,40.8917340386665,41.7232042400505
"syn_01642",2,1,300,10,0,46,15,8.31470201384011,40.2359619615541,48.5506639753942
"syn_01643",10,1,300,10,0,47,15,8.31470201384011,35.4830838973179,43.797785911158
"syn_01644",50,1,300,10,0,48,15,8.31470201384011,33.2020277514288,41.5167297652689
"syn_01645",2,0.1,1500,10,0,49,15,0.831470201384011,226.040711623149,226.872181824533
"syn_01646",10,0.1,1500,10,0,50,15,0.831470201384011,202.936373937988,203.767844139372
"syn_01647",50,0.1,1500,10,0,51,15,0.831470201384011,201.337204121085,202.168674322469
"syn_01648",2,1,1500,10,0,52,15,8.31470201384011,187.115498788777,195.430200802617
"syn_01649",10,1,1500,10,0,53,15,8.31470201384011,198.071768929013,206.386470942853
"syn_01650",50,1,1500,10,0,54,15,8.31470201384011,190.290207052457,198.604909066297
"syn_01651",2,0.1,50,1,1,55,15,0.831470201384011,0.266993889606583,1.09846409099059
"syn_01652",10,0.1,50,1,1,56,15,0.831470201384011,0.306614553549518,1.13808475493353
"syn_01653",50,0.1,50,1,1,57,15,0.831470201384011,0.341890850185788,1.1733610515698
"syn_01654",2,1,50,1,1,58,15,8.31470201384011,0.407161713910633,8.72186372775075
"syn_01655",10,1,50,1,1,59,15,8.31470201384011,0.918524121506679,9.23322613534679
"syn_01656",50,1,50,1,1,60,15,8.31470201384011,0.634748091033378,8.94945010487349
"syn_01657",2,0.1,300,1,1,61,15,0.831470201384011,7.57667046131269,8.4081406626967
"syn_01658",10,0.1,300,1,1,62,15,0.831470201384011,3.96717470580132,4.79864490718533
"syn_01659",50,0.1,300,1,1,63,15,0.831470201384011,6.53013224878679,7.3616024501708
"syn_01660",2,1,300,1,1,64,15,8.31470201384011,1.7200456097637,10.0347476236038
"syn_01661",10,1,300,1,1,65,15,8.31470201384011,5.82900922787466,14.1437112417148
"syn_01662",50,1,300,1,1,66,15,8.31470201384011,7.560160791054,15.8748628048941
"syn_01663",2,0.1,1500,1,1,67,15,0.831470201384011,20.2062738690861,21.0377440704701
"syn_01664",10,0.1,1500,1,1,68,15,0.831470201384011,28.4622665351045,29.2937367364885
"syn_01665",50,0.1,1500,1,1,69,15,0.831470201384011,39.6758029555579,40.5072731569419
"syn_01666",2,1,1500,1,1,70,15,8.31470201384011,13.7810444494817,22.0957464633218
"syn_01667",10,1,1500,1,1,71,15,8.31470201384011,17.3950061061535,25.7097081199936
"syn_01668",50,1,1500,1,1,72,15,8.31470201384011,20.0076378936934,28.3223399075335
"syn_01669",2,0.1,50,4,1,73,15,0.831470201384011,3.02262713668597,3.85409733806998
"syn_01670",10,0.1,50,4,1,74,15,0.831470201384011,1.90841963227527,2.73988983365928
"syn_01671",50,0.1,50,4,1,75,15,0.831470201384011,3.38121133780937,4.21268153919339
"syn_01672",2,1,50,4,1,76,15,8.31470201384011,4.56116325666979,12.8758652705099
"syn_01673",10,1,50,4,1,77,15,8.31470201384011,3.76959405307392,12.084296066914
"syn_01674",50,1,50,4,1,78,15,8.31470201384011,2.5990568671155,10.9137588809556
"syn_01675",2,0.1,300,4,1,79,15,0.831470201384011,17.1421799819674,17.9736501833514
"syn_01676",10,0.1,300,4,1,80,15,0.831470201384011,24.0210663466301,24.8525365480141
"syn_01677",50,0.1,300,4,1,81,15,0.831470201384011,24.1531893312987,24.9846595326827
"syn_01678",2,1,300,4,1,82,15,8.31470201384011,21.4175647077736,29.7322667216137
"syn_01679",10,1,300,4,1,83,15,8.31470201384011,25.1263923719571,33.4410943857972
"syn_01680",50,1,300,4,1,84,15,8.31470201384011,27.3670901561496,35.6817921699897
"syn_01681",2,0.1,1500,4,1,85,15,0.831470201384011,89.0196148061161,89.8510850075001
"syn_01682",10,0.1,1500,4,1,86,15,0.831470201384011,84.3763455511061,85.2078157524901
"syn_01683",50,0.1,1500,4,1,87,15,0.831470201384011,85.0036659039421,85.8351361053261
"syn_01684",2,1,1500,4,1,88,15,8.31470201384011,70.6280078625572,78.9427098763973
"syn_01685",10,1,1500,4,1,89,15,8.31470201384011,72.5159063076972,80.8306083215373
"syn_01686",50,1,1500,4,1,90,15,8.31470201384011,86.564824010126,94.8795260239661
"syn_01687",2,0.1,50,10,1,91,15,0.831470201384011,4.97295670754103,5.80442690892504
"syn_01688",10,0.1,50,10,1,92,15,0.831470201384011,9.30448550386171,10.1359557052457
"syn_01689",50,0.1,50,10,1,93,15,0.831470201384011,6.6444878134804,7.47595801486441
"syn_01690",2,1,50,10,1,94,15,8.31470201384011,7.05365703282507,15.3683590466652
"syn_01691",10,1,50,10,1,95,15,8.31470201384011,4.57764425637937,12.8923462702195
"syn_01692",50,1,50,10,1,96,15,8.31470201384011,6.18573182809277,14.5004338419329
"syn_01693",2,0.1,300,10,1,97,15,0.831470201384011,49.9393369606437,50.7708071620278
"syn_01694",10,0.1,300,10,1,98,15,0.831470201384011,43.8593618936355,44.6908320950195
"syn_01695",50,0.1,300,10,1,99,15,0.831470201384011,33.8774422280993,34.7089124294833
"syn_01696",2,1,300,10,1,100,15,8.31470201384011,55.9723104335469,64.287012447387
"syn_01697",10,1,300,10,1,101,15,8.31470201384011,51.9028120206375,60.2175140344776
"syn_01698",50,1,300,10,1,102,15,8.31470201384011,49.7886736468704,58.1033756607105
"syn_01699",2,0.1,1500,10,1,103,15,0.831470201384011,255.473697653198,256.305167854582
"syn_01700",10,0.1,1500,10,1,104,15,0.831470201384011,189.149894065941,189.981364267325
"syn_01701",50,0.1,1500,10,1,105,15,0.831470201384011,263.416074824012,264.247545025396
"syn_01702",2,1,1500,10,1,106,15,8.31470201384011,261.195285458211,269.509987472051
"syn_01703",10,1,1500,10,1,107,15,8.31470201384011,253.864650287051,262.179352300891
"syn_01704",50,1,1500,10,1,108,15,8.31470201384011,189.033413390264,197.348115404105
"syn_01705",2,0.1,NA,0,NA,109,15,0.831470201384011,0,0.831470201384011
"syn_01706",10,0.1,NA,0,NA,110,15,0.831470201384011,0,0.831470201384011
"syn_01707",50,0.1,NA,0,NA,111,15,0.831470201384011,0,0.831470201384011
"syn_01708",2,1,NA,0,NA,112,15,8.31470201384011,0,8.31470201384011
"syn_01709",10,1,NA,0,NA,113,15,8.31470201384011,0,8.31470201384011
"syn_01710",50,1,NA,0,NA,114,15,8.31470201384011,0,8.31470201384011
"syn_01711",2,0.1,50,1,0,1,16,0.831470201384011,0.91063818523562,1.74210838661963
"syn_01712",10,0.1,50,1,0,2,16,0.831470201384011,1.14975010305319,1.9812203044372
"syn_01713",50,0.1,50,1,0,3,16,0.831470201384011,0.692394381353963,1.52386458273797
"syn_01714",2,1,50,1,0,4,16,8.31470201384011,0.787742650695859,9.10244466453597
"syn_01715",10,1,50,1,0,5,16,8.31470201384011,0.19783599009861,8.51253800393872
"syn_01716",50,1,50,1,0,6,16,8.31470201384011,1.1253897673265,9.44009178116661
"syn_01717",2,0.1,300,1,0,7,16,0.831470201384011,3.18414882703032,4.01561902841433
"syn_01718",10,0.1,300,1,0,8,16,0.831470201384011,7.08518029800141,7.91665049938542
"syn_01719",50,0.1,300,1,0,9,16,0.831470201384011,6.81181725608505,7.64328745746906
"syn_01720",2,1,300,1,0,10,16,8.31470201384011,1.97624857063583,10.2909505844759
"syn_01721",10,1,300,1,0,11,16,8.31470201384011,3.81456398155168,12.1292659953918
"syn_01722",50,1,300,1,0,12,16,8.31470201384011,2.44743903003979,10.7621410438799
"syn_01723",2,0.1,1500,1,0,13,16,0.831470201384011,14.4230246243864,15.2544948257705
"syn_01724",10,0.1,1500,1,0,14,16,0.831470201384011,20.5082802716458,21.3397504730298
"syn_01725",50,0.1,1500,1,0,15,16,0.831470201384011,12.1361581965336,12.9676283979176
"syn_01726",2,1,1500,1,0,16,16,8.31470201384011,6.08446597484944,14.3991679886896
"syn_01727",10,1,1500,1,0,17,16,8.31470201384011,13.7285506055172,22.0432526193573
"syn_01728",50,1,1500,1,0,18,16,8.31470201384011,11.1961854178935,19.5108874317336
"syn_01729",2,0.1,50,4,0,19,16,0.831470201384011,3.16103156530944,3.99250176669345
"syn_01730",10,0.1,50,4,0,20,16,0.831470201384011,2.04527872024293,2.87674892162694
"syn_01731",50,0.1,50,4,0,21,16,0.831470201384011,2.16324617695507,2.99471637833908
"syn_01732",2,1,50,4,0,22,16,8.31470201384011,1.84012029624342,10.1548223100835
"syn_01733",10,1,50,4,0,23,16,8.31470201384011,2.55186951919661,10.8665715330367
"syn_01734",50,1,50,4,0,24,16,8.31470201384011,4.50890392515851,12.8236059389986
"syn_01735",2,0.1,300,4,0,25,16,0.831470201384011,12.0233640984445,12.8548342998285
"syn_01736",10,0.1,300,4,0,26,16,0.831470201384011,15.6993525983493,16.5308227997333
"syn_01737",50,0.1,300,4,0,27,16,0.831470201384011,16.4443479246491,17.2758181260331
"syn_01738",2,1,300,4,0,28,16,8.31470201384011,12.163717798853,20.4784198126931
"syn_01739",10,1,300,4,0,29,16,8.31470201384011,16.0539429935452,24.3686450073853
"syn_01740",50,1,300,4,0,30,16,8.31470201384011,20.919120316948,29.2338223307881
"syn_01741",2,0.1,1500,4,0,31,16,0.831470201384011,79.173998367848,80.005468569232
"syn_01742",10,0.1,1500,4,0,32,16,0.831470201384011,79.9288201174643,80.7602903188483
"syn_01743",50,0.1,1500,4,0,33,16,0.831470201384011,105.19409137916,106.025561580544
"syn_01744",2,1,1500,4,0,34,16,8.31470201384011,44.0831287986042,52.3978308124443
"syn_01745",10,1,1500,4,0,35,16,8.31470201384011,89.9216007554899,98.2363027693301
"syn_01746",50,1,1500,4,0,36,16,8.31470201384011,60.4779339965645,68.7926360104047
"syn_01747",2,0.1,50,10,0,37,16,0.831470201384011,6.62598843507497,7.45745863645898
"syn_01748",10,0.1,50,10,0,38,16,0.831470201384011,7.54393326456195,8.37540346594596
"syn_01749",50,0.1,50,10,0,39,16,0.831470201384011,7.18690537945932,8.01837558084333
"syn_01750",2,1,50,10,0,40,16,8.31470201384011,5.6530104688996,13.9677124827397
"syn_01751",10,1,50,10,0,41,16,8.31470201384011,5.79861388374365,14.1133158975838
"syn_01752",50,1,50,10,0,42,16,8.31470201384011,6.50988088203486,14.824582895875
"syn_01753",2,0.1,300,10,0,43,16,0.831470201384011,38.64401897554,39.475489176924
"syn_01754",10,0.1,300,10,0,44,16,0.831470201384011,46.4910261401494,47.3224963415334
"syn_01755",50,0.1,300,10,0,45,16,0.831470201384011,44.7969612196367,45.6284314210207
"syn_01756",2,1,300,10,0,46,16,8.31470201384011,36.4888086654471,44.8035106792872
"syn_01757",10,1,300,10,0,47,16,8.31470201384011,39.2891088975247,47.6038109113648
"syn_01758",50,1,300,10,0,48,16,8.31470201384011,42.1517109869759,50.4664130008161
"syn_01759",2,0.1,1500,10,0,49,16,0.831470201384011,197.623821155242,198.455291356626
"syn_01760",10,0.1,1500,10,0,50,16,0.831470201384011,158.089427427072,158.920897628456
"syn_01761",50,0.1,1500,10,0,51,16,0.831470201384011,273.162064504675,273.993534706059
"syn_01762",2,1,1500,10,0,52,16,8.31470201384011,222.527603378797,230.842305392637
"syn_01763",10,1,1500,10,0,53,16,8.31470201384011,258.719212808452,267.033914822292
"syn_01764",50,1,1500,10,0,54,16,8.31470201384011,278.230618569323,286.545320583163
"syn_01765",2,0.1,50,1,1,55,16,0.831470201384011,0.291536838148614,1.12300703953263
"syn_01766",10,0.1,50,1,1,56,16,0.831470201384011,0.440528936773907,1.27199913815792
"syn_01767",50,0.1,50,1,1,57,16,0.831470201384011,0.694768127426209,1.52623832881022
"syn_01768",2,1,50,1,1,58,16,8.31470201384011,0.608217598171675,8.92291961201179
"syn_01769",10,1,50,1,1,59,16,8.31470201384011,0.556492274347837,8.87119428818795
"syn_01770",50,1,50,1,1,60,16,8.31470201384011,0.482103365005417,8.79680537884553
"syn_01771",2,0.1,300,1,1,61,16,0.831470201384011,0.884416715872347,1.71588691725636
"syn_01772",10,0.1,300,1,1,62,16,0.831470201384011,6.28060017352689,7.1120703749109
"syn_01773",50,0.1,300,1,1,63,16,0.831470201384011,2.97821884479565,3.80968904617967
"syn_01774",2,1,300,1,1,64,16,8.31470201384011,4.84350375628149,13.1582057701216
"syn_01775",10,1,300,1,1,65,16,8.31470201384011,2.34117587309686,10.655877886937
"syn_01776",50,1,300,1,1,66,16,8.31470201384011,3.03377210443227,11.3484741182724
"syn_01777",2,0.1,1500,1,1,67,16,0.831470201384011,35.2774423685858,36.1089125699698
"syn_01778",10,0.1,1500,1,1,68,16,0.831470201384011,14.4081042072781,15.2395744086621
"syn_01779",50,0.1,1500,1,1,69,16,0.831470201384011,38.8827474884062,39.7142176897902
"syn_01780",2,1,1500,1,1,70,16,8.31470201384011,20.7647332278374,29.0794352416775
"syn_01781",10,1,1500,1,1,71,16,8.31470201384011,18.1683555706159,26.483057584456
"syn_01782",50,1,1500,1,1,72,16,8.31470201384011,26.2708404132394,34.5855424270795
"syn_01783",2,0.1,50,4,1,73,16,0.831470201384011,2.4518573934062,3.28332759479021
"syn_01784",10,0.1,50,4,1,74,16,0.831470201384011,1.82335714820129,2.6548273495853
"syn_01785",50,0.1,50,4,1,75,16,0.831470201384011,3.77110237223149,4.6025725736155
"syn_01786",2,1,50,4,1,76,16,8.31470201384011,1.6696331005563,9.98433511439641
"syn_01787",10,1,50,4,1,77,16,8.31470201384011,2.1871117157175,10.5018137295576
"syn_01788",50,1,50,4,1,78,16,8.31470201384011,3.11551418914581,11.4302162029859
"syn_01789",2,0.1,300,4,1,79,16,0.831470201384011,14.6861922210791,15.5176624224631
"syn_01790",10,0.1,300,4,1,80,16,0.831470201384011,9.88243642585658,10.7139066272406
"syn_01791",50,0.1,300,4,1,81,16,0.831470201384011,16.6811629094766,17.5126331108606
"syn_01792",2,1,300,4,1,82,16,8.31470201384011,11.8454849554108,20.1601869692509
"syn_01793",10,1,300,4,1,83,16,8.31470201384011,25.1489881505288,33.4636901643689
"syn_01794",50,1,300,4,1,84,16,8.31470201384011,11.7472315656047,20.0619335794448
"syn_01795",2,0.1,1500,4,1,85,16,0.831470201384011,89.5188695065693,90.3503397079533
"syn_01796",10,0.1,1500,4,1,86,16,0.831470201384011,77.7369916736663,78.5684618750503
"syn_01797",50,0.1,1500,4,1,87,16,0.831470201384011,60.5363746978457,61.3678448992297
"syn_01798",2,1,1500,4,1,88,16,8.31470201384011,89.843259682797,98.1579616966372
"syn_01799",10,1,1500,4,1,89,16,8.31470201384011,83.8076440858975,92.1223460997376
"syn_01800",50,1,1500,4,1,90,16,8.31470201384011,110.534974485392,118.849676499232
"syn_01801",2,0.1,50,10,1,91,16,0.831470201384011,8.46185986795958,9.29333006934359
"syn_01802",10,0.1,50,10,1,92,16,0.831470201384011,9.02181869744361,9.85328889882762
"syn_01803",50,0.1,50,10,1,93,16,0.831470201384011,6.39984723632122,7.23131743770523
"syn_01804",2,1,50,10,1,94,16,8.31470201384011,4.29224088370546,12.6069428975456
"syn_01805",10,1,50,10,1,95,16,8.31470201384011,10.0684381150561,18.3831401288962
"syn_01806",50,1,50,10,1,96,16,8.31470201384011,7.13944760721901,15.4541496210591
"syn_01807",2,0.1,300,10,1,97,16,0.831470201384011,55.0947987756134,55.9262689769974
"syn_01808",10,0.1,300,10,1,98,16,0.831470201384011,41.5056517193034,42.3371219206874
"syn_01809",50,0.1,300,10,1,99,16,0.831470201384011,37.2269326699222,38.0584028713062
"syn_01810",2,1,300,10,1,100,16,8.31470201384011,33.7873724917588,42.1020745055989
"syn_01811",10,1,300,10,1,101,16,8.31470201384011,46.9667265695722,55.2814285834123
"syn_01812",50,1,300,10,1,102,16,8.31470201384011,34.2139714236033,42.5286734374434
"syn_01813",2,0.1,1500,10,1,103,16,0.831470201384011,199.606482360757,200.437952562141
"syn_01814",10,0.1,1500,10,1,104,16,0.831470201384011,249.288429455121,250.119899656505
"syn_01815",50,0.1,1500,10,1,105,16,0.831470201384011,151.69486930533,152.526339506714
"syn_01816",2,1,1500,10,1,106,16,8.31470201384011,199.044727163557,207.359429177397
"syn_01817",10,1,1500,10,1,107,16,8.31470201384011,169.465441538197,177.780143552037
"syn_01818",50,1,1500,10,1,108,16,8.31470201384011,220.668365508984,228.983067522824
"syn_01819",2,0.1,NA,0,NA,109,16,0.831470201384011,0,0.831470201384011
"syn_01820",10,0.1,NA,0,NA,110,16,0.831470201384011,0,0.831470201384011
"syn_01821",50,0.1,NA,0,NA,111,16,0.831470201384011,0,0.831470201384011
"syn_01822",2,1,NA,0,NA,112,16,8.31470201384011,0,8.31470201384011
"syn_01823",10,1,NA,0,NA,113,16,8.31470201384011,0,8.31470201384011
"syn_01824",50,1,NA,0,NA,114,16,8.31470201384011,0,8.31470201384011
"syn_01825",2,0.1,50,1,0,1,17,0.831470201384011,0.278853848303467,1.11032404968748
"syn_01826",10,0.1,50,1,0,2,17,0.831470201384011,0.441806966277573,1.27327716766158
"syn_01827",50,0.1,50,1,0,3,17,0.831470201384011,1.06711589114549,1.89858609252951
"syn_01828",2,1,50,1,0,4,17,8.31470201384011,0.691424145871433,9.00612615971155
"syn_01829",10,1,50,1,0,5,17,8.31470201384011,1.20912374703565,9.52382576087576
"syn_01830",50,1,50,1,0,6,17,8.31470201384011,0.731717065688541,9.04641907952865
"syn_01831",2,0.1,300,1,0,7,17,0.831470201384011,2.70324088551391,3.53471108689792
"syn_01832",10,0.1,300,1,0,8,17,0.831470201384011,2.49914938660106,3.33061958798507
"syn_01833",50,0.1,300,1,0,9,17,0.831470201384011,11.0968393638417,11.9283095652257
"syn_01834",2,1,300,1,0,10,17,8.31470201384011,2.61401319766589,10.928715211506
"syn_01835",10,1,300,1,0,11,17,8.31470201384011,3.50395803730908,11.8186600511492
"syn_01836",50,1,300,1,0,12,17,8.31470201384011,2.99148627902059,11.3061882928607
"syn_01837",2,0.1,1500,1,0,13,17,0.831470201384011,10.022664544968,10.8541347463521
"syn_01838",10,0.1,1500,1,0,14,17,0.831470201384011,16.4284173670583,17.2598875684423
"syn_01839",50,0.1,1500,1,0,15,17,0.831470201384011,18.5717429777243,19.4032131791083
"syn_01840",2,1,1500,1,0,16,17,8.31470201384011,37.576997730768,45.8916997446081
"syn_01841",10,1,1500,1,0,17,17,8.31470201384011,4.60880141864866,12.9235034324888
"syn_01842",50,1,1500,1,0,18,17,8.31470201384011,12.7176780895454,21.0323801033855
"syn_01843",2,0.1,50,4,0,19,17,0.831470201384011,2.13645387311949,2.9679240745035
"syn_01844",10,0.1,50,4,0,20,17,0.831470201384011,1.87559509390823,2.70706529529224
"syn_01845",50,0.1,50,4,0,21,17,0.831470201384011,1.77408097860215,2.60555117998617
"syn_01846",2,1,50,4,0,22,17,8.31470201384011,5.89598605175669,14.2106880655968
"syn_01847",10,1,50,4,0,23,17,8.31470201384011,2.0229914171626,10.3376934310027
"syn_01848",50,1,50,4,0,24,17,8.31470201384011,2.42943735295935,10.7441393667995
"syn_01849",2,0.1,300,4,0,25,17,0.831470201384011,18.8441266969965,19.6755968983805
"syn_01850",10,0.1,300,4,0,26,17,0.831470201384011,16.4315111532493,17.2629813546333
"syn_01851",50,0.1,300,4,0,27,17,0.831470201384011,32.3801825331586,33.2116527345426
"syn_01852",2,1,300,4,0,28,17,8.31470201384011,14.7117826374006,23.0264846512407
"syn_01853",10,1,300,4,0,29,17,8.31470201384011,18.9936533435877,27.3083553574278
"syn_01854",50,1,300,4,0,30,17,8.31470201384011,17.8461415458125,26.1608435596526
"syn_01855",2,0.1,1500,4,0,31,17,0.831470201384011,90.6949665610311,91.5264367624151
"syn_01856",10,0.1,1500,4,0,32,17,0.831470201384011,125.034390014543,125.865860215927
"syn_01857",50,0.1,1500,4,0,33,17,0.831470201384011,76.6175412611709,77.4490114625549
"syn_01858",2,1,1500,4,0,34,17,8.31470201384011,82.7140974078411,91.0287994216812
"syn_01859",10,1,1500,4,0,35,17,8.31470201384011,58.9215555508917,67.2362575647318
"syn_01860",50,1,1500,4,0,36,17,8.31470201384011,89.5657382942825,97.8804403081226
"syn_01861",2,0.1,50,10,0,37,17,0.831470201384011,6.54838477916683,7.37985498055084
"syn_01862",10,0.1,50,10,0,38,17,0.831470201384011,6.92534721125676,7.75681741264078
"syn_01863",50,0.1,50,10,0,39,17,0.831470201384011,6.92091003604481,7.75238023742882
"syn_01864",2,1,50,10,0,40,17,8.31470201384011,6.51122331081168,14.8259253246518
"syn_01865",10,1,50,10,0,41,17,8.31470201384011,6.14061937311678,14.4553213869569
"syn_01866",50,1,50,10,0,42,17,8.31470201384011,5.15592138903113,13.4706234028712
"syn_01867",2,0.1,300,10,0,43,17,0.831470201384011,36.1439652365308,36.9754354379149
"syn_01868",10,0.1,300,10,0,44,17,0.831470201384011,51.7395047867569,52.5709749881409
"syn_01869",50,0.1,300,10,0,45,17,0.831470201384011,35.0951398433651,35.9266100447491
"syn_01870",2,1,300,10,0,46,17,8.31470201384011,34.2377172433071,42.5524192571472
"syn_01871",10,1,300,10,0,47,17,8.31470201384011,38.8886403096519,47.2033423234921
"syn_01872",50,1,300,10,0,48,17,8.31470201384011,34.0908374989948,42.4055395128349
"syn_01873",2,0.1,1500,10,0,49,17,0.831470201384011,220.701491799457,221.532962000841
"syn_01874",10,0.1,1500,10,0,50,17,0.831470201384011,177.232499141193,178.063969342577
"syn_01875",50,0.1,1500,10,0,51,17,0.831470201384011,179.68167127765,180.513141479034
"syn_01876",2,1,1500,10,0,52,17,8.31470201384011,244.465904972765,252.780606986606
"syn_01877",10,1,1500,10,0,53,17,8.31470201384011,179.262369682368,187.577071696208
"syn_01878",50,1,1500,10,0,54,17,8.31470201384011,202.265495732174,210.580197746014
"syn_01879",2,0.1,50,1,1,55,17,0.831470201384011,0.531974608981589,1.3634448103656
"syn_01880",10,0.1,50,1,1,56,17,0.831470201384011,0.779984108131144,1.61145430951516
"syn_01881",50,0.1,50,1,1,57,17,0.831470201384011,1.53820492802551,2.36967512940953
"syn_01882",2,1,50,1,1,58,17,8.31470201384011,0.493469036802976,8.80817105064309
"syn_01883",10,1,50,1,1,59,17,8.31470201384011,0.989888648989232,9.30459066282934
"syn_01884",50,1,50,1,1,60,17,8.31470201384011,0.707493612327389,9.0221956261675
"syn_01885",2,0.1,300,1,1,61,17,0.831470201384011,6.23476636112853,7.06623656251254
"syn_01886",10,0.1,300,1,1,62,17,0.831470201384011,3.37767912278875,4.20914932417276
"syn_01887",50,0.1,300,1,1,63,17,0.831470201384011,4.20759822868271,5.03906843006672
"syn_01888",2,1,300,1,1,64,17,8.31470201384011,4.23907811543371,12.5537801292738
"syn_01889",10,1,300,1,1,65,17,8.31470201384011,5.09379962733997,13.4085016411801
"syn_01890",50,1,300,1,1,66,17,8.31470201384011,2.06108805374023,10.3757900675803
"syn_01891",2,0.1,1500,1,1,67,17,0.831470201384011,8.66968583165514,9.50115603303915
"syn_01892",10,0.1,1500,1,1,68,17,0.831470201384011,12.5900381290436,13.4215083304276
"syn_01893",50,0.1,1500,1,1,69,17,0.831470201384011,15.333283604526,16.16475380591
"syn_01894",2,1,1500,1,1,70,17,8.31470201384011,8.33012564376358,16.6448276576037
"syn_01895",10,1,1500,1,1,71,17,8.31470201384011,16.6209866168699,24.93568863071
"syn_01896",50,1,1500,1,1,72,17,8.31470201384011,19.3304467622568,27.6451487760969
"syn_01897",2,0.1,50,4,1,73,17,0.831470201384011,3.48487744221405,4.31634764359806
"syn_01898",10,0.1,50,4,1,74,17,0.831470201384011,2.89994375023511,3.73141395161912
"syn_01899",50,0.1,50,4,1,75,17,0.831470201384011,2.51590271257411,3.34737291395812
"syn_01900",2,1,50,4,1,76,17,8.31470201384011,4.55902467685345,12.8737266906936
"syn_01901",10,1,50,4,1,77,17,8.31470201384011,3.21330790563916,11.5280099194793
"syn_01902",50,1,50,4,1,78,17,8.31470201384011,2.71263842413547,11.0273404379756
"syn_01903",2,0.1,300,4,1,79,17,0.831470201384011,18.7942224783093,19.6256926796934
"syn_01904",10,0.1,300,4,1,80,17,0.831470201384011,14.2251698142349,15.0566400156189
"syn_01905",50,0.1,300,4,1,81,17,0.831470201384011,18.4932948510508,19.3247650524348
"syn_01906",2,1,300,4,1,82,17,8.31470201384011,14.0378701424943,22.3525721563344
"syn_01907",10,1,300,4,1,83,17,8.31470201384011,16.0205792701448,24.3352812839849
"syn_01908",50,1,300,4,1,84,17,8.31470201384011,13.3558672214723,21.6705692353124
"syn_01909",2,0.1,1500,4,1,85,17,0.831470201384011,131.686173851314,132.517644052698
"syn_01910",10,0.1,1500,4,1,86,17,0.831470201384011,59.0441440717558,59.8756142731398
"syn_01911",50,0.1,1500,4,1,87,17,0.831470201384011,86.5800546463578,87.4115248477418
"syn_01912",2,1,1500,4,1,88,17,8.31470201384011,75.6861556957135,84.0008577095536
"syn_01913",10,1,1500,4,1,89,17,8.31470201384011,108.10524980246,116.4199518163
"syn_01914",50,1,1500,4,1,90,17,8.31470201384011,68.6085226395601,76.9232246534002
"syn_01915",2,0.1,50,10,1,91,17,0.831470201384011,6.89032188645606,7.72179208784007
"syn_01916",10,0.1,50,10,1,92,17,0.831470201384011,6.66470949474897,7.49617969613298
"syn_01917",50,0.1,50,10,1,93,17,0.831470201384011,5.47048214600939,6.3019523473934
"syn_01918",2,1,50,10,1,94,17,8.31470201384011,8.13285531906395,16.4475573329041
"syn_01919",10,1,50,10,1,95,17,8.31470201384011,5.55521015641123,13.8699121702513
"syn_01920",50,1,50,10,1,96,17,8.31470201384011,8.30524920965534,16.6199512234954
"syn_01921",2,0.1,300,10,1,97,17,0.831470201384011,39.1433418590426,39.9748120604266
"syn_01922",10,0.1,300,10,1,98,17,0.831470201384011,37.3231306585492,38.1546008599332
"syn_01923",50,0.1,300,10,1,99,17,0.831470201384011,37.3650631609934,38.1965333623774
"syn_01924",2,1,300,10,1,100,17,8.31470201384011,41.2865587384973,49.6012607523374
"syn_01925",10,1,300,10,1,101,17,8.31470201384011,43.59920361702,51.9139056308601
"syn_01926",50,1,300,10,1,102,17,8.31470201384011,35.0665253481062,43.3812273619463
"syn_01927",2,0.1,1500,10,1,103,17,0.831470201384011,160.651846467735,161.483316669119
"syn_01928",10,0.1,1500,10,1,104,17,0.831470201384011,144.549807995441,145.381278196825
"syn_01929",50,0.1,1500,10,1,105,17,0.831470201384011,217.111931728937,217.943401930321
"syn_01930",2,1,1500,10,1,106,17,8.31470201384011,166.574523157126,174.889225170966
"syn_01931",10,1,1500,10,1,107,17,8.31470201384011,195.28714515495,203.60184716879
"syn_01932",50,1,1500,10,1,108,17,8.31470201384011,242.809346215545,251.124048229385
"syn_01933",2,0.1,NA,0,NA,109,17,0.831470201384011,0,0.831470201384011
"syn_01934",10,0.1,NA,0,NA,110,17,0.831470201384011,0,0.831470201384011
"syn_01935",50,0.1,NA,0,NA,111,17,0.831470201384011,0,0.831470201384011
"syn_01936",2,1,NA,0,NA,112,17,8.31470201384011,0,8.31470201384011
"syn_01937",10,1,NA,0,NA,113,17,8.31470201384011,0,8.31470201384011
"syn_01938",50,1,NA,0,NA,114,17,8.31470201384011,0,8.31470201384011
"syn_01939",2,0.1,50,1,0,1,18,0.831470201384011,0.460461223035128,1.29193142441914
"syn_01940",10,0.1,50,1,0,2,18,0.831470201384011,0.811374262258637,1.64284446364265
"syn_01941",50,0.1,50,1,0,3,18,0.831470201384011,0.700599618275994,1.53206981966001
"syn_01942",2,1,50,1,0,4,18,8.31470201384011,1.77136524640384,10.086067260244
"syn_01943",10,1,50,1,0,5,18,8.31470201384011,0.184411806180649,8.49911382002076
"syn_01944",50,1,50,1,0,6,18,8.31470201384011,1.00241581144149,9.3171178252816
"syn_01945",2,0.1,300,1,0,7,18,0.831470201384011,1.91687653975202,2.74834674113603
"syn_01946",10,0.1,300,1,0,8,18,0.831470201384011,5.50095381432744,6.33242401571145
"syn_01947",50,0.1,300,1,0,9,18,0.831470201384011,12.2213210809025,13.0527912822865
"syn_01948",2,1,300,1,0,10,18,8.31470201384011,3.95758840282105,12.2722904166612
"syn_01949",10,1,300,1,0,11,18,8.31470201384011,6.15307162535088,14.467773639191
"syn_01950",50,1,300,1,0,12,18,8.31470201384011,5.45918009188694,13.7738821057271
"syn_01951",2,0.1,1500,1,0,13,18,0.831470201384011,8.41382355938341,9.24529376076742
"syn_01952",10,0.1,1500,1,0,14,18,0.831470201384011,25.3791826272517,26.2106528286357
"syn_01953",50,0.1,1500,1,0,15,18,0.831470201384011,21.8072173369931,22.6386875383771
"syn_01954",2,1,1500,1,0,16,18,8.31470201384011,12.8619815022752,21.1766835161154
"syn_01955",10,1,1500,1,0,17,18,8.31470201384011,21.3367936198382,29.6514956336783
"syn_01956",50,1,1500,1,0,18,18,8.31470201384011,15.3963056538523,23.7110076676924
"syn_01957",2,0.1,50,4,0,19,18,0.831470201384011,3.8224523823531,4.65392258373711
"syn_01958",10,0.1,50,4,0,20,18,0.831470201384011,2.99613612865843,3.82760633004244
"syn_01959",50,0.1,50,4,0,21,18,0.831470201384011,3.15122651188883,3.98269671327284
"syn_01960",2,1,50,4,0,22,18,8.31470201384011,3.74107134399533,12.0557733578354
"syn_01961",10,1,50,4,0,23,18,8.31470201384011,3.29323883972716,11.6079408535673
"syn_01962",50,1,50,4,0,24,18,8.31470201384011,3.38102669166793,11.695728705508
"syn_01963",2,0.1,300,4,0,25,18,0.831470201384011,17.0564061258322,17.8878763272162
"syn_01964",10,0.1,300,4,0,26,18,0.831470201384011,17.8197677592196,18.6512379606036
"syn_01965",50,0.1,300,4,0,27,18,0.831470201384011,9.04878473739982,9.88025493878383
"syn_01966",2,1,300,4,0,28,18,8.31470201384011,14.472353337356,22.7870553511961
"syn_01967",10,1,300,4,0,29,18,8.31470201384011,19.5555538188773,27.8702558327174
"syn_01968",50,1,300,4,0,30,18,8.31470201384011,17.7768982760134,26.0916002898535
"syn_01969",2,0.1,1500,4,0,31,18,0.831470201384011,50.1295694662827,50.9610396676667
"syn_01970",10,0.1,1500,4,0,32,18,0.831470201384011,94.5628633886945,95.3943335900785
"syn_01971",50,0.1,1500,4,0,33,18,0.831470201384011,80.5148628390588,81.3463330404428
"syn_01972",2,1,1500,4,0,34,18,8.31470201384011,129.328828684766,137.643530698606
"syn_01973",10,1,1500,4,0,35,18,8.31470201384011,76.3248392164629,84.639541230303
"syn_01974",50,1,1500,4,0,36,18,8.31470201384011,75.3527785793902,83.6674805932303
"syn_01975",2,0.1,50,10,0,37,18,0.831470201384011,6.41194073395453,7.24341093533854
"syn_01976",10,0.1,50,10,0,38,18,0.831470201384011,6.81328505351497,7.64475525489898
"syn_01977",50,0.1,50,10,0,39,18,0.831470201384011,7.18547570650518,8.01694590788919
"syn_01978",2,1,50,10,0,40,18,8.31470201384011,7.630423206138,15.9451252199781
"syn_01979",10,1,50,10,0,41,18,8.31470201384011,6.92801325613654,15.2427152699767
"syn_01980",50,1,50,10,0,42,18,8.31470201384011,7.85232329141685,16.167025305257
"syn_01981",2,0.1,300,10,0,43,18,0.831470201384011,46.85314740187,47.684617603254
"syn_01982",10,0.1,300,10,0,44,18,0.831470201384011,41.3173264522716,42.1487966536556
"syn_01983",50,0.1,300,10,0,45,18,0.831470201384011,34.0680735621669,34.8995437635509
"syn_01984",2,1,300,10,0,46,18,8.31470201384011,54.7333877008788,63.0480897147189
"syn_01985",10,1,300,10,0,47,18,8.31470201384011,45.3159186424023,53.6306206562424
"syn_01986",50,1,300,10,0,48,18,8.31470201384011,42.8711670198446,51.1858690336848
"syn_01987",2,0.1,1500,10,0,49,18,0.831470201384011,190.702116674711,191.533586876095
"syn_01988",10,0.1,1500,10,0,50,18,0.831470201384011,268.843197067767,269.674667269151
"syn_01989",50,0.1,1500,10,0,51,18,0.831470201384011,182.439445015974,183.270915217358
"syn_01990",2,1,1500,10,0,52,18,8.31470201384011,240.88884441774,249.20354643158
"syn_01991",10,1,1500,10,0,53,18,8.31470201384011,214.000626603959,222.315328617799
"syn_01992",50,1,1500,10,0,54,18,8.31470201384011,192.724989278523,201.039691292363
"syn_01993",2,0.1,50,1,1,55,18,0.831470201384011,0.541130084148572,1.37260028553258
"syn_01994",10,0.1,50,1,1,56,18,0.831470201384011,0.407755515758145,1.23922571714216
"syn_01995",50,0.1,50,1,1,57,18,0.831470201384011,0.510460801340087,1.3419310027241
"syn_01996",2,1,50,1,1,58,18,8.31470201384011,1.38653024848118,9.70123226232129
"syn_01997",10,1,50,1,1,59,18,8.31470201384011,0.343839559487926,8.65854157332804
"syn_01998",50,1,50,1,1,60,18,8.31470201384011,0.33445045672319,8.6491524705633
"syn_01999",2,0.1,300,1,1,61,18,0.831470201384011,7.02221947583348,7.85368967721749
"syn_02000",10,0.1,300,1,1,62,18,0.831470201384011,5.04209190913641,5.87356211052042
"syn_02001",50,0.1,300,1,1,63,18,0.831470201384011,4.81194874997931,5.64341895136332
"syn_02002",2,1,300,1,1,64,18,8.31470201384011,5.10752266652341,13.4222246803635
"syn_02003",10,1,300,1,1,65,18,8.31470201384011,3.59379558754632,11.9084976013864
"syn_02004",50,1,300,1,1,66,18,8.31470201384011,1.62707305184933,9.94177506568945
"syn_02005",2,0.1,1500,1,1,67,18,0.831470201384011,12.9959452981657,13.8274154995497
"syn_02006",10,0.1,1500,1,1,68,18,0.831470201384011,7.12041391098778,7.9518841123718
"syn_02007",50,0.1,1500,1,1,69,18,0.831470201384011,16.759847141581,17.591317342965
"syn_02008",2,1,1500,1,1,70,18,8.31470201384011,20.6920899073614,29.0067919212015
"syn_02009",10,1,1500,1,1,71,18,8.31470201384011,10.8406869509923,19.1553889648324
"syn_02010",50,1,1500,1,1,72,18,8.31470201384011,17.4899944236787,25.8046964375188
"syn_02011",2,0.1,50,4,1,73,18,0.831470201384011,2.68699276135625,3.51846296274026
"syn_02012",10,0.1,50,4,1,74,18,0.831470201384011,3.43010240207011,4.26157260345412
"syn_02013",50,0.1,50,4,1,75,18,0.831470201384011,2.96039016017094,3.79186036155495
"syn_02014",2,1,50,4,1,76,18,8.31470201384011,3.90997957848737,12.2246815923275
"syn_02015",10,1,50,4,1,77,18,8.31470201384011,2.39858256553,10.7132845793701
"syn_02016",50,1,50,4,1,78,18,8.31470201384011,1.86944763776246,10.1841496516026
"syn_02017",2,0.1,300,4,1,79,18,0.831470201384011,14.6841231225324,15.5155933239164
"syn_02018",10,0.1,300,4,1,80,18,0.831470201384011,17.0909750991345,17.9224453005185
"syn_02019",50,0.1,300,4,1,81,18,0.831470201384011,21.8507769158097,22.6822471171937
"syn_02020",2,1,300,4,1,82,18,8.31470201384011,14.6691601254119,22.983862139252
"syn_02021",10,1,300,4,1,83,18,8.31470201384011,9.67743780610847,17.9921398199486
"syn_02022",50,1,300,4,1,84,18,8.31470201384011,31.7531674250737,40.0678694389139
"syn_02023",2,0.1,1500,4,1,85,18,0.831470201384011,48.1039365440283,48.9354067454123
"syn_02024",10,0.1,1500,4,1,86,18,0.831470201384011,75.2949520701513,76.1264222715353
"syn_02025",50,0.1,1500,4,1,87,18,0.831470201384011,84.2374691961867,85.0689393975707
"syn_02026",2,1,1500,4,1,88,18,8.31470201384011,85.1693158463847,93.4840178602248
"syn_02027",10,1,1500,4,1,89,18,8.31470201384011,125.803684900465,134.118386914305
"syn_02028",50,1,1500,4,1,90,18,8.31470201384011,70.4999291140712,78.8146311279113
"syn_02029",2,0.1,50,10,1,91,18,0.831470201384011,8.35243971067582,9.18390991205983
"syn_02030",10,0.1,50,10,1,92,18,0.831470201384011,6.58735308204097,7.41882328342498
"syn_02031",50,0.1,50,10,1,93,18,0.831470201384011,6.68034076679832,7.51181096818233
"syn_02032",2,1,50,10,1,94,18,8.31470201384011,9.36956054936702,17.6842625632071
"syn_02033",10,1,50,10,1,95,18,8.31470201384011,9.67209565372406,17.9867976675642
"syn_02034",50,1,50,10,1,96,18,8.31470201384011,6.19253945690236,14.5072414707425
"syn_02035",2,0.1,300,10,1,97,18,0.831470201384011,32.8516150624692,33.6830852638532
"syn_02036",10,0.1,300,10,1,98,18,0.831470201384011,40.5196439986356,41.3511142000196
"syn_02037",50,0.1,300,10,1,99,18,0.831470201384011,40.2238490863278,41.0553192877118
"syn_02038",2,1,300,10,1,100,18,8.31470201384011,35.6324894857453,43.9471914995854
"syn_02039",10,1,300,10,1,101,18,8.31470201384011,33.8356839831818,42.1503859970219
"syn_02040",50,1,300,10,1,102,18,8.31470201384011,43.3345674923314,51.6492695061715
"syn_02041",2,0.1,1500,10,1,103,18,0.831470201384011,157.446857178626,158.27832738001
"syn_02042",10,0.1,1500,10,1,104,18,0.831470201384011,194.081067650599,194.912537851983
"syn_02043",50,0.1,1500,10,1,105,18,0.831470201384011,168.176584644377,169.008054845761
"syn_02044",2,1,1500,10,1,106,18,8.31470201384011,228.880844958961,237.195546972801
"syn_02045",10,1,1500,10,1,107,18,8.31470201384011,255.206118985305,263.520820999146
"syn_02046",50,1,1500,10,1,108,18,8.31470201384011,173.290331293449,181.605033307289
"syn_02047",2,0.1,NA,0,NA,109,18,0.831470201384011,0,0.831470201384011
"syn_02048",10,0.1,NA,0,NA,110,18,0.831470201384011,0,0.831470201384011
"syn_02049",50,0.1,NA,0,NA,111,18,0.831470201384011,0,0.831470201384011
"syn_02050",2,1,NA,0,NA,112,18,8.31470201384011,0,8.31470201384011
"syn_02051",10,1,NA,0,NA,113,18,8.31470201384011,0,8.31470201384011
"syn_02052",50,1,NA,0,NA,114,18,8.31470201384011,0,8.31470201384011
"syn_02053",2,0.1,50,1,0,1,19,0.831470201384011,0.37846361026939,1.2099338116534
"syn_02054",10,0.1,50,1,0,2,19,0.831470201384011,0.800600258611828,1.63207045999584
"syn_02055",50,0.1,50,1,0,3,19,0.831470201384011,0.697639928504814,1.52911012988883
"syn_02056",2,1,50,1,0,4,19,8.31470201384011,0.94840564467572,9.26310765851583
"syn_02057",10,1,50,1,0,5,19,8.31470201384011,0.67001857249549,8.9847205863356
"syn_02058",50,1,50,1,0,6,19,8.31470201384011,0.707395395693568,9.02209740953368
"syn_02059",2,0.1,300,1,0,7,19,0.831470201384011,4.43184055956563,5.26331076094965
"syn_02060",10,0.1,300,1,0,8,19,0.831470201384011,5.07244343734908,5.90391363873309
"syn_02061",50,0.1,300,1,0,9,19,0.831470201384011,2.68528414433405,3.51675434571806
"syn_02062",2,1,300,1,0,10,19,8.31470201384011,3.4740507437187,11.7887527575588
"syn_02063",10,1,300,1,0,11,19,8.31470201384011,3.18932520353268,11.5040272173728
"syn_02064",50,1,300,1,0,12,19,8.31470201384011,2.14417343380888,10.458875447649
"syn_02065",2,0.1,1500,1,0,13,19,0.831470201384011,15.1214563252868,15.9529265266708
"syn_02066",10,0.1,1500,1,0,14,19,0.831470201384011,25.4809676571242,26.3124378585082
"syn_02067",50,0.1,1500,1,0,15,19,0.831470201384011,56.7648230522818,57.5962932536659
"syn_02068",2,1,1500,1,0,16,19,8.31470201384011,6.14040496241866,14.4551069762588
"syn_02069",10,1,1500,1,0,17,19,8.31470201384011,31.4937825951541,39.8084846089942
"syn_02070",50,1,1500,1,0,18,19,8.31470201384011,11.1373525732159,19.452054587056
"syn_02071",2,0.1,50,4,0,19,19,0.831470201384011,2.55245686421201,3.38392706559602
"syn_02072",10,0.1,50,4,0,20,19,0.831470201384011,2.54277502101191,3.37424522239592
"syn_02073",50,0.1,50,4,0,21,19,0.831470201384011,1.91841963448522,2.74988983586923
"syn_02074",2,1,50,4,0,22,19,8.31470201384011,4.00056844453883,12.3152704583789
"syn_02075",10,1,50,4,0,23,19,8.31470201384011,3.68609199108438,12.0007940049245
"syn_02076",50,1,50,4,0,24,19,8.31470201384011,2.04559657490804,10.3602985887482
"syn_02077",2,0.1,300,4,0,25,19,0.831470201384011,15.7202561108129,16.5517263121969
"syn_02078",10,0.1,300,4,0,26,19,0.831470201384011,17.7641932444554,18.5956634458394
"syn_02079",50,0.1,300,4,0,27,19,0.831470201384011,19.0663720079913,19.8978422093753
"syn_02080",2,1,300,4,0,28,19,8.31470201384011,16.7097993896886,25.0245014035287
"syn_02081",10,1,300,4,0,29,19,8.31470201384011,13.844826544379,22.1595285582191
"syn_02082",50,1,300,4,0,30,19,8.31470201384011,14.6908156901599,23.005517704
"syn_02083",2,0.1,1500,4,0,31,19,0.831470201384011,70.5446958999453,71.3761661013293
"syn_02084",10,0.1,1500,4,0,32,19,0.831470201384011,57.3455672012122,58.1770374025962
"syn_02085",50,0.1,1500,4,0,33,19,0.831470201384011,132.617982482358,133.449452683742
"syn_02086",2,1,1500,4,0,34,19,8.31470201384011,64.4660872323577,72.7807892461979
"syn_02087",10,1,1500,4,0,35,19,8.31470201384011,84.2988083473852,92.6135103612253
"syn_02088",50,1,1500,4,0,36,19,8.31470201384011,87.1634611010548,95.478163114895
"syn_02089",2,0.1,50,10,0,37,19,0.831470201384011,6.70360089177373,7.53507109315774
"syn_02090",10,0.1,50,10,0,38,19,0.831470201384011,6.70262638660217,7.53409658798619
"syn_02091",50,0.1,50,10,0,39,19,0.831470201384011,6.42980893489146,7.26127913627547
"syn_02092",2,1,50,10,0,40,19,8.31470201384011,8.6572942555162,16.9719962693563
"syn_02093",10,1,50,10,0,41,19,8.31470201384011,7.46785315487501,15.7825551687151
"syn_02094",50,1,50,10,0,42,19,8.31470201384011,4.6105611928194,12.9252632066595
"syn_02095",2,0.1,300,10,0,43,19,0.831470201384011,43.0477787834047,43.8792489847888
"syn_02096",10,0.1,300,10,0,44,19,0.831470201384011,38.6507366857166,39.4822068871006
"syn_02097",50,0.1,300,10,0,45,19,0.831470201384011,38.8656416798081,39.6971118811921
"syn_02098",2,1,300,10,0,46,19,8.31470201384011,36.0355641807699,44.35026619461
"syn_02099",10,1,300,10,0,47,19,8.31470201384011,33.3468137644634,41.6615157783036
"syn_02100",50,1,300,10,0,48,19,8.31470201384011,33.3733580423896,41.6880600562297
"syn_02101",2,0.1,1500,10,0,49,19,0.831470201384011,216.840484455935,217.671954657319
"syn_02102",10,0.1,1500,10,0,50,19,0.831470201384011,212.211059576493,213.042529777877
"syn_02103",50,0.1,1500,10,0,51,19,0.831470201384011,124.88741757951,125.718887780894
"syn_02104",2,1,1500,10,0,52,19,8.31470201384011,215.745540954343,224.060242968184
"syn_02105",10,1,1500,10,0,53,19,8.31470201384011,171.795461254987,180.110163268828
"syn_02106",50,1,1500,10,0,54,19,8.31470201384011,195.75497055025,204.06967256409
"syn_02107",2,0.1,50,1,1,55,19,0.831470201384011,0.449216882127908,1.28068708351192
"syn_02108",10,0.1,50,1,1,56,19,0.831470201384011,0.586265226219208,1.41773542760322
"syn_02109",50,0.1,50,1,1,57,19,0.831470201384011,0.730862426851857,1.56233262823587
"syn_02110",2,1,50,1,1,58,19,8.31470201384011,0.47579478002125,8.79049679386136
"syn_02111",10,1,50,1,1,59,19,8.31470201384011,1.47699396148607,9.79169597532618
"syn_02112",50,1,50,1,1,60,19,8.31470201384011,1.22217470840895,9.53687672224906
"syn_02113",2,0.1,300,1,1,61,19,0.831470201384011,3.28634231394233,4.11781251532634
"syn_02114",10,0.1,300,1,1,62,19,0.831470201384011,3.02194868562759,3.8534188870116
"syn_02115",50,0.1,300,1,1,63,19,0.831470201384011,5.57941065005597,6.41088085143998
"syn_02116",2,1,300,1,1,64,19,8.31470201384011,4.08531023564623,12.4000122494863
"syn_02117",10,1,300,1,1,65,19,8.31470201384011,5.20105566156249,13.5157576754026
"syn_02118",50,1,300,1,1,66,19,8.31470201384011,1.81823378687042,10.1329358007105
"syn_02119",2,0.1,1500,1,1,67,19,0.831470201384011,6.55554799997213,7.38701820135614
"syn_02120",10,0.1,1500,1,1,68,19,0.831470201384011,37.2863420046297,38.1178122060137
"syn_02121",50,0.1,1500,1,1,69,19,0.831470201384011,12.629739955924,13.4612101573081
"syn_02122",2,1,1500,1,1,70,19,8.31470201384011,11.1370801874629,19.4517822013031
"syn_02123",10,1,1500,1,1,71,19,8.31470201384011,15.0568678327005,23.3715698465406
"syn_02124",50,1,1500,1,1,72,19,8.31470201384011,42.2938959791393,50.6085979929794
"syn_02125",2,0.1,50,4,1,73,19,0.831470201384011,2.43720046219527,3.26867066357928
"syn_02126",10,0.1,50,4,1,74,19,0.831470201384011,3.02502686462417,3.85649706600818
"syn_02127",50,0.1,50,4,1,75,19,0.831470201384011,2.12434901139531,2.95581921277932
"syn_02128",2,1,50,4,1,76,19,8.31470201384011,2.3138467299448,10.6285487437849
"syn_02129",10,1,50,4,1,77,19,8.31470201384011,2.51672047749788,10.831422491338
"syn_02130",50,1,50,4,1,78,19,8.31470201384011,3.56685643910593,11.881558452946
"syn_02131",2,0.1,300,4,1,79,19,0.831470201384011,13.4125387355242,14.2440089369082
"syn_02132",10,0.1,300,4,1,80,19,0.831470201384011,14.9814889406748,15.8129591420588
"syn_02133",50,0.1,300,4,1,81,19,0.831470201384011,17.6967694975495,18.5282396989335
"syn_02134",2,1,300,4,1,82,19,8.31470201384011,12.9806693930559,21.295371406896
"syn_02135",10,1,300,4,1,83,19,8.31470201384011,16.0104066389745,24.3251086528146
"syn_02136",50,1,300,4,1,84,19,8.31470201384011,20.1042849609705,28.4189869748106
"syn_02137",2,0.1,1500,4,1,85,19,0.831470201384011,71.8950561194577,72.7265263208417
"syn_02138",10,0.1,1500,4,1,86,19,0.831470201384011,112.616110657555,113.447580858939
"syn_02139",50,0.1,1500,4,1,87,19,0.831470201384011,93.581788218371,94.413258419755
"syn_02140",2,1,1500,4,1,88,19,8.31470201384011,84.056216177192,92.3709181910321
"syn_02141",10,1,1500,4,1,89,19,8.31470201384011,99.9676962724818,108.282398286322
"syn_02142",50,1,1500,4,1,90,19,8.31470201384011,134.113386009713,142.428088023553
"syn_02143",2,0.1,50,10,1,91,19,0.831470201384011,7.94558931908925,8.77705952047326
"syn_02144",10,0.1,50,10,1,92,19,0.831470201384011,6.0818284521659,6.91329865354991
"syn_02145",50,0.1,50,10,1,93,19,0.831470201384011,6.94256739216691,7.77403759355092
"syn_02146",2,1,50,10,1,94,19,8.31470201384011,6.50699556066922,14.8216975745093
"syn_02147",10,1,50,10,1,95,19,8.31470201384011,6.94513581842354,15.2598378322636
"syn_02148",50,1,50,10,1,96,19,8.31470201384011,6.8096460466661,15.1243480605062
"syn_02149",2,0.1,300,10,1,97,19,0.831470201384011,42.5580838291655,43.3895540305495
"syn_02150",10,0.1,300,10,1,98,19,0.831470201384011,56.1515953274921,56.9830655288761
"syn_02151",50,0.1,300,10,1,99,19,0.831470201384011,46.6244295334132,47.4558997347972
"syn_02152",2,1,300,10,1,100,19,8.31470201384011,42.2399964502822,50.5546984641223
"syn_02153",10,1,300,10,1,101,19,8.31470201384011,44.7679490026301,53.0826510164702
"syn_02154",50,1,300,10,1,102,19,8.31470201384011,34.380133387701,42.6948354015412
"syn_02155",2,0.1,1500,10,1,103,19,0.831470201384011,278.921510807031,279.752981008415
"syn_02156",10,0.1,1500,10,1,104,19,0.831470201384011,242.678441559437,243.509911760821
"syn_02157",50,0.1,1500,10,1,105,19,0.831470201384011,196.370720962177,197.202191163561
"syn_02158",2,1,1500,10,1,106,19,8.31470201384011,200.888966422664,209.203668436504
"syn_02159",10,1,1500,10,1,107,19,8.31470201384011,175.259504449079,183.574206462919
"syn_02160",50,1,1500,10,1,108,19,8.31470201384011,188.93221701569,197.24691902953
"syn_02161",2,0.1,NA,0,NA,109,19,0.831470201384011,0,0.831470201384011
"syn_02162",10,0.1,NA,0,NA,110,19,0.831470201384011,0,0.831470201384011
"syn_02163",50,0.1,NA,0,NA,111,19,0.831470201384011,0,0.831470201384011
"syn_02164",2,1,NA,0,NA,112,19,8.31470201384011,0,8.31470201384011
"syn_02165",10,1,NA,0,NA,113,19,8.31470201384011,0,8.31470201384011
"syn_02166",50,1,NA,0,NA,114,19,8.31470201384011,0,8.31470201384011
"syn_02167",2,0.1,50,1,0,1,20,0.831470201384011,0.640063662204403,1.47153386358841
"syn_02168",10,0.1,50,1,0,2,20,0.831470201384011,0.827104583982486,1.6585747853665
"syn_02169",50,0.1,50,1,0,3,20,0.831470201384011,0.592583665184209,1.42405386656822
"syn_02170",2,1,50,1,0,4,20,8.31470201384011,0.286452846979718,8.60115486081983
"syn_02171",10,1,50,1,0,5,20,8.31470201384011,0.562981065904246,8.87768307974436
"syn_02172",50,1,50,1,0,6,20,8.31470201384011,0.736177555169101,9.05087956900921
"syn_02173",2,0.1,300,1,0,7,20,0.831470201384011,6.57128514082939,7.4027553422134
"syn_02174",10,0.1,300,1,0,8,20,0.831470201384011,2.09659704269851,2.92806724408252
"syn_02175",50,0.1,300,1,0,9,20,0.831470201384011,3.69499533152074,4.52646553290476
"syn_02176",2,1,300,1,0,10,20,8.31470201384011,3.37213901405679,11.6868410278969
"syn_02177",10,1,300,1,0,11,20,8.31470201384011,1.82685617033207,10.1415581841722
"syn_02178",50,1,300,1,0,12,20,8.31470201384011,2.02179689498557,10.3364989088257
"syn_02179",2,0.1,1500,1,0,13,20,0.831470201384011,17.1995304804955,18.0310006818795
"syn_02180",10,0.1,1500,1,0,14,20,0.831470201384011,24.4286383300285,25.2601085314125
"syn_02181",50,0.1,1500,1,0,15,20,0.831470201384011,23.1952198313187,24.0266900327027
"syn_02182",2,1,1500,1,0,16,20,8.31470201384011,21.4083231138328,29.7230251276729
"syn_02183",10,1,1500,1,0,17,20,8.31470201384011,10.5208937610427,18.8355957748828
"syn_02184",50,1,1500,1,0,18,20,8.31470201384011,40.6596703912858,48.9743724051259
"syn_02185",2,0.1,50,4,0,19,20,0.831470201384011,4.84785222422806,5.67932242561208
"syn_02186",10,0.1,50,4,0,20,20,0.831470201384011,3.0820536588303,3.91352386021432
"syn_02187",50,0.1,50,4,0,21,20,0.831470201384011,2.03240422383886,2.86387442522287
"syn_02188",2,1,50,4,0,22,20,8.31470201384011,3.24267630722244,11.5573783210625
"syn_02189",10,1,50,4,0,23,20,8.31470201384011,3.43805985429676,11.7527618681369
"syn_02190",50,1,50,4,0,24,20,8.31470201384011,1.64267099896633,9.95737301280644
"syn_02191",2,0.1,300,4,0,25,20,0.831470201384011,18.1192891356076,18.9507593369916
"syn_02192",10,0.1,300,4,0,26,20,0.831470201384011,14.4234056438497,15.2548758452337
"syn_02193",50,0.1,300,4,0,27,20,0.831470201384011,17.6055500784957,18.4370202798797
"syn_02194",2,1,300,4,0,28,20,8.31470201384011,15.8871106937634,24.2018127076035
"syn_02195",10,1,300,4,0,29,20,8.31470201384011,26.9451566370706,35.2598586509107
"syn_02196",50,1,300,4,0,30,20,8.31470201384011,36.4127572298117,44.7274592436518
"syn_02197",2,0.1,1500,4,0,31,20,0.831470201384011,118.770822661328,119.602292862712
"syn_02198",10,0.1,1500,4,0,32,20,0.831470201384011,76.0216618504758,76.8531320518598
"syn_02199",50,0.1,1500,4,0,33,20,0.831470201384011,111.272292761684,112.103762963068
"syn_02200",2,1,1500,4,0,34,20,8.31470201384011,98.6625795571504,106.97728157099
"syn_02201",10,1,1500,4,0,35,20,8.31470201384011,104.072358728101,112.387060741941
"syn_02202",50,1,1500,4,0,36,20,8.31470201384011,103.793108310499,112.107810324339
"syn_02203",2,0.1,50,10,0,37,20,0.831470201384011,4.97938890868931,5.81085911007332
"syn_02204",10,0.1,50,10,0,38,20,0.831470201384011,5.90757653716142,6.73904673854543
"syn_02205",50,0.1,50,10,0,39,20,0.831470201384011,7.62032261834633,8.45179281973034
"syn_02206",2,1,50,10,0,40,20,8.31470201384011,6.07187008864175,14.3865721024819
"syn_02207",10,1,50,10,0,41,20,8.31470201384011,9.22354419806747,17.5382462119076
"syn_02208",50,1,50,10,0,42,20,8.31470201384011,6.13933536421731,14.4540373780574
"syn_02209",2,0.1,300,10,0,43,20,0.831470201384011,42.719257836827,43.550728038211
"syn_02210",10,0.1,300,10,0,44,20,0.831470201384011,39.8097231924177,40.6411933938018
"syn_02211",50,0.1,300,10,0,45,20,0.831470201384011,32.331098104461,33.162568305845
"syn_02212",2,1,300,10,0,46,20,8.31470201384011,36.4170836016358,44.7317856154759
"syn_02213",10,1,300,10,0,47,20,8.31470201384011,29.255819925961,37.5705219398011
"syn_02214",50,1,300,10,0,48,20,8.31470201384011,36.4680998701251,44.7828018839652
"syn_02215",2,0.1,1500,10,0,49,20,0.831470201384011,174.538474831005,175.369945032389
"syn_02216",10,0.1,1500,10,0,50,20,0.831470201384011,303.716232520541,304.547702721925
"syn_02217",50,0.1,1500,10,0,51,20,0.831470201384011,187.733511101106,188.56498130249
"syn_02218",2,1,1500,10,0,52,20,8.31470201384011,283.706775201907,292.021477215747
"syn_02219",10,1,1500,10,0,53,20,8.31470201384011,221.391027074389,229.705729088229
"syn_02220",50,1,1500,10,0,54,20,8.31470201384011,165.213015820823,173.527717834663
"syn_02221",2,0.1,50,1,1,55,20,0.831470201384011,0.56676369903846,1.39823390042247
"syn_02222",10,0.1,50,1,1,56,20,0.831470201384011,0.732041644150498,1.56351184553451
"syn_02223",50,0.1,50,1,1,57,20,0.831470201384011,0.998102992478228,1.82957319386224
"syn_02224",2,1,50,1,1,58,20,8.31470201384011,0.961498533801189,9.2762005476413
"syn_02225",10,1,50,1,1,59,20,8.31470201384011,0.568274273378705,8.88297628721882
"syn_02226",50,1,50,1,1,60,20,8.31470201384011,0.240342312271289,8.5550443261114
"syn_02227",2,0.1,300,1,1,61,20,0.831470201384011,2.77212469710906,3.60359489849307
"syn_02228",10,0.1,300,1,1,62,20,0.831470201384011,2.87064034675587,3.70211054813988
"syn_02229",50,0.1,300,1,1,63,20,0.831470201384011,3.34169824611022,4.17316844749423
"syn_02230",2,1,300,1,1,64,20,8.31470201384011,4.38557005961612,12.7002720734562
"syn_02231",10,1,300,1,1,65,20,8.31470201384011,4.04939918417067,12.3641011980108
"syn_02232",50,1,300,1,1,66,20,8.31470201384011,1.50918448971718,9.8238865035573
"syn_02233",2,0.1,1500,1,1,67,20,0.831470201384011,9.7615908717574,10.5930610731414
"syn_02234",10,0.1,1500,1,1,68,20,0.831470201384011,31.1532820596783,31.9847522610623
"syn_02235",50,0.1,1500,1,1,69,20,0.831470201384011,40.4776645704184,41.3091347718024
"syn_02236",2,1,1500,1,1,70,20,8.31470201384011,49.0005672762733,57.3152692901134
"syn_02237",10,1,1500,1,1,71,20,8.31470201384011,22.0244985308519,30.339200544692
"syn_02238",50,1,1500,1,1,72,20,8.31470201384011,7.52781136803699,15.8425133818771
"syn_02239",2,0.1,50,4,1,73,20,0.831470201384011,2.74838789437129,3.5798580957553
"syn_02240",10,0.1,50,4,1,74,20,0.831470201384011,3.7966248001012,4.62809500148521
"syn_02241",50,0.1,50,4,1,75,20,0.831470201384011,2.42429658258387,3.25576678396788
"syn_02242",2,1,50,4,1,76,20,8.31470201384011,2.58365352316418,10.8983555370043
"syn_02243",10,1,50,4,1,77,20,8.31470201384011,3.15024640958407,11.4649484234242
"syn_02244",50,1,50,4,1,78,20,8.31470201384011,2.28626860094963,10.6009706147897
"syn_02245",2,0.1,300,4,1,79,20,0.831470201384011,15.5753980168234,16.4068682182074
"syn_02246",10,0.1,300,4,1,80,20,0.831470201384011,16.4217004562667,17.2531706576507
"syn_02247",50,0.1,300,4,1,81,20,0.831470201384011,14.5015155977829,15.3329857991669
"syn_02248",2,1,300,4,1,82,20,8.31470201384011,11.892065488983,20.2067675028231
"syn_02249",10,1,300,4,1,83,20,8.31470201384011,13.6153919284604,21.9300939423005
"syn_02250",50,1,300,4,1,84,20,8.31470201384011,17.5100292924751,25.8247313063152
"syn_02251",2,0.1,1500,4,1,85,20,0.831470201384011,107.588360371224,108.419830572608
"syn_02252",10,0.1,1500,4,1,86,20,0.831470201384011,37.814002373666,38.64547257505
"syn_02253",50,0.1,1500,4,1,87,20,0.831470201384011,75.7048339116604,76.5363041130445
"syn_02254",2,1,1500,4,1,88,20,8.31470201384011,61.9502611951153,70.2649632089554
"syn_02255",10,1,1500,4,1,89,20,8.31470201384011,108.80366062634,117.11836264018
"syn_02256",50,1,1500,4,1,90,20,8.31470201384011,62.4451047922689,70.759806806109
"syn_02257",2,0.1,50,10,1,91,20,0.831470201384011,7.52826384080839,8.3597340421924
"syn_02258",10,0.1,50,10,1,92,20,0.831470201384011,5.56040801745424,6.39187821883825
"syn_02259",50,0.1,50,10,1,93,20,0.831470201384011,7.02302303666941,7.85449323805342
"syn_02260",2,1,50,10,1,94,20,8.31470201384011,4.43053190766997,12.7452339215101
"syn_02261",10,1,50,10,1,95,20,8.31470201384011,6.25670014309334,14.5714021569334
"syn_02262",50,1,50,10,1,96,20,8.31470201384011,7.12519285303725,15.4398948668774
"syn_02263",2,0.1,300,10,1,97,20,0.831470201384011,29.480129307115,30.311599508499
"syn_02264",10,0.1,300,10,1,98,20,0.831470201384011,33.7501179174571,34.5815881188411
"syn_02265",50,0.1,300,10,1,99,20,0.831470201384011,43.955030031341,44.786500232725
"syn_02266",2,1,300,10,1,100,20,8.31470201384011,42.7368039812535,51.0515059950936
"syn_02267",10,1,300,10,1,101,20,8.31470201384011,37.9007994162294,46.2155014300695
"syn_02268",50,1,300,10,1,102,20,8.31470201384011,42.2427220055779,50.557424019418
"syn_02269",2,0.1,1500,10,1,103,20,0.831470201384011,220.615040557421,221.446510758805
"syn_02270",10,0.1,1500,10,1,104,20,0.831470201384011,213.405015135774,214.236485337158
"syn_02271",50,0.1,1500,10,1,105,20,0.831470201384011,163.64727342857,164.478743629954
"syn_02272",2,1,1500,10,1,106,20,8.31470201384011,246.457718470013,254.772420483853
"syn_02273",10,1,1500,10,1,107,20,8.31470201384011,290.894237024547,299.208939038387
"syn_02274",50,1,1500,10,1,108,20,8.31470201384011,268.286750247668,276.601452261508
"syn_02275",2,0.1,NA,0,NA,109,20,0.831470201384011,0,0.831470201384011
"syn_02276",10,0.1,NA,0,NA,110,20,0.831470201384011,0,0.831470201384011
"syn_02277",50,0.1,NA,0,NA,111,20,0.831470201384011,0,0.831470201384011
"syn_02278",2,1,NA,0,NA,112,20,8.31470201384011,0,8.31470201384011
"syn_02279",10,1,NA,0,NA,113,20,8.31470201384011,0,8.31470201384011
"syn_02280",50,1,NA,0,NA,114,20,8.31470201384011,0,8.31470201384011
"syn_02281",2,0.1,50,1,0,1,21,0.831470201384011,0.816982647880725,1.64845284926474
"syn_02282",10,0.1,50,1,0,2,21,0.831470201384011,0.516428996156272,1.34789919754028
"syn_02283",50,0.1,50,1,0,3,21,0.831470201384011,0.576677948150248,1.40814814953426
"syn_02284",2,1,50,1,0,4,21,8.31470201384011,1.15187622763923,9.46657824147934
"syn_02285",10,1,50,1,0,5,21,8.31470201384011,1.62998002418916,9.94468203802927
"syn_02286",50,1,50,1,0,6,21,8.31470201384011,0.364906048150318,8.67960806199043
"syn_02287",2,0.1,300,1,0,7,21,0.831470201384011,5.73253862895634,6.56400883034035
"syn_02288",10,0.1,300,1,0,8,21,0.831470201384011,2.27061223933734,3.10208244072135
"syn_02289",50,0.1,300,1,0,9,21,0.831470201384011,8.98742912171424,9.81889932309826
"syn_02290",2,1,300,1,0,10,21,8.31470201384011,8.81220027609367,17.1269022899338
"syn_02291",10,1,300,1,0,11,21,8.31470201384011,7.73290409616896,16.0476061100091
"syn_02292",50,1,300,1,0,12,21,8.31470201384011,1.8616836721801,10.1763856860202
"syn_02293",2,0.1,1500,1,0,13,21,0.831470201384011,16.4089216857931,17.2403918871771
"syn_02294",10,0.1,1500,1,0,14,21,0.831470201384011,11.5768189075754,12.4082891089594
"syn_02295",50,0.1,1500,1,0,15,21,0.831470201384011,15.6695818336021,16.5010520349861
"syn_02296",2,1,1500,1,0,16,21,8.31470201384011,16.0936337404558,24.4083357542959
"syn_02297",10,1,1500,1,0,17,21,8.31470201384011,7.43520249858297,15.7499045124231
"syn_02298",50,1,1500,1,0,18,21,8.31470201384011,21.675648874088,29.9903508879281
"syn_02299",2,0.1,50,4,0,19,21,0.831470201384011,4.25726463548975,5.08873483687376
"syn_02300",10,0.1,50,4,0,20,21,0.831470201384011,2.78322953241728,3.61469973380129
"syn_02301",50,0.1,50,4,0,21,21,0.831470201384011,2.50365247991795,3.33512268130196
"syn_02302",2,1,50,4,0,22,21,8.31470201384011,2.12837235856699,10.4430743724071
"syn_02303",10,1,50,4,0,23,21,8.31470201384011,2.39901335358114,10.7137153674213
"syn_02304",50,1,50,4,0,24,21,8.31470201384011,2.63710719879943,10.9518092126395
"syn_02305",2,0.1,300,4,0,25,21,0.831470201384011,18.4668434990518,19.2983137004359
"syn_02306",10,0.1,300,4,0,26,21,0.831470201384011,16.5446598249457,17.3761300263297
"syn_02307",50,0.1,300,4,0,27,21,0.831470201384011,21.1123177208073,21.9437879221913
"syn_02308",2,1,300,4,0,28,21,8.31470201384011,22.9816227921703,31.2963248060104
"syn_02309",10,1,300,4,0,29,21,8.31470201384011,16.8924997590433,25.2072017728834
"syn_02310",50,1,300,4,0,30,21,8.31470201384011,16.3038950496082,24.6185970634483
"syn_02311",2,0.1,1500,4,0,31,21,0.831470201384011,66.3005990676217,67.1320692690058
"syn_02312",10,0.1,1500,4,0,32,21,0.831470201384011,70.8522944996827,71.6837647010667
"syn_02313",50,0.1,1500,4,0,33,21,0.831470201384011,87.3299201334328,88.1613903348168
"syn_02314",2,1,1500,4,0,34,21,8.31470201384011,73.4515624629749,81.766264476815
"syn_02315",10,1,1500,4,0,35,21,8.31470201384011,124.338866882147,132.653568895987
"syn_02316",50,1,1500,4,0,36,21,8.31470201384011,81.3867656056254,89.7014676194655
"syn_02317",2,0.1,50,10,0,37,21,0.831470201384011,5.78710773463412,6.61857793601813
"syn_02318",10,0.1,50,10,0,38,21,0.831470201384011,5.30004795039651,6.13151815178052
"syn_02319",50,0.1,50,10,0,39,21,0.831470201384011,7.70855489824719,8.5400250996312
"syn_02320",2,1,50,10,0,40,21,8.31470201384011,7.14273400291709,15.4574360167572
"syn_02321",10,1,50,10,0,41,21,8.31470201384011,7.29224044698797,15.6069424608281
"syn_02322",50,1,50,10,0,42,21,8.31470201384011,7.04457706191269,15.3592790757528
"syn_02323",2,0.1,300,10,0,43,21,0.831470201384011,49.3196146727918,50.1510848741758
"syn_02324",10,0.1,300,10,0,44,21,0.831470201384011,52.2025325052042,53.0340027065882
"syn_02325",50,0.1,300,10,0,45,21,0.831470201384011,47.2953304185594,48.1268006199435
"syn_02326",2,1,300,10,0,46,21,8.31470201384011,37.0453020768316,45.3600040906717
"syn_02327",10,1,300,10,0,47,21,8.31470201384011,39.6098862019808,47.924588215821
"syn_02328",50,1,300,10,0,48,21,8.31470201384011,49.5897556016325,57.9044576154726
"syn_02329",2,0.1,1500,10,0,49,21,0.831470201384011,200.790150391035,201.621620592419
"syn_02330",10,0.1,1500,10,0,50,21,0.831470201384011,172.202398560354,173.033868761738
"syn_02331",50,0.1,1500,10,0,51,21,0.831470201384011,185.453794059022,186.285264260406
"syn_02332",2,1,1500,10,0,52,21,8.31470201384011,197.511709389567,205.826411403407
"syn_02333",10,1,1500,10,0,53,21,8.31470201384011,223.777645275161,232.092347289001
"syn_02334",50,1,1500,10,0,54,21,8.31470201384011,313.510758677505,321.825460691345
"syn_02335",2,0.1,50,1,1,55,21,0.831470201384011,0.346520403285711,1.17799060466972
"syn_02336",10,0.1,50,1,1,56,21,0.831470201384011,2.06035124819506,2.89182144957907
"syn_02337",50,0.1,50,1,1,57,21,0.831470201384011,0.331305297747048,1.16277549913106
"syn_02338",2,1,50,1,1,58,21,8.31470201384011,0.694410546098489,9.0091125599386
"syn_02339",10,1,50,1,1,59,21,8.31470201384011,1.28586975872063,9.60057177256074
"syn_02340",50,1,50,1,1,60,21,8.31470201384011,1.19353759925196,9.50823961309207
"syn_02341",2,0.1,300,1,1,61,21,0.831470201384011,5.35056993852663,6.18204013991064
"syn_02342",10,0.1,300,1,1,62,21,0.831470201384011,3.14518000587064,3.97665020725465
"syn_02343",50,0.1,300,1,1,63,21,0.831470201384011,3.81483941711641,4.64630961850042
"syn_02344",2,1,300,1,1,64,21,8.31470201384011,2.9916144007339,11.306316414574
"syn_02345",10,1,300,1,1,65,21,8.31470201384011,6.76725753769314,15.0819595515332
"syn_02346",50,1,300,1,1,66,21,8.31470201384011,4.89472991102973,13.2094319248698
"syn_02347",2,0.1,1500,1,1,67,21,0.831470201384011,11.7157579433269,12.5472281447109
"syn_02348",10,0.1,1500,1,1,68,21,0.831470201384011,12.5007951226096,13.3322653239936
"syn_02349",50,0.1,1500,1,1,69,21,0.831470201384011,19.1665165189313,19.9979867203154
"syn_02350",2,1,1500,1,1,70,21,8.31470201384011,14.0684574165951,22.3831594304352
"syn_02351",10,1,1500,1,1,71,21,8.31470201384011,12.0635378060099,20.37823981985
"syn_02352",50,1,1500,1,1,72,21,8.31470201384011,13.2543942825431,21.5690962963832
"syn_02353",2,0.1,50,4,1,73,21,0.831470201384011,2.86523224802991,3.69670244941392
"syn_02354",10,0.1,50,4,1,74,21,0.831470201384011,2.43167517198045,3.26314537336447
"syn_02355",50,0.1,50,4,1,75,21,0.831470201384011,1.98954042306101,2.82101062444502
"syn_02356",2,1,50,4,1,76,21,8.31470201384011,2.04242223941965,10.3571242532598
"syn_02357",10,1,50,4,1,77,21,8.31470201384011,1.63340530544134,9.94810731928145
"syn_02358",50,1,50,4,1,78,21,8.31470201384011,1.44770114881266,9.76240316265278
"syn_02359",2,0.1,300,4,1,79,21,0.831470201384011,12.0954238332164,12.9268940346004
"syn_02360",10,0.1,300,4,1,80,21,0.831470201384011,17.2477560626533,18.0792262640374
"syn_02361",50,0.1,300,4,1,81,21,0.831470201384011,13.1772590661976,14.0087292675816
"syn_02362",2,1,300,4,1,82,21,8.31470201384011,11.7156399589876,20.0303419728278
"syn_02363",10,1,300,4,1,83,21,8.31470201384011,18.1065182656501,26.4212202794902
"syn_02364",50,1,300,4,1,84,21,8.31470201384011,16.157487620868,24.4721896347081
"syn_02365",2,0.1,1500,4,1,85,21,0.831470201384011,79.8267019449697,80.6581721463537
"syn_02366",10,0.1,1500,4,1,86,21,0.831470201384011,121.652732137122,122.484202338506
"syn_02367",50,0.1,1500,4,1,87,21,0.831470201384011,108.789068273912,109.620538475296
"syn_02368",2,1,1500,4,1,88,21,8.31470201384011,111.532889929272,119.847591943112
"syn_02369",10,1,1500,4,1,89,21,8.31470201384011,80.9643103211268,89.2790123349669
"syn_02370",50,1,1500,4,1,90,21,8.31470201384011,64.0033339007535,72.3180359145937
"syn_02371",2,0.1,50,10,1,91,21,0.831470201384011,6.1387725909106,6.97024279229462
"syn_02372",10,0.1,50,10,1,92,21,0.831470201384011,8.35278120984209,9.1842514112261
"syn_02373",50,0.1,50,10,1,93,21,0.831470201384011,8.13043387789571,8.96190407927972
"syn_02374",2,1,50,10,1,94,21,8.31470201384011,8.32921807236763,16.6439200862077
"syn_02375",10,1,50,10,1,95,21,8.31470201384011,7.04799195758253,15.3626939714226
"syn_02376",50,1,50,10,1,96,21,8.31470201384011,6.92753370039144,15.2422357142315
"syn_02377",2,0.1,300,10,1,97,21,0.831470201384011,33.112640942357,33.944111143741
"syn_02378",10,0.1,300,10,1,98,21,0.831470201384011,46.0927761821675,46.9242463835515
"syn_02379",50,0.1,300,10,1,99,21,0.831470201384011,38.1177683836859,38.9492385850699
"syn_02380",2,1,300,10,1,100,21,8.31470201384011,43.2696169348124,51.5843189486525
"syn_02381",10,1,300,10,1,101,21,8.31470201384011,31.7476193646234,40.0623213784635
"syn_02382",50,1,300,10,1,102,21,8.31470201384011,47.4673104666352,55.7820124804754
"syn_02383",2,0.1,1500,10,1,103,21,0.831470201384011,204.201625115665,205.033095317049
"syn_02384",10,0.1,1500,10,1,104,21,0.831470201384011,192.718818727218,193.550288928602
"syn_02385",50,0.1,1500,10,1,105,21,0.831470201384011,199.333232258557,200.164702459941
"syn_02386",2,1,1500,10,1,106,21,8.31470201384011,181.943006134693,190.257708148534
"syn_02387",10,1,1500,10,1,107,21,8.31470201384011,233.383051554098,241.697753567938
"syn_02388",50,1,1500,10,1,108,21,8.31470201384011,166.707506194268,175.022208208109
"syn_02389",2,0.1,NA,0,NA,109,21,0.831470201384011,0,0.831470201384011
"syn_02390",10,0.1,NA,0,NA,110,21,0.831470201384011,0,0.831470201384011
"syn_02391",50,0.1,NA,0,NA,111,21,0.831470201384011,0,0.831470201384011
"syn_02392",2,1,NA,0,NA,112,21,8.31470201384011,0,8.31470201384011
"syn_02393",10,1,NA,0,NA,113,21,8.31470201384011,0,8.31470201384011
"syn_02394",50,1,NA,0,NA,114,21,8.31470201384011,0,8.31470201384011
"syn_02395",2,0.1,50,1,0,1,22,0.831470201384011,0.330921383015295,1.16239158439931
"syn_02396",10,0.1,50,1,0,2,22,0.831470201384011,0.877815586633271,1.70928578801728
"syn_02397",50,0.1,50,1,0,3,22,0.831470201384011,0.128927894108486,0.960398095492497
"syn_02398",2,1,50,1,0,4,22,8.31470201384011,0.604957047795052,8.91965906163516
"syn_02399",10,1,50,1,0,5,22,8.31470201384011,1.13658942926852,9.45129144310863
"syn_02400",50,1,50,1,0,6,22,8.31470201384011,0.336647914127188,8.6513499279673
"syn_02401",2,0.1,300,1,0,7,22,0.831470201384011,5.36414919695828,6.19561939834229
"syn_02402",10,0.1,300,1,0,8,22,0.831470201384011,8.34525278327404,9.17672298465805
"syn_02403",50,0.1,300,1,0,9,22,0.831470201384011,4.00310303839178,4.83457323977579
"syn_02404",2,1,300,1,0,10,22,8.31470201384011,5.65971535420199,13.9744173680421
"syn_02405",10,1,300,1,0,11,22,8.31470201384011,3.60102738839251,11.9157294022326
"syn_02406",50,1,300,1,0,12,22,8.31470201384011,4.34904828072407,12.6637502945642
"syn_02407",2,0.1,1500,1,0,13,22,0.831470201384011,16.6129836076675,17.4444538090515
"syn_02408",10,0.1,1500,1,0,14,22,0.831470201384011,6.69420501224519,7.5256752136292
"syn_02409",50,0.1,1500,1,0,15,22,0.831470201384011,13.1993951438637,14.0308653452477
"syn_02410",2,1,1500,1,0,16,22,8.31470201384011,16.5105387862996,24.8252408001397
"syn_02411",10,1,1500,1,0,17,22,8.31470201384011,20.6084457543475,28.9231477681877
"syn_02412",50,1,1500,1,0,18,22,8.31470201384011,28.9847080745423,37.2994100883825
"syn_02413",2,0.1,50,4,0,19,22,0.831470201384011,3.14649207858043,3.97796227996444
"syn_02414",10,0.1,50,4,0,20,22,0.831470201384011,2.86756472902188,3.69903493040589
"syn_02415",50,0.1,50,4,0,21,22,0.831470201384011,2.52166965661346,3.35313985799747
"syn_02416",2,1,50,4,0,22,22,8.31470201384011,2.39816597754829,10.7128679913884
"syn_02417",10,1,50,4,0,23,22,8.31470201384011,2.59445299630717,10.9091550101473
"syn_02418",50,1,50,4,0,24,22,8.31470201384011,2.18409350643274,10.4987955202729
"syn_02419",2,0.1,300,4,0,25,22,0.831470201384011,15.2087080911262,16.0401782925102
"syn_02420",10,0.1,300,4,0,26,22,0.831470201384011,21.6184875255763,22.4499577269603
"syn_02421",50,0.1,300,4,0,27,22,0.831470201384011,27.4925767848097,28.3240469861937
"syn_02422",2,1,300,4,0,28,22,8.31470201384011,15.6038328808921,23.9185348947322
"syn_02423",10,1,300,4,0,29,22,8.31470201384011,21.9784907973591,30.2931928111992
"syn_02424",50,1,300,4,0,30,22,8.31470201384011,15.9479259268028,24.2626279406429
"syn_02425",2,0.1,1500,4,0,31,22,0.831470201384011,99.2617447067934,100.093214908177
"syn_02426",10,0.1,1500,4,0,32,22,0.831470201384011,114.26311054174,115.094580743124
"syn_02427",50,0.1,1500,4,0,33,22,0.831470201384011,83.878554077073,84.710024278457
"syn_02428",2,1,1500,4,0,34,22,8.31470201384011,52.70460230107,61.0193043149101
"syn_02429",10,1,1500,4,0,35,22,8.31470201384011,110.454577944125,118.769279957966
"syn_02430",50,1,1500,4,0,36,22,8.31470201384011,78.6756586573405,86.9903606711806
"syn_02431",2,0.1,50,10,0,37,22,0.831470201384011,5.31476739679102,6.14623759817503
"syn_02432",10,0.1,50,10,0,38,22,0.831470201384011,5.17769021045037,6.00916041183438
"syn_02433",50,0.1,50,10,0,39,22,0.831470201384011,5.36325842171155,6.19472862309556
"syn_02434",2,1,50,10,0,40,22,8.31470201384011,8.06502553291629,16.3797275467564
"syn_02435",10,1,50,10,0,41,22,8.31470201384011,6.44845834459282,14.7631603584329
"syn_02436",50,1,50,10,0,42,22,8.31470201384011,4.97811527787106,13.2928172917112
"syn_02437",2,0.1,300,10,0,43,22,0.831470201384011,44.3521503205901,45.1836205219741
"syn_02438",10,0.1,300,10,0,44,22,0.831470201384011,36.5288005050606,37.3602707064447
"syn_02439",50,0.1,300,10,0,45,22,0.831470201384011,43.3932595455719,44.2247297469559
"syn_02440",2,1,300,10,0,46,22,8.31470201384011,39.767829267883,48.0825312817231
"syn_02441",10,1,300,10,0,47,22,8.31470201384011,48.1020080659177,56.4167100797578
"syn_02442",50,1,300,10,0,48,22,8.31470201384011,41.0767614762422,49.3914634900823
"syn_02443",2,0.1,1500,10,0,49,22,0.831470201384011,242.237099755327,243.068569956711
"syn_02444",10,0.1,1500,10,0,50,22,0.831470201384011,203.248072845684,204.079543047068
"syn_02445",50,0.1,1500,10,0,51,22,0.831470201384011,200.702771141537,201.534241342921
"syn_02446",2,1,1500,10,0,52,22,8.31470201384011,224.053576916784,232.368278930624
"syn_02447",10,1,1500,10,0,53,22,8.31470201384011,252.182558038963,260.497260052803
"syn_02448",50,1,1500,10,0,54,22,8.31470201384011,153.506989469655,161.821691483495
"syn_02449",2,0.1,50,1,1,55,22,0.831470201384011,0.826004286487018,1.65747448787103
"syn_02450",10,0.1,50,1,1,56,22,0.831470201384011,0.460320125421894,1.29179032680591
"syn_02451",50,0.1,50,1,1,57,22,0.831470201384011,1.84782435805769,2.6792945594417
"syn_02452",2,1,50,1,1,58,22,8.31470201384011,0.999250689620436,9.31395270346055
"syn_02453",10,1,50,1,1,59,22,8.31470201384011,0.633852136816283,8.94855415065639
"syn_02454",50,1,50,1,1,60,22,8.31470201384011,2.16569029347713,10.4803923073172
"syn_02455",2,0.1,300,1,1,61,22,0.831470201384011,7.45487824669755,8.28634844808156
"syn_02456",10,0.1,300,1,1,62,22,0.831470201384011,4.88730777698286,5.71877797836688
"syn_02457",50,0.1,300,1,1,63,22,0.831470201384011,5.82071686386568,6.65218706524969
"syn_02458",2,1,300,1,1,64,22,8.31470201384011,2.98379968743928,11.2985017012794
"syn_02459",10,1,300,1,1,65,22,8.31470201384011,5.06203806529965,13.3767400791398
"syn_02460",50,1,300,1,1,66,22,8.31470201384011,2.09636844452666,10.4110704583668
"syn_02461",2,0.1,1500,1,1,67,22,0.831470201384011,11.9503482760787,12.7818184774627
"syn_02462",10,0.1,1500,1,1,68,22,0.831470201384011,13.924475060801,14.755945262185
"syn_02463",50,0.1,1500,1,1,69,22,0.831470201384011,11.6074832092815,12.4389534106655
"syn_02464",2,1,1500,1,1,70,22,8.31470201384011,26.3302809639429,34.644982977783
"syn_02465",10,1,1500,1,1,71,22,8.31470201384011,19.5514515500635,27.8661535639036
"syn_02466",50,1,1500,1,1,72,22,8.31470201384011,17.7014572513969,26.016159265237
"syn_02467",2,0.1,50,4,1,73,22,0.831470201384011,2.85713113526845,3.68860133665246
"syn_02468",10,0.1,50,4,1,74,22,0.831470201384011,2.78590780174079,3.6173780031248
"syn_02469",50,0.1,50,4,1,75,22,0.831470201384011,3.85443011855512,4.68590031993913
"syn_02470",2,1,50,4,1,76,22,8.31470201384011,1.95501325534745,10.2697152691876
"syn_02471",10,1,50,4,1,77,22,8.31470201384011,4.21303254344997,12.5277345572901
"syn_02472",50,1,50,4,1,78,22,8.31470201384011,2.38101243340567,10.6957144472458
"syn_02473",2,0.1,300,4,1,79,22,0.831470201384011,16.6575560058398,17.4890262072238
"syn_02474",10,0.1,300,4,1,80,22,0.831470201384011,21.4231874081605,22.2546576095446
"syn_02475",50,0.1,300,4,1,81,22,0.831470201384011,19.6897886699859,20.52125887137
"syn_02476",2,1,300,4,1,82,22,8.31470201384011,13.8083490991653,22.1230511130054
"syn_02477",10,1,300,4,1,83,22,8.31470201384011,18.5785107507153,26.8932127645554
"syn_02478",50,1,300,4,1,84,22,8.31470201384011,26.2252400639566,34.5399420777967
"syn_02479",2,0.1,1500,4,1,85,22,0.831470201384011,108.854109689916,109.6855798913
"syn_02480",10,0.1,1500,4,1,86,22,0.831470201384011,61.4657227334923,62.2971929348763
"syn_02481",50,0.1,1500,4,1,87,22,0.831470201384011,91.25491127038,92.086381471764
"syn_02482",2,1,1500,4,1,88,22,8.31470201384011,61.6228782551074,69.9375802689476
"syn_02483",10,1,1500,4,1,89,22,8.31470201384011,70.0383594748882,78.3530614887283
"syn_02484",50,1,1500,4,1,90,22,8.31470201384011,66.8340963366238,75.1487983504639
"syn_02485",2,0.1,50,10,1,91,22,0.831470201384011,6.9214845487636,7.75295475014761
"syn_02486",10,0.1,50,10,1,92,22,0.831470201384011,6.26542489517593,7.09689509655994
"syn_02487",50,0.1,50,10,1,93,22,0.831470201384011,7.03266475099356,7.86413495237757
"syn_02488",2,1,50,10,1,94,22,8.31470201384011,6.72243329946347,15.0371353133036
"syn_02489",10,1,50,10,1,95,22,8.31470201384011,6.1420305576353,14.4567325714754
"syn_02490",50,1,50,10,1,96,22,8.31470201384011,6.61902105634307,14.9337230701832
"syn_02491",2,0.1,300,10,1,97,22,0.831470201384011,34.9612583469762,35.7927285483602
"syn_02492",10,0.1,300,10,1,98,22,0.831470201384011,40.8380966428413,41.6695668442253
"syn_02493",50,0.1,300,10,1,99,22,0.831470201384011,36.2039013619093,37.0353715632933
"syn_02494",2,1,300,10,1,100,22,8.31470201384011,39.7482405007047,48.0629425145448
"syn_02495",10,1,300,10,1,101,22,8.31470201384011,34.8372006955229,43.151902709363
"syn_02496",50,1,300,10,1,102,22,8.31470201384011,45.7914753354244,54.1061773492645
"syn_02497",2,0.1,1500,10,1,103,22,0.831470201384011,249.44887183666,250.280342038044
"syn_02498",10,0.1,1500,10,1,104,22,0.831470201384011,218.705046443498,219.536516644882
"syn_02499",50,0.1,1500,10,1,105,22,0.831470201384011,194.588183215448,195.419653416832
"syn_02500",2,1,1500,10,1,106,22,8.31470201384011,219.820720359896,228.135422373736
"syn_02501",10,1,1500,10,1,107,22,8.31470201384011,168.108122676507,176.422824690347
"syn_02502",50,1,1500,10,1,108,22,8.31470201384011,209.274691768229,217.589393782069
"syn_02503",2,0.1,NA,0,NA,109,22,0.831470201384011,0,0.831470201384011
"syn_02504",10,0.1,NA,0,NA,110,22,0.831470201384011,0,0.831470201384011
"syn_02505",50,0.1,NA,0,NA,111,22,0.831470201384011,0,0.831470201384011
"syn_02506",2,1,NA,0,NA,112,22,8.31470201384011,0,8.31470201384011
"syn_02507",10,1,NA,0,NA,113,22,8.31470201384011,0,8.31470201384011
"syn_02508",50,1,NA,0,NA,114,22,8.31470201384011,0,8.31470201384011
"syn_02509",2,0.1,50,1,0,1,23,0.831470201384011,0.628560819723002,1.46003102110701
"syn_02510",10,0.1,50,1,0,2,23,0.831470201384011,0.488367312778779,1.31983751416279
"syn_02511",50,0.1,50,1,0,3,23,0.831470201384011,0.685694919104677,1.51716512048869
"syn_02512",2,1,50,1,0,4,23,8.31470201384011,0.299069681357124,8.61377169519723
"syn_02513",10,1,50,1,0,5,23,8.31470201384011,1.47845946000537,9.79316147384548
"syn_02514",50,1,50,1,0,6,23,8.31470201384011,0.688535346056838,9.00323735989695
"syn_02515",2,0.1,300,1,0,7,23,0.831470201384011,1.98951905454999,2.820989255934
"syn_02516",10,0.1,300,1,0,8,23,0.831470201384011,2.09900960449734,2.93047980588135
"syn_02517",50,0.1,300,1,0,9,23,0.831470201384011,4.64431510769112,5.47578530907513
"syn_02518",2,1,300,1,0,10,23,8.31470201384011,2.22581191297252,10.5405139268126
"syn_02519",10,1,300,1,0,11,23,8.31470201384011,1.5471852936797,9.86188730751981
"syn_02520",50,1,300,1,0,12,23,8.31470201384011,1.73193856769691,10.046640581537
"syn_02521",2,0.1,1500,1,0,13,23,0.831470201384011,21.9323171532459,22.7637873546299
"syn_02522",10,0.1,1500,1,0,14,23,0.831470201384011,17.7202176296331,18.5516878310171
"syn_02523",50,0.1,1500,1,0,15,23,0.831470201384011,6.76848496781465,7.59995516919866
"syn_02524",2,1,1500,1,0,16,23,8.31470201384011,18.3652742360056,26.6799762498458
"syn_02525",10,1,1500,1,0,17,23,8.31470201384011,15.0116581581424,23.3263601719825
"syn_02526",50,1,1500,1,0,18,23,8.31470201384011,64.3968852662952,72.7115872801353
"syn_02527",2,0.1,50,4,0,19,23,0.831470201384011,3.52855930658843,4.36002950797245
"syn_02528",10,0.1,50,4,0,20,23,0.831470201384011,3.48056111982663,4.31203132121064
"syn_02529",50,0.1,50,4,0,21,23,0.831470201384011,2.7245855769343,3.55605577831831
"syn_02530",2,1,50,4,0,22,23,8.31470201384011,2.64761560668474,10.9623176205249
"syn_02531",10,1,50,4,0,23,23,8.31470201384011,3.22499402940051,11.5396960432406
"syn_02532",50,1,50,4,0,24,23,8.31470201384011,3.28008924619228,11.5947912600324
"syn_02533",2,0.1,300,4,0,25,23,0.831470201384011,25.8420135247455,26.6734837261295
"syn_02534",10,0.1,300,4,0,26,23,0.831470201384011,12.0264686187578,12.8579388201418
"syn_02535",50,0.1,300,4,0,27,23,0.831470201384011,16.537988296216,17.3694584976
"syn_02536",2,1,300,4,0,28,23,8.31470201384011,19.0373467313282,27.3520487451683
"syn_02537",10,1,300,4,0,29,23,8.31470201384011,16.1487345536069,24.463436567447
"syn_02538",50,1,300,4,0,30,23,8.31470201384011,17.502574671215,25.8172766850551
"syn_02539",2,0.1,1500,4,0,31,23,0.831470201384011,79.4044774504691,80.2359476518532
"syn_02540",10,0.1,1500,4,0,32,23,0.831470201384011,61.018094907854,61.849565109238
"syn_02541",50,0.1,1500,4,0,33,23,0.831470201384011,103.086129364726,103.91759956611
"syn_02542",2,1,1500,4,0,34,23,8.31470201384011,74.9322910298867,83.2469930437268
"syn_02543",10,1,1500,4,0,35,23,8.31470201384011,96.2285479802123,104.543249994052
"syn_02544",50,1,1500,4,0,36,23,8.31470201384011,78.2600867403698,86.5747887542099
"syn_02545",2,0.1,50,10,0,37,23,0.831470201384011,5.50824967481641,6.33971987620042
"syn_02546",10,0.1,50,10,0,38,23,0.831470201384011,7.2211663052577,8.05263650664171
"syn_02547",50,0.1,50,10,0,39,23,0.831470201384011,9.45949090761297,10.290961108997
"syn_02548",2,1,50,10,0,40,23,8.31470201384011,7.81818852134937,16.1328905351895
"syn_02549",10,1,50,10,0,41,23,8.31470201384011,6.76522230800561,15.0799243218457
"syn_02550",50,1,50,10,0,42,23,8.31470201384011,7.52905313049666,15.8437551443368
"syn_02551",2,0.1,300,10,0,43,23,0.831470201384011,42.0699368436222,42.9014070450062
"syn_02552",10,0.1,300,10,0,44,23,0.831470201384011,35.7173173134823,36.5487875148663
"syn_02553",50,0.1,300,10,0,45,23,0.831470201384011,49.3749451482074,50.2064153495914
"syn_02554",2,1,300,10,0,46,23,8.31470201384011,33.1286005425566,41.4433025563967
"syn_02555",10,1,300,10,0,47,23,8.31470201384011,49.952621144659,58.2673231584991
"syn_02556",50,1,300,10,0,48,23,8.31470201384011,37.1948551580673,45.5095571719075
"syn_02557",2,0.1,1500,10,0,49,23,0.831470201384011,157.136429185865,157.967899387249
"syn_02558",10,0.1,1500,10,0,50,23,0.831470201384011,166.282110749377,167.113580950761
"syn_02559",50,0.1,1500,10,0,51,23,0.831470201384011,194.936984867837,195.768455069221
"syn_02560",2,1,1500,10,0,52,23,8.31470201384011,193.017187809335,201.331889823175
"syn_02561",10,1,1500,10,0,53,23,8.31470201384011,218.643823384835,226.958525398675
"syn_02562",50,1,1500,10,0,54,23,8.31470201384011,178.568275066254,186.882977080094
"syn_02563",2,0.1,50,1,1,55,23,0.831470201384011,0.861715750838291,1.6931859522223
"syn_02564",10,0.1,50,1,1,56,23,0.831470201384011,1.35475007242574,2.18622027380975
"syn_02565",50,0.1,50,1,1,57,23,0.831470201384011,1.63918849979485,2.47065870117886
"syn_02566",2,1,50,1,1,58,23,8.31470201384011,0.295907996874066,8.61061001071418
"syn_02567",10,1,50,1,1,59,23,8.31470201384011,0.495348426081849,8.81005043992196
"syn_02568",50,1,50,1,1,60,23,8.31470201384011,1.39310317981349,9.7078051936536
"syn_02569",2,0.1,300,1,1,61,23,0.831470201384011,4.77282908269862,5.60429928408263
"syn_02570",10,0.1,300,1,1,62,23,0.831470201384011,5.55796808518578,6.38943828656979
"syn_02571",50,0.1,300,1,1,63,23,0.831470201384011,4.81620115426553,5.64767135564954
"syn_02572",2,1,300,1,1,64,23,8.31470201384011,5.53968683812888,13.854388851969
"syn_02573",10,1,300,1,1,65,23,8.31470201384011,4.3868285594641,12.7015305733042
"syn_02574",50,1,300,1,1,66,23,8.31470201384011,3.78829794145059,12.1029999552907
"syn_02575",2,0.1,1500,1,1,67,23,0.831470201384011,13.3744719262629,14.2059421276469
"syn_02576",10,0.1,1500,1,1,68,23,0.831470201384011,18.3111415510354,19.1426117524194
"syn_02577",50,0.1,1500,1,1,69,23,0.831470201384011,22.840142816097,23.671613017481
"syn_02578",2,1,1500,1,1,70,23,8.31470201384011,17.0153099466109,25.3300119604511
"syn_02579",10,1,1500,1,1,71,23,8.31470201384011,25.3496591035201,33.6643611173603
"syn_02580",50,1,1500,1,1,72,23,8.31470201384011,32.3379438636785,40.6526458775186
"syn_02581",2,0.1,50,4,1,73,23,0.831470201384011,2.46250073291082,3.29397093429483
"syn_02582",10,0.1,50,4,1,74,23,0.831470201384011,2.65031492616939,3.4817851275534
"syn_02583",50,0.1,50,4,1,75,23,0.831470201384011,2.28251507257376,3.11398527395777
"syn_02584",2,1,50,4,1,76,23,8.31470201384011,2.41186480642615,10.7265668202663
"syn_02585",10,1,50,4,1,77,23,8.31470201384011,4.10090250094995,12.4156045147901
"syn_02586",50,1,50,4,1,78,23,8.31470201384011,1.90729436485015,10.2219963786903
"syn_02587",2,0.1,300,4,1,79,23,0.831470201384011,16.9334466242962,17.7649168256803
"syn_02588",10,0.1,300,4,1,80,23,0.831470201384011,12.683791964836,13.51526216622
"syn_02589",50,0.1,300,4,1,81,23,0.831470201384011,11.1409019557854,11.9723721571694
"syn_02590",2,1,300,4,1,82,23,8.31470201384011,17.6657963722041,25.9804983860442
"syn_02591",10,1,300,4,1,83,23,8.31470201384011,13.5689994648165,21.8837014786566
"syn_02592",50,1,300,4,1,84,23,8.31470201384011,17.7052744704767,26.0199764843168
"syn_02593",2,0.1,1500,4,1,85,23,0.831470201384011,58.0779854602399,58.9094556616239
"syn_02594",10,0.1,1500,4,1,86,23,0.831470201384011,60.4588638028921,61.2903340042762
"syn_02595",50,0.1,1500,4,1,87,23,0.831470201384011,48.6105569079282,49.4420271093122
"syn_02596",2,1,1500,4,1,88,23,8.31470201384011,59.990927553055,68.3056295668951
"syn_02597",10,1,1500,4,1,89,23,8.31470201384011,90.8023422026295,99.1170442164697
"syn_02598",50,1,1500,4,1,90,23,8.31470201384011,78.5504369076154,86.8651389214555
"syn_02599",2,0.1,50,10,1,91,23,0.831470201384011,7.75190138005941,8.58337158144342
"syn_02600",10,0.1,50,10,1,92,23,0.831470201384011,8.62980817941468,9.4612783807987
"syn_02601",50,0.1,50,10,1,93,23,0.831470201384011,7.04959219424931,7.88106239563333
"syn_02602",2,1,50,10,1,94,23,8.31470201384011,6.3211301390408,14.6358321528809
"syn_02603",10,1,50,10,1,95,23,8.31470201384011,6.21611611036512,14.5308181242052
"syn_02604",50,1,50,10,1,96,23,8.31470201384011,7.28262867862472,15.5973306924648
"syn_02605",2,0.1,300,10,1,97,23,0.831470201384011,40.3147528020151,41.1462230033991
"syn_02606",10,0.1,300,10,1,98,23,0.831470201384011,52.4151256668939,53.246595868278
"syn_02607",50,0.1,300,10,1,99,23,0.831470201384011,43.3763507190051,44.2078209203891
"syn_02608",2,1,300,10,1,100,23,8.31470201384011,40.4716176348765,48.7863196487166
"syn_02609",10,1,300,10,1,101,23,8.31470201384011,43.8323279362832,52.1470299501233
"syn_02610",50,1,300,10,1,102,23,8.31470201384011,38.1917814415124,46.5064834553525
"syn_02611",2,0.1,1500,10,1,103,23,0.831470201384011,232.578140596642,233.409610798026
"syn_02612",10,0.1,1500,10,1,104,23,0.831470201384011,163.465393836106,164.29686403749
"syn_02613",50,0.1,1500,10,1,105,23,0.831470201384011,234.354871410801,235.186341612185
"syn_02614",2,1,1500,10,1,106,23,8.31470201384011,149.978021557292,158.292723571133
"syn_02615",10,1,1500,10,1,107,23,8.31470201384011,255.745080038096,264.059782051936
"syn_02616",50,1,1500,10,1,108,23,8.31470201384011,250.372843100035,258.687545113875
"syn_02617",2,0.1,NA,0,NA,109,23,0.831470201384011,0,0.831470201384011
"syn_02618",10,0.1,NA,0,NA,110,23,0.831470201384011,0,0.831470201384011
"syn_02619",50,0.1,NA,0,NA,111,23,0.831470201384011,0,0.831470201384011
"syn_02620",2,1,NA,0,NA,112,23,8.31470201384011,0,8.31470201384011
"syn_02621",10,1,NA,0,NA,113,23,8.31470201384011,0,8.31470201384011
"syn_02622",50,1,NA,0,NA,114,23,8.31470201384011,0,8.31470201384011
"syn_02623",2,0.1,50,1,0,1,24,0.831470201384011,0.971189051318635,1.80265925270265
"syn_02624",10,0.1,50,1,0,2,24,0.831470201384011,0.430075538317388,1.2615457397014
"syn_02625",50,0.1,50,1,0,3,24,0.831470201384011,0.485323723063096,1.31679392444711
"syn_02626",2,1,50,1,0,4,24,8.31470201384011,0.958570174255227,9.27327218809534
"syn_02627",10,1,50,1,0,5,24,8.31470201384011,0.313131253935641,8.62783326777575
"syn_02628",50,1,50,1,0,6,24,8.31470201384011,0.915305819820188,9.2300078336603
"syn_02629",2,0.1,300,1,0,7,24,0.831470201384011,1.54186697347539,2.3733371748594
"syn_02630",10,0.1,300,1,0,8,24,0.831470201384011,10.1780532625537,11.0095234639377
"syn_02631",50,0.1,300,1,0,9,24,0.831470201384011,3.33526116641616,4.16673136780018
"syn_02632",2,1,300,1,0,10,24,8.31470201384011,4.85819944082281,13.1729014546629
"syn_02633",10,1,300,1,0,11,24,8.31470201384011,3.06314149556552,11.3778435094056
"syn_02634",50,1,300,1,0,12,24,8.31470201384011,2.17051364562218,10.4852156594623
"syn_02635",2,0.1,1500,1,0,13,24,0.831470201384011,10.1043584080354,10.9358286094194
"syn_02636",10,0.1,1500,1,0,14,24,0.831470201384011,9.91748892870128,10.7489591300853
"syn_02637",50,0.1,1500,1,0,15,24,0.831470201384011,17.0869544749043,17.9184246762883
"syn_02638",2,1,1500,1,0,16,24,8.31470201384011,21.7386671026052,30.0533691164453
"syn_02639",10,1,1500,1,0,17,24,8.31470201384011,15.0239081515143,23.3386101653544
"syn_02640",50,1,1500,1,0,18,24,8.31470201384011,12.1268980737642,20.4416000876043
"syn_02641",2,0.1,50,4,0,19,24,0.831470201384011,2.89275178497958,3.72422198636359
"syn_02642",10,0.1,50,4,0,20,24,0.831470201384011,3.23723104637908,4.06870124776309
"syn_02643",50,0.1,50,4,0,21,24,0.831470201384011,2.40769077852266,3.23916097990667
"syn_02644",2,1,50,4,0,22,24,8.31470201384011,2.96080835415771,11.2755103679978
"syn_02645",10,1,50,4,0,23,24,8.31470201384011,2.21224284365492,10.526944857495
"syn_02646",50,1,50,4,0,24,24,8.31470201384011,2.24308076623633,10.5577827800764
"syn_02647",2,0.1,300,4,0,25,24,0.831470201384011,12.9603412760065,13.7918114773905
"syn_02648",10,0.1,300,4,0,26,24,0.831470201384011,18.6687058157857,19.5001760171697
"syn_02649",50,0.1,300,4,0,27,24,0.831470201384011,14.4271107190262,15.2585809204102
"syn_02650",2,1,300,4,0,28,24,8.31470201384011,13.9249014427961,22.2396034566362
"syn_02651",10,1,300,4,0,29,24,8.31470201384011,14.9789932856705,23.2936952995106
"syn_02652",50,1,300,4,0,30,24,8.31470201384011,12.1750437134208,20.4897457272609
"syn_02653",2,0.1,1500,4,0,31,24,0.831470201384011,106.475649979683,107.307120181067
"syn_02654",10,0.1,1500,4,0,32,24,0.831470201384011,96.6716052340595,97.5030754354435
"syn_02655",50,0.1,1500,4,0,33,24,0.831470201384011,105.102708142382,105.934178343766
"syn_02656",2,1,1500,4,0,34,24,8.31470201384011,93.3253923969858,101.640094410826
"syn_02657",10,1,1500,4,0,35,24,8.31470201384011,91.3000544536241,99.6147564674642
"syn_02658",50,1,1500,4,0,36,24,8.31470201384011,63.8121467524765,72.1268487663166
"syn_02659",2,0.1,50,10,0,37,24,0.831470201384011,6.59756214429745,7.42903234568146
"syn_02660",10,0.1,50,10,0,38,24,0.831470201384011,5.2209340283663,6.05240422975031
"syn_02661",50,0.1,50,10,0,39,24,0.831470201384011,5.77657251712016,6.60804271850417
"syn_02662",2,1,50,10,0,40,24,8.31470201384011,7.42836476294664,15.7430667767868
"syn_02663",10,1,50,10,0,41,24,8.31470201384011,5.44480504040699,13.7595070542471
"syn_02664",50,1,50,10,0,42,24,8.31470201384011,5.89260580388261,14.2073078177227
"syn_02665",2,0.1,300,10,0,43,24,0.831470201384011,48.1692322251453,49.0007024265294
"syn_02666",10,0.1,300,10,0,44,24,0.831470201384011,46.5449857969662,47.3764559983502
"syn_02667",50,0.1,300,10,0,45,24,0.831470201384011,40.6960886168061,41.5275588181901
"syn_02668",2,1,300,10,0,46,24,8.31470201384011,48.9771961097173,57.2918981235574
"syn_02669",10,1,300,10,0,47,24,8.31470201384011,40.3935342932346,48.7082363070747
"syn_02670",50,1,300,10,0,48,24,8.31470201384011,46.4102222805807,54.7249242944208
"syn_02671",2,0.1,1500,10,0,49,24,0.831470201384011,205.846546798157,206.678016999541
"syn_02672",10,0.1,1500,10,0,50,24,0.831470201384011,237.864072730984,238.695542932368
"syn_02673",50,0.1,1500,10,0,51,24,0.831470201384011,216.303879003168,217.135349204552
"syn_02674",2,1,1500,10,0,52,24,8.31470201384011,173.413121706935,181.727823720775
"syn_02675",10,1,1500,10,0,53,24,8.31470201384011,177.986152019145,186.300854032985
"syn_02676",50,1,1500,10,0,54,24,8.31470201384011,280.234890362916,288.549592376756
"syn_02677",2,0.1,50,1,1,55,24,0.831470201384011,0.640306869974567,1.47177707135858
"syn_02678",10,0.1,50,1,1,56,24,0.831470201384011,0.709771873839808,1.54124207522382
"syn_02679",50,0.1,50,1,1,57,24,0.831470201384011,1.41548596261733,2.24695616400134
"syn_02680",2,1,50,1,1,58,24,8.31470201384011,1.42711312352842,9.74181513736853
"syn_02681",10,1,50,1,1,59,24,8.31470201384011,1.08028475111531,9.39498676495542
"syn_02682",50,1,50,1,1,60,24,8.31470201384011,0.296085231875343,8.61078724571546
"syn_02683",2,0.1,300,1,1,61,24,0.831470201384011,3.81913519154105,4.65060539292506
"syn_02684",10,0.1,300,1,1,62,24,0.831470201384011,4.29714053385928,5.1286107352433
"syn_02685",50,0.1,300,1,1,63,24,0.831470201384011,2.83208804602773,3.66355824741174
"syn_02686",2,1,300,1,1,64,24,8.31470201384011,2.2670143326538,10.5817163464939
"syn_02687",10,1,300,1,1,65,24,8.31470201384011,3.20048995521254,11.5151919690526
"syn_02688",50,1,300,1,1,66,24,8.31470201384011,6.87610015108421,15.1908021649243
"syn_02689",2,0.1,1500,1,1,67,24,0.831470201384011,15.2363360213791,16.0678062227631
"syn_02690",10,0.1,1500,1,1,68,24,0.831470201384011,18.6757438097432,19.5072140111273
"syn_02691",50,0.1,1500,1,1,69,24,0.831470201384011,24.5694143165222,25.4008845179062
"syn_02692",2,1,1500,1,1,70,24,8.31470201384011,33.1644652136834,41.4791672275235
"syn_02693",10,1,1500,1,1,71,24,8.31470201384011,12.8350686052521,21.1497706190922
"syn_02694",50,1,1500,1,1,72,24,8.31470201384011,37.3445284039695,45.6592304178097
"syn_02695",2,0.1,50,4,1,73,24,0.831470201384011,4.48217820497559,5.3136484063596
"syn_02696",10,0.1,50,4,1,74,24,0.831470201384011,5.77995030109503,6.61142050247904
"syn_02697",50,0.1,50,4,1,75,24,0.831470201384011,1.69588587205644,2.52735607344046
"syn_02698",2,1,50,4,1,76,24,8.31470201384011,2.91524160388337,11.2299436177235
"syn_02699",10,1,50,4,1,77,24,8.31470201384011,1.93630401674873,10.2510060305888
"syn_02700",50,1,50,4,1,78,24,8.31470201384011,3.25377318601107,11.5684751998512
"syn_02701",2,0.1,300,4,1,79,24,0.831470201384011,25.0655071236779,25.8969773250619
"syn_02702",10,0.1,300,4,1,80,24,0.831470201384011,16.2771895793744,17.1086597807584
"syn_02703",50,0.1,300,4,1,81,24,0.831470201384011,15.6361045354265,16.4675747368106
"syn_02704",2,1,300,4,1,82,24,8.31470201384011,15.577009180857,23.8917111946971
"syn_02705",10,1,300,4,1,83,24,8.31470201384011,17.3455635168525,25.6602655306926
"syn_02706",50,1,300,4,1,84,24,8.31470201384011,20.7796802187547,29.0943822325948
"syn_02707",2,0.1,1500,4,1,85,24,0.831470201384011,57.3024948982263,58.1339650996103
"syn_02708",10,0.1,1500,4,1,86,24,0.831470201384011,85.4662973677294,86.2977675691134
"syn_02709",50,0.1,1500,4,1,87,24,0.831470201384011,62.4173019820055,63.2487721833895
"syn_02710",2,1,1500,4,1,88,24,8.31470201384011,88.9819828125615,97.2966848264016
"syn_02711",10,1,1500,4,1,89,24,8.31470201384011,62.3150402461439,70.629742259984
"syn_02712",50,1,1500,4,1,90,24,8.31470201384011,111.475495787181,119.790197801021
"syn_02713",2,0.1,50,10,1,91,24,0.831470201384011,5.71161771559569,6.5430879169797
"syn_02714",10,0.1,50,10,1,92,24,0.831470201384011,9.80116895481255,10.6326391561966
"syn_02715",50,0.1,50,10,1,93,24,0.831470201384011,5.79825493846016,6.62972513984417
"syn_02716",2,1,50,10,1,94,24,8.31470201384011,7.15225464895919,15.4669566627993
"syn_02717",10,1,50,10,1,95,24,8.31470201384011,7.63597482177284,15.950676835613
"syn_02718",50,1,50,10,1,96,24,8.31470201384011,9.54004215047602,17.8547441643161
"syn_02719",2,0.1,300,10,1,97,24,0.831470201384011,43.0655351174508,43.8970053188348
"syn_02720",10,0.1,300,10,1,98,24,0.831470201384011,38.2984266142585,39.1298968156425
"syn_02721",50,0.1,300,10,1,99,24,0.831470201384011,51.0303687415449,51.8618389429289
"syn_02722",2,1,300,10,1,100,24,8.31470201384011,55.1586709535149,63.473372967355
"syn_02723",10,1,300,10,1,101,24,8.31470201384011,42.0866584514347,50.4013604652748
"syn_02724",50,1,300,10,1,102,24,8.31470201384011,35.9288383014722,44.2435403153123
"syn_02725",2,0.1,1500,10,1,103,24,0.831470201384011,233.19256692988,234.024037131264
"syn_02726",10,0.1,1500,10,1,104,24,0.831470201384011,254.890671148645,255.722141350029
"syn_02727",50,0.1,1500,10,1,105,24,0.831470201384011,240.514816912801,241.346287114185
"syn_02728",2,1,1500,10,1,106,24,8.31470201384011,145.390292104613,153.704994118453
"syn_02729",10,1,1500,10,1,107,24,8.31470201384011,219.362844188238,227.677546202078
"syn_02730",50,1,1500,10,1,108,24,8.31470201384011,191.141267140421,199.455969154261
"syn_02731",2,0.1,NA,0,NA,109,24,0.831470201384011,0,0.831470201384011
"syn_02732",10,0.1,NA,0,NA,110,24,0.831470201384011,0,0.831470201384011
"syn_02733",50,0.1,NA,0,NA,111,24,0.831470201384011,0,0.831470201384011
"syn_02734",2,1,NA,0,NA,112,24,8.31470201384011,0,8.31470201384011
"syn_02735",10,1,NA,0,NA,113,24,8.31470201384011,0,8.31470201384011
"syn_02736",50,1,NA,0,NA,114,24,8.31470201384011,0,8.31470201384011
"syn_02737",2,0.1,50,1,0,1,25,0.831470201384011,1.7138710357628,2.54534123714681
"syn_02738",10,0.1,50,1,0,2,25,0.831470201384011,1.84983259783924,2.68130279922325
"syn_02739",50,0.1,50,1,0,3,25,0.831470201384011,0.54609756331792,1.37756776470193
"syn_02740",2,1,50,1,0,4,25,8.31470201384011,0.481035791992768,8.79573780583288
"syn_02741",10,1,50,1,0,5,25,8.31470201384011,0.541594335264407,8.85629634910452
"syn_02742",50,1,50,1,0,6,25,8.31470201384011,0.461807696602465,8.77650971044258
"syn_02743",2,0.1,300,1,0,7,25,0.831470201384011,2.47067566032776,3.30214586171177
"syn_02744",10,0.1,300,1,0,8,25,0.831470201384011,5.27419381684765,6.10566401823166
"syn_02745",50,0.1,300,1,0,9,25,0.831470201384011,4.1585904944374,4.99006069582141
"syn_02746",2,1,300,1,0,10,25,8.31470201384011,3.02645649319094,11.3411585070311
"syn_02747",10,1,300,1,0,11,25,8.31470201384011,3.34272001293489,11.657422026775
"syn_02748",50,1,300,1,0,12,25,8.31470201384011,2.60248639090012,10.9171884047402
"syn_02749",2,0.1,1500,1,0,13,25,0.831470201384011,20.2881309813109,21.119601182695
"syn_02750",10,0.1,1500,1,0,14,25,0.831470201384011,24.977026903865,25.808497105249
"syn_02751",50,0.1,1500,1,0,15,25,0.831470201384011,18.7998158618642,19.6312860632482
"syn_02752",2,1,1500,1,0,16,25,8.31470201384011,12.5939132313886,20.9086152452287
"syn_02753",10,1,1500,1,0,17,25,8.31470201384011,20.6707802582554,28.9854822720955
"syn_02754",50,1,1500,1,0,18,25,8.31470201384011,26.9974690420409,35.312171055881
"syn_02755",2,0.1,50,4,0,19,25,0.831470201384011,1.84535884925047,2.67682905063449
"syn_02756",10,0.1,50,4,0,20,25,0.831470201384011,1.2181542190625,2.04962442044651
"syn_02757",50,0.1,50,4,0,21,25,0.831470201384011,4.05617454889007,4.88764475027408
"syn_02758",2,1,50,4,0,22,25,8.31470201384011,5.99895467699526,14.3136566908354
"syn_02759",10,1,50,4,0,23,25,8.31470201384011,2.33768947610021,10.6523914899403
"syn_02760",50,1,50,4,0,24,25,8.31470201384011,1.97264016929489,10.287342183135
"syn_02761",2,0.1,300,4,0,25,25,0.831470201384011,13.1259970135737,13.9574672149578
"syn_02762",10,0.1,300,4,0,26,25,0.831470201384011,16.1801853449591,17.0116555463431
"syn_02763",50,0.1,300,4,0,27,25,0.831470201384011,11.8416315682292,12.6731017696132
"syn_02764",2,1,300,4,0,28,25,8.31470201384011,23.6117754002105,31.9264774140506
"syn_02765",10,1,300,4,0,29,25,8.31470201384011,20.8239368560261,29.1386388698662
"syn_02766",50,1,300,4,0,30,25,8.31470201384011,14.901310704998,23.2160127188381
"syn_02767",2,0.1,1500,4,0,31,25,0.831470201384011,73.2605943243932,74.0920645257772
"syn_02768",10,0.1,1500,4,0,32,25,0.831470201384011,41.6615162825813,42.4929864839653
"syn_02769",50,0.1,1500,4,0,33,25,0.831470201384011,80.326949535637,81.158419737021
"syn_02770",2,1,1500,4,0,34,25,8.31470201384011,76.5169251939534,84.8316272077935
"syn_02771",10,1,1500,4,0,35,25,8.31470201384011,84.1260777058155,92.4407797196556
"syn_02772",50,1,1500,4,0,36,25,8.31470201384011,118.106524672203,126.421226686044
"syn_02773",2,0.1,50,10,0,37,25,0.831470201384011,6.71918735791447,7.55065755929848
"syn_02774",10,0.1,50,10,0,38,25,0.831470201384011,8.31233922918167,9.14380943056569
"syn_02775",50,0.1,50,10,0,39,25,0.831470201384011,6.89897970966991,7.73044991105392
"syn_02776",2,1,50,10,0,40,25,8.31470201384011,5.55673743564067,13.8714394494808
"syn_02777",10,1,50,10,0,41,25,8.31470201384011,6.92096302704613,15.2356650408862
"syn_02778",50,1,50,10,0,42,25,8.31470201384011,8.41801587523794,16.732717889078
"syn_02779",2,0.1,300,10,0,43,25,0.831470201384011,32.9050190892585,33.7364892906425
"syn_02780",10,0.1,300,10,0,44,25,0.831470201384011,37.3577648752257,38.1892350766097
"syn_02781",50,0.1,300,10,0,45,25,0.831470201384011,33.4425822492907,34.2740524506747
"syn_02782",2,1,300,10,0,46,25,8.31470201384011,43.6358058744004,51.9505078882405
"syn_02783",10,1,300,10,0,47,25,8.31470201384011,44.4413976756755,52.7560996895156
"syn_02784",50,1,300,10,0,48,25,8.31470201384011,50.818302734913,59.1330047487531
"syn_02785",2,0.1,1500,10,0,49,25,0.831470201384011,203.643506290031,204.474976491415
"syn_02786",10,0.1,1500,10,0,50,25,0.831470201384011,230.239033981647,231.070504183031
"syn_02787",50,0.1,1500,10,0,51,25,0.831470201384011,217.998821896514,218.830292097899
"syn_02788",2,1,1500,10,0,52,25,8.31470201384011,258.595794626729,266.910496640569
"syn_02789",10,1,1500,10,0,53,25,8.31470201384011,193.963999742202,202.278701756042
"syn_02790",50,1,1500,10,0,54,25,8.31470201384011,180.926386469877,189.241088483718
"syn_02791",2,0.1,50,1,1,55,25,0.831470201384011,0.539917358781398,1.37138756016541
"syn_02792",10,0.1,50,1,1,56,25,0.831470201384011,0.786642584811492,1.6181127861955
"syn_02793",50,0.1,50,1,1,57,25,0.831470201384011,0.921901578699933,1.75337178008394
"syn_02794",2,1,50,1,1,58,25,8.31470201384011,0.692003414822874,9.00670542866299
"syn_02795",10,1,50,1,1,59,25,8.31470201384011,0.477462660238686,8.7921646740788
"syn_02796",50,1,50,1,1,60,25,8.31470201384011,0.645056553281282,8.95975856712139
"syn_02797",2,0.1,300,1,1,61,25,0.831470201384011,2.07736964521748,2.90883984660149
"syn_02798",10,0.1,300,1,1,62,25,0.831470201384011,7.50785730731019,8.3393275086942
"syn_02799",50,0.1,300,1,1,63,25,0.831470201384011,2.46213327323352,3.29360347461753
"syn_02800",2,1,300,1,1,64,25,8.31470201384011,3.35835112139206,11.6730531352322
"syn_02801",10,1,300,1,1,65,25,8.31470201384011,2.05954136806038,10.3742433819005
"syn_02802",50,1,300,1,1,66,25,8.31470201384011,6.26007102151175,14.5747730353519
"syn_02803",2,0.1,1500,1,1,67,25,0.831470201384011,22.4895227904128,23.3209929917968
"syn_02804",10,0.1,1500,1,1,68,25,0.831470201384011,10.3377208799855,11.1691910813695
"syn_02805",50,0.1,1500,1,1,69,25,0.831470201384011,27.1977024471808,28.0291726485648
"syn_02806",2,1,1500,1,1,70,25,8.31470201384011,39.5759865599936,47.8906885738337
"syn_02807",10,1,1500,1,1,71,25,8.31470201384011,11.1545697604361,19.4692717742762
"syn_02808",50,1,1500,1,1,72,25,8.31470201384011,28.8330149969136,37.1477170107537
"syn_02809",2,0.1,50,4,1,73,25,0.831470201384011,2.45427407924878,3.28574428063279
"syn_02810",10,0.1,50,4,1,74,25,0.831470201384011,2.73522573399234,3.56669593537636
"syn_02811",50,0.1,50,4,1,75,25,0.831470201384011,2.95471677822622,3.78618697961023
"syn_02812",2,1,50,4,1,76,25,8.31470201384011,4.03564759725128,12.3503496110914
"syn_02813",10,1,50,4,1,77,25,8.31470201384011,2.44299319189987,10.75769520574
"syn_02814",50,1,50,4,1,78,25,8.31470201384011,4.68992844212792,13.004630455968
"syn_02815",2,0.1,300,4,1,79,25,0.831470201384011,24.6152085001429,25.4466787015269
"syn_02816",10,0.1,300,4,1,80,25,0.831470201384011,21.0234255333758,21.8548957347598
"syn_02817",50,0.1,300,4,1,81,25,0.831470201384011,16.5687418900499,17.4002120914339
"syn_02818",2,1,300,4,1,82,25,8.31470201384011,14.0497318498285,22.3644338636686
"syn_02819",10,1,300,4,1,83,25,8.31470201384011,17.6003010437704,25.9150030576105
"syn_02820",50,1,300,4,1,84,25,8.31470201384011,12.2766837349497,20.5913857487898
"syn_02821",2,0.1,1500,4,1,85,25,0.831470201384011,72.7122620025471,73.5437322039311
"syn_02822",10,0.1,1500,4,1,86,25,0.831470201384011,73.2229106835636,74.0543808849476
"syn_02823",50,0.1,1500,4,1,87,25,0.831470201384011,90.2847286576356,91.1161988590196
"syn_02824",2,1,1500,4,1,88,25,8.31470201384011,75.1325351449141,83.4472371587542
"syn_02825",10,1,1500,4,1,89,25,8.31470201384011,86.7301678833496,95.0448698971897
"syn_02826",50,1,1500,4,1,90,25,8.31470201384011,54.2202353713862,62.5349373852263
"syn_02827",2,0.1,50,10,1,91,25,0.831470201384011,6.4410055126797,7.27247571406371
"syn_02828",10,0.1,50,10,1,92,25,0.831470201384011,6.14021114877647,6.97168135016048
"syn_02829",50,0.1,50,10,1,93,25,0.831470201384011,7.29714449239831,8.12861469378232
"syn_02830",2,1,50,10,1,94,25,8.31470201384011,6.50089696326341,14.8155989771035
"syn_02831",10,1,50,10,1,95,25,8.31470201384011,9.93423715037543,18.2489391642155
"syn_02832",50,1,50,10,1,96,25,8.31470201384011,4.86266250615661,13.1773645199967
"syn_02833",2,0.1,300,10,1,97,25,0.831470201384011,40.7870564954691,41.6185266968531
"syn_02834",10,0.1,300,10,1,98,25,0.831470201384011,40.7402534617717,41.5717236631557
"syn_02835",50,0.1,300,10,1,99,25,0.831470201384011,36.5342861416788,37.3657563430628
"syn_02836",2,1,300,10,1,100,25,8.31470201384011,37.4252350553837,45.7399370692238
"syn_02837",10,1,300,10,1,101,25,8.31470201384011,39.092271585394,47.4069735992341
"syn_02838",50,1,300,10,1,102,25,8.31470201384011,42.3635507250375,50.6782527388776
"syn_02839",2,0.1,1500,10,1,103,25,0.831470201384011,183.039400509172,183.870870710556
"syn_02840",10,0.1,1500,10,1,104,25,0.831470201384011,225.611488939909,226.442959141293
"syn_02841",50,0.1,1500,10,1,105,25,0.831470201384011,186.97579435153,187.807264552914
"syn_02842",2,1,1500,10,1,106,25,8.31470201384011,229.219679981755,237.534381995595
"syn_02843",10,1,1500,10,1,107,25,8.31470201384011,190.631504371572,198.946206385412
"syn_02844",50,1,1500,10,1,108,25,8.31470201384011,176.486256127707,184.800958141547
"syn_02845",2,0.1,NA,0,NA,109,25,0.831470201384011,0,0.831470201384011
"syn_02846",10,0.1,NA,0,NA,110,25,0.831470201384011,0,0.831470201384011
"syn_02847",50,0.1,NA,0,NA,111,25,0.831470201384011,0,0.831470201384011
"syn_02848",2,1,NA,0,NA,112,25,8.31470201384011,0,8.31470201384011
"syn_02849",10,1,NA,0,NA,113,25,8.31470201384011,0,8.31470201384011
"syn_02850",50,1,NA,0,NA,114,25,8.31470201384011,0,8.31470201384011
"syn_02851",2,0.1,50,1,0,1,26,0.831470201384011,0.381339732860476,1.21280993424449
"syn_02852",10,0.1,50,1,0,2,26,0.831470201384011,0.565679619889981,1.39714982127399
"syn_02853",50,0.1,50,1,0,3,26,0.831470201384011,1.24718319877188,2.07865340015589
"syn_02854",2,1,50,1,0,4,26,8.31470201384011,0.461595759351198,8.77629777319131
"syn_02855",10,1,50,1,0,5,26,8.31470201384011,1.027553841263,9.34225585510311
"syn_02856",50,1,50,1,0,6,26,8.31470201384011,0.423462191297848,8.73816420513796
"syn_02857",2,0.1,300,1,0,7,26,0.831470201384011,4.12832225023267,4.95979245161668
"syn_02858",10,0.1,300,1,0,8,26,0.831470201384011,6.51093037038751,7.34240057177152
"syn_02859",50,0.1,300,1,0,9,26,0.831470201384011,2.23932887230127,3.07079907368528
"syn_02860",2,1,300,1,0,10,26,8.31470201384011,4.60041861160839,12.9151206254485
"syn_02861",10,1,300,1,0,11,26,8.31470201384011,4.5158396816351,12.8305416954752
"syn_02862",50,1,300,1,0,12,26,8.31470201384011,4.8720015823719,13.186703596212
"syn_02863",2,0.1,1500,1,0,13,26,0.831470201384011,14.3667884986609,15.1982587000449
"syn_02864",10,0.1,1500,1,0,14,26,0.831470201384011,39.3097407901714,40.1412109915554
"syn_02865",50,0.1,1500,1,0,15,26,0.831470201384011,13.2570797433785,14.0885499447625
"syn_02866",2,1,1500,1,0,16,26,8.31470201384011,14.624967318598,22.9396693324381
"syn_02867",10,1,1500,1,0,17,26,8.31470201384011,19.6893257467982,28.0040277606383
"syn_02868",50,1,1500,1,0,18,26,8.31470201384011,9.07313641654654,17.3878384303867
"syn_02869",2,0.1,50,4,0,19,26,0.831470201384011,2.68108785685507,3.51255805823908
"syn_02870",10,0.1,50,4,0,20,26,0.831470201384011,2.3569619377485,3.18843213913251
"syn_02871",50,0.1,50,4,0,21,26,0.831470201384011,2.724016600909,3.55548680229301
"syn_02872",2,1,50,4,0,22,26,8.31470201384011,1.64089881102661,9.95560082486672
"syn_02873",10,1,50,4,0,23,26,8.31470201384011,2.32656096335409,10.6412629771942
"syn_02874",50,1,50,4,0,24,26,8.31470201384011,2.89744725228721,11.2121492661273
"syn_02875",2,0.1,300,4,0,25,26,0.831470201384011,16.2395786721339,17.0710488735179
"syn_02876",10,0.1,300,4,0,26,26,0.831470201384011,17.1655517116263,17.9970219130103
"syn_02877",50,0.1,300,4,0,27,26,0.831470201384011,16.5548313327189,17.3863015341029
"syn_02878",2,1,300,4,0,28,26,8.31470201384011,18.3042642702055,26.6189662840456
"syn_02879",10,1,300,4,0,29,26,8.31470201384011,13.2911316009948,21.6058336148349
"syn_02880",50,1,300,4,0,30,26,8.31470201384011,14.2542132627367,22.5689152765769
"syn_02881",2,0.1,1500,4,0,31,26,0.831470201384011,61.3131813453798,62.1446515467638
"syn_02882",10,0.1,1500,4,0,32,26,0.831470201384011,77.8573356498774,78.6888058512614
"syn_02883",50,0.1,1500,4,0,33,26,0.831470201384011,87.7784679229406,88.6099381243246
"syn_02884",2,1,1500,4,0,34,26,8.31470201384011,72.1942702851701,80.5089722990103
"syn_02885",10,1,1500,4,0,35,26,8.31470201384011,57.6173763639511,65.9320783777912
"syn_02886",50,1,1500,4,0,36,26,8.31470201384011,104.002066206087,112.316768219927
"syn_02887",2,0.1,50,10,0,37,26,0.831470201384011,7.96914709842962,8.80061729981363
"syn_02888",10,0.1,50,10,0,38,26,0.831470201384011,7.33892963779473,8.17039983917874
"syn_02889",50,0.1,50,10,0,39,26,0.831470201384011,6.93724835153812,7.76871855292213
"syn_02890",2,1,50,10,0,40,26,8.31470201384011,6.31648672196403,14.6311887358041
"syn_02891",10,1,50,10,0,41,26,8.31470201384011,8.04955518764381,16.3642572014839
"syn_02892",50,1,50,10,0,42,26,8.31470201384011,7.03856652674405,15.3532685405842
"syn_02893",2,0.1,300,10,0,43,26,0.831470201384011,48.7472611694703,49.5787313708543
"syn_02894",10,0.1,300,10,0,44,26,0.831470201384011,37.6935348164446,38.5250050178287
"syn_02895",50,0.1,300,10,0,45,26,0.831470201384011,41.777918578165,42.609388779549
"syn_02896",2,1,300,10,0,46,26,8.31470201384011,37.582248005682,45.8969500195221
"syn_02897",10,1,300,10,0,47,26,8.31470201384011,40.0508354023271,48.3655374161672
"syn_02898",50,1,300,10,0,48,26,8.31470201384011,45.374782943761,53.6894849576012
"syn_02899",2,0.1,1500,10,0,49,26,0.831470201384011,282.543294765719,283.374764967103
"syn_02900",10,0.1,1500,10,0,50,26,0.831470201384011,184.617025281376,185.44849548276
"syn_02901",50,0.1,1500,10,0,51,26,0.831470201384011,182.046969923524,182.878440124908
"syn_02902",2,1,1500,10,0,52,26,8.31470201384011,215.084977503659,223.399679517499
"syn_02903",10,1,1500,10,0,53,26,8.31470201384011,189.018255952777,197.332957966617
"syn_02904",50,1,1500,10,0,54,26,8.31470201384011,215.790943465021,224.105645478862
"syn_02905",2,0.1,50,1,1,55,26,0.831470201384011,0.517446750219096,1.34891695160311
"syn_02906",10,0.1,50,1,1,56,26,0.831470201384011,0.761599920369025,1.59307012175304
"syn_02907",50,0.1,50,1,1,57,26,0.831470201384011,0.339266407156666,1.17073660854068
"syn_02908",2,1,50,1,1,58,26,8.31470201384011,0.548202339130609,8.86290435297072
"syn_02909",10,1,50,1,1,59,26,8.31470201384011,0.259205012687485,8.5739070265276
"syn_02910",50,1,50,1,1,60,26,8.31470201384011,0.438786140512117,8.75348815435223
"syn_02911",2,0.1,300,1,1,61,26,0.831470201384011,4.69815960844243,5.52962980982644
"syn_02912",10,0.1,300,1,1,62,26,0.831470201384011,10.5014161090398,11.3328863104238
"syn_02913",50,0.1,300,1,1,63,26,0.831470201384011,4.25773283186525,5.08920303324926
"syn_02914",2,1,300,1,1,64,26,8.31470201384011,3.77453145348507,12.0892334673252
"syn_02915",10,1,300,1,1,65,26,8.31470201384011,7.90266910719933,16.2173711210394
"syn_02916",50,1,300,1,1,66,26,8.31470201384011,1.42256363059149,9.7372656444316
"syn_02917",2,0.1,1500,1,1,67,26,0.831470201384011,19.495071502322,20.326541703706
"syn_02918",10,0.1,1500,1,1,68,26,0.831470201384011,19.1665913511136,19.9980615524976
"syn_02919",50,0.1,1500,1,1,69,26,0.831470201384011,18.4899013125257,19.3213715139098
"syn_02920",2,1,1500,1,1,70,26,8.31470201384011,13.8666460287488,22.1813480425889
"syn_02921",10,1,1500,1,1,71,26,8.31470201384011,27.2361256429013,35.5508276567414
"syn_02922",50,1,1500,1,1,72,26,8.31470201384011,12.7383950915217,21.0530971053618
"syn_02923",2,0.1,50,4,1,73,26,0.831470201384011,2.28899162915118,3.12046183053519
"syn_02924",10,0.1,50,4,1,74,26,0.831470201384011,1.96173977047102,2.79320997185503
"syn_02925",50,0.1,50,4,1,75,26,0.831470201384011,3.37705974317269,4.2085299445567
"syn_02926",2,1,50,4,1,76,26,8.31470201384011,2.68144111445314,10.9961431282933
"syn_02927",10,1,50,4,1,77,26,8.31470201384011,4.33474014066744,12.6494421545076
"syn_02928",50,1,50,4,1,78,26,8.31470201384011,2.19193670673807,10.5066387205782
"syn_02929",2,0.1,300,4,1,79,26,0.831470201384011,16.1578998236569,16.9893700250409
"syn_02930",10,0.1,300,4,1,80,26,0.831470201384011,14.3319189201386,15.1633891215226
"syn_02931",50,0.1,300,4,1,81,26,0.831470201384011,16.5520431991681,17.3835134005521
"syn_02932",2,1,300,4,1,82,26,8.31470201384011,15.4240317500127,23.7387337638528
"syn_02933",10,1,300,4,1,83,26,8.31470201384011,16.7269373555814,25.0416393694215
"syn_02934",50,1,300,4,1,84,26,8.31470201384011,15.2752711334814,23.5899731473215
"syn_02935",2,0.1,1500,4,1,85,26,0.831470201384011,64.823373535771,65.654843737155
"syn_02936",10,0.1,1500,4,1,86,26,0.831470201384011,58.2687603006048,59.1002305019888
"syn_02937",50,0.1,1500,4,1,87,26,0.831470201384011,49.9811306543033,50.8126008556873
"syn_02938",2,1,1500,4,1,88,26,8.31470201384011,93.7010294878204,102.015731501661
"syn_02939",10,1,1500,4,1,89,26,8.31470201384011,67.4058132878339,75.7205153016741
"syn_02940",50,1,1500,4,1,90,26,8.31470201384011,135.055947909805,143.370649923645
"syn_02941",2,0.1,50,10,1,91,26,0.831470201384011,6.24043223624763,7.07190243763164
"syn_02942",10,0.1,50,10,1,92,26,0.831470201384011,6.30977878395126,7.14124898533527
"syn_02943",50,0.1,50,10,1,93,26,0.831470201384011,7.11313230413562,7.94460250551963
"syn_02944",2,1,50,10,1,94,26,8.31470201384011,7.0349483379836,15.3496503518237
"syn_02945",10,1,50,10,1,95,26,8.31470201384011,8.3252887816845,16.6399907955246
"syn_02946",50,1,50,10,1,96,26,8.31470201384011,7.67975323805683,15.9944552518969
"syn_02947",2,0.1,300,10,1,97,26,0.831470201384011,46.178538583012,47.010008784396
"syn_02948",10,0.1,300,10,1,98,26,0.831470201384011,33.8730194310657,34.7044896324497
"syn_02949",50,0.1,300,10,1,99,26,0.831470201384011,42.1905526312048,43.0220228325888
"syn_02950",2,1,300,10,1,100,26,8.31470201384011,36.800474380032,45.1151763938721
"syn_02951",10,1,300,10,1,101,26,8.31470201384011,42.1304027716605,50.4451047855006
"syn_02952",50,1,300,10,1,102,26,8.31470201384011,36.4270135924506,44.7417156062907
"syn_02953",2,0.1,1500,10,1,103,26,0.831470201384011,235.915877000675,236.747347202059
"syn_02954",10,0.1,1500,10,1,104,26,0.831470201384011,202.181900971114,203.013371172498
"syn_02955",50,0.1,1500,10,1,105,26,0.831470201384011,243.245637528807,244.077107730191
"syn_02956",2,1,1500,10,1,106,26,8.31470201384011,220.656285709975,228.970987723815
"syn_02957",10,1,1500,10,1,107,26,8.31470201384011,236.596424225579,244.911126239419
"syn_02958",50,1,1500,10,1,108,26,8.31470201384011,223.428364583721,231.743066597562
"syn_02959",2,0.1,NA,0,NA,109,26,0.831470201384011,0,0.831470201384011
"syn_02960",10,0.1,NA,0,NA,110,26,0.831470201384011,0,0.831470201384011
"syn_02961",50,0.1,NA,0,NA,111,26,0.831470201384011,0,0.831470201384011
"syn_02962",2,1,NA,0,NA,112,26,8.31470201384011,0,8.31470201384011
"syn_02963",10,1,NA,0,NA,113,26,8.31470201384011,0,8.31470201384011
"syn_02964",50,1,NA,0,NA,114,26,8.31470201384011,0,8.31470201384011
"syn_02965",2,0.1,50,1,0,1,27,0.831470201384011,0.349229160317749,1.18069936170176
"syn_02966",10,0.1,50,1,0,2,27,0.831470201384011,0.453981384562873,1.28545158594688
"syn_02967",50,0.1,50,1,0,3,27,0.831470201384011,0.373553720503144,1.20502392188715
"syn_02968",2,1,50,1,0,4,27,8.31470201384011,0.488256316179256,8.80295833001937
"syn_02969",10,1,50,1,0,5,27,8.31470201384011,0.489655044876908,8.80435705871702
"syn_02970",50,1,50,1,0,6,27,8.31470201384011,0.903172350824284,9.21787436466439
"syn_02971",2,0.1,300,1,0,7,27,0.831470201384011,6.37558825723462,7.20705845861863
"syn_02972",10,0.1,300,1,0,8,27,0.831470201384011,1.60933171549878,2.44080191688279
"syn_02973",50,0.1,300,1,0,9,27,0.831470201384011,1.78383182149764,2.61530202288165
"syn_02974",2,1,300,1,0,10,27,8.31470201384011,1.68271591753942,9.99741793137953
"syn_02975",10,1,300,1,0,11,27,8.31470201384011,2.68931768567188,11.004019699512
"syn_02976",50,1,300,1,0,12,27,8.31470201384011,4.62683362468677,12.9415356385269
"syn_02977",2,0.1,1500,1,0,13,27,0.831470201384011,24.2267090643034,25.0581792656874
"syn_02978",10,0.1,1500,1,0,14,27,0.831470201384011,19.3845258959583,20.2159960973423
"syn_02979",50,0.1,1500,1,0,15,27,0.831470201384011,13.4577888901307,14.2892590915147
"syn_02980",2,1,1500,1,0,16,27,8.31470201384011,11.3069644234981,19.6216664373382
"syn_02981",10,1,1500,1,0,17,27,8.31470201384011,25.9997044288826,34.3144064427227
"syn_02982",50,1,1500,1,0,18,27,8.31470201384011,10.1059030042305,18.4206050180706
"syn_02983",2,0.1,50,4,0,19,27,0.831470201384011,2.31492880926124,3.14639901064525
"syn_02984",10,0.1,50,4,0,20,27,0.831470201384011,2.52989305070356,3.36136325208757
"syn_02985",50,0.1,50,4,0,21,27,0.831470201384011,1.87863739178759,2.7101075931716
"syn_02986",2,1,50,4,0,22,27,8.31470201384011,1.65657979395141,9.97128180779152
"syn_02987",10,1,50,4,0,23,27,8.31470201384011,2.27981784360191,10.594519857442
"syn_02988",50,1,50,4,0,24,27,8.31470201384011,1.98435780782735,10.2990598216675
"syn_02989",2,0.1,300,4,0,25,27,0.831470201384011,16.3742153958094,17.2056855971934
"syn_02990",10,0.1,300,4,0,26,27,0.831470201384011,15.154716107539,15.9861863089231
"syn_02991",50,0.1,300,4,0,27,27,0.831470201384011,27.0160929068171,27.8475631082011
"syn_02992",2,1,300,4,0,28,27,8.31470201384011,9.31359221345103,17.6282942272911
"syn_02993",10,1,300,4,0,29,27,8.31470201384011,19.4099420042977,27.7246440181378
"syn_02994",50,1,300,4,0,30,27,8.31470201384011,18.9466271128897,27.2613291267298
"syn_02995",2,0.1,1500,4,0,31,27,0.831470201384011,72.7566517972293,73.5881219986133
"syn_02996",10,0.1,1500,4,0,32,27,0.831470201384011,61.0238477824136,61.8553179837976
"syn_02997",50,0.1,1500,4,0,33,27,0.831470201384011,69.9416207019551,70.7730909033392
"syn_02998",2,1,1500,4,0,34,27,8.31470201384011,103.514575023911,111.829277037751
"syn_02999",10,1,1500,4,0,35,27,8.31470201384011,65.1737946388139,73.488496652654
"syn_03000",50,1,1500,4,0,36,27,8.31470201384011,69.7913561803368,78.1060581941769
"syn_03001",2,0.1,50,10,0,37,27,0.831470201384011,6.55582022592527,7.38729042730929
"syn_03002",10,0.1,50,10,0,38,27,0.831470201384011,7.0114362329711,7.84290643435511
"syn_03003",50,0.1,50,10,0,39,27,0.831470201384011,6.97088084043668,7.80235104182069
"syn_03004",2,1,50,10,0,40,27,8.31470201384011,6.16777774513112,14.4824797589712
"syn_03005",10,1,50,10,0,41,27,8.31470201384011,8.99007178417195,17.3047737980121
"syn_03006",50,1,50,10,0,42,27,8.31470201384011,7.45652098325428,15.7712229970944
"syn_03007",2,0.1,300,10,0,43,27,0.831470201384011,40.3504026248179,41.1818728262019
"syn_03008",10,0.1,300,10,0,44,27,0.831470201384011,41.7602932616824,42.5917634630664
"syn_03009",50,0.1,300,10,0,45,27,0.831470201384011,42.9222474025343,43.7537176039183
"syn_03010",2,1,300,10,0,46,27,8.31470201384011,51.8142590603157,60.1289610741558
"syn_03011",10,1,300,10,0,47,27,8.31470201384011,32.7979008613753,41.1126028752154
"syn_03012",50,1,300,10,0,48,27,8.31470201384011,38.2387000307012,46.5534020445414
"syn_03013",2,0.1,1500,10,0,49,27,0.831470201384011,201.098947695765,201.930417897149
"syn_03014",10,0.1,1500,10,0,50,27,0.831470201384011,200.936216169527,201.767686370911
"syn_03015",50,0.1,1500,10,0,51,27,0.831470201384011,251.814481839872,252.645952041256
"syn_03016",2,1,1500,10,0,52,27,8.31470201384011,204.557256683255,212.871958697096
"syn_03017",10,1,1500,10,0,53,27,8.31470201384011,205.806963021179,214.121665035019
"syn_03018",50,1,1500,10,0,54,27,8.31470201384011,195.309926864092,203.624628877933
"syn_03019",2,0.1,50,1,1,55,27,0.831470201384011,0.545647128522637,1.37711732990665
"syn_03020",10,0.1,50,1,1,56,27,0.831470201384011,1.15088700861134,1.98235720999535
"syn_03021",50,0.1,50,1,1,57,27,0.831470201384011,0.442628955192197,1.27409915657621
"syn_03022",2,1,50,1,1,58,27,8.31470201384011,0.595587952373471,8.91028996621358
"syn_03023",10,1,50,1,1,59,27,8.31470201384011,0.723385642630607,9.03808765647072
"syn_03024",50,1,50,1,1,60,27,8.31470201384011,0.566585660715565,8.88128767455568
"syn_03025",2,0.1,300,1,1,61,27,0.831470201384011,8.48288358362503,9.31435378500904
"syn_03026",10,0.1,300,1,1,62,27,0.831470201384011,4.99374081200269,5.8252110133867
"syn_03027",50,0.1,300,1,1,63,27,0.831470201384011,1.50983853828667,2.34130873967069
"syn_03028",2,1,300,1,1,64,27,8.31470201384011,5.35233406579293,13.667036079633
"syn_03029",10,1,300,1,1,65,27,8.31470201384011,3.21740863002624,11.5321106438663
"syn_03030",50,1,300,1,1,66,27,8.31470201384011,1.58818559915755,9.90288761299767
"syn_03031",2,0.1,1500,1,1,67,27,0.831470201384011,19.7673619469908,20.5988321483748
"syn_03032",10,0.1,1500,1,1,68,27,0.831470201384011,15.8209401005379,16.6524103019219
"syn_03033",50,0.1,1500,1,1,69,27,0.831470201384011,23.0901537118241,23.9216239132081
"syn_03034",2,1,1500,1,1,70,27,8.31470201384011,18.4623530897452,26.7770551035853
"syn_03035",10,1,1500,1,1,71,27,8.31470201384011,14.3028694999922,22.6175715138323
"syn_03036",50,1,1500,1,1,72,27,8.31470201384011,10.8952008949744,19.2099029088145
"syn_03037",2,0.1,50,4,1,73,27,0.831470201384011,2.29416872604478,3.12563892742879
"syn_03038",10,0.1,50,4,1,74,27,0.831470201384011,1.8498609544419,2.68133115582592
"syn_03039",50,0.1,50,4,1,75,27,0.831470201384011,2.30015594425779,3.1316261456418
"syn_03040",2,1,50,4,1,76,27,8.31470201384011,2.2270111383912,10.5417131522313
"syn_03041",10,1,50,4,1,77,27,8.31470201384011,2.18566976276657,10.5003717766067
"syn_03042",50,1,50,4,1,78,27,8.31470201384011,2.55576116537818,10.8704631792183
"syn_03043",2,0.1,300,4,1,79,27,0.831470201384011,19.1865387074882,20.0180089088722
"syn_03044",10,0.1,300,4,1,80,27,0.831470201384011,13.4744020740648,14.3058722754488
"syn_03045",50,0.1,300,4,1,81,27,0.831470201384011,10.4578685922863,11.2893387936703
"syn_03046",2,1,300,4,1,82,27,8.31470201384011,16.0310216582669,24.345723672107
"syn_03047",10,1,300,4,1,83,27,8.31470201384011,17.1200415996139,25.434743613454
"syn_03048",50,1,300,4,1,84,27,8.31470201384011,15.7970240519396,24.1117260657797
"syn_03049",2,0.1,1500,4,1,85,27,0.831470201384011,76.9576263880658,77.7890965894498
"syn_03050",10,0.1,1500,4,1,86,27,0.831470201384011,75.6852941690638,76.5167643704478
"syn_03051",50,0.1,1500,4,1,87,27,0.831470201384011,66.4077722295036,67.2392424308876
"syn_03052",2,1,1500,4,1,88,27,8.31470201384011,111.749233100845,120.063935114685
"syn_03053",10,1,1500,4,1,89,27,8.31470201384011,48.7770105687895,57.0917125826296
"syn_03054",50,1,1500,4,1,90,27,8.31470201384011,166.350701192027,174.665403205867
"syn_03055",2,0.1,50,10,1,91,27,0.831470201384011,6.3577023458873,7.18917254727131
"syn_03056",10,0.1,50,10,1,92,27,0.831470201384011,5.98218535232766,6.81365555371167
"syn_03057",50,0.1,50,10,1,93,27,0.831470201384011,8.78676131242111,9.61823151380512
"syn_03058",2,1,50,10,1,94,27,8.31470201384011,5.81754375921921,14.1322457730593
"syn_03059",10,1,50,10,1,95,27,8.31470201384011,6.52765312675217,14.8423551405923
"syn_03060",50,1,50,10,1,96,27,8.31470201384011,5.64367115136062,13.9583731652007
"syn_03061",2,0.1,300,10,1,97,27,0.831470201384011,44.4808464182604,45.3123166196444
"syn_03062",10,0.1,300,10,1,98,27,0.831470201384011,36.5595349844344,37.3910051858184
"syn_03063",50,0.1,300,10,1,99,27,0.831470201384011,37.6512873844696,38.4827575858536
"syn_03064",2,1,300,10,1,100,27,8.31470201384011,56.3196288174908,64.634330831331
"syn_03065",10,1,300,10,1,101,27,8.31470201384011,50.2058598270213,58.5205618408614
"syn_03066",50,1,300,10,1,102,27,8.31470201384011,39.9320648874203,48.2467669012604
"syn_03067",2,0.1,1500,10,1,103,27,0.831470201384011,187.796402061322,188.627872262706
"syn_03068",10,0.1,1500,10,1,104,27,0.831470201384011,204.18811820116,205.019588402544
"syn_03069",50,0.1,1500,10,1,105,27,0.831470201384011,227.146653255717,227.978123457101
"syn_03070",2,1,1500,10,1,106,27,8.31470201384011,277.898986089742,286.213688103582
"syn_03071",10,1,1500,10,1,107,27,8.31470201384011,238.635315891295,246.950017905135
"syn_03072",50,1,1500,10,1,108,27,8.31470201384011,237.016690432357,245.331392446197
"syn_03073",2,0.1,NA,0,NA,109,27,0.831470201384011,0,0.831470201384011
"syn_03074",10,0.1,NA,0,NA,110,27,0.831470201384011,0,0.831470201384011
"syn_03075",50,0.1,NA,0,NA,111,27,0.831470201384011,0,0.831470201384011
"syn_03076",2,1,NA,0,NA,112,27,8.31470201384011,0,8.31470201384011
"syn_03077",10,1,NA,0,NA,113,27,8.31470201384011,0,8.31470201384011
"syn_03078",50,1,NA,0,NA,114,27,8.31470201384011,0,8.31470201384011
"syn_03079",2,0.1,50,1,0,1,28,0.831470201384011,0.232425263182249,1.06389546456626
"syn_03080",10,0.1,50,1,0,2,28,0.831470201384011,1.02379641648974,1.85526661787375
"syn_03081",50,0.1,50,1,0,3,28,0.831470201384011,0.671356209097299,1.50282641048131
"syn_03082",2,1,50,1,0,4,28,8.31470201384011,0.918102184739228,9.23280419857934
"syn_03083",10,1,50,1,0,5,28,8.31470201384011,0.660350646306326,8.97505266014644
"syn_03084",50,1,50,1,0,6,28,8.31470201384011,0.554466104166979,8.86916811800709
"syn_03085",2,0.1,300,1,0,7,28,0.831470201384011,2.27152067771746,3.10299087910147
"syn_03086",10,0.1,300,1,0,8,28,0.831470201384011,6.52437235911959,7.3558425605036
"syn_03087",50,0.1,300,1,0,9,28,0.831470201384011,3.7455075702358,4.57697777161981
"syn_03088",2,1,300,1,0,10,28,8.31470201384011,1.31743123909563,9.63213325293574
"syn_03089",10,1,300,1,0,11,28,8.31470201384011,7.10177857022144,15.4164805840616
"syn_03090",50,1,300,1,0,12,28,8.31470201384011,3.77422244043602,12.0889244542761
"syn_03091",2,0.1,1500,1,0,13,28,0.831470201384011,38.3403192659608,39.1717894673449
"syn_03092",10,0.1,1500,1,0,14,28,0.831470201384011,22.9357887203304,23.7672589217144
"syn_03093",50,0.1,1500,1,0,15,28,0.831470201384011,26.4293279235276,27.2607981249116
"syn_03094",2,1,1500,1,0,16,28,8.31470201384011,26.5357148174143,34.8504168312544
"syn_03095",10,1,1500,1,0,17,28,8.31470201384011,8.58845030747459,16.9031523213147
"syn_03096",50,1,1500,1,0,18,28,8.31470201384011,29.4357212785218,37.7504232923619
"syn_03097",2,0.1,50,4,0,19,28,0.831470201384011,2.25878390366827,3.09025410505228
"syn_03098",10,0.1,50,4,0,20,28,0.831470201384011,2.37456032291475,3.20603052429876
"syn_03099",50,0.1,50,4,0,21,28,0.831470201384011,2.15098425695984,2.98245445834385
"syn_03100",2,1,50,4,0,22,28,8.31470201384011,2.75904048950794,11.073742503348
"syn_03101",10,1,50,4,0,23,28,8.31470201384011,2.33132442745346,10.6460264412936
"syn_03102",50,1,50,4,0,24,28,8.31470201384011,1.97558651727861,10.2902885311187
"syn_03103",2,0.1,300,4,0,25,28,0.831470201384011,16.7117861685237,17.5432563699077
"syn_03104",10,0.1,300,4,0,26,28,0.831470201384011,15.8267886308989,16.6582588322829
"syn_03105",50,0.1,300,4,0,27,28,0.831470201384011,33.8618927942083,34.6933629955923
"syn_03106",2,1,300,4,0,28,28,8.31470201384011,18.5460887105412,26.8607907243813
"syn_03107",10,1,300,4,0,29,28,8.31470201384011,15.5060882201441,23.8207902339843
"syn_03108",50,1,300,4,0,30,28,8.31470201384011,12.7390505783859,21.053752592226
"syn_03109",2,0.1,1500,4,0,31,28,0.831470201384011,86.3909176392473,87.2223878406313
"syn_03110",10,0.1,1500,4,0,32,28,0.831470201384011,93.4820923837405,94.3135625851245
"syn_03111",50,0.1,1500,4,0,33,28,0.831470201384011,92.9058344279477,93.7373046293317
"syn_03112",2,1,1500,4,0,34,28,8.31470201384011,161.473394919729,169.788096933569
"syn_03113",10,1,1500,4,0,35,28,8.31470201384011,44.9974886179444,53.3121906317845
"syn_03114",50,1,1500,4,0,36,28,8.31470201384011,87.6543733877917,95.9690754016318
"syn_03115",2,0.1,50,10,0,37,28,0.831470201384011,7.43470140816318,8.26617160954719
"syn_03116",10,0.1,50,10,0,38,28,0.831470201384011,6.74561367100279,7.5770838723868
"syn_03117",50,0.1,50,10,0,39,28,0.831470201384011,6.83282037129095,7.66429057267496
"syn_03118",2,1,50,10,0,40,28,8.31470201384011,8.72058728921441,17.0352893030545
"syn_03119",10,1,50,10,0,41,28,8.31470201384011,5.12278244727123,13.4374844611113
"syn_03120",50,1,50,10,0,42,28,8.31470201384011,5.2360782945402,13.5507803083803
"syn_03121",2,0.1,300,10,0,43,28,0.831470201384011,55.4671916108135,56.2986618121975
"syn_03122",10,0.1,300,10,0,44,28,0.831470201384011,44.1902664102483,45.0217366116323
"syn_03123",50,0.1,300,10,0,45,28,0.831470201384011,53.4297787533157,54.2612489546997
"syn_03124",2,1,300,10,0,46,28,8.31470201384011,46.8605722476388,55.1752742614789
"syn_03125",10,1,300,10,0,47,28,8.31470201384011,41.4680441158424,49.7827461296826
"syn_03126",50,1,300,10,0,48,28,8.31470201384011,37.7935686862473,46.1082707000874
"syn_03127",2,0.1,1500,10,0,49,28,0.831470201384011,175.473924661431,176.305394862815
"syn_03128",10,0.1,1500,10,0,50,28,0.831470201384011,213.367489651164,214.198959852548
"syn_03129",50,0.1,1500,10,0,51,28,0.831470201384011,230.893383384049,231.724853585433
"syn_03130",2,1,1500,10,0,52,28,8.31470201384011,167.757630828377,176.072332842217
"syn_03131",10,1,1500,10,0,53,28,8.31470201384011,187.800771171532,196.115473185373
"syn_03132",50,1,1500,10,0,54,28,8.31470201384011,275.345128602815,283.659830616655
"syn_03133",2,0.1,50,1,1,55,28,0.831470201384011,0.260875796771941,1.09234599815595
"syn_03134",10,0.1,50,1,1,56,28,0.831470201384011,0.430255943858273,1.26172614524228
"syn_03135",50,0.1,50,1,1,57,28,0.831470201384011,0.824100676026025,1.65557087741004
"syn_03136",2,1,50,1,1,58,28,8.31470201384011,1.01480805488571,9.32951006872582
"syn_03137",10,1,50,1,1,59,28,8.31470201384011,0.823946355104608,9.13864836894472
"syn_03138",50,1,50,1,1,60,28,8.31470201384011,0.942103548523507,9.25680556236362
"syn_03139",2,0.1,300,1,1,61,28,0.831470201384011,1.71386339731582,2.54533359869983
"syn_03140",10,0.1,300,1,1,62,28,0.831470201384011,3.67480886166834,4.50627906305235
"syn_03141",50,0.1,300,1,1,63,28,0.831470201384011,2.25115623381268,3.0826264351967
"syn_03142",2,1,300,1,1,64,28,8.31470201384011,4.14156009448758,12.4562621083277
"syn_03143",10,1,300,1,1,65,28,8.31470201384011,3.93952983996953,12.2542318538096
"syn_03144",50,1,300,1,1,66,28,8.31470201384011,1.92667791861915,10.2413799324593
"syn_03145",2,0.1,1500,1,1,67,28,0.831470201384011,38.9048170838742,39.7362872852582
"syn_03146",10,0.1,1500,1,1,68,28,0.831470201384011,20.9434959490391,21.7749661504231
"syn_03147",50,0.1,1500,1,1,69,28,0.831470201384011,38.4865546250657,39.3180248264497
"syn_03148",2,1,1500,1,1,70,28,8.31470201384011,22.8909712039238,31.2056732177639
"syn_03149",10,1,1500,1,1,71,28,8.31470201384011,15.8222992818676,24.1370012957077
"syn_03150",50,1,1500,1,1,72,28,8.31470201384011,14.5139982777987,22.8287002916389
"syn_03151",2,0.1,50,4,1,73,28,0.831470201384011,2.3874809691246,3.21895117050861
"syn_03152",10,0.1,50,4,1,74,28,0.831470201384011,3.0601683761016,3.89163857748561
"syn_03153",50,0.1,50,4,1,75,28,0.831470201384011,2.60148746881518,3.43295767019919
"syn_03154",2,1,50,4,1,76,28,8.31470201384011,1.87222233877779,10.1869243526179
"syn_03155",10,1,50,4,1,77,28,8.31470201384011,2.61319121136357,10.9278932252037
"syn_03156",50,1,50,4,1,78,28,8.31470201384011,2.76675329204282,11.0814553058829
"syn_03157",2,0.1,300,4,1,79,28,0.831470201384011,13.1920857284773,14.0235559298613
"syn_03158",10,0.1,300,4,1,80,28,0.831470201384011,23.2951026436547,24.1265728450387
"syn_03159",50,0.1,300,4,1,81,28,0.831470201384011,19.2010673265095,20.0325375278935
"syn_03160",2,1,300,4,1,82,28,8.31470201384011,18.2990150466157,26.6137170604559
"syn_03161",10,1,300,4,1,83,28,8.31470201384011,11.0226079234609,19.337309937301
"syn_03162",50,1,300,4,1,84,28,8.31470201384011,19.95794536837,28.2726473822101
"syn_03163",2,0.1,1500,4,1,85,28,0.831470201384011,71.1583228156182,71.9897930170022
"syn_03164",10,0.1,1500,4,1,86,28,0.831470201384011,48.7763237368438,49.6077939382278
"syn_03165",50,0.1,1500,4,1,87,28,0.831470201384011,86.3757732403109,87.2072434416949
"syn_03166",2,1,1500,4,1,88,28,8.31470201384011,88.3000896042464,96.6147916180865
"syn_03167",10,1,1500,4,1,89,28,8.31470201384011,83.5777390618533,91.8924410756934
"syn_03168",50,1,1500,4,1,90,28,8.31470201384011,96.3101027771118,104.624804790952
"syn_03169",2,0.1,50,10,1,91,28,0.831470201384011,6.71096826677117,7.54243846815518
"syn_03170",10,0.1,50,10,1,92,28,0.831470201384011,7.490282429444,8.32175263082801
"syn_03171",50,0.1,50,10,1,93,28,0.831470201384011,6.03742210226768,6.86889230365169
"syn_03172",2,1,50,10,1,94,28,8.31470201384011,7.90666339224946,16.2213654060896
"syn_03173",10,1,50,10,1,95,28,8.31470201384011,7.74252417024147,16.0572261840816
"syn_03174",50,1,50,10,1,96,28,8.31470201384011,6.32070852648997,14.6354105403301
"syn_03175",2,0.1,300,10,1,97,28,0.831470201384011,35.4716648488718,36.3031350502558
"syn_03176",10,0.1,300,10,1,98,28,0.831470201384011,43.0378902135546,43.8693604149386
"syn_03177",50,0.1,300,10,1,99,28,0.831470201384011,40.99113799555,41.822608196934
"syn_03178",2,1,300,10,1,100,28,8.31470201384011,42.5808867265322,50.8955887403723
"syn_03179",10,1,300,10,1,101,28,8.31470201384011,44.0889005649324,52.4036025787725
"syn_03180",50,1,300,10,1,102,28,8.31470201384011,40.6125847901312,48.9272868039713
"syn_03181",2,0.1,1500,10,1,103,28,0.831470201384011,222.363580575219,223.195050776603
"syn_03182",10,0.1,1500,10,1,104,28,0.831470201384011,234.057781566173,234.889251767557
"syn_03183",50,0.1,1500,10,1,105,28,0.831470201384011,203.358938055138,204.190408256522
"syn_03184",2,1,1500,10,1,106,28,8.31470201384011,191.574842424758,199.889544438598
"syn_03185",10,1,1500,10,1,107,28,8.31470201384011,208.034729988327,216.349432002168
"syn_03186",50,1,1500,10,1,108,28,8.31470201384011,189.803066559747,198.117768573587
"syn_03187",2,0.1,NA,0,NA,109,28,0.831470201384011,0,0.831470201384011
"syn_03188",10,0.1,NA,0,NA,110,28,0.831470201384011,0,0.831470201384011
"syn_03189",50,0.1,NA,0,NA,111,28,0.831470201384011,0,0.831470201384011
"syn_03190",2,1,NA,0,NA,112,28,8.31470201384011,0,8.31470201384011
"syn_03191",10,1,NA,0,NA,113,28,8.31470201384011,0,8.31470201384011
"syn_03192",50,1,NA,0,NA,114,28,8.31470201384011,0,8.31470201384011
"syn_03193",2,0.1,50,1,0,1,29,0.831470201384011,0.794565605158503,1.62603580654251
"syn_03194",10,0.1,50,1,0,2,29,0.831470201384011,0.534053052517016,1.36552325390103
"syn_03195",50,0.1,50,1,0,3,29,0.831470201384011,0.253556865424242,1.08502706680825
"syn_03196",2,1,50,1,0,4,29,8.31470201384011,0.399645033239716,8.71434704707983
"syn_03197",10,1,50,1,0,5,29,8.31470201384011,0.274322169369405,8.58902418320952
"syn_03198",50,1,50,1,0,6,29,8.31470201384011,0.576430016575196,8.89113203041531
"syn_03199",2,0.1,300,1,0,7,29,0.831470201384011,3.46424061738995,4.29571081877396
"syn_03200",10,0.1,300,1,0,8,29,0.831470201384011,2.97913430640457,3.81060450778858
"syn_03201",50,0.1,300,1,0,9,29,0.831470201384011,4.35466379952431,5.18613400090832
"syn_03202",2,1,300,1,0,10,29,8.31470201384011,4.80622454168605,13.1209265555262
"syn_03203",10,1,300,1,0,11,29,8.31470201384011,7.08366591304415,15.3983679268843
"syn_03204",50,1,300,1,0,12,29,8.31470201384011,20.6291121188793,28.9438141327194
"syn_03205",2,0.1,1500,1,0,13,29,0.831470201384011,26.128220680477,26.9596908818611
"syn_03206",10,0.1,1500,1,0,14,29,0.831470201384011,48.6612461976556,49.4927163990396
"syn_03207",50,0.1,1500,1,0,15,29,0.831470201384011,15.7045766547725,16.5360468561565
"syn_03208",2,1,1500,1,0,16,29,8.31470201384011,5.29246346155388,13.607165475394
"syn_03209",10,1,1500,1,0,17,29,8.31470201384011,23.4817357176976,31.7964377315377
"syn_03210",50,1,1500,1,0,18,29,8.31470201384011,8.61030560648099,16.9250076203211
"syn_03211",2,0.1,50,4,0,19,29,0.831470201384011,3.40859840558866,4.24006860697267
"syn_03212",10,0.1,50,4,0,20,29,0.831470201384011,2.23224233208283,3.06371253346684
"syn_03213",50,0.1,50,4,0,21,29,0.831470201384011,2.75552278146312,3.58699298284713
"syn_03214",2,1,50,4,0,22,29,8.31470201384011,2.84146922933772,11.1561712431778
"syn_03215",10,1,50,4,0,23,29,8.31470201384011,2.27627654505743,10.5909785588975
"syn_03216",50,1,50,4,0,24,29,8.31470201384011,2.12344773055441,10.4381497443945
"syn_03217",2,0.1,300,4,0,25,29,0.831470201384011,17.3416953666323,18.1731655680163
"syn_03218",10,0.1,300,4,0,26,29,0.831470201384011,17.3728117769931,18.2042819783771
"syn_03219",50,0.1,300,4,0,27,29,0.831470201384011,16.4207280426237,17.2521982440077
"syn_03220",2,1,300,4,0,28,29,8.31470201384011,19.2199378140488,27.5346398278889
"syn_03221",10,1,300,4,0,29,29,8.31470201384011,11.277618056822,19.5923200706621
"syn_03222",50,1,300,4,0,30,29,8.31470201384011,24.0983731186037,32.4130751324438
"syn_03223",2,0.1,1500,4,0,31,29,0.831470201384011,73.3608448152679,74.1923150166519
"syn_03224",10,0.1,1500,4,0,32,29,0.831470201384011,59.7314070767373,60.5628772781213
"syn_03225",50,0.1,1500,4,0,33,29,0.831470201384011,87.023997432689,87.855467634073
"syn_03226",2,1,1500,4,0,34,29,8.31470201384011,77.2537674670518,85.5684694808919
"syn_03227",10,1,1500,4,0,35,29,8.31470201384011,73.9391399270128,82.2538419408529
"syn_03228",50,1,1500,4,0,36,29,8.31470201384011,73.6527033741169,81.967405387957
"syn_03229",2,0.1,50,10,0,37,29,0.831470201384011,7.0299852368846,7.86145543826861
"syn_03230",10,0.1,50,10,0,38,29,0.831470201384011,7.09575117255723,7.92722137394124
"syn_03231",50,0.1,50,10,0,39,29,0.831470201384011,9.20111790219135,10.0325881035754
"syn_03232",2,1,50,10,0,40,29,8.31470201384011,7.22831699049199,15.5430190043321
"syn_03233",10,1,50,10,0,41,29,8.31470201384011,6.07268814678274,14.3873901606229
"syn_03234",50,1,50,10,0,42,29,8.31470201384011,4.6944091704412,13.0091111842813
"syn_03235",2,0.1,300,10,0,43,29,0.831470201384011,33.0258812410161,33.8573514424001
"syn_03236",10,0.1,300,10,0,44,29,0.831470201384011,44.6427217927627,45.4741919941468
"syn_03237",50,0.1,300,10,0,45,29,0.831470201384011,43.5634917370951,44.3949619384791
"syn_03238",2,1,300,10,0,46,29,8.31470201384011,36.2522065874645,44.5669086013046
"syn_03239",10,1,300,10,0,47,29,8.31470201384011,38.5957212387456,46.9104232525857
"syn_03240",50,1,300,10,0,48,29,8.31470201384011,37.9473126012754,46.2620146151155
"syn_03241",2,0.1,1500,10,0,49,29,0.831470201384011,166.884970694067,167.716440895451
"syn_03242",10,0.1,1500,10,0,50,29,0.831470201384011,216.380554034931,217.212024236315
"syn_03243",50,0.1,1500,10,0,51,29,0.831470201384011,169.408467942136,170.23993814352
"syn_03244",2,1,1500,10,0,52,29,8.31470201384011,246.580276410171,254.894978424011
"syn_03245",10,1,1500,10,0,53,29,8.31470201384011,224.202663782392,232.517365796232
"syn_03246",50,1,1500,10,0,54,29,8.31470201384011,223.207827495321,231.522529509161
"syn_03247",2,0.1,50,1,1,55,29,0.831470201384011,0.416328437711781,1.24779863909579
"syn_03248",10,0.1,50,1,1,56,29,0.831470201384011,0.782167204368559,1.61363740575257
"syn_03249",50,0.1,50,1,1,57,29,0.831470201384011,0.486192475930133,1.31766267731414
"syn_03250",2,1,50,1,1,58,29,8.31470201384011,1.49476033076151,9.80946234460163
"syn_03251",10,1,50,1,1,59,29,8.31470201384011,0.627392884706497,8.94209489854661
"syn_03252",50,1,50,1,1,60,29,8.31470201384011,0.595553877419072,8.91025589125918
"syn_03253",2,0.1,300,1,1,61,29,0.831470201384011,3.64580554932607,4.47727575071008
"syn_03254",10,0.1,300,1,1,62,29,0.831470201384011,3.00081842348037,3.83228862486438
"syn_03255",50,0.1,300,1,1,63,29,0.831470201384011,14.9656354894381,15.7971056908221
"syn_03256",2,1,300,1,1,64,29,8.31470201384011,2.95543815006538,11.2701401639055
"syn_03257",10,1,300,1,1,65,29,8.31470201384011,6.14887120052635,14.4635732143665
"syn_03258",50,1,300,1,1,66,29,8.31470201384011,3.55082995525403,11.8655319690941
"syn_03259",2,0.1,1500,1,1,67,29,0.831470201384011,12.6854026774518,13.5168728788358
"syn_03260",10,0.1,1500,1,1,68,29,0.831470201384011,15.5081993332267,16.3396695346107
"syn_03261",50,0.1,1500,1,1,69,29,0.831470201384011,33.4855262001728,34.3169964015568
"syn_03262",2,1,1500,1,1,70,29,8.31470201384011,8.87217237727828,17.1868743911184
"syn_03263",10,1,1500,1,1,71,29,8.31470201384011,18.1226408468902,26.4373428607303
"syn_03264",50,1,1500,1,1,72,29,8.31470201384011,40.2488852698455,48.5635872836856
"syn_03265",2,0.1,50,4,1,73,29,0.831470201384011,3.07238768928078,3.90385789066479
"syn_03266",10,0.1,50,4,1,74,29,0.831470201384011,2.88826180734794,3.71973200873195
"syn_03267",50,0.1,50,4,1,75,29,0.831470201384011,3.83291446734326,4.66438466872727
"syn_03268",2,1,50,4,1,76,29,8.31470201384011,3.46775875939681,11.7824607732369
"syn_03269",10,1,50,4,1,77,29,8.31470201384011,4.85899637007431,13.1736983839144
"syn_03270",50,1,50,4,1,78,29,8.31470201384011,3.35111933806399,11.6658213519041
"syn_03271",2,0.1,300,4,1,79,29,0.831470201384011,16.328949825106,17.16042002649
"syn_03272",10,0.1,300,4,1,80,29,0.831470201384011,18.9308475992713,19.7623178006553
"syn_03273",50,0.1,300,4,1,81,29,0.831470201384011,13.516301640631,14.347771842015
"syn_03274",2,1,300,4,1,82,29,8.31470201384011,15.6816808165334,23.9963828303735
"syn_03275",10,1,300,4,1,83,29,8.31470201384011,16.7035529581152,25.0182549719553
"syn_03276",50,1,300,4,1,84,29,8.31470201384011,21.7806980012757,30.0954000151158
"syn_03277",2,0.1,1500,4,1,85,29,0.831470201384011,90.7171792516066,91.5486494529906
"syn_03278",10,0.1,1500,4,1,86,29,0.831470201384011,113.1404099206,113.971880121984
"syn_03279",50,0.1,1500,4,1,87,29,0.831470201384011,70.9088666256704,71.7403368270544
"syn_03280",2,1,1500,4,1,88,29,8.31470201384011,127.456749832684,135.771451846525
"syn_03281",10,1,1500,4,1,89,29,8.31470201384011,139.200074278042,147.514776291883
"syn_03282",50,1,1500,4,1,90,29,8.31470201384011,93.0802758800804,101.39497789392
"syn_03283",2,0.1,50,10,1,91,29,0.831470201384011,8.1647445385025,8.99621473988651
"syn_03284",10,0.1,50,10,1,92,29,0.831470201384011,4.92482166409939,5.75629186548341
"syn_03285",50,0.1,50,10,1,93,29,0.831470201384011,6.18601395337725,7.01748415476126
"syn_03286",2,1,50,10,1,94,29,8.31470201384011,6.68286809508287,14.997570108923
"syn_03287",10,1,50,10,1,95,29,8.31470201384011,5.80589764799376,14.1205996618339
"syn_03288",50,1,50,10,1,96,29,8.31470201384011,5.40107292327737,13.7157749371175
"syn_03289",2,0.1,300,10,1,97,29,0.831470201384011,45.8655892183583,46.6970594197423
"syn_03290",10,0.1,300,10,1,98,29,0.831470201384011,52.1384027119144,52.9698729132984
"syn_03291",50,0.1,300,10,1,99,29,0.831470201384011,39.7339339068085,40.5654041081925
"syn_03292",2,1,300,10,1,100,29,8.31470201384011,49.3686871539779,57.6833891678181
"syn_03293",10,1,300,10,1,101,29,8.31470201384011,45.9361653421054,54.2508673559456
"syn_03294",50,1,300,10,1,102,29,8.31470201384011,35.6640945254521,43.9787965392923
"syn_03295",2,0.1,1500,10,1,103,29,0.831470201384011,231.492510140297,232.323980341681
"syn_03296",10,0.1,1500,10,1,104,29,0.831470201384011,223.681254876951,224.512725078335
"syn_03297",50,0.1,1500,10,1,105,29,0.831470201384011,217.442148074008,218.273618275392
"syn_03298",2,1,1500,10,1,106,29,8.31470201384011,201.635529596696,209.950231610536
"syn_03299",10,1,1500,10,1,107,29,8.31470201384011,201.118100477307,209.432802491147
"syn_03300",50,1,1500,10,1,108,29,8.31470201384011,224.24261253989,232.55731455373
"syn_03301",2,0.1,NA,0,NA,109,29,0.831470201384011,0,0.831470201384011
"syn_03302",10,0.1,NA,0,NA,110,29,0.831470201384011,0,0.831470201384011
"syn_03303",50,0.1,NA,0,NA,111,29,0.831470201384011,0,0.831470201384011
"syn_03304",2,1,NA,0,NA,112,29,8.31470201384011,0,8.31470201384011
"syn_03305",10,1,NA,0,NA,113,29,8.31470201384011,0,8.31470201384011
"syn_03306",50,1,NA,0,NA,114,29,8.31470201384011,0,8.31470201384011
"syn_03307",2,0.1,50,1,0,1,30,0.831470201384011,0.426007645674433,1.25747784705844
"syn_03308",10,0.1,50,1,0,2,30,0.831470201384011,1.30539692741978,2.13686712880379
"syn_03309",50,0.1,50,1,0,3,30,0.831470201384011,0.310258681742555,1.14172888312657
"syn_03310",2,1,50,1,0,4,30,8.31470201384011,0.661540114767534,8.97624212860765
"syn_03311",10,1,50,1,0,5,30,8.31470201384011,0.393103136385414,8.70780515022552
"syn_03312",50,1,50,1,0,6,30,8.31470201384011,0.436746474461885,8.751448488302
"syn_03313",2,0.1,300,1,0,7,30,0.831470201384011,3.12609276475704,3.95756296614105
"syn_03314",10,0.1,300,1,0,8,30,0.831470201384011,2.2298694567408,3.06133965812481
"syn_03315",50,0.1,300,1,0,9,30,0.831470201384011,6.41326482388995,7.24473502527396
"syn_03316",2,1,300,1,0,10,30,8.31470201384011,4.06518581647673,12.3798878303168
"syn_03317",10,1,300,1,0,11,30,8.31470201384011,10.5335334042533,18.8482354180934
"syn_03318",50,1,300,1,0,12,30,8.31470201384011,5.02582513341026,13.3405271472504
"syn_03319",2,0.1,1500,1,0,13,30,0.831470201384011,17.8362283904349,18.6676985918189
"syn_03320",10,0.1,1500,1,0,14,30,0.831470201384011,24.9298879782917,25.7613581796757
"syn_03321",50,0.1,1500,1,0,15,30,0.831470201384011,14.270850787111,15.102320988495
"syn_03322",2,1,1500,1,0,16,30,8.31470201384011,6.86426535066275,15.1789673645029
"syn_03323",10,1,1500,1,0,17,30,8.31470201384011,3.71574889524388,12.030450909084
"syn_03324",50,1,1500,1,0,18,30,8.31470201384011,31.158623903335,39.4733259171751
"syn_03325",2,0.1,50,4,0,19,30,0.831470201384011,2.35412865396745,3.18559885535146
"syn_03326",10,0.1,50,4,0,20,30,0.831470201384011,2.8613987372934,3.69286893867741
"syn_03327",50,0.1,50,4,0,21,30,0.831470201384011,2.28276622350172,3.11423642488573
"syn_03328",2,1,50,4,0,22,30,8.31470201384011,3.22106351972591,11.535765533566
"syn_03329",10,1,50,4,0,23,30,8.31470201384011,2.61060899247889,10.925311006319
"syn_03330",50,1,50,4,0,24,30,8.31470201384011,2.80288413459523,11.1175861484353
"syn_03331",2,0.1,300,4,0,25,30,0.831470201384011,13.0501168322428,13.8815870336268
"syn_03332",10,0.1,300,4,0,26,30,0.831470201384011,17.2584383295974,18.0899085309814
"syn_03333",50,0.1,300,4,0,27,30,0.831470201384011,18.3053193709251,19.1367895723091
"syn_03334",2,1,300,4,0,28,30,8.31470201384011,19.33790269671,27.6526047105501
"syn_03335",10,1,300,4,0,29,30,8.31470201384011,24.6712388281943,32.9859408420344
"syn_03336",50,1,300,4,0,30,30,8.31470201384011,12.8149417896423,21.1296438034824
"syn_03337",2,0.1,1500,4,0,31,30,0.831470201384011,68.5750907812539,69.4065609826379
"syn_03338",10,0.1,1500,4,0,32,30,0.831470201384011,76.6287924250564,77.4602626264404
"syn_03339",50,0.1,1500,4,0,33,30,0.831470201384011,105.642155477646,106.47362567903
"syn_03340",2,1,1500,4,0,34,30,8.31470201384011,79.4828778140409,87.797579827881
"syn_03341",10,1,1500,4,0,35,30,8.31470201384011,91.2316472941773,99.5463493080174
"syn_03342",50,1,1500,4,0,36,30,8.31470201384011,84.8936625508207,93.2083645646608
"syn_03343",2,0.1,50,10,0,37,30,0.831470201384011,6.63755047770709,7.46902067909111
"syn_03344",10,0.1,50,10,0,38,30,0.831470201384011,7.92198923083989,8.7534594322239
"syn_03345",50,0.1,50,10,0,39,30,0.831470201384011,7.84921273569603,8.68068293708004
"syn_03346",2,1,50,10,0,40,30,8.31470201384011,7.18544660459275,15.5001486184329
"syn_03347",10,1,50,10,0,41,30,8.31470201384011,7.4163840102361,15.7310860240762
"syn_03348",50,1,50,10,0,42,30,8.31470201384011,6.87928293614335,15.1939849499835
"syn_03349",2,0.1,300,10,0,43,30,0.831470201384011,36.7271955884741,37.5586657898581
"syn_03350",10,0.1,300,10,0,44,30,0.831470201384011,43.5611103078544,44.3925805092384
"syn_03351",50,0.1,300,10,0,45,30,0.831470201384011,47.524358267981,48.3558284693651
"syn_03352",2,1,300,10,0,46,30,8.31470201384011,43.8361914444055,52.1508934582456
"syn_03353",10,1,300,10,0,47,30,8.31470201384011,34.4212866650212,42.7359886788614
"syn_03354",50,1,300,10,0,48,30,8.31470201384011,56.745225434976,65.0599274488162
"syn_03355",2,0.1,1500,10,0,49,30,0.831470201384011,193.93913664484,194.770606846224
"syn_03356",10,0.1,1500,10,0,50,30,0.831470201384011,218.655097403965,219.486567605349
"syn_03357",50,0.1,1500,10,0,51,30,0.831470201384011,214.856187139909,215.687657341293
"syn_03358",2,1,1500,10,0,52,30,8.31470201384011,240.849268416844,249.163970430684
"syn_03359",10,1,1500,10,0,53,30,8.31470201384011,158.757545272264,167.072247286104
"syn_03360",50,1,1500,10,0,54,30,8.31470201384011,278.226005686495,286.540707700335
"syn_03361",2,0.1,50,1,1,55,30,0.831470201384011,0.748783632200636,1.58025383358465
"syn_03362",10,0.1,50,1,1,56,30,0.831470201384011,0.980509285941482,1.81197948732549
"syn_03363",50,0.1,50,1,1,57,30,0.831470201384011,0.612490493382556,1.44396069476657
"syn_03364",2,1,50,1,1,58,30,8.31470201384011,0.539127665170305,8.85382967901042
"syn_03365",10,1,50,1,1,59,30,8.31470201384011,0.439690787089826,8.75439280092994
"syn_03366",50,1,50,1,1,60,30,8.31470201384011,0.498426101559758,8.81312811539987
"syn_03367",2,0.1,300,1,1,61,30,0.831470201384011,3.39875374312611,4.23022394451012
"syn_03368",10,0.1,300,1,1,62,30,0.831470201384011,2.51634467724617,3.34781487863018
"syn_03369",50,0.1,300,1,1,63,30,0.831470201384011,5.99409170612722,6.82556190751124
"syn_03370",2,1,300,1,1,64,30,8.31470201384011,6.44945335902949,14.7641553728696
"syn_03371",10,1,300,1,1,65,30,8.31470201384011,2.8841250499639,11.198827063804
"syn_03372",50,1,300,1,1,66,30,8.31470201384011,4.82577361481081,13.1404756286509
"syn_03373",2,0.1,1500,1,1,67,30,0.831470201384011,12.0586968405367,12.8901670419207
"syn_03374",10,0.1,1500,1,1,68,30,0.831470201384011,26.9857001116723,27.8171703130563
"syn_03375",50,0.1,1500,1,1,69,30,0.831470201384011,8.62365304999524,9.45512325137925
"syn_03376",2,1,1500,1,1,70,30,8.31470201384011,12.8937845186935,21.2084865325336
"syn_03377",10,1,1500,1,1,71,30,8.31470201384011,13.0264479533614,21.3411499672015
"syn_03378",50,1,1500,1,1,72,30,8.31470201384011,11.8430315862127,20.1577336000528
"syn_03379",2,0.1,50,4,1,73,30,0.831470201384011,3.38484001241455,4.21631021379857
"syn_03380",10,0.1,50,4,1,74,30,0.831470201384011,2.85843860488885,3.68990880627287
"syn_03381",50,0.1,50,4,1,75,30,0.831470201384011,1.52307326376087,2.35454346514488
"syn_03382",2,1,50,4,1,76,30,8.31470201384011,2.67465283022584,10.989354844066
"syn_03383",10,1,50,4,1,77,30,8.31470201384011,3.13514796079334,11.4498499746334
"syn_03384",50,1,50,4,1,78,30,8.31470201384011,1.6986957517122,10.0133977655523
"syn_03385",2,0.1,300,4,1,79,30,0.831470201384011,21.2880017137911,22.1194719151751
"syn_03386",10,0.1,300,4,1,80,30,0.831470201384011,17.1717278128268,18.0031980142108
"syn_03387",50,0.1,300,4,1,81,30,0.831470201384011,10.5735235666623,11.4049937680464
"syn_03388",2,1,300,4,1,82,30,8.31470201384011,20.0695374712104,28.3842394850505
"syn_03389",10,1,300,4,1,83,30,8.31470201384011,11.7443626674573,20.0590646812975
"syn_03390",50,1,300,4,1,84,30,8.31470201384011,35.4694610017425,43.7841630155826
"syn_03391",2,0.1,1500,4,1,85,30,0.831470201384011,106.64204196963,107.473512171014
"syn_03392",10,0.1,1500,4,1,86,30,0.831470201384011,80.3071486228986,81.1386188242826
"syn_03393",50,0.1,1500,4,1,87,30,0.831470201384011,73.8572869241183,74.6887571255023
"syn_03394",2,1,1500,4,1,88,30,8.31470201384011,74.1980206345403,82.5127226483804
"syn_03395",10,1,1500,4,1,89,30,8.31470201384011,90.0694805568003,98.3841825706404
"syn_03396",50,1,1500,4,1,90,30,8.31470201384011,68.4553510521764,76.7700530660165
"syn_03397",2,0.1,50,10,1,91,30,0.831470201384011,6.33698021765362,7.16845041903763
"syn_03398",10,0.1,50,10,1,92,30,0.831470201384011,5.29257754060528,6.12404774198929
"syn_03399",50,0.1,50,10,1,93,30,0.831470201384011,7.08023239056998,7.911702591954
"syn_03400",2,1,50,10,1,94,30,8.31470201384011,6.94511959664913,15.2598216104892
"syn_03401",10,1,50,10,1,95,30,8.31470201384011,6.57040561017297,14.8851076240131
"syn_03402",50,1,50,10,1,96,30,8.31470201384011,5.22435528038095,13.5390572942211
"syn_03403",2,0.1,300,10,1,97,30,0.831470201384011,43.4938385574237,44.3253087588077
"syn_03404",10,0.1,300,10,1,98,30,0.831470201384011,46.1963307695215,47.0278009709055
"syn_03405",50,0.1,300,10,1,99,30,0.831470201384011,47.5756384808024,48.4071086821864
"syn_03406",2,1,300,10,1,100,30,8.31470201384011,54.5642736674969,62.878975681337
"syn_03407",10,1,300,10,1,101,30,8.31470201384011,40.1533190055626,48.4680210194027
"syn_03408",50,1,300,10,1,102,30,8.31470201384011,31.9359129379303,40.2506149517704
"syn_03409",2,0.1,1500,10,1,103,30,0.831470201384011,212.804520309513,213.635990510897
"syn_03410",10,0.1,1500,10,1,104,30,0.831470201384011,208.666878160426,209.49834836181
"syn_03411",50,0.1,1500,10,1,105,30,0.831470201384011,126.138558375861,126.970028577245
"syn_03412",2,1,1500,10,1,106,30,8.31470201384011,156.051514390713,164.366216404553
"syn_03413",10,1,1500,10,1,107,30,8.31470201384011,224.444036218671,232.758738232511
"syn_03414",50,1,1500,10,1,108,30,8.31470201384011,205.050487978005,213.365189991845
"syn_03415",2,0.1,NA,0,NA,109,30,0.831470201384011,0,0.831470201384011
"syn_03416",10,0.1,NA,0,NA,110,30,0.831470201384011,0,0.831470201384011
"syn_03417",50,0.1,NA,0,NA,111,30,0.831470201384011,0,0.831470201384011
"syn_03418",2,1,NA,0,NA,112,30,8.31470201384011,0,8.31470201384011
"syn_03419",10,1,NA,0,NA,113,30,8.31470201384011,0,8.31470201384011
"syn_03420",50,1,NA,0,NA,114,30,8.31470201384011,0,8.31470201384011
