"id","t_event","magnitude_ppb"
"syn_00001",402,51.9793583350091
"syn_00002",363,50.6779133092877
"syn_00003",439,38.8215683732654
"syn_00004",285,62.3771190981306
"syn_00005",498,65.5766225974596
"syn_00006",165,24.3841841443019
"syn_00007",472,109.244297326284
"syn_00008",144,235.823906360517
"syn_00009",424,475.999353055843
"syn_00010",420,242.311698729703
"syn_00011",359,398.164317727783
"syn_00012",419,232.440334212187
"syn_00013",106,1160.75924645147
"syn_00014",248,1676.36541797606
"syn_00015",73,956.133545911177
"syn_00016",249,3036.50914110764
"syn_00017",143,1064.17362988417
"syn_00018",405,763.131445631674
"syn_00019",213,26.6796248438259
"syn_00019",307,28.0643790684975
"syn_00019",356,29.0806547523553
"syn_00019",450,33.8361723227369
"syn_00020",357,34.3768233698767
"syn_00020",437,55.143527125508
"syn_00020",471,93.5673864907414
"syn_00020",502,32.8038127855399
"syn_00021",149,65.5159638337697
"syn_00021",266,62.1099091783242
"syn_00021",483,17.0168526532911
"syn_00021",524,32.1704524380262
"syn_00022",86,41.2756246236719
"syn_00022",189,63.9660907147031
"syn_00022",411,83.0345751608589
"syn_00022",525,42.9171097346599
"syn_00023",103,29.1225260064704
"syn_00023",217,72.0266526533943
"syn_00023",449,22.9339034266488
"syn_00023",519,33.8281209524918
"syn_00024",188,51.620143104902
"syn_00024",376,33.3472284821555
"syn_00024",422,37.5978823238232
"syn_00024",449,18.0200029594105
"syn_00025",115,269.119668086784
"syn_00025",355,329.617054166167
"syn_00025",457,92.1720515174299
"syn_00025",498,371.59527670616
"syn_00026",168,85.0238307255197
"syn_00026",255,521.945525085297
"syn_00026",314,380.936006312519
"syn_00026",375,183.311485964011
"syn_00027",112,163.378761005276
"syn_00027",195,569.399212844568
"syn_00027",228,273.347243733977
"syn_00027",421,317.959761547542
"syn_00028",142,398.776428502959
"syn_00028",272,374.149175628367
"syn_00028",325,325.337242230256
"syn_00028",508,188.751383031112
"syn_00029",228,411.557006988956
"syn_00029",414,163.089804483713
"syn_00029",511,442.976680253601
"syn_00029",537,194.115374001113
"syn_00030",166,367.072176627189
"syn_00030",238,262.790359440844
"syn_00030",260,281.820523392472
"syn_00030",294,203.683754338308
"syn_00031",112,1612.09060590973
"syn_00031",144,1122.92685775944
"syn_00031",186,743.390739743147
"syn_00031",366,828.552506003242
"syn_00032",131,772.614800359384
"syn_00032",217,610.536205010649
"syn_00032",450,2665.54459257328
"syn_00032",506,4832.90759369147
"syn_00033",248,2337.29691185808
"syn_00033",357,764.831061495039
"syn_00033",485,790.312715902964
"syn_00033",520,1914.77699972171
"syn_00034",148,2979.54423743809
"syn_00034",186,2032.32497876648
"syn_00034",317,1869.80596190333
"syn_00034",519,769.029865796427
"syn_00035",112,798.183863939277
"syn_00035",139,1095.89645820407
"syn_00035",170,1815.29799893464
"syn_00035",409,1993.16842910103
"syn_00036",65,993.415112104256
"syn_00036",147,1029.66899420721
"syn_00036",260,1655.39303533205
"syn_00036",292,756.740375740896
"syn_00037",69,56.6858099424053
"syn_00037",89,43.5683413845843
"syn_00037",183,80.8732459236583
"syn_00037",203,28.4072402285468
"syn_00037",237,41.5725525352308
"syn_00037",316,50.1140948809356
"syn_00037",342,48.1710123391556
"syn_00037",384,35.0757483260302
"syn_00037",434,41.6160053210683
"syn_00037",479,39.1081066013251
"syn_00038",62,37.5845994151323
"syn_00038",146,94.6166224492267
"syn_00038",168,42.7638714419047
"syn_00038",261,21.9272756137679
"syn_00038",283,29.3034520655021
"syn_00038",314,35.1234605744145
"syn_00038",356,39.8464868079611
"syn_00038",384,29.238755273549
"syn_00038",437,32.1571886999994
"syn_00038",495,55.4809726690463
"syn_00039",69,64.0084236158132
"syn_00039",101,17.3660231241581
"syn_00039",139,36.1384763530508
"syn_00039",190,67.202838752277
"syn_00039",299,42.0332983850178
"syn_00039",372,52.7792095982302
"syn_00039",397,31.0824310229545
"syn_00039",438,83.0659314461608
"syn_00039",510,25.3881902212161
"syn_00039",536,52.2128589465811
"syn_00040",64,33.9295002934784
"syn_00040",192,38.0319530166614
"syn_00040",228,188.041041565428
"syn_00040",269,20.6539190158048
"syn_00040",302,34.0470818749655
"syn_00040",349,71.1971959054525
"syn_00040",381,34.2366680861823
"syn_00040",433,24.959439962028
"syn_00040",477,50.3958334308396
"syn_00040",521,33.5346319444455
"syn_00041",61,31.3975397334181
"syn_00041",93,54.560905314211
"syn_00041",115,62.286426741001
"syn_00041",174,28.2148268093949
"syn_00041",242,25.9671189422914
"syn_00041",271,36.8666403038559
"syn_00041",419,16.8564441107672
"syn_00041",455,37.5907433930348
"syn_00041",497,71.0070625133813
"syn_00041",540,39.8038109640751
"syn_00042",109,23.6337560347527
"syn_00042",142,78.6740783315229
"syn_00042",168,26.8959695265721
"syn_00042",214,23.1765547455161
"syn_00042",268,30.7555522434779
"syn_00042",336,47.2332088242382
"syn_00042",419,45.594455534345
"syn_00042",453,46.0652008000975
"syn_00042",479,42.7727472935762
"syn_00042",519,73.3991721378557
"syn_00043",103,405.439351973044
"syn_00043",132,199.998381604418
"syn_00043",194,216.649304412176
"syn_00043",233,131.888594566862
"syn_00043",256,224.626128133225
"syn_00043",286,336.451798947869
"syn_00043",336,542.951576892796
"syn_00043",381,203.169957858309
"syn_00043",404,933.515963400331
"syn_00043",447,222.36571641186
"syn_00044",212,377.326446891518
"syn_00044",234,155.357843729154
"syn_00044",261,265.955978389957
"syn_00044",285,416.518891035919
"syn_00044",330,265.864743192789
"syn_00044",374,658.677016775567
"syn_00044",421,649.752104096379
"syn_00044",458,227.104783608991
"syn_00044",498,479.056790000821
"syn_00044",519,224.76364285477
"syn_00045",68,191.933348782869
"syn_00045",94,293.79531502159
"syn_00045",129,445.495151986595
"syn_00045",169,240.94778588992
"syn_00045",228,135.134631275374
"syn_00045",255,109.23907823698
"syn_00045",366,550.466456809393
"syn_00045",395,429.679687914305
"syn_00045",440,97.0910595233957
"syn_00045",496,280.825717773345
"syn_00046",114,203.097402917164
"syn_00046",189,252.690237491368
"syn_00046",226,197.129817750493
"syn_00046",258,446.820809377257
"syn_00046",279,210.480041134081
"syn_00046",301,287.248813366085
"syn_00046",321,465.420667416483
"syn_00046",348,362.78314869712
"syn_00046",381,186.417645617565
"syn_00046",531,241.875788994077
"syn_00047",63,569.721533566466
"syn_00047",127,253.649555442433
"syn_00047",178,201.163014244528
"syn_00047",216,163.455964774291
"syn_00047",251,266.132279950861
"syn_00047",353,149.771752412832
"syn_00047",376,235.302134142051
"syn_00047",401,270.32517365674
"syn_00047",518,174.06864573008
"syn_00047",538,267.260997751354
"syn_00048",74,529.818633925372
"syn_00048",143,263.05176927536
"syn_00048",180,149.843926211631
"syn_00048",204,477.55032275839
"syn_00048",225,337.01158875381
"syn_00048",258,549.574754587545
"syn_00048",310,358.459380539847
"syn_00048",353,344.724537288452
"syn_00048",468,331.757694058267
"syn_00048",516,203.840999633067
"syn_00049",67,345.596505030619
"syn_00049",133,695.083007334122
"syn_00049",162,715.365067889085
"syn_00049",206,1638.79617077164
"syn_00049",230,783.706655340661
"syn_00049",269,1047.03131077238
"syn_00049",307,1926.75774326173
"syn_00049",340,633.591664661765
"syn_00049",442,1309.99673795535
"syn_00049",479,977.336608331897
"syn_00050",61,1565.07581016512
"syn_00050",116,3807.91131120822
"syn_00050",162,1640.86226925574
"syn_00050",266,630.574533890908
"syn_00050",373,620.55276529895
"syn_00050",396,1299.85060914242
"syn_00050",420,551.669116346276
"syn_00050",457,1269.13429371745
"syn_00050",495,768.604824966668
"syn_00050",535,2896.29846362268
"syn_00051",106,1271.47116611457
"syn_00051",134,1195.91483442046
"syn_00051",190,1229.52709453357
"syn_00051",240,3098.59146143314
"syn_00051",266,1116.57922804157
"syn_00051",336,1324.51682479712
"syn_00051",377,860.946011372476
"syn_00051",461,1472.06627468969
"syn_00051",496,2420.10869903885
"syn_00051",533,1684.84668782162
"syn_00052",81,1831.57554207629
"syn_00052",108,980.342859681263
"syn_00052",153,2562.72829446581
"syn_00052",195,2446.5228231201
"syn_00052",250,2476.32161487479
"syn_00052",275,610.033755926679
"syn_00052",326,1819.46594096783
"syn_00052",372,1453.08164390639
"syn_00052",410,1801.39172166068
"syn_00052",462,1917.12764405065
"syn_00053",154,1762.99443754575
"syn_00053",191,1395.68639526454
"syn_00053",243,1747.81715490921
"syn_00053",287,548.670162318139
"syn_00053",309,731.407250240333
"syn_00053",384,1404.92199882876
"syn_00053",440,308.691253433186
"syn_00053",460,2624.30437580755
"syn_00053",482,445.259403375779
"syn_00053",526,1023.19466102512
"syn_00054",71,1884.75287886664
"syn_00054",93,2749.12077876389
"syn_00054",135,1297.58870577224
"syn_00054",158,1587.16390264657
"syn_00054",249,2712.12535772009
"syn_00054",292,958.538579803862
"syn_00054",325,830.893904689145
"syn_00054",392,2043.72532235425
"syn_00054",450,861.799496211958
"syn_00054",505,2369.48645858394
"syn_00055",270,22.3213210491685
"syn_00056",539,32.8425089439684
"syn_00057",193,66.8938219833549
"syn_00058",533,44.6558804265957
"syn_00059",356,12.4965165149503
"syn_00060",276,33.7431397322946
"syn_00061",149,317.576089117695
"syn_00062",242,380.186786766025
"syn_00063",115,239.95475662656
"syn_00064",271,290.634519499692
"syn_00065",332,262.232927679007
"syn_00066",312,205.410675110364
"syn_00067",353,2419.74491304506
"syn_00068",217,1104.06144088726
"syn_00069",188,952.376641582234
"syn_00070",442,729.313023871151
"syn_00071",512,734.545614615117
"syn_00072",385,1513.85758252312
"syn_00073",150,103.881052663357
"syn_00073",240,37.5212020503435
"syn_00073",282,27.7761263531377
"syn_00073",332,29.592600522418
"syn_00074",145,55.3069794521848
"syn_00074",174,38.6491749309905
"syn_00074",209,60.342723025024
"syn_00074",473,30.9929386232816
"syn_00075",64,40.4614610613238
"syn_00075",155,27.7033425996016
"syn_00075",292,68.2081809439713
"syn_00075",465,26.8489106751417
"syn_00076",80,63.3225862104722
"syn_00076",271,28.8009689386673
"syn_00076",486,18.5255765645365
"syn_00076",525,51.788907960338
"syn_00077",109,24.7140519473609
"syn_00077",276,56.2919810373929
"syn_00077",359,56.6405365778225
"syn_00077",396,59.2331464671182
"syn_00078",117,122.077490048123
"syn_00078",239,40.9019454267232
"syn_00078",282,80.1190641601233
"syn_00078",346,50.8427606765635
"syn_00079",236,283.050273198476
"syn_00079",288,434.830303293905
"syn_00079",309,333.472019186674
"syn_00079",421,273.982371160545
"syn_00080",124,303.055416069537
"syn_00080",284,196.408020547518
"syn_00080",323,445.300331147129
"syn_00080",502,383.47830975719
"syn_00081",93,269.715359741469
"syn_00081",205,163.516542487422
"syn_00081",302,181.00170096735
"syn_00081",391,137.269953958366
"syn_00082",67,94.1759697548828
"syn_00082",240,305.635708280758
"syn_00082",278,192.901768872644
"syn_00082",477,121.883362527089
"syn_00083",150,155.017208096222
"syn_00083",203,100.966864097714
"syn_00083",261,174.684518385267
"syn_00083",312,471.838236946825
"syn_00084",76,178.762769990166
"syn_00084",202,359.334933082432
"syn_00084",321,171.273684978058
"syn_00084",396,253.147161819404
"syn_00085",200,6100.18230179779
"syn_00085",341,662.904963648885
"syn_00085",373,955.213102801647
"syn_00085",531,2408.57850752214
"syn_00086",268,580.75578606725
"syn_00086",319,996.923606151862
"syn_00086",495,2487.52030660498
"syn_00086",526,1955.81695248524
"syn_00087",134,1028.61482496913
"syn_00087",178,802.556243987288
"syn_00087",454,2938.51458451007
"syn_00087",522,1185.0818471771
"syn_00088",164,543.884486079053
"syn_00088",236,4832.33787004705
"syn_00088",290,1446.47809629305
"syn_00088",372,1104.65708029825
"syn_00089",78,1188.96816325369
"syn_00089",210,668.088225121821
"syn_00089",251,2558.83005613717
"syn_00089",396,1671.04033203444
"syn_00090",141,1025.12835260699
"syn_00090",254,1002.4722572272
"syn_00090",425,2335.5118517244
"syn_00090",505,949.015775352409
"syn_00091",77,87.2152393975931
"syn_00091",141,44.6993627387997
"syn_00091",245,35.3580313300573
"syn_00091",266,129.116740968116
"syn_00091",321,91.3100597013698
"syn_00091",407,25.9138734502449
"syn_00091",433,40.978019455247
"syn_00091",468,48.7464268940543
"syn_00091",494,42.6408834649541
"syn_00091",533,14.3413853740554
"syn_00092",145,26.5915317691961
"syn_00092",174,40.7357454845174
"syn_00092",245,40.7807241142232
"syn_00092",292,28.8738513891985
"syn_00092",381,30.0792174069266
"syn_00092",402,40.8493352082709
"syn_00092",427,64.2871834200476
"syn_00092",473,80.6936232256491
"syn_00092",494,22.5237987279026
"syn_00092",530,55.0262732339306
"syn_00093",66,50.3324396260223
"syn_00093",123,28.2119390719789
"syn_00093",154,50.0990454423348
"syn_00093",245,49.7381749066705
"syn_00093",286,67.3325697760146
"syn_00093",307,20.8271301803522
"syn_00093",364,35.1081533273656
"syn_00093",401,32.7240165190787
"syn_00093",465,58.026830295852
"syn_00093",502,22.033763515194
"syn_00094",152,38.5196270061473
"syn_00094",187,28.1123986590338
"syn_00094",231,27.1307575590376
"syn_00094",257,80.8365253660913
"syn_00094",283,48.1762409654024
"syn_00094",320,30.6158814098347
"syn_00094",346,22.2069531871146
"syn_00094",385,36.4732253023906
"syn_00094",418,60.8786277845264
"syn_00094",473,70.3734967251698
"syn_00095",60,27.6708846801426
"syn_00095",87,86.437727864124
"syn_00095",122,40.0179572024657
"syn_00095",196,33.3740553384751
"syn_00095",228,53.2318721202307
"syn_00095",284,111.332084774864
"syn_00095",313,55.8311995409125
"syn_00095",385,30.0609940511546
"syn_00095",405,65.7368128093049
"syn_00095",523,69.7346588289721
"syn_00096",70,73.9694577946608
"syn_00096",94,44.675217263049
"syn_00096",134,25.0529927609752
"syn_00096",161,62.6316486291056
"syn_00096",243,38.5789323916715
"syn_00096",314,36.688498128764
"syn_00096",368,41.0645798376523
"syn_00096",402,34.5738062115611
"syn_00096",496,25.2553346603245
"syn_00096",528,63.6977306671886
"syn_00097",82,399.536242018461
"syn_00097",117,108.423141396774
"syn_00097",145,202.022536564946
"syn_00097",250,224.204011552028
"syn_00097",320,330.220817004056
"syn_00097",360,92.9658305125566
"syn_00097",404,290.102379501929
"syn_00097",476,342.467814432123
"syn_00097",497,470.260012237551
"syn_00097",527,386.407355261599
"syn_00098",71,158.671239251038
"syn_00098",144,104.098370408834
"syn_00098",172,223.918328822639
"syn_00098",251,226.360936061881
"syn_00098",302,329.56036052885
"syn_00098",396,262.063255680869
"syn_00098",418,751.300474713166
"syn_00098",459,168.553400688857
"syn_00098",503,392.735399712792
"syn_00098",539,532.87623259841
"syn_00099",73,418.466391935426
"syn_00099",100,353.194344623039
"syn_00099",136,237.539355440842
"syn_00099",170,403.556755915562
"syn_00099",216,303.38554117306
"syn_00099",301,122.647083363923
"syn_00099",388,135.036142702432
"syn_00099",441,305.311162796288
"syn_00099",468,285.422555353578
"syn_00099",503,193.16641212794
"syn_00100",78,142.276923039111
"syn_00100",118,404.430385175249
"syn_00100",143,137.529269651477
"syn_00100",198,967.02091157264
"syn_00100",246,175.586138988712
"syn_00100",302,228.829891177524
"syn_00100",357,796.805685299426
"syn_00100",395,344.476794897108
"syn_00100",460,378.621909112748
"syn_00100",483,80.047446061913
"syn_00101",78,634.701089444621
"syn_00101",98,223.278369822526
"syn_00101",152,516.870397847391
"syn_00101",210,270.677708207734
"syn_00101",239,185.121913136211
"syn_00101",266,676.436480226932
"syn_00101",323,278.858597958892
"syn_00101",398,353.49469647831
"syn_00101",490,330.369242397826
"syn_00101",537,266.317160231713
"syn_00102",92,328.986369541138
"syn_00102",162,267.008563693349
"syn_00102",218,218.238886224276
"syn_00102",254,223.48842912127
"syn_00102",296,256.832319468943
"syn_00102",335,251.179208896575
"syn_00102",361,233.615357325501
"syn_00102",410,456.909130272717
"syn_00102",498,247.263097366035
"syn_00102",534,751.497130304914
"syn_00103",93,2057.49957789538
"syn_00103",118,3455.66451211042
"syn_00103",194,646.976759867239
"syn_00103",230,1490.72944513281
"syn_00103",307,1053.37985595726
"syn_00103",352,1283.46099239354
"syn_00103",403,938.552097498938
"syn_00103",460,2472.40047496166
"syn_00103",488,1370.9955353455
"syn_00103",512,1951.25455139288
"syn_00104",101,663.196669380508
"syn_00104",132,641.930784182775
"syn_00104",155,992.337815701925
"syn_00104",193,1601.2876778951
"syn_00104",216,2108.04633395124
"syn_00104",291,2064.53410084924
"syn_00104",326,775.968084744054
"syn_00104",362,1174.98492616353
"syn_00104",398,1908.97418804588
"syn_00104",521,712.685676108814
"syn_00105",64,2210.74060914697
"syn_00105",98,2769.60453805349
"syn_00105",118,1332.05024318457
"syn_00105",177,1176.00714805456
"syn_00105",220,758.040030996174
"syn_00105",275,656.249846955663
"syn_00105",324,985.938169957372
"syn_00105",349,646.693810911662
"syn_00105",388,1212.23135407441
"syn_00105",509,1507.50770648403
"syn_00106",98,1016.8151560033
"syn_00106",139,1635.80935746809
"syn_00106",203,1188.23736637866
"syn_00106",237,1203.5641235997
"syn_00106",280,1432.61749485098
"syn_00106",310,5009.99146977674
"syn_00106",339,930.01951001926
"syn_00106",454,1989.2636029217
"syn_00106",479,1218.28376716297
"syn_00106",527,1077.09928450236
"syn_00107",60,357.578568042366
"syn_00107",94,290.122606765339
"syn_00107",130,1574.44804124543
"syn_00107",175,1998.75514208633
"syn_00107",218,1514.07084162562
"syn_00107",313,1983.01968174312
"syn_00107",373,1798.63000530287
"syn_00107",451,1173.30216267776
"syn_00107",474,1277.31053100381
"syn_00107",504,1779.12452511814
"syn_00108",80,640.936131742146
"syn_00108",102,976.520312534475
"syn_00108",133,1188.1126619137
"syn_00108",154,980.630296129214
"syn_00108",209,1003.80561297459
"syn_00108",249,1692.45333741901
"syn_00108",298,1602.79722637138
"syn_00108",334,1038.96831708955
"syn_00108",479,1656.51376974978
"syn_00108",508,1047.55627541613
"syn_00115",140,36.3291750717907
"syn_00116",291,46.9088464194619
"syn_00117",168,47.0889702343924
"syn_00118",495,67.5400759333159
"syn_00119",418,30.4654428828296
"syn_00120",188,21.216806537769
"syn_00121",317,335.494003829574
"syn_00122",510,156.490074552456
"syn_00123",94,323.250181279424
"syn_00124",365,155.626542427758
"syn_00125",140,328.941050868345
"syn_00126",495,152.952741404763
"syn_00127",89,2380.24601952288
"syn_00128",530,2875.96326204533
"syn_00129",405,1722.15720864798
"syn_00130",120,752.523570013182
"syn_00131",93,1171.1127180315
"syn_00132",375,4177.63769242007
"syn_00133",209,73.7781100413713
"syn_00133",317,40.9544695962086
"syn_00133",364,39.219185717602
"syn_00133",519,35.2809454687416
"syn_00134",98,78.070385631802
"syn_00134",151,15.9329936814376
"syn_00134",299,38.785838920412
"syn_00134",393,21.8752127841234
"syn_00135",215,42.1347267996754
"syn_00135",292,40.5665466995634
"syn_00135",384,37.1802917867703
"syn_00135",421,73.4434786584527
"syn_00136",81,31.9702137586442
"syn_00136",123,35.0101004157131
"syn_00136",214,67.5856267664092
"syn_00136",533,41.3085608055943
"syn_00137",123,36.7954487234741
"syn_00137",222,73.815713783476
"syn_00137",253,27.6765937567253
"syn_00137",346,48.6121475502593
"syn_00138",105,33.1011660928259
"syn_00138",159,70.6903471768641
"syn_00138",220,52.9043217683217
"syn_00138",282,104.838398612163
"syn_00139",78,258.766753610474
"syn_00139",251,330.801184377199
"syn_00139",296,650.457146290569
"syn_00139",389,136.114941044242
"syn_00140",119,152.152335285075
"syn_00140",335,114.09693510369
"syn_00140",443,166.605988295598
"syn_00140",499,346.139130327231
"syn_00141",156,318.199812405378
"syn_00141",305,349.222279169301
"syn_00141",334,259.127552829177
"syn_00141",457,611.384684501902
"syn_00142",160,110.586424118597
"syn_00142",212,510.379068920458
"syn_00142",270,261.067055616419
"syn_00142",352,145.967196713544
"syn_00143",131,151.291095571575
"syn_00143",267,311.760466978184
"syn_00143",405,277.218323694256
"syn_00143",508,181.952993725919
"syn_00144",120,122.179466757022
"syn_00144",192,139.770894371505
"syn_00144",393,380.785823174619
"syn_00144",462,127.670148256506
"syn_00145",213,1123.08506892147
"syn_00145",393,2506.90704468984
"syn_00145",419,3683.02525689895
"syn_00145",495,1601.82530136258
"syn_00146",264,1161.9937201015
"syn_00146",310,1754.45045098215
"syn_00146",432,910.385018306764
"syn_00146",496,1515.45214143343
"syn_00147",81,1828.48823312416
"syn_00147",436,777.214585126871
"syn_00147",490,803.323488023256
"syn_00147",514,854.136886022546
"syn_00148",283,3495.8652638503
"syn_00148",394,2307.58493108048
"syn_00148",437,1317.79749972914
"syn_00148",497,3278.46616808953
"syn_00149",204,1013.99266127801
"syn_00149",405,1009.07355111523
"syn_00149",440,1337.80085530034
"syn_00149",540,3269.07343631712
"syn_00150",95,844.194446219058
"syn_00150",293,1152.79909093069
"syn_00150",387,250.827982711637
"syn_00150",424,1321.54976867094
"syn_00151",75,76.8206342359399
"syn_00151",108,21.122887482745
"syn_00151",133,34.6968600108828
"syn_00151",184,17.9880222863431
"syn_00151",206,44.5341547145071
"syn_00151",271,51.5840646384889
"syn_00151",315,26.4251404292296
"syn_00151",354,35.3089075471896
"syn_00151",435,124.687584803422
"syn_00151",527,33.2458168109535
"syn_00152",83,39.3123217608872
"syn_00152",117,44.3373703994219
"syn_00152",147,27.4384366892574
"syn_00152",200,47.2722725278939
"syn_00152",250,34.9909142971432
"syn_00152",302,25.3722287123772
"syn_00152",330,51.1143571211582
"syn_00152",436,108.876727159712
"syn_00152",463,100.296898564205
"syn_00152",514,89.9249377428899
"syn_00153",77,27.3900942607538
"syn_00153",143,32.347894310457
"syn_00153",164,66.9030381061641
"syn_00153",190,43.5535603025929
"syn_00153",233,63.9448237688925
"syn_00153",350,25.736178550737
"syn_00153",426,52.2390769952197
"syn_00153",476,22.2852526674524
"syn_00153",497,40.1969775447362
"syn_00153",534,51.353852971684
"syn_00154",61,52.2651595216664
"syn_00154",102,93.8763576575367
"syn_00154",165,21.2449539716584
"syn_00154",217,34.7960974067825
"syn_00154",297,19.5180727694544
"syn_00154",359,41.7191251045894
"syn_00154",380,79.7711082561473
"syn_00154",409,28.3844450973534
"syn_00154",431,33.968992874662
"syn_00154",494,103.914779301059
"syn_00155",102,74.5642020557421
"syn_00155",133,61.5311455858437
"syn_00155",236,152.448146590993
"syn_00155",274,18.361329083356
"syn_00155",310,76.5480279183442
"syn_00155",361,55.4313875305064
"syn_00155",415,17.9946759340383
"syn_00155",445,20.1091353736924
"syn_00155",502,61.0391806452625
"syn_00155",528,49.0999865145267
"syn_00156",109,47.1542015586693
"syn_00156",164,42.3998090449852
"syn_00156",189,112.346975845802
"syn_00156",217,25.5608859964662
"syn_00156",274,73.1125128201353
"syn_00156",318,62.5028579141745
"syn_00156",339,23.7693269693577
"syn_00156",379,12.1988112261445
"syn_00156",429,28.2202274693529
"syn_00156",514,60.016069241461
"syn_00157",90,262.389449034003
"syn_00157",133,130.604955351326
"syn_00157",153,257.431546480196
"syn_00157",218,230.619590286385
"syn_00157",266,376.601631682108
"syn_00157",323,159.831482435973
"syn_00157",376,369.771718834254
"syn_00157",426,202.715224049495
"syn_00157",454,187.183917751217
"syn_00157",507,196.689543918942
"syn_00158",75,175.255980256452
"syn_00158",108,201.615896145919
"syn_00158",141,353.581304208408
"syn_00158",164,273.940959527304
"syn_00158",230,207.920404081059
"syn_00158",254,317.606712291238
"syn_00158",344,172.990287696854
"syn_00158",387,155.882141947358
"syn_00158",418,239.943021452977
"syn_00158",529,592.566009954698
"syn_00159",95,93.4763377700416
"syn_00159",116,605.367541219085
"syn_00159",230,1006.03523020999
"syn_00159",258,339.728668304349
"syn_00159",290,284.215663942548
"syn_00159",312,240.164512004581
"syn_00159",358,309.190813412092
"syn_00159",395,170.201682113283
"syn_00159",488,272.261693982546
"syn_00159",521,223.456619764988
"syn_00160",81,379.858377392625
"syn_00160",121,169.105509784252
"syn_00160",148,122.519071852813
"syn_00160",262,341.399302956982
"syn_00160",287,315.985491572746
"syn_00160",338,291.907562511886
"syn_00160",418,240.185598463156
"syn_00160",471,304.051584481311
"syn_00160",494,119.807892490246
"syn_00160",523,167.958457955125
"syn_00161",102,153.965473960739
"syn_00161",134,625.537228615847
"syn_00161",180,140.677446607381
"syn_00161",233,541.609352736276
"syn_00161",299,1135.08234846755
"syn_00161",327,177.175167971021
"syn_00161",347,165.01699968726
"syn_00161",396,166.610046235799
"syn_00161",438,377.977047734703
"syn_00161",462,143.058656946861
"syn_00162",109,134.517203491083
"syn_00162",130,197.384952091809
"syn_00162",164,590.538963604175
"syn_00162",280,336.157127019096
"syn_00162",341,633.9145060779
"syn_00162",377,117.450774906795
"syn_00162",411,346.20459803113
"syn_00162",458,285.469848448199
"syn_00162",515,393.60650995686
"syn_00162",540,188.402498256048
"syn_00163",65,650.507620330422
"syn_00163",86,2639.50808624025
"syn_00163",112,1834.92993977872
"syn_00163",142,1300.38626842314
"syn_00163",195,857.903433213437
"syn_00163",234,880.979409186374
"syn_00163",265,931.648747602818
"syn_00163",317,1302.42027273096
"syn_00163",356,883.679078714079
"syn_00163",383,1511.5170924899
"syn_00164",83,2951.35897495253
"syn_00164",106,1377.61896657175
"syn_00164",253,1309.31350944397
"syn_00164",284,820.969649079029
"syn_00164",305,546.995578221357
"syn_00164",326,1700.85946766691
"syn_00164",378,1507.28806949997
"syn_00164",402,2522.41198908806
"syn_00164",453,547.93835550816
"syn_00164",521,1337.77911706137
"syn_00165",62,795.971962229564
"syn_00165",125,2028.77769837015
"syn_00165",169,3453.52627688683
"syn_00165",205,983.542476540748
"syn_00165",228,585.659745199315
"syn_00165",373,1331.9115217838
"syn_00165",413,1183.97580593926
"syn_00165",450,1395.51793905583
"syn_00165",491,1457.77504899463
"syn_00165",529,1947.83681178206
"syn_00166",73,1009.50277045752
"syn_00166",107,1025.28329819859
"syn_00166",181,2358.57110633597
"syn_00166",228,2261.02445994032
"syn_00166",249,995.269826425862
"syn_00166",282,679.836728566359
"syn_00166",327,2619.50771656115
"syn_00166",361,899.526671455394
"syn_00166",410,1455.96751895795
"syn_00166",507,1333.87694510506
"syn_00167",73,1852.20485418822
"syn_00167",111,912.064207680503
"syn_00167",201,1267.74026965666
"syn_00167",244,2490.37679979518
"syn_00167",282,2128.65821648852
"syn_00167",316,960.929186368618
"syn_00167",363,1460.21282600114
"syn_00167",393,2420.05596942647
"syn_00167",443,1509.35961678995
"syn_00167",480,860.839106478503
"syn_00168",99,1546.60609228517
"syn_00168",124,1201.27406570185
"syn_00168",159,1021.56998280543
"syn_00168",279,2086.13031673951
"syn_00168",319,751.669167195923
"syn_00168",341,1200.56755803107
"syn_00168",415,1036.17167656187
"syn_00168",439,3564.78110705332
"syn_00168",499,612.377544474159
"syn_00168",520,1054.51533939775
"syn_00169",230,37.5331152299819
"syn_00170",301,63.9576281995059
"syn_00171",62,129.561357874251
"syn_00172",440,54.5158702117328
"syn_00173",510,37.4576330771486
"syn_00174",146,93.9478599766913
"syn_00175",272,139.527835012844
"syn_00176",513,379.418913375541
"syn_00177",85,328.565493007921
"syn_00178",144,260.982525121272
"syn_00179",389,205.041409940922
"syn_00180",415,516.963896919495
"syn_00181",71,3325.73014068626
"syn_00182",325,2030.78945486392
"syn_00183",464,890.824246686762
"syn_00184",168,3201.16450266363
"syn_00185",500,1460.88941456621
"syn_00186",333,1657.89805250585
"syn_00187",76,34.0962549947796
"syn_00187",142,68.4829108790763
"syn_00187",445,43.4435138349726
"syn_00187",483,21.7916591518527
"syn_00188",68,43.459427494318
"syn_00188",105,16.6741756945301
"syn_00188",227,48.0234575613758
"syn_00188",313,38.4942138914466
"syn_00189",210,26.6259675565849
"syn_00189",255,48.8343745124295
"syn_00189",297,34.9819375517889
"syn_00189",323,93.0190828099925
"syn_00190",226,35.3032398953793
"syn_00190",286,47.0972657475755
"syn_00190",357,72.6616362022893
"syn_00190",469,80.8838662457441
"syn_00191",86,53.2044387992701
"syn_00191",149,78.2041752388403
"syn_00191",302,26.1944466797735
"syn_00191",398,81.2104346397341
"syn_00192",269,37.8898053902612
"syn_00192",293,65.6172791998166
"syn_00192",435,43.7188471283829
"syn_00192",479,45.4841969297229
"syn_00193",72,399.090527251012
"syn_00193",102,232.017095964293
"syn_00193",326,441.293764094613
"syn_00193",373,446.5342561067
"syn_00194",347,380.173164023191
"syn_00194",379,458.418753029184
"syn_00194",404,127.12058253338
"syn_00194",463,267.154309708464
"syn_00195",84,401.107299293144
"syn_00195",136,252.162294338165
"syn_00195",179,186.5583998568
"syn_00195",259,197.152404372946
"syn_00196",116,681.187751706411
"syn_00196",206,187.269290143451
"syn_00196",295,83.6983178623959
"syn_00196",446,266.270588314549
"syn_00197",236,270.083197236315
"syn_00197",258,276.705672451308
"syn_00197",315,264.137948288574
"syn_00197",384,351.264769802125
"syn_00198",236,254.040651748629
"syn_00198",277,252.568380098942
"syn_00198",335,189.452610551839
"syn_00198",536,252.349183475458
"syn_00199",86,732.411232095679
"syn_00199",217,2387.58504698425
"syn_00199",266,861.329175818173
"syn_00199",453,1967.61324237764
"syn_00200",137,1108.94331997041
"syn_00200",173,726.965473624355
"syn_00200",368,1161.2911528761
"syn_00200",481,1076.66208359631
"syn_00201",101,1515.6897803664
"syn_00201",201,730.584583718959
"syn_00201",269,1177.70940699609
"syn_00201",401,2334.43303992077
"syn_00202",97,1962.18717390179
"syn_00202",122,960.795046584222
"syn_00202",248,1613.43733354789
"syn_00202",515,1283.45451817142
"syn_00203",108,902.078345097311
"syn_00203",225,1419.86201317021
"syn_00203",321,701.518057934818
"syn_00203",417,1098.77613185416
"syn_00204",264,1291.73383106528
"syn_00204",312,375.486382851999
"syn_00204",348,1507.77397510051
"syn_00204",503,854.705456583955
"syn_00205",62,111.158550771767
"syn_00205",93,41.4289823395913
"syn_00205",135,29.8382453146822
"syn_00205",157,36.5058738391692
"syn_00205",185,58.8913272112959
"syn_00205",239,65.1470485586449
"syn_00205",261,43.7027792104573
"syn_00205",299,27.4054509951888
"syn_00205",350,32.3262442784242
"syn_00205",521,41.5311336909031
"syn_00206",112,29.7587719108595
"syn_00206",136,22.3547123890651
"syn_00206",192,91.4866978581926
"syn_00206",266,21.5817288049841
"syn_00206",301,18.7465764279478
"syn_00206",336,42.3411240860658
"syn_00206",357,135.783104646835
"syn_00206",383,44.5122441381343
"syn_00206",428,87.1282570197041
"syn_00206",514,57.5021366099522
"syn_00207",68,54.2416901071142
"syn_00207",88,14.0663170087449
"syn_00207",113,35.541222610399
"syn_00207",195,39.4657938018808
"syn_00207",225,53.8437469078226
"syn_00207",292,71.8899074516713
"syn_00207",316,52.3875589594936
"syn_00207",411,64.25108902478
"syn_00207",456,89.8076151073063
"syn_00207",521,79.1825954737711
"syn_00208",74,32.7409857682207
"syn_00208",123,55.8099165372724
"syn_00208",159,65.8184229941178
"syn_00208",210,105.713263647508
"syn_00208",265,46.8783793568841
"syn_00208",342,23.638503262304
"syn_00208",389,54.7353099006511
"syn_00208",414,25.9459649610882
"syn_00208",472,56.5611951052334
"syn_00208",515,52.5431644160799
"syn_00209",67,33.8183277939156
"syn_00209",108,50.5993787721794
"syn_00209",131,24.1403370491994
"syn_00209",161,46.5951597353911
"syn_00209",190,67.1283959538522
"syn_00209",280,37.6052070478438
"syn_00209",367,47.0435023056304
"syn_00209",390,55.8817388245075
"syn_00209",449,30.2292099856761
"syn_00209",498,29.790343676307
"syn_00210",85,48.8153275081617
"syn_00210",142,39.5567591507977
"syn_00210",168,26.6339880056041
"syn_00210",193,96.6281849417088
"syn_00210",242,88.826495974336
"syn_00210",281,51.2247717165984
"syn_00210",305,30.568444491148
"syn_00210",355,33.2969718336698
"syn_00210",484,25.8877737306563
"syn_00210",521,45.7331163332116
"syn_00211",94,377.299384435258
"syn_00211",138,434.905622383433
"syn_00211",161,444.064002235528
"syn_00211",286,164.27670080146
"syn_00211",309,220.513235839498
"syn_00211",340,282.274808891339
"syn_00211",361,263.269215716522
"syn_00211",393,228.952760941709
"syn_00211",472,147.721446296317
"syn_00211",528,111.774787983124
"syn_00212",66,223.076527213817
"syn_00212",101,451.551349982186
"syn_00212",168,399.909558092298
"syn_00212",188,135.926514280491
"syn_00212",258,682.536541816515
"syn_00212",303,283.326813757971
"syn_00212",365,739.661052370219
"syn_00212",394,466.929260381515
"syn_00212",462,282.538905660379
"syn_00212",500,213.543882923388
"syn_00213",125,261.054001545022
"syn_00213",222,253.915877565418
"syn_00213",249,157.393456270387
"syn_00213",279,703.395856838358
"syn_00213",357,207.838125767134
"syn_00213",392,526.917411072578
"syn_00213",447,304.341488530336
"syn_00213",484,326.236051728983
"syn_00213",505,236.11386021961
"syn_00213",538,1026.73784749601
"syn_00214",102,106.112617946499
"syn_00214",124,276.137188319851
"syn_00214",161,182.49178661361
"syn_00214",209,452.34695433072
"syn_00214",253,206.222413297093
"syn_00214",278,152.083832310713
"syn_00214",372,410.357125578222
"syn_00214",444,200.015719125833
"syn_00214",482,161.044881689015
"syn_00214",507,293.448406573724
"syn_00215",63,144.502032091769
"syn_00215",89,388.016992135713
"syn_00215",143,150.033223477829
"syn_00215",239,179.346565258005
"syn_00215",288,77.0361181524963
"syn_00215",320,238.159008760735
"syn_00215",375,391.776636340835
"syn_00215",416,226.702191590391
"syn_00215",465,357.37306088653
"syn_00215",500,102.711268765772
"syn_00216",76,151.601206000146
"syn_00216",97,260.71405035782
"syn_00216",163,189.064795221657
"syn_00216",198,186.639229621946
"syn_00216",227,499.570476521053
"syn_00216",325,205.894822023519
"syn_00216",413,174.759989526836
"syn_00216",435,245.329522997294
"syn_00216",465,267.020343017022
"syn_00216",527,244.029263604002
"syn_00217",68,2009.03238924679
"syn_00217",112,785.166675688496
"syn_00217",134,1722.20125166159
"syn_00217",223,5509.39405942849
"syn_00217",254,1141.40222007357
"syn_00217",312,685.541789861049
"syn_00217",356,853.155032381598
"syn_00217",389,2239.39218225861
"syn_00217",412,1712.44400197262
"syn_00217",456,1719.34974790928
"syn_00218",87,2115.84574442238
"syn_00218",111,1708.47204448752
"syn_00218",175,1110.3536472704
"syn_00218",230,1483.54727315217
"syn_00218",312,704.657703002297
"syn_00218",345,1870.66648656875
"syn_00218",366,2549.19961159132
"syn_00218",388,548.436559187642
"syn_00218",471,1657.71335670766
"syn_00218",491,1917.79167567008
"syn_00219",108,946.817937870716
"syn_00219",163,1318.01641147146
"syn_00219",203,1237.8551558891
"syn_00219",250,1554.08845616144
"syn_00219",279,2431.04541086781
"syn_00219",346,553.255677346898
"syn_00219",391,849.05145534237
"syn_00219",411,1466.74435925582
"syn_00219",438,670.921597849372
"syn_00219",506,1207.08463852565
"syn_00220",98,1521.61805556733
"syn_00220",122,2161.15259072845
"syn_00220",144,1418.81554660578
"syn_00220",239,2138.78579609066
"syn_00220",296,1325.12293560111
"syn_00220",330,1155.76044495922
"syn_00220",377,1961.85830245844
"syn_00220",399,1564.50166149102
"syn_00220",420,1213.36138304096
"syn_00220",518,1595.13872502383
"syn_00221",90,842.828709484399
"syn_00221",167,2081.59016975737
"syn_00221",200,1083.80690578243
"syn_00221",237,1556.19686517165
"syn_00221",268,690.403064631251
"syn_00221",299,495.728133183093
"syn_00221",339,1448.43323017505
"syn_00221",359,1154.4173485435
"syn_00221",453,1056.39163492292
"syn_00221",536,2777.50508017356
"syn_00222",67,3096.42515941164
"syn_00222",107,1902.23673197846
"syn_00222",144,723.86043814651
"syn_00222",188,1613.00975203582
"syn_00222",308,1346.17907364198
"syn_00222",333,1207.85118581281
"syn_00222",402,1996.40177489241
"syn_00222",461,1590.25017941426
"syn_00222",486,1647.20642717983
"syn_00222",527,933.61053827704
"syn_00229",475,34.9264746348216
"syn_00230",413,52.4252293332913
"syn_00231",81,36.0293626216974
"syn_00232",84,29.1049420865677
"syn_00233",446,46.3549656486533
"syn_00234",259,51.7987355637544
"syn_00235",212,808.104327311202
"syn_00236",292,154.696138437754
"syn_00237",123,303.98785666478
"syn_00238",235,272.779980502644
"syn_00239",343,801.971221401942
"syn_00240",532,401.505965514143
"syn_00241",472,1067.36757137505
"syn_00242",508,665.309082020531
"syn_00243",184,787.837118485275
"syn_00244",424,1167.12559699197
"syn_00245",505,2215.1931927464
"syn_00246",172,2503.47408680502
"syn_00247",69,42.373130470173
"syn_00247",236,39.0710283257977
"syn_00247",259,28.0513843138056
"syn_00247",417,73.6607759756203
"syn_00248",96,57.6118417126034
"syn_00248",151,37.9853224621237
"syn_00248",226,40.3146689775035
"syn_00248",390,38.8484395716148
"syn_00249",68,53.2661836190698
"syn_00249",101,121.799837161744
"syn_00249",240,25.7001257482615
"syn_00249",364,38.9989969434464
"syn_00250",106,48.6083335453508
"syn_00250",156,33.1966699622274
"syn_00250",385,44.3684812864375
"syn_00250",420,46.8447938384072
"syn_00251",70,26.7002011802702
"syn_00251",117,32.4756066293219
"syn_00251",156,65.8016966929893
"syn_00251",331,55.0360112161592
"syn_00252",150,67.5226382120273
"syn_00252",217,41.9384704219944
"syn_00252",267,39.2586600561022
"syn_00252",513,45.5757946264749
"syn_00253",189,371.040350876405
"syn_00253",255,122.885837070345
"syn_00253",288,712.960115538217
"syn_00253",462,124.138969968925
"syn_00254",278,296.214444250057
"syn_00254",376,278.808869496403
"syn_00254",400,379.811427023928
"syn_00254",433,244.092084729515
"syn_00255",134,269.662513990038
"syn_00255",392,408.886103176123
"syn_00255",446,496.091092523761
"syn_00255",502,169.563208525393
"syn_00256",89,304.856914076454
"syn_00256",175,195.184276022451
"syn_00256",212,628.10379809897
"syn_00256",267,265.446996987086
"syn_00257",65,204.547396720798
"syn_00257",279,294.140548913411
"syn_00257",323,276.126412258433
"syn_00257",407,339.185668918558
"syn_00258",106,282.253865288333
"syn_00258",205,82.4178055453501
"syn_00258",328,333.320183493673
"syn_00258",421,254.567556686504
"syn_00259",197,869.340554483957
"syn_00259",405,789.720772042935
"syn_00259",448,3067.0926341672
"syn_00259",539,1872.20868287499
"syn_00260",131,1538.41384510833
"syn_00260",284,987.311797252075
"syn_00260",338,571.748119468279
"syn_00260",445,593.790045879101
"syn_00261",282,685.843692540417
"syn_00261",387,2225.96221971422
"syn_00261",410,1058.83420572053
"syn_00261",434,1703.57271550734
"syn_00262",173,2156.04724458255
"syn_00262",222,1141.87704286576
"syn_00262",284,1476.14539106803
"syn_00262",401,1639.27551813049
"syn_00263",102,994.848947902001
"syn_00263",220,1671.02319584472
"syn_00263",255,1299.78450030234
"syn_00263",443,1590.82444410848
"syn_00264",112,1045.90273055716
"syn_00264",185,1360.64805497292
"syn_00264",424,2274.63761100332
"syn_00264",459,1224.91654133095
"syn_00265",72,30.4982230005502
"syn_00265",149,34.4385022103195
"syn_00265",187,50.896652436615
"syn_00265",214,32.0503446607183
"syn_00265",322,57.5115068800855
"syn_00265",350,114.526913413365
"syn_00265",419,93.6372645507009
"syn_00265",450,143.674592441847
"syn_00265",488,69.236721156448
"syn_00265",510,55.7866380941273
"syn_00266",65,74.794662732774
"syn_00266",109,30.363329973533
"syn_00266",140,45.8510263021526
"syn_00266",202,47.0397192717155
"syn_00266",234,31.5541327937627
"syn_00266",268,23.5084214835866
"syn_00266",325,48.7550845760799
"syn_00266",414,68.3758896601866
"syn_00266",467,36.3399027176164
"syn_00266",508,58.0457704997366
"syn_00267",89,46.3562910131301
"syn_00267",149,16.8377935982958
"syn_00267",199,104.160099975568
"syn_00267",251,54.0114565826997
"syn_00267",292,53.7095463376481
"syn_00267",334,18.9497058084241
"syn_00267",410,18.4151184851815
"syn_00267",430,18.5190988835261
"syn_00267",465,76.869851707321
"syn_00267",530,49.9238702919594
"syn_00268",70,61.1417330292592
"syn_00268",111,36.4335746131472
"syn_00268",141,55.9694848688518
"syn_00268",216,34.2559667889879
"syn_00268",241,34.3950184603899
"syn_00268",276,22.6036263617484
"syn_00268",300,38.8042257654815
"syn_00268",350,61.7799237944178
"syn_00268",377,49.4913051766766
"syn_00268",501,45.7723966930693
"syn_00269",91,24.3405128450237
"syn_00269",154,24.8014057580742
"syn_00269",212,57.586380164805
"syn_00269",256,51.9834690950414
"syn_00269",354,62.4078014287255
"syn_00269",381,54.2757937888628
"syn_00269",404,36.5701149548338
"syn_00269",434,107.666268306174
"syn_00269",470,46.833521616392
"syn_00269",529,43.2716607158392
"syn_00270",72,37.0569197913175
"syn_00270",141,37.742593562461
"syn_00270",170,37.6330659964849
"syn_00270",210,20.3983375347282
"syn_00270",235,11.8084291152802
"syn_00270",355,26.1024292764913
"syn_00270",380,66.5210373062097
"syn_00270",424,49.3232925068497
"syn_00270",444,35.4365749219641
"syn_00270",472,26.0718441754113
"syn_00271",114,285.098139929105
"syn_00271",182,265.521150329388
"syn_00271",255,195.665243027824
"syn_00271",314,552.400844206989
"syn_00271",344,295.56969293414
"syn_00271",366,321.542603975613
"syn_00271",446,237.166561514141
"syn_00271",473,245.959229267995
"syn_00271",509,112.451572220544
"syn_00271",537,740.513350380796
"syn_00272",107,321.817785761904
"syn_00272",154,244.264471082818
"syn_00272",220,111.154217288663
"syn_00272",244,54.9458648015199
"syn_00272",272,137.213890293963
"syn_00272",295,404.49071077874
"syn_00272",354,353.957169310948
"syn_00272",392,284.458473963691
"syn_00272",458,343.670488992916
"syn_00272",484,401.513250224473
"syn_00273",96,194.964593175151
"syn_00273",126,189.083271955196
"syn_00273",152,249.078829287734
"syn_00273",177,167.715859088812
"syn_00273",211,226.923256249121
"syn_00273",275,219.855080425081
"syn_00273",329,284.508772172165
"syn_00273",375,171.484881742983
"syn_00273",510,191.97465016764
"syn_00273",532,108.24100508637
"syn_00274",74,126.250481709964
"syn_00274",105,329.925064398735
"syn_00274",159,240.626819960058
"syn_00274",239,253.845055342489
"syn_00274",296,99.7921089865101
"syn_00274",332,462.764733538604
"syn_00274",355,271.618421176572
"syn_00274",466,217.580474765931
"syn_00274",503,103.957658220357
"syn_00274",523,259.100946497332
"syn_00275",103,396.334269795903
"syn_00275",147,136.538143050121
"syn_00275",170,110.947187527974
"syn_00275",203,374.699370772469
"syn_00275",259,718.919731860312
"syn_00275",337,286.935384623376
"syn_00275",365,180.790988243147
"syn_00275",421,189.572349089181
"syn_00275",470,175.585361085273
"syn_00275",514,898.158064472639
"syn_00276",86,297.356268754403
"syn_00276",110,169.899054466833
"syn_00276",145,183.332940376084
"syn_00276",198,438.828973509104
"syn_00276",247,373.011272322106
"syn_00276",363,134.351533551681
"syn_00276",383,131.259765315266
"syn_00276",423,424.004906600657
"syn_00276",458,285.10547030431
"syn_00276",539,339.876699381765
"syn_00277",115,984.69023215394
"syn_00277",158,750.713809261595
"syn_00277",219,1597.8709305414
"syn_00277",239,1270.35627836897
"syn_00277",304,841.438137312756
"syn_00277",348,705.678936952724
"syn_00277",429,1219.52392290504
"syn_00277",452,2282.91320750292
"syn_00277",496,2677.79627341701
"syn_00277",526,1978.99164227802
"syn_00278",75,1135.5316211227
"syn_00278",125,390.790330411505
"syn_00278",245,1074.62116631032
"syn_00278",291,1860.43786412537
"syn_00278",339,1650.39984299177
"syn_00278",362,2036.76284060626
"syn_00278",395,1017.76943176371
"syn_00278",434,2179.22624678487
"syn_00278",468,598.154903590237
"syn_00278",521,1268.18545607702
"syn_00279",79,1300.17560238298
"syn_00279",118,1499.7283499734
"syn_00279",201,2287.83891347997
"syn_00279",280,1038.59059631953
"syn_00279",319,808.751481243514
"syn_00279",376,3236.4786735658
"syn_00279",419,918.005572555191
"syn_00279",442,650.019028406904
"syn_00279",463,1899.67158198478
"syn_00279",533,2204.92971338157
"syn_00280",81,772.667380070547
"syn_00280",115,1155.45950536889
"syn_00280",152,1169.74756110596
"syn_00280",223,1732.96729870263
"syn_00280",249,1456.19216422744
"syn_00280",296,656.967980796729
"syn_00280",327,1410.57747817692
"syn_00280",382,1142.1171871015
"syn_00280",417,608.528473098326
"syn_00280",457,1431.99189702409
"syn_00281",75,1381.62471111674
"syn_00281",96,1414.32527814433
"syn_00281",123,1777.02191767262
"syn_00281",150,1531.91230287718
"syn_00281",211,1992.99844088475
"syn_00281",243,1846.51403020032
"syn_00281",280,1123.33745053686
"syn_00281",406,1363.57521673059
"syn_00281",488,1789.2708473732
"syn_00281",519,1522.92075714887
"syn_00282",81,867.321093353352
"syn_00282",113,633.146050041458
"syn_00282",192,900.029607801604
"syn_00282",295,838.487049050197
"syn_00282",330,2529.4477137214
"syn_00282",350,1144.07209635244
"syn_00282",432,698.284169308594
"syn_00282",473,897.575092532802
"syn_00282",502,2410.13481034814
"syn_00282",532,1695.72930109351
"syn_00283",79,26.965158004264
"syn_00284",515,73.582164302147
"syn_00285",159,96.4112649278356
"syn_00286",516,21.7022237047115
"syn_00287",438,59.6049978769541
"syn_00288",331,121.993497274347
"syn_00289",397,456.299295974218
"syn_00290",80,195.917782191278
"syn_00291",208,153.021266117101
"syn_00292",217,266.068511430539
"syn_00293",266,259.248992332664
"syn_00294",126,577.693571976266
"syn_00295",203,1498.400192327
"syn_00296",112,878.181972926381
"syn_00297",510,967.791005192984
"syn_00298",207,621.431108065804
"syn_00299",373,2137.61183894783
"syn_00300",166,1161.59184746149
"syn_00301",74,67.1524891107159
"syn_00301",161,53.7124445354433
"syn_00301",282,25.8124819406958
"syn_00301",394,40.9328398130729
"syn_00302",72,30.6832268274362
"syn_00302",122,24.1787469571058
"syn_00302",337,51.1417879162568
"syn_00302",521,28.708020707711
"syn_00303",219,57.3811517687662
"syn_00303",240,44.4161782935167
"syn_00303",283,44.2899316746768
"syn_00303",532,52.993156953643
"syn_00304",166,45.2963529594211
"syn_00304",248,133.908278080536
"syn_00304",307,49.6046233938497
"syn_00304",378,34.9669819192644
"syn_00305",112,20.9591371320452
"syn_00305",153,35.1683378200659
"syn_00305",182,36.1638540607322
"syn_00305",331,36.7544597410671
"syn_00306",125,34.5409452416267
"syn_00306",209,46.7678682045496
"syn_00306",413,95.956183902175
"syn_00306",474,15.4172268154631
"syn_00307",145,508.930264621045
"syn_00307",184,259.063220857564
"syn_00307",436,237.739895220011
"syn_00307",458,229.159661643564
"syn_00308",329,60.3142056695587
"syn_00308",361,280.33372213084
"syn_00308",413,288.52816463565
"syn_00308",518,166.201857887305
"syn_00309",222,419.947799339905
"syn_00309",271,225.693095599265
"syn_00309",370,283.336756954826
"syn_00309",442,357.401111454853
"syn_00310",96,487.965602524417
"syn_00310",255,339.165154925235
"syn_00310",387,322.958928148724
"syn_00310",476,391.453835944043
"syn_00311",138,144.614386123472
"syn_00311",204,224.705972363338
"syn_00311",348,344.857793874385
"syn_00311",438,536.856178117518
"syn_00312",141,163.454288306507
"syn_00312",166,100.651546334205
"syn_00312",222,199.21035801176
"syn_00312",273,126.808793835898
"syn_00313",193,2384.8133778937
"syn_00313",252,1330.6765923066
"syn_00313",464,557.726361359257
"syn_00313",536,1383.57280825351
"syn_00314",121,566.448892005491
"syn_00314",185,1043.47366497893
"syn_00314",349,1790.92411685954
"syn_00314",481,1133.79277637601
"syn_00315",99,3306.29478633258
"syn_00315",156,2298.24704421874
"syn_00315",181,952.250129484969
"syn_00315",504,2753.26805821719
"syn_00316",115,683.739789716571
"syn_00316",155,960.864425280667
"syn_00316",195,909.264176534146
"syn_00316",273,1817.72242238577
"syn_00317",202,871.740713137811
"syn_00317",233,2376.75514111446
"syn_00317",386,958.261839147754
"syn_00317",481,2235.16247756799
"syn_00318",123,1337.58350349164
"syn_00318",219,1247.16725469521
"syn_00318",260,1101.84931610553
"syn_00318",504,2434.21428669519
"syn_00319",74,64.4640159517075
"syn_00319",134,18.2019139647054
"syn_00319",216,51.425469927323
"syn_00319",246,34.3175437691153
"syn_00319",273,97.9261330591691
"syn_00319",298,40.4549163869749
"syn_00319",329,28.6529956712366
"syn_00319",399,51.3415086217525
"syn_00319",422,30.3842412330951
"syn_00319",502,38.59248313629
"syn_00320",65,51.5488504622592
"syn_00320",89,34.3346045193104
"syn_00320",185,114.59120309615
"syn_00320",242,71.4070667284222
"syn_00320",301,110.592833024496
"syn_00320",352,58.5110920570752
"syn_00320",417,33.147680559851
"syn_00320",438,47.9644085125627
"syn_00320",469,84.2079122154859
"syn_00320",523,77.6769196519378
"syn_00321",64,31.6387517630839
"syn_00321",121,76.9579236581458
"syn_00321",156,26.7083771687647
"syn_00321",187,33.5593910769843
"syn_00321",255,19.3716393168799
"syn_00321",276,40.2207777020542
"syn_00321",301,29.4808541118804
"syn_00321",330,57.6109926806925
"syn_00321",383,17.6660590173705
"syn_00321",503,98.9887644365968
"syn_00322",63,97.8194199078639
"syn_00322",86,36.7771325755243
"syn_00322",128,38.7684687735465
"syn_00322",157,36.8842817983889
"syn_00322",190,72.8772704162365
"syn_00322",243,37.5927639105644
"syn_00322",265,21.9823086973134
"syn_00322",302,94.8467067126459
"syn_00322",430,42.7436688722513
"syn_00322",501,55.5228714778553
"syn_00323",60,43.5756993956134
"syn_00323",148,44.0692656879637
"syn_00323",252,75.2325893714461
"syn_00323",279,69.4395169393444
"syn_00323",312,87.3815825758751
"syn_00323",338,128.480812494903
"syn_00323",361,66.5647644058841
"syn_00323",444,32.1327822621301
"syn_00323",479,61.1086187373058
"syn_00323",533,99.8856100099704
"syn_00324",91,34.7379001762047
"syn_00324",126,23.1814960663435
"syn_00324",159,21.4122140206922
"syn_00324",185,112.080926737567
"syn_00324",232,43.4118257609207
"syn_00324",254,67.6276342401768
"syn_00324",309,48.8862150636004
"syn_00324",424,39.4898553381453
"syn_00324",490,18.851435779192
"syn_00324",529,29.9649772362394
"syn_00325",68,166.161811991221
"syn_00325",115,116.837444637846
"syn_00325",167,90.0498427950909
"syn_00325",219,344.079792355596
"syn_00325",268,286.195793295847
"syn_00325",342,126.4396911806
"syn_00325",389,156.95825447531
"syn_00325",480,379.828603337108
"syn_00325",501,405.574803592179
"syn_00325",529,742.269969003242
"syn_00326",117,304.932705641274
"syn_00326",197,405.203427778089
"syn_00326",227,128.584495661965
"syn_00326",266,552.085068874593
"syn_00326",300,105.0239336954
"syn_00326",357,226.873497907715
"syn_00326",395,259.835831650477
"syn_00326",417,248.594775815599
"syn_00326",447,395.845504904373
"syn_00326",534,306.422729929576
"syn_00327",62,134.848116957813
"syn_00327",92,644.445281784048
"syn_00327",152,551.017179029599
"syn_00327",194,518.465404914424
"syn_00327",258,236.440637935012
"syn_00327",279,194.466657681253
"syn_00327",345,166.979897823999
"syn_00327",392,227.196341643046
"syn_00327",459,111.184927301612
"syn_00327",521,308.370662759611
"syn_00328",93,102.304608244335
"syn_00328",123,356.419830454801
"syn_00328",148,121.090516806279
"syn_00328",197,329.887017185686
"syn_00328",240,402.718697584998
"syn_00328",283,233.629016868431
"syn_00328",361,272.916958898484
"syn_00328",397,883.174476624624
"syn_00328",495,201.322160194068
"syn_00328",528,322.046966332529
"syn_00329",69,305.272721769324
"syn_00329",127,152.992400258893
"syn_00329",156,279.530619934193
"syn_00329",207,277.749306605037
"syn_00329",262,78.1286222803464
"syn_00329",306,321.505136411983
"syn_00329",379,89.6582691025718
"syn_00329",418,295.540703108614
"syn_00329",444,237.318305773791
"syn_00329",517,234.446300418692
"syn_00330",60,753.029250109836
"syn_00330",111,67.8471359427738
"syn_00330",143,287.773488026393
"syn_00330",171,290.831165910003
"syn_00330",194,509.869225292136
"syn_00330",227,199.221338521031
"syn_00330",349,202.168729775552
"syn_00330",369,341.218810609501
"syn_00330",423,275.745514289055
"syn_00330",482,308.986690724049
"syn_00331",80,2867.90992268271
"syn_00331",140,1328.75119677466
"syn_00331",186,1037.2670809133
"syn_00331",228,1552.14329560186
"syn_00331",253,2032.85853277656
"syn_00331",339,739.434572156702
"syn_00331",366,1143.55919278577
"syn_00331",420,1789.51925069154
"syn_00331",440,520.705482317218
"syn_00331",501,1919.12716658235
"syn_00332",125,1736.63965429752
"syn_00332",162,1316.50270201876
"syn_00332",199,3387.77598105778
"syn_00332",242,2211.39858850675
"syn_00332",329,1005.15498650019
"syn_00332",368,466.944542522254
"syn_00332",405,1582.57428831217
"syn_00332",427,1903.65950071338
"syn_00332",448,1741.67945655001
"syn_00332",501,1259.60568735915
"syn_00333",82,1087.20050868889
"syn_00333",115,1456.09783156219
"syn_00333",140,569.511844319453
"syn_00333",170,1371.46007707576
"syn_00333",244,986.354312459503
"syn_00333",310,1885.07817397043
"syn_00333",409,1809.88089273596
"syn_00333",466,1263.89548336774
"syn_00333",489,2101.71447365097
"syn_00333",520,1802.97222916246
"syn_00334",91,1367.53773344316
"syn_00334",151,3253.67149159597
"syn_00334",182,1845.86312715306
"syn_00334",215,1027.42465332814
"syn_00334",252,704.005285537717
"syn_00334",333,1377.57578706314
"syn_00334",361,1282.09487940505
"syn_00334",391,1935.36652828971
"syn_00334",426,1321.79818650004
"syn_00334",482,1060.84626937919
"syn_00335",66,386.115929855318
"syn_00335",194,1003.36801502367
"syn_00335",283,2284.18232941446
"syn_00335",318,1186.70090672654
"syn_00335",341,2330.26007569292
"syn_00335",387,889.609614163158
"syn_00335",416,2592.98876043177
"syn_00335",480,1114.26084729583
"syn_00335",506,459.930214784515
"syn_00335",533,2423.39265094924
"syn_00336",90,1953.20190593363
"syn_00336",115,1087.45881501584
"syn_00336",177,4199.36148946882
"syn_00336",260,897.298332286227
"syn_00336",310,1223.12191947092
"syn_00336",355,874.859467398888
"syn_00336",384,852.942120391167
"syn_00336",426,1412.4870748952
"syn_00336",467,2928.43040344059
"syn_00336",515,1223.55099004757
"syn_00343",243,87.5732918638423
"syn_00344",124,58.4877976620253
"syn_00345",173,41.7843466685646
"syn_00346",219,17.6513595045222
"syn_00347",314,72.6870089180811
"syn_00348",288,42.9550205576496
"syn_00349",330,339.961452324194
"syn_00350",268,359.183877244276
"syn_00351",339,175.259564296658
"syn_00352",401,225.011399074721
"syn_00353",442,135.818145073182
"syn_00354",271,136.989595690054
"syn_00355",360,1161.56077816246
"syn_00356",485,2692.60019803801
"syn_00357",97,1248.60425952292
"syn_00358",367,661.358410126282
"syn_00359",343,883.631947964102
"syn_00360",176,741.939142702975
"syn_00361",66,38.0106310935398
"syn_00361",121,24.4774134628546
"syn_00361",165,79.1790892990143
"syn_00361",421,49.6584438241116
"syn_00362",106,31.5542688439446
"syn_00362",390,47.9199608845503
"syn_00362",422,57.8035546387918
"syn_00362",513,95.7631036053376
"syn_00363",301,42.4720363680667
"syn_00363",323,82.565036095874
"syn_00363",376,37.704366936538
"syn_00363",402,40.3595337533332
"syn_00364",169,31.164605431865
"syn_00364",292,61.2870946764334
"syn_00364",358,24.9201027748562
"syn_00364",535,31.6574085103156
"syn_00365",134,13.4844227633478
"syn_00365",173,67.3186572930321
"syn_00365",337,30.835955857278
"syn_00365",405,33.0983488456938
"syn_00366",121,41.0457332794236
"syn_00366",191,93.3114848796354
"syn_00366",376,80.9303286562599
"syn_00366",451,29.9421791515528
"syn_00367",239,245.42414325837
"syn_00367",427,102.64884350485
"syn_00367",466,552.134663953695
"syn_00367",509,262.155493433843
"syn_00368",200,319.465544427221
"syn_00368",337,140.759709793961
"syn_00368",374,285.588042322103
"syn_00368",510,319.562154826277
"syn_00369",96,231.452305860743
"syn_00369",346,219.696745229195
"syn_00369",390,196.66224617619
"syn_00369",460,126.321021745314
"syn_00370",84,542.283106826234
"syn_00370",272,706.840284734321
"syn_00370",298,297.919594197093
"syn_00370",384,249.89953265719
"syn_00371",115,206.49823139897
"syn_00371",251,623.187962673524
"syn_00371",339,117.431794988938
"syn_00371",415,298.357977717394
"syn_00372",86,431.919067089025
"syn_00372",136,268.308998047178
"syn_00372",283,302.216588482634
"syn_00372",313,297.107282160477
"syn_00373",127,679.027782357004
"syn_00373",154,1589.19242740035
"syn_00373",309,908.489321000209
"syn_00373",418,671.201123050409
"syn_00374",192,939.642978971351
"syn_00374",227,1097.72088605007
"syn_00374",336,658.89059294468
"syn_00374",377,1075.25706997294
"syn_00375",63,1143.27296234269
"syn_00375",175,1252.06954984873
"syn_00375",357,1456.72152317075
"syn_00375",485,1444.21952055763
"syn_00376",152,411.961522592071
"syn_00376",223,1254.364561759
"syn_00376",359,1915.54610251248
"syn_00376",524,1163.62163004165
"syn_00377",239,1641.4730606193
"syn_00377",411,1272.01364911981
"syn_00377",450,706.863874498983
"syn_00377",474,720.456116471177
"syn_00378",86,2149.9880665665
"syn_00378",239,1981.27037853837
"syn_00378",353,2859.88487064244
"syn_00378",441,949.607779519311
"syn_00379",99,85.7916642207405
"syn_00379",138,130.58256456618
"syn_00379",168,62.1752505801427
"syn_00379",192,65.9490895148334
"syn_00379",229,48.9712986991773
"syn_00379",369,19.3498360853579
"syn_00379",393,65.3710055049958
"syn_00379",439,42.9870090231638
"syn_00379",486,74.7391484698821
"syn_00379",509,55.2741934032448
"syn_00380",63,27.7642816942069
"syn_00380",130,39.2141999806759
"syn_00380",154,47.6826200543651
"syn_00380",217,42.9671416447337
"syn_00380",311,45.3173701168092
"syn_00380",331,31.0930828097045
"syn_00380",359,24.4860928108208
"syn_00380",391,31.4197807880399
"syn_00380",416,64.7139988153824
"syn_00380",469,45.4951999548545
"syn_00381",64,41.1737202404798
"syn_00381",92,30.2056351784983
"syn_00381",125,58.1138441155677
"syn_00381",165,41.9297000062644
"syn_00381",185,41.5086285551916
"syn_00381",207,62.9627670592
"syn_00381",253,22.0081521238917
"syn_00381",318,35.8053401869081
"syn_00381",500,34.9625744463052
"syn_00381",523,32.7362086615855
"syn_00382",62,22.5341942713007
"syn_00382",114,41.5199301948758
"syn_00382",159,57.4269533446879
"syn_00382",180,64.9715858602668
"syn_00382",263,45.6538095979647
"syn_00382",287,236.18938096506
"syn_00382",316,98.004112677901
"syn_00382",356,79.4305767139704
"syn_00382",413,40.6956127845565
"syn_00382",444,30.2613544614935
"syn_00383",68,32.0432232648329
"syn_00383",99,31.1267828844445
"syn_00383",149,42.9488907833396
"syn_00383",186,112.498516308812
"syn_00383",283,111.550398556926
"syn_00383",336,41.4912166429189
"syn_00383",429,58.6309696427285
"syn_00383",449,121.614008970175
"syn_00383",476,47.5643194803808
"syn_00383",534,23.0553307738196
"syn_00384",65,33.9003484980674
"syn_00384",181,35.5121471641988
"syn_00384",223,83.4614416080937
"syn_00384",246,107.832641336453
"syn_00384",269,38.5205658212086
"syn_00384",310,26.7370093674687
"syn_00384",350,66.2249134338629
"syn_00384",448,47.8513193221897
"syn_00384",483,45.5889002203295
"syn_00384",519,32.442278059478
"syn_00385",111,303.009736993168
"syn_00385",138,278.644326701786
"syn_00385",160,185.880040868561
"syn_00385",194,453.702036389891
"syn_00385",247,305.135281274745
"syn_00385",277,335.972947132605
"syn_00385",318,148.81652998903
"syn_00385",389,335.346870611298
"syn_00385",437,256.828716148801
"syn_00385",515,280.191928382318
"syn_00386",102,209.187205104517
"syn_00386",152,190.272872541868
"syn_00386",199,351.993739935725
"syn_00386",265,238.967671447731
"syn_00386",306,205.773401693961
"syn_00386",361,247.717412727749
"syn_00386",461,432.730666288151
"syn_00386",488,401.244160719431
"syn_00386",509,185.024506358628
"syn_00386",537,256.868421108736
"syn_00387",60,157.776267644147
"syn_00387",89,127.880504569981
"syn_00387",113,288.873211731151
"syn_00387",211,528.440139790189
"syn_00387",241,176.608849033566
"syn_00387",273,325.956581440845
"syn_00387",314,601.127317601426
"syn_00387",420,153.262389475329
"syn_00387",493,231.001852797399
"syn_00387",529,198.972211954982
"syn_00388",75,284.847052315055
"syn_00388",120,282.321327859154
"syn_00388",147,591.764043587066
"syn_00388",221,270.705417614495
"syn_00388",243,375.586983052418
"syn_00388",271,211.141003468511
"syn_00388",382,360.829959155092
"syn_00388",402,241.192567414688
"syn_00388",429,232.98967036178
"syn_00388",506,140.830708750324
"syn_00389",81,260.99551370489
"syn_00389",142,370.200031543181
"syn_00389",208,301.586351015477
"syn_00389",262,161.55321489069
"syn_00389",298,255.273826251947
"syn_00389",324,164.96131095547
"syn_00389",354,592.198436393367
"syn_00389",432,467.837358225934
"syn_00389",503,250.237569153965
"syn_00389",530,357.6112265565
"syn_00390",82,232.229419292537
"syn_00390",145,432.983512505368
"syn_00390",174,200.555346005338
"syn_00390",205,261.195373917209
"syn_00390",268,148.797474717309
"syn_00390",316,140.139475358316
"syn_00390",365,176.429796514677
"syn_00390",445,261.558245261358
"syn_00390",484,469.52965007895
"syn_00390",510,195.712363986169
"syn_00391",61,990.878593358466
"syn_00391",93,3292.01026424751
"syn_00391",113,907.680524316519
"syn_00391",162,1378.39969175634
"syn_00391",197,1830.81307772099
"syn_00391",222,607.562304029627
"syn_00391",258,1584.77330565061
"syn_00391",322,1720.1152153147
"syn_00391",400,946.667290926282
"syn_00391",444,1723.92188689772
"syn_00392",76,1328.49940949941
"syn_00392",117,2317.53931026457
"syn_00392",180,2060.48194770896
"syn_00392",200,1114.1265835648
"syn_00392",251,725.196616914717
"syn_00392",311,1375.27607859518
"syn_00392",343,2628.14633663666
"syn_00392",418,866.509942723872
"syn_00392",453,2193.34994910015
"syn_00392",493,2424.90561152478
"syn_00393",63,1956.9227954117
"syn_00393",104,3605.45132811881
"syn_00393",124,975.441202950055
"syn_00393",240,2195.54005295085
"syn_00393",372,2035.42257131367
"syn_00393",411,993.260251192158
"syn_00393",443,993.665255261876
"syn_00393",470,481.030568871782
"syn_00393",499,1164.79238466758
"syn_00393",521,2199.19307832676
"syn_00394",118,1410.17078838267
"syn_00394",153,638.590315747439
"syn_00394",191,1001.30762008614
"syn_00394",229,1869.46448968669
"syn_00394",267,752.415529984855
"syn_00394",287,1503.17816820713
"syn_00394",383,1122.97525853706
"syn_00394",404,1039.01615783786
"syn_00394",430,2230.92949135381
"syn_00394",465,652.18627719942
"syn_00395",103,2288.82385243617
"syn_00395",158,2292.23195520526
"syn_00395",190,1696.09178590474
"syn_00395",234,1854.79057823513
"syn_00395",296,784.555944936247
"syn_00395",342,1475.24118421298
"syn_00395",447,2560.52723070697
"syn_00395",467,1051.83413706922
"syn_00395",494,977.396511859751
"syn_00395",534,888.613709832307
"syn_00396",66,1003.4339621822
"syn_00396",134,1543.47559972737
"syn_00396",192,1150.78793621919
"syn_00396",214,466.834903919695
"syn_00396",242,741.67681029781
"syn_00396",277,1111.41547948395
"syn_00396",315,1327.25077604067
"syn_00396",374,804.143248655171
"syn_00396",407,1733.39315141366
"syn_00396",515,1084.50911380622
"syn_00397",538,108.502020990049
"syn_00398",132,41.7349773554705
"syn_00399",485,30.2802717711794
"syn_00400",449,61.5488906999603
"syn_00401",237,28.6845840322194
"syn_00402",80,23.2452156132879
"syn_00403",381,159.16251766338
"syn_00404",151,150.777048687874
"syn_00405",102,234.672312808733
"syn_00406",267,361.519071884498
"syn_00407",475,421.286803410398
"syn_00408",295,131.512703465109
"syn_00409",225,1184.14103225078
"syn_00410",317,1139.86323558314
"syn_00411",136,1385.8437093946
"syn_00412",460,2852.44397181605
"syn_00413",153,893.720102590272
"syn_00414",498,2554.76381853947
"syn_00415",151,26.6187929558404
"syn_00415",172,29.0206343855775
"syn_00415",274,44.6631967573683
"syn_00415",419,19.6556442358389
"syn_00416",83,53.0350200763561
"syn_00416",146,77.9097043379094
"syn_00416",252,89.7465898410334
"syn_00416",424,46.0925078872514
"syn_00417",61,47.5576502299092
"syn_00417",112,46.6037037461396
"syn_00417",435,138.241692525168
"syn_00417",538,21.3365008153147
"syn_00418",66,14.693676363509
"syn_00418",401,24.4950653663034
"syn_00418",461,106.58657930858
"syn_00418",518,34.0399529300328
"syn_00419",167,22.7302147495007
"syn_00419",288,81.4204886601835
"syn_00419",347,81.0861844234554
"syn_00419",470,27.5790208847439
"syn_00420",105,22.15238943134
"syn_00420",259,20.2642784559801
"syn_00420",303,41.6868824581988
"syn_00420",466,80.2690263522879
"syn_00421",76,202.764103278847
"syn_00421",304,446.713315823401
"syn_00421",351,440.274855873081
"syn_00421",533,317.373937532041
"syn_00422",209,317.078500391697
"syn_00422",301,239.241773528509
"syn_00422",433,714.22449535025
"syn_00422",522,306.57197899479
"syn_00423",71,183.19018241984
"syn_00423",107,268.038881096323
"syn_00423",281,396.544239898526
"syn_00423",397,192.104973782161
"syn_00424",115,471.893283586932
"syn_00424",258,470.036023867968
"syn_00424",362,202.35446645235
"syn_00424",437,320.43432131064
"syn_00425",278,582.475003318854
"syn_00425",340,247.901328762645
"syn_00425",399,206.460984005454
"syn_00425",518,173.08218734098
"syn_00426",126,772.545402584362
"syn_00426",222,275.672233533123
"syn_00426",327,152.376751154727
"syn_00426",533,440.002501782235
"syn_00427",90,1190.28882295126
"syn_00427",161,1965.90648137425
"syn_00427",184,1129.37078693224
"syn_00427",213,2837.48091001652
"syn_00428",94,2417.56670282217
"syn_00428",331,1645.60633115568
"syn_00428",462,1109.3354176195
"syn_00428",537,2464.88595022119
"syn_00429",93,2611.28174764246
"syn_00429",144,2010.91237781507
"syn_00429",237,1431.19315048673
"syn_00429",388,2997.0928866817
"syn_00430",64,989.286731454889
"syn_00430",217,2297.02663947045
"syn_00430",414,1477.91852121986
"syn_00430",476,1736.29751065966
"syn_00431",115,1530.54487441077
"syn_00431",211,1763.52894338747
"syn_00431",364,2464.02178140022
"syn_00431",455,580.27855610954
"syn_00432",125,1991.01937079111
"syn_00432",383,2258.50075797381
"syn_00432",452,1501.67671817728
"syn_00432",526,1087.78738349184
"syn_00433",65,32.8698522859779
"syn_00433",100,44.297187886813
"syn_00433",138,62.1248649247781
"syn_00433",190,30.186143711888
"syn_00433",240,17.282019592275
"syn_00433",330,41.3342714890239
"syn_00433",366,31.1597248040122
"syn_00433",484,37.1549060031486
"syn_00433",517,103.732111501084
"syn_00433",539,82.7899613557432
"syn_00434",132,30.8489042067456
"syn_00434",158,23.3006524251091
"syn_00434",178,47.9451000350761
"syn_00434",231,49.8995952346686
"syn_00434",264,51.0485618006993
"syn_00434",300,75.0141384297734
"syn_00434",353,67.5704076736422
"syn_00434",422,111.832409752066
"syn_00434",450,35.8763047944737
"syn_00434",512,32.5984442070918
"syn_00435",114,24.3992737806198
"syn_00435",138,16.6372098296652
"syn_00435",174,42.0317079399113
"syn_00435",196,74.9987304911887
"syn_00435",280,60.4605384425143
"syn_00435",316,183.19034025783
"syn_00435",373,37.7375003880217
"syn_00435",404,76.4890787266875
"syn_00435",474,18.509473804812
"syn_00435",509,22.997075285037
"syn_00436",65,48.5004626875692
"syn_00436",142,42.0173378093662
"syn_00436",261,33.3375772581008
"syn_00436",321,88.6411068701336
"syn_00436",365,35.5825783150583
"syn_00436",403,94.5761667858557
"syn_00436",433,33.7551940969282
"syn_00436",482,43.7656251419701
"syn_00436",502,23.7989668047738
"syn_00436",533,19.5024637160755
"syn_00437",70,144.932627878962
"syn_00437",110,44.7737623831491
"syn_00437",195,57.555450658357
"syn_00437",217,54.4445112407171
"syn_00437",241,128.538979369424
"syn_00437",265,28.7813777569372
"syn_00437",371,188.208467579963
"syn_00437",415,44.6339319338747
"syn_00437",455,24.1614704965839
"syn_00437",525,38.5684837426309
"syn_00438",66,40.3053599743329
"syn_00438",121,48.7812220045193
"syn_00438",163,25.6771938805924
"syn_00438",200,33.8222206933585
"syn_00438",223,69.6943246193282
"syn_00438",298,59.0736324662914
"syn_00438",332,25.283466244088
"syn_00438",375,58.7295155928065
"syn_00438",405,54.4335022221011
"syn_00438",531,36.812060300997
"syn_00439",120,177.866371668056
"syn_00439",153,93.0359513755462
"syn_00439",199,340.128409441456
"syn_00439",239,491.69360051565
"syn_00439",316,411.197932192654
"syn_00439",340,280.693115140517
"syn_00439",405,138.409236107657
"syn_00439",439,233.567835066311
"syn_00439",499,337.033422920297
"syn_00439",519,93.4462354642349
"syn_00440",63,175.504160674983
"syn_00440",120,1030.52295465649
"syn_00440",253,266.200319010591
"syn_00440",296,129.858718327344
"syn_00440",362,981.330711722122
"syn_00440",385,274.870260872018
"syn_00440",415,182.740517880415
"syn_00440",460,544.420493515119
"syn_00440",507,475.566307680049
"syn_00440",534,370.937503946198
"syn_00441",67,402.397665585076
"syn_00441",91,238.559522003053
"syn_00441",143,333.593609925191
"syn_00441",194,95.4223362076045
"syn_00441",307,248.525720968795
"syn_00441",355,292.450699242352
"syn_00441",395,327.419231267189
"syn_00441",443,243.692031998596
"syn_00441",484,483.386529875169
"syn_00441",515,343.0208426079
"syn_00442",61,160.476085542924
"syn_00442",108,131.875874630269
"syn_00442",184,291.516510217673
"syn_00442",233,452.583267401557
"syn_00442",257,270.726383560371
"syn_00442",287,377.259404449814
"syn_00442",369,504.472696171271
"syn_00442",402,188.079932489845
"syn_00442",426,179.284033687801
"syn_00442",484,320.067962106239
"syn_00443",69,411.355843065135
"syn_00443",89,288.128628869098
"syn_00443",110,244.275281553293
"syn_00443",150,179.140736675725
"syn_00443",191,173.47738239616
"syn_00443",230,163.073659565355
"syn_00443",287,388.523423836325
"syn_00443",441,258.434251297082
"syn_00443",485,294.436756359339
"syn_00443",525,334.705675065752
"syn_00444",66,163.454744266132
"syn_00444",87,75.7139330542921
"syn_00444",148,251.008556303675
"syn_00444",185,364.477622702133
"syn_00444",239,450.076760685217
"syn_00444",259,663.385983617518
"syn_00444",328,242.433861816628
"syn_00444",384,96.8082517525209
"syn_00444",465,517.602266989358
"syn_00444",534,263.032982203903
"syn_00445",86,2811.02041693605
"syn_00445",118,796.175809963111
"syn_00445",209,2263.95202416212
"syn_00445",249,1085.86461113289
"syn_00445",340,1359.36274021437
"syn_00445",365,1259.38208994477
"syn_00445",411,865.331600903118
"syn_00445",434,2017.60080856736
"syn_00445",499,546.415976990208
"syn_00445",520,1198.71644796572
"syn_00446",104,1386.12172520852
"syn_00446",131,681.691544266282
"syn_00446",213,1832.59181391709
"syn_00446",295,1924.97053179167
"syn_00446",336,1333.50541962953
"syn_00446",404,1458.69808019915
"syn_00446",451,1330.99853140566
"syn_00446",475,1016.76406622184
"syn_00446",495,2037.17129907463
"syn_00446",538,3013.37179310102
"syn_00447",68,2410.5653919604
"syn_00447",138,1320.05107997004
"syn_00447",166,1082.18577528422
"syn_00447",247,1168.91215866094
"syn_00447",279,1493.49522822031
"syn_00447",321,797.596766761286
"syn_00447",354,2636.19692221229
"syn_00447",403,1118.2719951056
"syn_00447",484,902.944243093428
"syn_00447",532,2880.17895496618
"syn_00448",70,1131.52394366221
"syn_00448",114,1357.65394176024
"syn_00448",146,426.314827171487
"syn_00448",185,2372.42150188874
"syn_00448",252,670.270655104326
"syn_00448",281,2088.98939390287
"syn_00448",343,1366.38784481006
"syn_00448",384,1552.04854851297
"syn_00448",458,990.046392332159
"syn_00448",507,913.427724566376
"syn_00449",62,826.24748962087
"syn_00449",101,2095.6195792484
"syn_00449",175,280.349334816772
"syn_00449",238,2072.88527595001
"syn_00449",280,1113.95371864908
"syn_00449",358,2619.07977584224
"syn_00449",409,2563.92353594078
"syn_00449",476,2826.3147626652
"syn_00449",500,2227.75495512374
"syn_00449",532,1321.3157717218
"syn_00450",105,1999.95759734857
"syn_00450",126,1697.15548986448
"syn_00450",233,1442.63245384927
"syn_00450",328,528.754458462751
"syn_00450",356,2925.53228090051
"syn_00450",400,917.084065198689
"syn_00450",421,2025.2972117013
"syn_00450",451,1102.25661041019
"syn_00450",479,1489.6026381503
"syn_00450",515,1177.98024398501
"syn_00457",96,49.6444016038409
"syn_00458",172,66.7934066470664
"syn_00459",312,68.1603218817735
"syn_00460",253,41.3009388155483
"syn_00461",463,76.9445350603708
"syn_00462",483,74.7557696783636
"syn_00463",419,445.15687105545
"syn_00464",417,309.020512793441
"syn_00465",80,128.430116821888
"syn_00466",376,125.612172451302
"syn_00467",281,126.621563863863
"syn_00468",438,168.484865029407
"syn_00469",273,1195.53827027541
"syn_00470",405,2935.10777166087
"syn_00471",264,514.243724936289
"syn_00472",153,2226.18192794312
"syn_00473",369,1162.24073245996
"syn_00474",130,2196.91797940392
"syn_00475",132,71.4970830781207
"syn_00475",189,55.3471508941411
"syn_00475",499,54.0370767331074
"syn_00475",522,49.7962888321082
"syn_00476",64,128.84117657476
"syn_00476",110,34.6398483461177
"syn_00476",472,68.9234305969028
"syn_00476",532,13.2554544770453
"syn_00477",75,37.6633820020631
"syn_00477",289,59.9870075334158
"syn_00477",387,67.4130566427352
"syn_00477",483,37.5365857676123
"syn_00478",88,40.8437790132419
"syn_00478",212,37.3873995557594
"syn_00478",308,36.2418416814601
"syn_00478",434,67.8902507093235
"syn_00479",220,27.7452464536506
"syn_00479",290,54.1161167729222
"syn_00479",479,26.9311395677802
"syn_00479",516,65.1877699940289
"syn_00480",391,34.8679365983867
"syn_00480",422,63.3887240366283
"syn_00480",452,45.5593451481076
"syn_00480",526,59.0181600902987
"syn_00481",89,227.513919325579
"syn_00481",162,335.097382481355
"syn_00481",239,487.233076244435
"syn_00481",521,209.431811127622
"syn_00482",209,931.598792753298
"syn_00482",340,304.532478179415
"syn_00482",392,240.753230292095
"syn_00482",431,326.564823780227
"syn_00483",62,393.963840197157
"syn_00483",142,366.556021590094
"syn_00483",175,116.943221362731
"syn_00483",325,417.17680375025
"syn_00484",106,480.614975295141
"syn_00484",178,377.580581328665
"syn_00484",283,196.657374419875
"syn_00484",400,274.207931959593
"syn_00485",173,114.679592253508
"syn_00485",299,243.190812953641
"syn_00485",346,408.067101768451
"syn_00485",458,377.923079943141
"syn_00486",89,229.546148235368
"syn_00486",128,374.44140955896
"syn_00486",416,157.528949633648
"syn_00486",499,435.312658641552
"syn_00487",75,1577.48478770778
"syn_00487",222,526.137009966759
"syn_00487",270,1350.51175849077
"syn_00487",302,1580.55894272272
"syn_00488",148,1844.48385883254
"syn_00488",176,1890.96993224164
"syn_00488",252,1838.42663453598
"syn_00488",497,1267.74008288006
"syn_00489",62,1371.96012754433
"syn_00489",355,1599.33732121619
"syn_00489",383,1898.68570532198
"syn_00489",510,501.421980173766
"syn_00490",240,804.538315914418
"syn_00490",388,1100.41826274612
"syn_00490",446,923.799773373515
"syn_00490",475,659.837996615905
"syn_00491",97,324.264342530017
"syn_00491",240,2594.1857780132
"syn_00491",264,1340.61526044635
"syn_00491",301,1028.10623779522
"syn_00492",121,2860.85992300413
"syn_00492",180,1888.36585281344
"syn_00492",240,466.696494294218
"syn_00492",411,1432.72498057627
"syn_00493",87,51.3175074173399
"syn_00493",168,44.3013622497695
"syn_00493",216,20.3073005041594
"syn_00493",237,24.6236387404752
"syn_00493",270,16.2074292920213
"syn_00493",290,77.2469752045084
"syn_00493",314,29.9439599256838
"syn_00493",365,47.5651234438429
"syn_00493",412,27.6955640916292
"syn_00493",537,103.611376559349
"syn_00494",65,21.0034085566494
"syn_00494",202,42.4979083501153
"syn_00494",238,34.8711286930929
"syn_00494",269,23.7370888119555
"syn_00494",343,39.5571870913176
"syn_00494",366,30.4153181339259
"syn_00494",390,66.6652701431797
"syn_00494",450,34.0862878951178
"syn_00494",482,123.975889947856
"syn_00494",540,45.9953822566628
"syn_00495",123,56.2375898574917
"syn_00495",204,20.9205509986091
"syn_00495",224,44.3295353111355
"syn_00495",321,21.5331337727062
"syn_00495",351,91.6699841606502
"syn_00495",392,10.2461324023748
"syn_00495",441,40.5152138998236
"syn_00495",466,44.8401136530275
"syn_00495",496,41.0744657146688
"syn_00495",518,26.44103311792
"syn_00496",87,66.9182761874574
"syn_00496",132,38.8055236948668
"syn_00496",198,62.9332314543552
"syn_00496",253,57.8597464471402
"syn_00496",273,41.8373208373444
"syn_00496",304,40.1612510123625
"syn_00496",438,81.1143107755916
"syn_00496",466,58.7783382480273
"syn_00496",503,34.8382671858846
"syn_00496",533,46.5476360484859
"syn_00497",124,35.6185590468865
"syn_00497",194,21.2697825009055
"syn_00497",231,74.9794698287519
"syn_00497",312,33.9247897315958
"syn_00497",351,53.6317520396237
"syn_00497",377,49.0427939123307
"syn_00497",410,130.608918410877
"syn_00497",447,35.0259830416539
"syn_00497",485,39.5743783800309
"syn_00497",506,57.2895299282784
"syn_00498",61,42.7692022456121
"syn_00498",133,32.4024463459464
"syn_00498",163,28.7204575112035
"syn_00498",194,24.3364902989594
"syn_00498",257,42.5469737182096
"syn_00498",328,58.3394762086097
"syn_00498",363,43.4487794266243
"syn_00498",384,48.0561018839629
"syn_00498",424,27.5996461792241
"syn_00498",487,38.9375344994043
"syn_00499",101,343.12874967402
"syn_00499",237,256.984366778091
"syn_00499",268,174.278557210894
"syn_00499",310,446.050153422018
"syn_00499",330,325.999780756741
"syn_00499",352,317.467611726171
"syn_00499",400,277.415338609875
"syn_00499",457,302.933680827364
"syn_00499",503,1005.00055532516
"syn_00499",529,176.160963673315
"syn_00500",97,181.305400733793
"syn_00500",129,191.195503161966
"syn_00500",157,269.904565211091
"syn_00500",196,590.480518369256
"syn_00500",265,150.321382894704
"syn_00500",336,367.748100002405
"syn_00500",427,336.626300001049
"syn_00500",455,88.9857712154943
"syn_00500",479,163.653527391439
"syn_00500",539,80.3795014978313
"syn_00501",178,127.015527876408
"syn_00501",215,385.675889480713
"syn_00501",238,451.072206846138
"syn_00501",268,113.857518222441
"syn_00501",317,135.634819477183
"syn_00501",370,430.846917101581
"syn_00501",394,418.42628540578
"syn_00501",452,235.60139004048
"syn_00501",489,280.646593349866
"syn_00501",520,850.122655668146
"syn_00502",68,483.168243039946
"syn_00502",119,172.86724828751
"syn_00502",139,140.441459556179
"syn_00502",183,521.015443330487
"syn_00502",232,178.109870266459
"syn_00502",363,207.728457102992
"syn_00502",384,583.746022970019
"syn_00502",446,345.320934984761
"syn_00502",493,453.965437443442
"syn_00502",526,348.810382142049
"syn_00503",100,156.466433832405
"syn_00503",191,95.2368519872329
"syn_00503",219,157.180246908664
"syn_00503",274,154.129349021022
"syn_00503",314,110.560579685294
"syn_00503",339,217.598970630484
"syn_00503",421,259.528677176771
"syn_00503",445,374.666258773696
"syn_00503",467,177.503545020156
"syn_00503",510,205.197128500305
"syn_00504",64,376.980316761594
"syn_00504",109,169.295786335587
"syn_00504",135,264.811330305216
"syn_00504",166,194.279620289889
"syn_00504",264,233.524309105536
"syn_00504",331,261.634145258103
"syn_00504",355,728.636896680592
"syn_00504",448,140.042830334011
"syn_00504",492,303.079192139984
"syn_00504",515,507.465177510253
"syn_00505",65,1041.25026752104
"syn_00505",124,1385.12951061832
"syn_00505",154,1247.19689844883
"syn_00505",192,945.914065975039
"syn_00505",228,2075.21865490938
"syn_00505",248,3393.73110377804
"syn_00505",340,317.706660855401
"syn_00505",398,2421.66344977336
"syn_00505",439,1350.66780710459
"syn_00505",524,1062.8509491824
"syn_00506",62,1544.05475114395
"syn_00506",113,505.019868938929
"syn_00506",148,2222.93613421729
"syn_00506",185,1490.35805460502
"syn_00506",219,1218.48661109397
"syn_00506",261,1926.56111944679
"syn_00506",324,1011.62142884452
"syn_00506",344,1106.52527901896
"syn_00506",442,1822.68570524495
"syn_00506",476,1900.44779406027
"syn_00507",108,1313.7973969584
"syn_00507",128,939.419856102693
"syn_00507",152,1184.95341854106
"syn_00507",287,1631.19869341787
"syn_00507",383,496.507670538749
"syn_00507",412,1057.78298537141
"syn_00507",437,1918.55876030431
"syn_00507",466,2470.75641957497
"syn_00507",494,1357.36082724271
"syn_00507",514,1319.64343330536
"syn_00508",88,1389.93913758176
"syn_00508",158,2842.61748148981
"syn_00508",190,2081.35723678918
"syn_00508",223,650.952301518217
"syn_00508",266,1528.77077676932
"syn_00508",374,640.836330895227
"syn_00508",405,622.884311645377
"syn_00508",430,1287.95541343158
"syn_00508",463,2024.70471698217
"syn_00508",506,2369.17081945708
"syn_00509",118,1309.9311097752
"syn_00509",164,3725.98611341096
"syn_00509",196,1177.34032992592
"syn_00509",221,533.286295579678
"syn_00509",241,1043.87391751324
"syn_00509",277,1026.22834507838
"syn_00509",334,920.460423081389
"syn_00509",379,1635.81879169593
"syn_00509",408,728.550874079872
"syn_00509",484,4029.79186087786
"syn_00510",82,872.650029067594
"syn_00510",127,1066.92166632389
"syn_00510",171,5169.36322961546
"syn_00510",217,1033.37359438125
"syn_00510",252,2062.78779195132
"syn_00510",279,1239.74982357345
"syn_00510",304,1882.28938305498
"syn_00510",405,753.40708028959
"syn_00510",446,1059.28875598411
"syn_00510",494,1524.38533957115
"syn_00511",124,73.356430541062
"syn_00512",163,15.2629655957182
"syn_00513",120,77.420093111756
"syn_00514",232,56.2277224866889
"syn_00515",377,30.0842592836335
"syn_00516",112,31.1770922081174
"syn_00517",212,317.083826216873
"syn_00518",445,138.443198661485
"syn_00519",317,225.088382212612
"syn_00520",232,76.8692065053554
"syn_00521",428,361.922502214414
"syn_00522",441,385.676959084005
"syn_00523",148,1980.80949910697
"syn_00524",413,1592.06049728259
"syn_00525",276,1729.64469198559
"syn_00526",247,3512.48746055682
"syn_00527",365,825.763970503809
"syn_00528",153,1457.05588246547
"syn_00529",217,36.8327713504553
"syn_00529",316,45.9137906272049
"syn_00529",384,58.277322930707
"syn_00529",450,36.5203368274894
"syn_00530",210,100.044976935858
"syn_00530",233,68.4962369025589
"syn_00530",275,36.914585407227
"syn_00530",321,31.5485974539907
"syn_00531",196,28.3152223429425
"syn_00531",232,75.3824426589162
"syn_00531",257,53.8559670462735
"syn_00531",539,32.4679871318574
"syn_00532",134,43.4282683536978
"syn_00532",238,32.4045995295711
"syn_00532",382,76.2819924427706
"syn_00532",439,23.7350116254925
"syn_00533",72,59.4359739639794
"syn_00533",127,72.2023019193041
"syn_00533",227,40.8704725304496
"syn_00533",423,115.600797350561
"syn_00534",193,30.9857058491366
"syn_00534",256,26.2254911618705
"syn_00534",384,63.3734508804931
"syn_00534",517,41.0983080138883
"syn_00535",119,374.930154833027
"syn_00535",326,144.714001070632
"syn_00535",468,298.919204157718
"syn_00535",498,380.351433019771
"syn_00536",109,446.639195215997
"syn_00536",139,298.403650208537
"syn_00536",179,137.983341002421
"syn_00536",371,359.434820242438
"syn_00537",142,857.809488017085
"syn_00537",187,325.887287759653
"syn_00537",215,401.970866754993
"syn_00537",408,237.474024385275
"syn_00538",84,188.968177086204
"syn_00538",166,300.474442230446
"syn_00538",282,159.363024983161
"syn_00538",490,284.645604670475
"syn_00539",101,148.491059722834
"syn_00539",157,535.261575715268
"syn_00539",249,537.515522903148
"syn_00539",292,252.34642438936
"syn_00540",75,376.386661091201
"syn_00540",138,219.741508688892
"syn_00540",441,273.857111214271
"syn_00540",511,353.684022336823
"syn_00541",307,1654.54848257532
"syn_00541",337,1344.3227671807
"syn_00541",485,1127.31407261577
"syn_00541",530,1139.09714048869
"syn_00542",131,1180.1525570116
"syn_00542",244,632.909727335015
"syn_00542",279,838.910862945035
"syn_00542",363,4395.56419743256
"syn_00543",181,1442.91981824715
"syn_00543",201,1722.82759818322
"syn_00543",239,303.617987396059
"syn_00543",302,1081.18983772586
"syn_00544",118,1794.02705788157
"syn_00544",205,1105.97074439561
"syn_00544",237,1204.38294010715
"syn_00544",338,1131.12567259698
"syn_00545",116,568.721844242374
"syn_00545",191,1073.77116540888
"syn_00545",214,5304.33761288572
"syn_00545",324,1842.78923404729
"syn_00546",143,1903.34275107592
"syn_00546",247,1878.54226775469
"syn_00546",362,1584.74646407372
"syn_00546",532,1446.0214171986
"syn_00547",70,78.4096185769886
"syn_00547",92,42.9779118109834
"syn_00547",162,48.6683375540021
"syn_00547",211,95.0521724099611
"syn_00547",301,38.4012681012541
"syn_00547",365,60.9783160745535
"syn_00547",403,34.4824459022245
"syn_00547",424,50.6188250113793
"syn_00547",482,40.7638961515329
"syn_00547",521,55.1425998216847
"syn_00548",69,41.0953496322112
"syn_00548",170,70.8602404214314
"syn_00548",287,38.859957657253
"syn_00548",308,54.6073445012814
"syn_00548",330,42.9624504191584
"syn_00548",374,63.3840413483434
"syn_00548",395,22.0586983908363
"syn_00548",473,48.4115066265417
"syn_00548",501,63.6347596734316
"syn_00548",524,22.0409596653023
"syn_00549",67,39.4025018583521
"syn_00549",160,83.1186629378838
"syn_00549",181,36.4971226087271
"syn_00549",249,41.560407917422
"syn_00549",301,28.6031309589169
"syn_00549",334,41.2849589934775
"syn_00549",364,63.4254031736541
"syn_00549",384,43.4593075312765
"syn_00549",461,30.2165269257306
"syn_00549",488,79.1289054033443
"syn_00550",61,36.2272387450879
"syn_00550",90,60.2395944578827
"syn_00550",126,21.9187424179086
"syn_00550",155,73.9175627075876
"syn_00550",202,44.5529358044935
"syn_00550",271,62.2769664917214
"syn_00550",310,31.6810889429163
"syn_00550",362,55.9857773531045
"syn_00550",394,59.4276190681462
"syn_00550",469,62.4148478003386
"syn_00551",96,20.0162000755744
"syn_00551",150,47.2275551790495
"syn_00551",171,42.7846216706109
"syn_00551",226,28.6623427809436
"syn_00551",257,61.7510706710718
"syn_00551",305,47.5745176378658
"syn_00551",360,79.885562875054
"syn_00551",416,190.087217876238
"syn_00551",488,32.4135847266417
"syn_00551",509,54.1575724197645
"syn_00552",66,45.8714565241504
"syn_00552",92,61.8882662206351
"syn_00552",158,39.1177818524653
"syn_00552",189,101.265775316823
"syn_00552",275,47.535983627409
"syn_00552",374,280.231798302898
"syn_00552",418,28.5800897610154
"syn_00552",451,80.6964848186774
"syn_00552",492,59.9251652527323
"syn_00552",526,27.2258801104745
"syn_00553",64,194.718165448551
"syn_00553",123,882.17547444095
"syn_00553",146,151.827943986389
"syn_00553",172,102.346477781093
"syn_00553",223,186.779577975427
"syn_00553",260,271.868059145854
"syn_00553",280,373.684813372547
"syn_00553",361,399.973517421242
"syn_00553",502,595.990918993447
"syn_00553",527,437.316903665328
"syn_00554",61,189.590054418899
"syn_00554",85,245.696068585192
"syn_00554",185,200.179341363194
"syn_00554",298,125.882072552983
"syn_00554",368,192.785484018253
"syn_00554",396,139.286751175158
"syn_00554",427,374.907965553344
"syn_00554",460,245.385382049015
"syn_00554",483,224.98707700788
"syn_00554",530,377.196576051117
"syn_00555",80,219.364492564621
"syn_00555",127,236.446388382044
"syn_00555",183,264.17795709371
"syn_00555",222,226.018395830432
"syn_00555",271,262.025900884609
"syn_00555",299,220.275434544431
"syn_00555",433,189.547984839675
"syn_00555",481,264.717907315543
"syn_00555",510,406.88947227413
"syn_00555",539,506.894612503454
"syn_00556",161,287.14608531387
"syn_00556",244,116.458068646152
"syn_00556",282,259.307140469757
"syn_00556",314,70.5010177383247
"syn_00556",340,433.025078966211
"syn_00556",370,194.584925901318
"syn_00556",394,138.321372416574
"syn_00556",434,577.385128592286
"syn_00556",468,608.59236157144
"syn_00556",488,207.809339871275
"syn_00557",71,423.522976173534
"syn_00557",103,261.266982646712
"syn_00557",145,147.022827877279
"syn_00557",196,91.6158612859324
"syn_00557",239,350.469048088728
"syn_00557",317,319.133043421568
"syn_00557",358,294.577902333226
"syn_00557",401,198.313316937049
"syn_00557",465,425.097889661009
"syn_00557",488,1113.67848018117
"syn_00558",114,229.741832604811
"syn_00558",145,175.247588930633
"syn_00558",192,148.365088483
"syn_00558",257,216.793682581551
"syn_00558",289,335.681259328545
"syn_00558",335,293.245571336425
"syn_00558",355,158.146876293381
"syn_00558",390,162.595651017114
"syn_00558",491,192.779465291767
"syn_00558",534,300.720366896948
"syn_00559",125,960.689079265681
"syn_00559",186,822.736630311711
"syn_00559",208,739.542259484292
"syn_00559",249,2610.76379957643
"syn_00559",296,1585.34700337987
"syn_00559",318,538.367050702213
"syn_00559",353,1500.08422199958
"syn_00559",396,2112.43608575493
"syn_00559",485,1434.54188451209
"syn_00559",538,1100.86078987666
"syn_00560",80,678.624737506075
"syn_00560",114,2722.91721145487
"syn_00560",140,889.632403238497
"syn_00560",172,995.470185971033
"syn_00560",257,499.664408260424
"syn_00560",281,1182.7490882956
"syn_00560",320,4479.4703736569
"syn_00560",379,2838.20967878676
"syn_00560",463,1331.55011172946
"syn_00560",483,4493.02564233598
"syn_00561",80,849.056445740587
"syn_00561",112,840.001769367712
"syn_00561",138,839.013616351603
"syn_00561",213,1035.47107949356
"syn_00561",282,8490.768760588
"syn_00561",397,1233.12825272499
"syn_00561",438,1107.67756822469
"syn_00561",483,796.409097361599
"syn_00561",505,536.043152773626
"syn_00561",534,870.586044955813
"syn_00562",65,1415.56493241579
"syn_00562",104,1336.84693557369
"syn_00562",130,2626.85333749061
"syn_00562",152,853.045783913894
"syn_00562",260,1460.80409350266
"syn_00562",282,1263.07092464559
"syn_00562",329,2224.32739552823
"syn_00562",362,884.328480862239
"syn_00562",405,1960.18767921
"syn_00562",451,503.405477084524
"syn_00563",83,588.862583732491
"syn_00563",134,1196.55462396592
"syn_00563",161,423.816207910214
"syn_00563",214,525.255945126734
"syn_00563",258,1189.48053118646
"syn_00563",309,592.594179240929
"syn_00563",401,3755.99057827133
"syn_00563",431,1183.0904694297
"syn_00563",456,752.727074857917
"syn_00563",522,1835.94508914406
"syn_00564",100,1845.27251817829
"syn_00564",142,1556.64103549101
"syn_00564",215,952.157447731298
"syn_00564",235,2433.50433123751
"syn_00564",257,3175.1040356748
"syn_00564",286,514.961553435273
"syn_00564",324,1938.49032945227
"syn_00564",417,806.741734201348
"syn_00564",502,2089.02721095092
"syn_00564",526,947.46078524173
"syn_00571",370,26.3505672269347
"syn_00572",89,22.7249842160661
"syn_00573",285,49.6502718309115
"syn_00574",151,15.0553553177276
"syn_00575",72,140.304075588483
"syn_00576",346,47.6249260004487
"syn_00577",62,223.489655755034
"syn_00578",256,152.171504597728
"syn_00579",96,428.044603393862
"syn_00580",219,154.890108109303
"syn_00581",428,511.794525640725
"syn_00582",209,143.886636244315
"syn_00583",203,2344.31933450914
"syn_00584",309,2041.12816745147
"syn_00585",166,882.171813583173
"syn_00586",386,1525.44267518987
"syn_00587",394,1479.20032654546
"syn_00588",150,1148.97607918345
"syn_00589",75,36.947828084001
"syn_00589",159,55.2470677301068
"syn_00589",259,75.903059100514
"syn_00589",315,36.4705628514846
"syn_00590",259,37.2207037557258
"syn_00590",320,16.6716104350667
"syn_00590",416,22.8045318083722
"syn_00590",498,35.1667656281261
"syn_00591",286,23.3953506721726
"syn_00591",392,18.3663599763791
"syn_00591",434,98.9714840875126
"syn_00591",540,56.6359470931151
"syn_00592",101,24.4949879813986
"syn_00592",295,32.4555586089477
"syn_00592",349,40.1103494688772
"syn_00592",409,73.6471674689241
"syn_00593",169,37.0052318758682
"syn_00593",369,64.4846235287964
"syn_00593",475,62.7460597983675
"syn_00593",528,49.8752346435557
"syn_00594",70,69.5353079464494
"syn_00594",313,31.3030898249722
"syn_00594",448,44.0224237191422
"syn_00594",492,43.3166714079127
"syn_00595",270,382.130152506154
"syn_00595",294,696.595380819579
"syn_00595",422,231.64191901466
"syn_00595",516,618.320046392085
"syn_00596",96,217.980142041925
"syn_00596",253,333.949700998544
"syn_00596",330,353.311026981274
"syn_00596",398,167.302044510623
"syn_00597",113,326.105509476392
"syn_00597",227,182.461809777566
"syn_00597",280,169.034178485303
"syn_00597",439,217.500056150909
"syn_00598",214,397.475471238066
"syn_00598",341,148.356393220658
"syn_00598",447,79.3545755247872
"syn_00598",490,123.002511551237
"syn_00599",236,325.419675831095
"syn_00599",288,354.95272321825
"syn_00599",315,201.143781316222
"syn_00599",530,312.56924167986
"syn_00600",306,154.78717400766
"syn_00600",412,473.239648000991
"syn_00600",478,432.861187043808
"syn_00600",539,300.79518898174
"syn_00601",94,609.783376930776
"syn_00601",203,1411.94051144828
"syn_00601",254,831.143737985604
"syn_00601",413,1252.71803893822
"syn_00602",90,1297.34396656751
"syn_00602",280,1353.28952110505
"syn_00602",455,1604.62268868876
"syn_00602",497,3804.96397922757
"syn_00603",185,1948.19114426999
"syn_00603",336,1433.78426615853
"syn_00603",464,2365.03001087132
"syn_00603",513,2397.70933551785
"syn_00604",203,1001.65731100998
"syn_00604",342,883.995752877835
"syn_00604",408,1380.09506317177
"syn_00604",438,1305.63239923868
"syn_00605",164,688.804154035519
"syn_00605",226,1769.05327631821
"syn_00605",266,533.63570145306
"syn_00605",323,1478.862820391
"syn_00606",230,926.613758051438
"syn_00606",369,1322.00849249992
"syn_00606",468,1865.17579806537
"syn_00606",490,1544.13997923565
"syn_00607",130,143.299666181601
"syn_00607",158,37.9231048437546
"syn_00607",190,38.2031201193117
"syn_00607",258,47.3965099509876
"syn_00607",363,19.7548099267795
"syn_00607",388,28.6313789035996
"syn_00607",428,41.9591325164672
"syn_00607",455,44.3475679726515
"syn_00607",488,43.220796017688
"syn_00607",508,47.3512085000496
"syn_00608",80,32.6282497568492
"syn_00608",135,34.0413448253439
"syn_00608",171,43.6864898381429
"syn_00608",216,19.8605806902591
"syn_00608",330,51.2137738847131
"syn_00608",366,49.6862024074412
"syn_00608",403,78.0767148770039
"syn_00608",476,67.926355514361
"syn_00608",496,35.921528188213
"syn_00608",524,63.9603130522
"syn_00609",101,44.6076933704464
"syn_00609",140,39.6662205241515
"syn_00609",190,78.7091970745252
"syn_00609",257,56.6846971728278
"syn_00609",331,87.795518546988
"syn_00609",377,37.1047333445038
"syn_00609",410,29.3354513269725
"syn_00609",463,64.4453530380599
"syn_00609",494,57.0097459519333
"syn_00609",523,44.2529968406587
"syn_00610",81,49.8941186890324
"syn_00610",107,31.5782526779793
"syn_00610",156,68.2631020539575
"syn_00610",237,53.4568610451913
"syn_00610",259,50.3415077135132
"syn_00610",283,35.9342306135267
"syn_00610",334,19.5940424859713
"syn_00610",372,44.9354022707904
"syn_00610",403,18.9339560101395
"syn_00610",442,34.2465648683249
"syn_00611",73,16.311862089855
"syn_00611",142,34.581299694316
"syn_00611",240,35.2796258569235
"syn_00611",294,58.1309565817991
"syn_00611",338,48.5171440113268
"syn_00611",383,56.7673452250748
"syn_00611",415,48.7949440311036
"syn_00611",447,46.8639614655932
"syn_00611",493,26.9892860458504
"syn_00611",530,29.4431757738988
"syn_00612",75,22.5812722854707
"syn_00612",142,11.4884937464001
"syn_00612",264,21.3233843046681
"syn_00612",290,26.6469135163724
"syn_00612",325,100.026676052733
"syn_00612",345,24.8106744449874
"syn_00612",412,18.4219240124313
"syn_00612",441,40.2553621527056
"syn_00612",491,20.2769915342102
"syn_00612",522,35.8664989092102
"syn_00613",76,166.215427064228
"syn_00613",99,342.101461086653
"syn_00613",155,76.8961139719814
"syn_00613",175,200.930883842141
"syn_00613",252,316.864228245142
"syn_00613",318,73.1763581289403
"syn_00613",350,300.016252439819
"syn_00613",383,59.9538450831581
"syn_00613",428,168.2604067777
"syn_00613",494,119.735768822088
"syn_00614",78,240.35492103538
"syn_00614",104,189.713831778586
"syn_00614",167,281.459246298777
"syn_00614",254,95.414748909971
"syn_00614",283,312.485620992511
"syn_00614",322,593.973303760236
"syn_00614",396,619.451385050257
"syn_00614",429,291.247287115329
"syn_00614",449,598.22080213348
"syn_00614",475,365.866109973748
"syn_00615",84,255.624944057073
"syn_00615",152,177.217469425684
"syn_00615",196,539.268823359288
"syn_00615",272,164.367608814051
"syn_00615",298,282.910937586149
"syn_00615",336,330.072080533854
"syn_00615",401,251.274177355912
"syn_00615",438,97.8156282466172
"syn_00615",479,219.247084631731
"syn_00615",531,261.916677981675
"syn_00616",85,364.31893648829
"syn_00616",117,317.365486229824
"syn_00616",198,353.186058603202
"syn_00616",228,218.347240987264
"syn_00616",305,502.285712094435
"syn_00616",354,966.883182357394
"syn_00616",413,278.80794734363
"syn_00616",454,193.230880969407
"syn_00616",489,244.642952424177
"syn_00616",523,443.808495845511
"syn_00617",91,154.076107092876
"syn_00617",115,457.605605243839
"syn_00617",173,497.386034908288
"syn_00617",203,820.7673311473
"syn_00617",324,121.608122998303
"syn_00617",363,112.116262738285
"syn_00617",387,438.592773228418
"syn_00617",423,389.4684467858
"syn_00617",465,84.9836083426157
"syn_00617",495,149.259082157812
"syn_00618",152,139.783567676505
"syn_00618",173,127.964993233372
"syn_00618",218,134.838991780244
"syn_00618",239,187.34357448813
"syn_00618",276,243.751524892874
"syn_00618",300,422.106333666857
"syn_00618",371,269.253942903805
"syn_00618",405,702.664070770894
"syn_00618",434,171.179965461243
"syn_00618",460,143.859520762922
"syn_00619",95,3457.18720566682
"syn_00619",125,1403.29989769612
"syn_00619",181,746.063358027057
"syn_00619",209,1591.45040319592
"syn_00619",253,1940.82618061774
"syn_00619",284,2375.59281923756
"syn_00619",332,1623.79607401245
"syn_00619",424,2717.97581865188
"syn_00619",457,1447.48474624327
"syn_00619",492,1495.6548997696
"syn_00620",85,1795.0866154584
"syn_00620",165,633.840391935499
"syn_00620",201,828.894183958672
"syn_00620",237,1494.61943868983
"syn_00620",309,1904.06130223306
"syn_00620",368,886.028334693623
"syn_00620",410,934.505192340585
"syn_00620",432,1499.76384429049
"syn_00620",456,681.030325976144
"syn_00620",486,1809.63494371843
"syn_00621",120,1064.58964876082
"syn_00621",158,807.315151217949
"syn_00621",199,881.404426020344
"syn_00621",278,1252.22335410026
"syn_00621",316,977.249105334526
"syn_00621",435,1184.29817562695
"syn_00621",459,1500.18872106423
"syn_00621",488,1485.89175112811
"syn_00621",511,2885.09995996463
"syn_00621",533,2778.29746783256
"syn_00622",123,1308.37994518151
"syn_00622",151,900.637576996878
"syn_00622",182,542.34529224732
"syn_00622",297,1353.52273331407
"syn_00622",382,1185.92074133797
"syn_00622",422,1004.84463191467
"syn_00622",446,1143.25802887408
"syn_00622",467,756.450299198997
"syn_00622",510,3675.73146418569
"syn_00622",533,819.457610414559
"syn_00623",182,875.212365095216
"syn_00623",229,1566.62297811044
"syn_00623",310,688.40020124347
"syn_00623",330,1019.06515742274
"syn_00623",374,1235.52528331665
"syn_00623",398,2170.88051778323
"syn_00623",430,1083.1604675601
"syn_00623",450,1075.72274697857
"syn_00623",477,2837.15251500199
"syn_00623",538,1306.22345356603
"syn_00624",70,343.779546249588
"syn_00624",95,844.093190427991
"syn_00624",194,927.038079323973
"syn_00624",267,1318.72704877816
"syn_00624",313,651.097306351005
"syn_00624",338,1229.75614968607
"syn_00624",376,2523.16876922613
"syn_00624",466,1134.6021837461
"syn_00624",502,1449.44137421175
"syn_00624",529,901.484936657168
"syn_00625",399,67.007253269642
"syn_00626",321,62.6462434704946
"syn_00627",142,31.8674116391695
"syn_00628",313,56.2205360208869
"syn_00629",74,41.5202902882282
"syn_00630",487,160.177968636545
"syn_00631",365,340.331988855712
"syn_00632",331,396.667088283938
"syn_00633",280,158.209197109132
"syn_00634",371,334.566046517951
"syn_00635",211,391.687617584343
"syn_00636",92,651.157092541636
"syn_00637",220,975.998586508549
"syn_00638",132,1193.82888448413
"syn_00639",130,1255.03150522728
"syn_00640",98,1302.19833000832
"syn_00641",280,1463.21697698994
"syn_00642",386,997.198700861388
"syn_00643",105,34.0318123327041
"syn_00643",161,53.8019771003486
"syn_00643",200,31.4699460707657
"syn_00643",286,39.1584923145736
"syn_00644",93,163.177785890643
"syn_00644",419,105.772597516312
"syn_00644",448,43.7963661831503
"syn_00644",533,19.2082582111151
"syn_00645",67,32.0277982240163
"syn_00645",274,48.0621070645639
"syn_00645",456,24.6617541443319
"syn_00645",511,33.2874608122304
"syn_00646",153,23.9298953914013
"syn_00646",336,46.5418227767621
"syn_00646",379,51.751311075742
"syn_00646",485,58.445463417819
"syn_00647",86,33.0011778520737
"syn_00647",211,22.0074805740982
"syn_00647",400,47.7777552661844
"syn_00647",497,29.4839768233811
"syn_00648",90,31.5537187651752
"syn_00648",191,21.0321413229278
"syn_00648",368,81.1483338746381
"syn_00648",454,28.3261725364323
"syn_00649",381,288.436292149301
"syn_00649",444,482.782109518888
"syn_00649",495,303.137785857078
"syn_00649",517,249.429722566941
"syn_00650",302,156.17743352853
"syn_00650",373,398.698132251068
"syn_00650",439,150.594134800925
"syn_00650",528,559.957272437658
"syn_00651",158,473.853619792084
"syn_00651",211,303.297669332094
"syn_00651",406,179.48874473927
"syn_00651",535,191.703495662403
"syn_00652",113,571.814043766726
"syn_00652",204,187.557797483858
"syn_00652",387,316.017360411842
"syn_00652",507,211.879280353738
"syn_00653",170,267.072352347808
"syn_00653",265,455.337720246388
"syn_00653",368,192.99595670954
"syn_00653",534,221.173076109416
"syn_00654",75,168.645238150204
"syn_00654",370,450.087395858825
"syn_00654",496,225.533528613403
"syn_00654",517,275.744459802162
"syn_00655",84,1873.47918503496
"syn_00655",105,1527.11229908516
"syn_00655",172,1448.17631582087
"syn_00655",283,2282.23794150481
"syn_00656",250,1443.19337965302
"syn_00656",273,913.478243237981
"syn_00656",421,1049.14636627913
"syn_00656",534,1776.44008151454
"syn_00657",133,2053.23104758386
"syn_00657",278,924.534365961471
"syn_00657",330,1899.81807592963
"syn_00657",351,855.515281433434
"syn_00658",109,1447.3649774134
"syn_00658",185,1610.32575420379
"syn_00658",244,573.441879028641
"syn_00658",408,309.335986888344
"syn_00659",232,2055.53361908048
"syn_00659",270,1781.91332226069
"syn_00659",329,778.909093054445
"syn_00659",387,1645.80927862276
"syn_00660",79,1330.76724040113
"syn_00660",177,1663.30255802845
"syn_00660",423,1421.5321320772
"syn_00660",510,1585.21263012116
"syn_00661",74,38.7939554730927
"syn_00661",108,30.8033412391301
"syn_00661",175,34.5994779003517
"syn_00661",313,27.9313112901781
"syn_00661",361,78.4498184099509
"syn_00661",383,46.0205670316731
"syn_00661",423,17.2561956178601
"syn_00661",447,51.846961773353
"syn_00661",477,69.1514893627518
"syn_00661",497,94.532020268385
"syn_00662",64,29.1234984173464
"syn_00662",125,49.6772796763116
"syn_00662",147,18.5617680862506
"syn_00662",196,33.1587120254605
"syn_00662",268,36.6755621849267
"syn_00662",291,44.4515261053779
"syn_00662",316,54.0341706137962
"syn_00662",415,52.6801741429613
"syn_00662",475,39.9732615024917
"syn_00662",533,27.9278282693873
"syn_00663",69,41.9163193347297
"syn_00663",90,44.188036456447
"syn_00663",116,75.7425504524839
"syn_00663",148,44.063555534166
"syn_00663",187,131.260239173567
"syn_00663",238,74.8916509521487
"syn_00663",315,83.250371462897
"syn_00663",336,53.6347429348605
"syn_00663",414,96.8968658631055
"syn_00663",499,35.3691747392762
"syn_00664",66,27.5601037681342
"syn_00664",113,76.136623391025
"syn_00664",175,48.7218785112161
"syn_00664",246,32.1069717184944
"syn_00664",283,48.5528475911206
"syn_00664",335,46.4248391484967
"syn_00664",411,78.5239601239489
"syn_00664",432,72.4031663807953
"syn_00664",497,49.9339489742497
"syn_00664",518,71.2897934771378
"syn_00665",66,27.2967113833607
"syn_00665",152,26.9542644876268
"syn_00665",196,40.9754354995317
"syn_00665",224,92.2350064876793
"syn_00665",255,38.157035315589
"syn_00665",321,26.1394041039286
"syn_00665",342,83.9823211250547
"syn_00665",384,16.5031358156605
"syn_00665",467,58.9272015623239
"syn_00665",524,41.883952558306
"syn_00666",63,17.9711520832584
"syn_00666",126,53.0639723316554
"syn_00666",192,80.0076432791159
"syn_00666",251,60.6746345768483
"syn_00666",309,68.4182104720925
"syn_00666",386,44.9573788998698
"syn_00666",415,52.4285719385421
"syn_00666",442,57.4484353564587
"syn_00666",464,59.9437414788113
"syn_00666",509,23.8693308412091
"syn_00667",77,132.03566510182
"syn_00667",111,505.280293397016
"syn_00667",151,95.4928698294392
"syn_00667",178,354.537426134084
"syn_00667",253,226.127047869737
"syn_00667",302,371.283663039855
"syn_00667",337,158.434972599562
"syn_00667",415,491.657991499651
"syn_00667",478,433.466916852824
"syn_00667",503,437.213151577964
"syn_00668",77,205.756843845469
"syn_00668",213,377.627066606389
"syn_00668",246,406.873913866364
"syn_00668",328,324.520948633351
"syn_00668",351,389.728759203967
"syn_00668",390,121.901468509782
"syn_00668",428,133.344632263105
"syn_00668",460,248.672222825712
"syn_00668",484,548.800643576134
"syn_00668",508,838.437830286289
"syn_00669",74,243.059597484173
"syn_00669",106,851.512278389992
"syn_00669",126,269.347304642864
"syn_00669",163,110.273309188197
"syn_00669",228,185.824453741915
"syn_00669",270,620.093523580608
"syn_00669",339,313.949236084798
"syn_00669",385,234.211699536448
"syn_00669",479,492.772928206943
"syn_00669",526,400.319924703536
"syn_00670",91,308.390263885109
"syn_00670",120,249.490779826335
"syn_00670",146,315.53152763219
"syn_00670",168,498.026441339052
"syn_00670",192,452.29113526296
"syn_00670",238,178.705535915116
"syn_00670",280,169.276032208563
"syn_00670",375,274.678575496755
"syn_00670",443,196.7634013924
"syn_00670",507,447.948595501919
"syn_00671",102,266.616066930055
"syn_00671",126,129.594562199342
"syn_00671",157,174.269885813419
"syn_00671",177,382.295737182511
"syn_00671",248,586.492766533639
"syn_00671",317,477.676646301148
"syn_00671",401,172.668899027343
"syn_00671",444,238.000213976882
"syn_00671",480,173.297707086842
"syn_00671",516,337.354953745693
"syn_00672",60,279.387813616063
"syn_00672",105,326.151769952189
"syn_00672",177,249.88529938761
"syn_00672",263,183.273468372986
"syn_00672",290,459.479966806644
"syn_00672",328,751.052749196145
"syn_00672",373,372.752094088716
"syn_00672",401,564.58757715112
"syn_00672",487,426.258899133117
"syn_00672",527,268.475188944815
"syn_00673",77,1343.97760498497
"syn_00673",135,1658.76927578872
"syn_00673",170,992.711452022401
"syn_00673",210,677.436063052904
"syn_00673",295,480.862604644579
"syn_00673",359,726.919898015789
"syn_00673",393,2103.73919741119
"syn_00673",452,861.304981291785
"syn_00673",500,1168.22720376647
"syn_00673",522,1408.74579352393
"syn_00674",67,1571.80774104569
"syn_00674",113,1703.30299556688
"syn_00674",140,1086.74444440942
"syn_00674",180,480.540715877171
"syn_00674",224,1079.57977427753
"syn_00674",245,1699.40546230454
"syn_00674",365,1153.70439584774
"syn_00674",443,1316.87761841888
"syn_00674",484,644.091835070748
"syn_00674",505,2380.01018312081
"syn_00675",69,1089.35062909331
"syn_00675",100,1985.8992703457
"syn_00675",161,1388.76316925967
"syn_00675",213,1912.32918045983
"syn_00675",254,1647.98606264192
"syn_00675",325,2161.54407251182
"syn_00675",380,1495.88523195995
"syn_00675",401,1386.46571312457
"syn_00675",466,1180.63603092418
"syn_00675",514,905.389973811508
"syn_00676",99,4843.82868133113
"syn_00676",145,962.120522092473
"syn_00676",193,1111.12045879288
"syn_00676",236,1338.71235975011
"syn_00676",316,2472.19353251575
"syn_00676",346,485.807053334697
"syn_00676",367,787.15911651325
"syn_00676",400,1027.93777285046
"syn_00676",457,1572.98969675458
"syn_00676",537,673.0036026844
"syn_00677",60,3901.39361260043
"syn_00677",149,951.841436768454
"syn_00677",175,1453.34048131386
"syn_00677",208,1701.04907458854
"syn_00677",269,1250.22580714572
"syn_00677",324,1814.34499554526
"syn_00677",363,771.791316857145
"syn_00677",424,1403.11924817897
"syn_00677",449,1508.91382247243
"syn_00677",481,2084.37949731654
"syn_00678",76,2801.80076552777
"syn_00678",120,1714.44473119039
"syn_00678",144,1666.84299632674
"syn_00678",172,605.636559717364
"syn_00678",201,1268.13827830899
"syn_00678",244,1147.65231737005
"syn_00678",279,1263.82866063237
"syn_00678",391,1914.88155677105
"syn_00678",508,1098.97423093217
"syn_00678",540,1202.69949937107
"syn_00685",178,42.5333508802229
"syn_00686",335,48.6973952634899
"syn_00687",486,52.663784180343
"syn_00688",487,41.5004014698549
"syn_00689",173,84.8398732362366
"syn_00690",192,44.1755223738621
"syn_00691",390,241.280843285172
"syn_00692",282,336.33000621911
"syn_00693",370,201.026304201147
"syn_00694",310,308.762682929941
"syn_00695",400,172.374598850934
"syn_00696",405,485.523194421457
"syn_00697",468,1028.95036721596
"syn_00698",217,1998.57560830128
"syn_00699",504,1755.97240385
"syn_00700",475,780.376774262836
"syn_00701",89,1668.43057684278
"syn_00702",78,1400.98210422359
"syn_00703",70,100.464778139533
"syn_00703",226,44.0998324773359
"syn_00703",317,51.5993250116333
"syn_00703",462,102.105109784901
"syn_00704",143,23.8575542582195
"syn_00704",227,15.5648164241468
"syn_00704",248,30.877053308639
"syn_00704",336,24.964572728945
"syn_00705",205,56.3256576395946
"syn_00705",323,25.2902449357543
"syn_00705",425,58.6615940397941
"syn_00705",479,91.2460043621984
"syn_00706",66,22.5616303099709
"syn_00706",445,32.0704440315594
"syn_00706",469,35.9624708022436
"syn_00706",503,34.0062461895035
"syn_00707",148,58.7644769806459
"syn_00707",464,31.2753387685115
"syn_00707",499,55.5279111426003
"syn_00707",537,106.540087913591
"syn_00708",267,39.9749427057872
"syn_00708",417,30.4166198341231
"syn_00708",515,63.9940967232002
"syn_00708",537,24.1843536732312
"syn_00709",113,425.17064325302
"syn_00709",254,226.063114230225
"syn_00709",276,271.717043768266
"syn_00709",386,113.875108534702
"syn_00710",237,395.461200456045
"syn_00710",437,185.295876845825
"syn_00710",463,145.491791811583
"syn_00710",523,329.958207366259
"syn_00711",167,341.049488777379
"syn_00711",255,109.97464871667
"syn_00711",278,419.341346086778
"syn_00711",356,210.565664770877
"syn_00712",71,583.790991438973
"syn_00712",229,243.025914726281
"syn_00712",281,234.109413980655
"syn_00712",507,240.515462599842
"syn_00713",231,252.325156156328
"syn_00713",387,185.673702759446
"syn_00713",461,252.680924605601
"syn_00713",521,172.547587692519
"syn_00714",87,331.245689041239
"syn_00714",241,554.858869537851
"syn_00714",402,300.584725271885
"syn_00714",471,190.163498599755
"syn_00715",76,913.111813526782
"syn_00715",180,602.863750175423
"syn_00715",284,2309.33315945518
"syn_00715",459,1413.51530021385
"syn_00716",64,2356.51614007782
"syn_00716",158,2130.7482557634
"syn_00716",246,1645.9246257923
"syn_00716",351,1345.83339219531
"syn_00717",89,1137.54163912528
"syn_00717",310,987.589603385112
"syn_00717",502,1618.35325965067
"syn_00717",538,1032.82083935915
"syn_00718",253,749.612018282035
"syn_00718",293,545.328497790807
"syn_00718",376,1319.8502034028
"syn_00718",469,2053.55024099886
"syn_00719",203,1079.24282282825
"syn_00719",351,1313.45960266755
"syn_00719",418,1113.25729429787
"syn_00719",506,3870.62759313171
"syn_00720",95,1971.29430767378
"syn_00720",163,634.038912543781
"syn_00720",407,4068.47561726361
"syn_00720",430,2978.07980830833
"syn_00721",89,74.6819770960634
"syn_00721",117,35.6183022705325
"syn_00721",204,48.8154827805737
"syn_00721",242,19.6551473258794
"syn_00721",287,19.5454697370334
"syn_00721",311,33.0539861497263
"syn_00721",344,140.547619975522
"syn_00721",427,24.493056762003
"syn_00721",480,22.216221077146
"syn_00721",510,25.674481464458
"syn_00722",90,34.2712440067752
"syn_00722",123,29.7623993461292
"syn_00722",157,47.5161476593262
"syn_00722",203,22.3474024481274
"syn_00722",270,17.7266978312536
"syn_00722",328,33.2924735243721
"syn_00722",383,45.728478343685
"syn_00722",422,41.5008040333359
"syn_00722",462,54.1900025052079
"syn_00722",515,16.4408217453824
"syn_00723",132,78.4655276508213
"syn_00723",157,54.5799353843898
"syn_00723",227,40.6351082443977
"syn_00723",289,35.3349028153769
"syn_00723",401,97.5514464254817
"syn_00723",422,62.2265135114291
"syn_00723",446,70.4373854835901
"syn_00723",490,52.8970330686429
"syn_00723",510,99.3421129840466
"syn_00723",536,30.406199737052
"syn_00724",126,49.7804891998726
"syn_00724",187,40.5612250888014
"syn_00724",228,55.5620302705596
"syn_00724",285,40.5450396837802
"syn_00724",337,24.5062577212895
"syn_00724",360,40.9416545792624
"syn_00724",434,80.6728571574289
"syn_00724",457,52.0123370559956
"syn_00724",507,55.7445008008651
"syn_00724",539,56.4896240816986
"syn_00725",64,24.4414932000844
"syn_00725",94,40.6109607390928
"syn_00725",150,20.5399614181356
"syn_00725",178,87.9254454540262
"syn_00725",235,53.0833664434315
"syn_00725",272,34.9707983178939
"syn_00725",305,54.4148234264748
"syn_00725",335,20.6833860893481
"syn_00725",428,24.5555070809542
"syn_00725",464,51.0789409405651
"syn_00726",79,29.4805180172832
"syn_00726",223,35.2583253060939
"syn_00726",256,52.270741014005
"syn_00726",294,82.828168066112
"syn_00726",337,21.9242068444794
"syn_00726",358,68.2888678193719
"syn_00726",384,18.4807530537953
"syn_00726",418,81.4163266858637
"syn_00726",440,46.3916489604113
"syn_00726",518,21.4599990288907
"syn_00727",62,442.744632470512
"syn_00727",91,392.345646910764
"syn_00727",123,259.300362838531
"syn_00727",211,382.244673116837
"syn_00727",238,292.588398841574
"syn_00727",277,177.73860140443
"syn_00727",318,89.611788392696
"syn_00727",419,203.751255216068
"syn_00727",456,458.385646870756
"syn_00727",535,100.200976964447
"syn_00728",65,296.929753648578
"syn_00728",89,455.522746233956
"syn_00728",141,241.700396845863
"syn_00728",178,343.023736835786
"syn_00728",201,238.446261508468
"syn_00728",307,294.089491508049
"syn_00728",363,382.888665078571
"syn_00728",386,279.862330180173
"syn_00728",415,81.2665265182172
"syn_00728",518,124.662934066216
"syn_00729",71,307.748591720976
"syn_00729",140,134.519725166884
"syn_00729",172,180.466700013772
"syn_00729",210,360.695001492656
"syn_00729",242,336.154095302257
"syn_00729",304,214.348427635449
"syn_00729",436,317.761013439966
"syn_00729",466,164.159251481294
"syn_00729",510,104.8543722435
"syn_00729",540,322.98062729647
"syn_00730",82,172.789382749406
"syn_00730",109,288.386630972928
"syn_00730",165,110.770727268918
"syn_00730",239,191.390360591336
"syn_00730",291,293.406721638424
"syn_00730",329,182.692918896516
"syn_00730",355,455.587247375454
"syn_00730",448,278.911764383871
"syn_00730",471,143.887298609453
"syn_00730",526,276.409250022191
"syn_00731",66,459.186434845734
"syn_00731",121,219.196284666164
"syn_00731",153,194.006545817987
"syn_00731",185,258.658992750483
"syn_00731",292,173.936098819512
"syn_00731",350,211.029295856163
"syn_00731",379,232.147130185896
"syn_00731",469,587.950445668736
"syn_00731",496,229.918718062192
"syn_00731",516,657.773217213829
"syn_00732",63,241.023328497433
"syn_00732",87,341.945814764858
"syn_00732",130,207.211868301925
"syn_00732",168,242.677950942679
"syn_00732",191,118.405475272281
"syn_00732",228,227.043574470679
"syn_00732",355,124.731575634095
"syn_00732",412,284.760228352539
"syn_00732",451,283.987940180866
"syn_00732",506,194.348887457281
"syn_00733",72,778.2153153251
"syn_00733",101,1265.57077640442
"syn_00733",149,1294.14832075748
"syn_00733",221,896.251507400272
"syn_00733",278,1278.45892109711
"syn_00733",307,1173.83997566582
"syn_00733",399,4130.59995611647
"syn_00733",443,2090.7142180575
"syn_00733",489,813.468187795007
"syn_00733",517,835.767719789783
"syn_00734",76,1204.72342151317
"syn_00734",112,1779.62260385076
"syn_00734",132,3239.07393274299
"syn_00734",187,753.095922290277
"syn_00734",256,2706.35242805135
"syn_00734",299,2033.11575804453
"syn_00734",363,3667.13316596871
"syn_00734",420,1971.99647919442
"syn_00734",487,1196.47658939457
"syn_00734",514,1985.38237701972
"syn_00735",70,3435.74299320471
"syn_00735",96,998.316085128399
"syn_00735",118,1014.31820338647
"syn_00735",153,1480.43946447603
"syn_00735",182,798.330806785784
"syn_00735",257,1093.20644413355
"syn_00735",400,1711.37854523444
"syn_00735",457,1355.30812774813
"syn_00735",479,1542.45796174961
"syn_00735",521,2509.25190604799
"syn_00736",116,902.091598959789
"syn_00736",155,1068.91439194818
"syn_00736",238,957.935208113748
"syn_00736",260,2081.79248387221
"syn_00736",286,1428.47216035408
"syn_00736",330,1298.55792628911
"syn_00736",364,1382.98494574284
"syn_00736",391,1321.11520802459
"syn_00736",421,1481.77911529039
"syn_00736",534,2126.09593984333
"syn_00737",108,1758.35715798992
"syn_00737",128,1780.50748248271
"syn_00737",233,1050.60136858525
"syn_00737",269,2058.41900919657
"syn_00737",330,3070.84978248995
"syn_00737",358,1231.82796262246
"syn_00737",382,812.201788735983
"syn_00737",426,1064.31069091139
"syn_00737",513,640.619920953725
"syn_00737",537,847.09105093541
"syn_00738",60,547.497323328513
"syn_00738",88,1149.55947331556
"syn_00738",226,845.294328527275
"syn_00738",252,2452.06999669815
"syn_00738",294,865.143328267542
"syn_00738",359,1367.79335571696
"syn_00738",380,2331.06979793248
"syn_00738",400,1691.67382331787
"syn_00738",430,781.979653473358
"syn_00738",500,1688.85283026391
"syn_00739",491,126.196002227843
"syn_00740",180,37.8627638985857
"syn_00741",355,64.5457511632159
"syn_00742",165,60.5110337207647
"syn_00743",274,115.5961743817
"syn_00744",232,34.7840972017771
"syn_00745",513,158.03090579488
"syn_00746",84,132.153255366601
"syn_00747",68,206.259187692864
"syn_00748",157,159.828741940734
"syn_00749",324,295.881815774625
"syn_00750",381,275.314253208425
"syn_00751",505,1025.6502436445
"syn_00752",333,1731.22140304777
"syn_00753",462,673.753065334771
"syn_00754",377,409.85186545013
"syn_00755",74,1209.26677159754
"syn_00756",166,1785.44383844178
"syn_00757",230,54.417108896555
"syn_00757",300,55.1973790209783
"syn_00757",493,42.8024841292452
"syn_00757",539,27.2275703415438
"syn_00758",217,46.5041998940829
"syn_00758",302,66.418619357009
"syn_00758",450,35.4930840219342
"syn_00758",499,43.3856370084334
"syn_00759",310,34.9390187157297
"syn_00759",341,57.1038762148554
"syn_00759",389,30.7602801089067
"syn_00759",519,29.062367696257
"syn_00760",119,91.3450712109005
"syn_00760",150,25.8814793345697
"syn_00760",370,42.7462371509993
"syn_00760",445,23.1069732967397
"syn_00761",76,36.1521944131453
"syn_00761",105,102.395145477478
"syn_00761",126,38.9127735526133
"syn_00761",181,27.1660850040111
"syn_00762",69,39.3774554210667
"syn_00762",235,94.8240600858228
"syn_00762",256,75.6256002425491
"syn_00762",323,43.4395715365949
"syn_00763",210,269.541790013473
"syn_00763",337,447.829344954463
"syn_00763",455,874.750606880035
"syn_00763",514,345.326075496333
"syn_00764",164,488.165231526553
"syn_00764",223,329.476688472087
"syn_00764",354,309.69725613393
"syn_00764",474,134.609580935127
"syn_00765",182,600.144109277744
"syn_00765",354,395.760501190755
"syn_00765",435,239.885087445295
"syn_00765",464,470.657295191071
"syn_00766",70,101.391935561142
"syn_00766",109,166.724702741353
"syn_00766",295,144.844055923661
"syn_00766",412,179.466743422935
"syn_00767",212,254.827232013901
"syn_00767",250,177.549288122251
"syn_00767",423,312.26924483686
"syn_00767",528,464.984834634233
"syn_00768",134,413.80988029594
"syn_00768",321,230.506743789198
"syn_00768",428,279.48355833932
"syn_00768",513,308.506407763934
"syn_00769",306,3277.57864166144
"syn_00769",327,965.373367913715
"syn_00769",390,1142.41050563779
"syn_00769",413,718.650672041917
"syn_00770",145,2121.06501290137
"syn_00770",222,647.87639630277
"syn_00770",440,1570.84018925677
"syn_00770",484,1829.46909637915
"syn_00771",83,830.195922748028
"syn_00771",145,1017.22611599249
"syn_00771",329,3776.6715639384
"syn_00771",513,1471.14949640953
"syn_00772",89,1962.54701039912
"syn_00772",240,491.57805567694
"syn_00772",365,920.80792201436
"syn_00772",449,1639.8610405987
"syn_00773",333,1227.21312759479
"syn_00773",354,1506.77391606981
"syn_00773",412,1869.65401448071
"syn_00773",499,1293.86435347033
"syn_00774",73,1776.19772177819
"syn_00774",296,849.950465259974
"syn_00774",339,1708.5540968956
"syn_00774",468,1298.18358293986
"syn_00775",62,29.1132907519184
"syn_00775",129,74.6030626761036
"syn_00775",163,50.961811077904
"syn_00775",239,73.2257995835237
"syn_00775",304,28.8381671709263
"syn_00775",378,32.2066882372383
"syn_00775",417,67.9561313182195
"syn_00775",456,62.5890046920782
"syn_00775",497,18.1270286665979
"syn_00775",531,94.5535185780417
"syn_00776",75,120.642338121339
"syn_00776",196,79.5057063006232
"syn_00776",267,53.3910272823891
"syn_00776",301,57.0897264047852
"syn_00776",363,42.4153210417119
"syn_00776",392,91.9309795994344
"syn_00776",433,63.6224177708955
"syn_00776",460,22.1870597687188
"syn_00776",494,38.5094262898909
"syn_00776",514,77.1858975734246
"syn_00777",119,29.0105921794361
"syn_00777",154,68.9221135411785
"syn_00777",176,42.944015530962
"syn_00777",209,43.4788827085767
"syn_00777",232,87.2545333190526
"syn_00777",302,17.5652605353923
"syn_00777",323,44.1220687902982
"syn_00777",362,43.5148100906677
"syn_00777",436,37.497278233016
"syn_00777",456,52.4252628673738
"syn_00778",60,39.8425206098878
"syn_00778",93,30.9742538125073
"syn_00778",129,65.2919557231
"syn_00778",162,51.2971201885083
"syn_00778",232,39.3829568612012
"syn_00778",270,66.0142572809524
"syn_00778",299,28.5282389617111
"syn_00778",319,23.4667485497218
"syn_00778",361,88.0872051521492
"syn_00778",530,56.3759414198873
"syn_00779",84,19.1416408483013
"syn_00779",120,16.0880351203616
"syn_00779",147,25.2132804145433
"syn_00779",189,96.6989459104541
"syn_00779",212,37.7902870448711
"syn_00779",267,63.3367209800599
"syn_00779",294,42.5957001597516
"syn_00779",369,52.7047936883135
"syn_00779",455,33.9500489961448
"syn_00779",505,18.9260612902413
"syn_00780",75,69.3525835144698
"syn_00780",134,42.7136038991095
"syn_00780",172,49.0808181240732
"syn_00780",207,54.5992080126585
"syn_00780",255,48.8209470938298
"syn_00780",290,17.8915770243059
"syn_00780",310,19.6434818516057
"syn_00780",343,19.5288867871168
"syn_00780",460,40.4105369584164
"syn_00780",508,47.077886132147
"syn_00781",91,278.28732519774
"syn_00781",134,161.278635922507
"syn_00781",208,225.354481647812
"syn_00781",250,153.82004322048
"syn_00781",330,333.059735791185
"syn_00781",422,197.639840940605
"syn_00781",445,238.474749770096
"syn_00781",476,415.980475756296
"syn_00781",498,596.558386562508
"syn_00781",520,960.28664430122
"syn_00782",75,344.743044616562
"syn_00782",139,292.207549194763
"syn_00782",168,384.405319247274
"syn_00782",211,317.023997484891
"syn_00782",273,272.516982300263
"syn_00782",347,250.536147744027
"syn_00782",393,290.466022472233
"syn_00782",427,209.137394039668
"syn_00782",494,286.103874954468
"syn_00782",528,460.483874538386
"syn_00783",61,273.320895970204
"syn_00783",113,359.073817011906
"syn_00783",164,456.04886129028
"syn_00783",197,147.262307972532
"syn_00783",232,192.622776984146
"syn_00783",300,279.554154169482
"syn_00783",320,505.216269950214
"syn_00783",384,272.696635222457
"syn_00783",438,294.457948888483
"syn_00783",521,478.152645911917
"syn_00784",100,197.835400459454
"syn_00784",128,936.043255728831
"syn_00784",236,363.640204477642
"syn_00784",306,270.929698545743
"syn_00784",375,136.144095681373
"syn_00784",400,509.763068734972
"syn_00784",436,70.3646189102139
"syn_00784",456,442.235243095759
"syn_00784",496,212.085672770665
"syn_00784",530,409.910836148396
"syn_00785",76,346.205471236136
"syn_00785",176,439.323932955004
"syn_00785",215,351.884697919096
"syn_00785",241,79.3005454791887
"syn_00785",304,266.872343030772
"syn_00785",324,192.844034181771
"syn_00785",352,93.5868189032223
"syn_00785",428,293.993182674732
"syn_00785",453,198.949408933944
"syn_00785",518,384.263542500484
"syn_00786",79,153.923833812193
"syn_00786",111,299.565713889821
"syn_00786",184,98.3186945853885
"syn_00786",209,191.701852745178
"syn_00786",244,569.155077962524
"syn_00786",342,442.690816435963
"syn_00786",371,192.333826277409
"syn_00786",402,276.996845945054
"syn_00786",457,132.293717141698
"syn_00786",495,385.634406566598
"syn_00787",70,1266.97415263309
"syn_00787",133,1085.75967704492
"syn_00787",153,538.847555045234
"syn_00787",248,1095.85526377132
"syn_00787",268,472.322477310187
"syn_00787",298,1113.82046705771
"syn_00787",326,1071.82335260657
"syn_00787",352,1704.2794449704
"syn_00787",378,3844.33796020175
"syn_00787",479,1252.21835845997
"syn_00788",61,2323.43038162482
"syn_00788",129,1600.16429381605
"syn_00788",168,261.476187627049
"syn_00788",236,723.942114773251
"syn_00788",323,1765.57368795852
"syn_00788",354,1893.14329243666
"syn_00788",431,2713.88790479556
"syn_00788",459,3360.97977161935
"syn_00788",493,1404.05838052506
"syn_00788",538,993.643174058591
"syn_00789",73,792.623766325458
"syn_00789",101,2637.29075170343
"syn_00789",155,1753.28602743456
"syn_00789",178,1695.24687100128
"syn_00789",205,1680.26858565347
"syn_00789",285,1296.42204438228
"syn_00789",332,1838.68845724358
"syn_00789",396,2361.42889648355
"syn_00789",460,2013.53613191487
"syn_00789",510,4026.45189731789
"syn_00790",80,2542.58345116983
"syn_00790",117,811.993289338415
"syn_00790",137,1748.11909997567
"syn_00790",162,2804.49106255546
"syn_00790",183,1199.39465514842
"syn_00790",223,909.906348453776
"syn_00790",251,443.159093768829
"syn_00790",402,1234.91677474271
"syn_00790",467,620.704037665786
"syn_00790",497,1269.3386643122
"syn_00791",65,1666.89333113761
"syn_00791",86,1074.04772365198
"syn_00791",195,868.350388451633
"syn_00791",215,1841.185584616
"syn_00791",251,1071.91170665792
"syn_00791",272,1577.29913098425
"syn_00791",321,952.917378789813
"syn_00791",396,1204.23721347258
"syn_00791",472,1483.38498639565
"syn_00791",529,2399.90594079367
"syn_00792",111,1633.06062617625
"syn_00792",161,913.545006007333
"syn_00792",241,954.399325483065
"syn_00792",261,1091.3205753654
"syn_00792",289,1900.0809447517
"syn_00792",326,663.51370251125
"syn_00792",363,1054.43735222121
"syn_00792",389,2207.23504389333
"syn_00792",428,1160.75549647456
"syn_00792",456,2342.69521338982
"syn_00799",385,46.3042195962258
"syn_00800",316,83.2806474914161
"syn_00801",455,88.3028891654127
"syn_00802",534,84.7674001031132
"syn_00803",442,93.6262016246497
"syn_00804",410,19.563494915627
"syn_00805",364,390.612112333872
"syn_00806",442,492.277916676248
"syn_00807",536,423.608676348525
"syn_00808",402,257.096998024204
"syn_00809",182,89.9095276939512
"syn_00810",323,266.252514724421
"syn_00811",259,1370.94617332946
"syn_00812",489,2071.74050357581
"syn_00813",284,609.571306864761
"syn_00814",378,998.875906626401
"syn_00815",412,1397.28611198067
"syn_00816",477,1269.05162013055
"syn_00817",65,106.835067701396
"syn_00817",90,41.6616172843641
"syn_00817",123,47.3212746920458
"syn_00817",418,19.3257550099701
"syn_00818",113,16.5885869914413
"syn_00818",266,28.4121224060373
"syn_00818",347,28.9313038156205
"syn_00818",437,73.1587795839404
"syn_00819",67,65.2871047389895
"syn_00819",110,107.814740627058
"syn_00819",334,90.1746996021937
"syn_00819",531,43.9171103904749
"syn_00820",117,35.3290321304931
"syn_00820",307,30.974619160349
"syn_00820",395,57.9977391185391
"syn_00820",464,73.2181415999218
"syn_00821",359,40.029559345671
"syn_00821",427,34.1031326437626
"syn_00821",508,79.136238023026
"syn_00821",531,42.8129171412453
"syn_00822",76,59.0517229642875
"syn_00822",130,23.9979583706818
"syn_00822",378,93.5530545318477
"syn_00822",471,34.1028255463107
"syn_00823",88,236.910573600305
"syn_00823",126,159.203922492942
"syn_00823",367,347.707637315459
"syn_00823",500,196.993693686122
"syn_00824",78,239.799525134841
"syn_00824",286,211.196700922258
"syn_00824",387,186.628615332218
"syn_00824",522,209.738808700163
"syn_00825",107,479.726856425271
"syn_00825",167,132.772734913683
"syn_00825",199,132.112876030063
"syn_00825",255,308.976613357712
"syn_00826",138,386.267882348447
"syn_00826",263,224.169058528153
"syn_00826",320,253.486764247774
"syn_00826",363,534.23752136781
"syn_00827",147,206.111881780638
"syn_00827",192,257.697154810831
"syn_00827",382,296.291302167838
"syn_00827",438,188.142832435525
"syn_00828",134,292.527388726021
"syn_00828",346,165.908549124818
"syn_00828",391,113.258566257033
"syn_00828",497,216.112992619186
"syn_00829",120,1354.67031834055
"syn_00829",159,629.198487168891
"syn_00829",180,1701.95845421803
"syn_00829",346,837.251168411947
"syn_00830",111,1174.96118059446
"syn_00830",205,499.171738049816
"syn_00830",292,1873.91756150919
"syn_00830",496,1164.47727288558
"syn_00831",64,928.615953927315
"syn_00831",95,1280.40223524189
"syn_00831",190,1086.38791790228
"syn_00831",380,1493.65946709022
"syn_00832",67,2728.54254750618
"syn_00832",258,1377.77226631886
"syn_00832",397,1098.00093735697
"syn_00832",447,2085.01185915143
"syn_00833",118,612.253060054717
"syn_00833",269,902.745047807835
"syn_00833",361,1128.96652873106
"syn_00833",441,679.541371874932
"syn_00834",159,1678.82406058687
"syn_00834",289,2643.63031836434
"syn_00834",335,1361.77694380741
"syn_00834",425,1939.69739186883
"syn_00835",90,90.9206202305144
"syn_00835",180,53.3161619588536
"syn_00835",269,51.8158216585102
"syn_00835",305,29.5384336089935
"syn_00835",348,34.3072593544973
"syn_00835",382,34.3094090750715
"syn_00835",407,34.8978087253043
"syn_00835",450,58.6112885929299
"syn_00835",493,42.634749557916
"syn_00835",522,38.0675707816025
"syn_00836",76,78.0833618245676
"syn_00836",103,19.8646168857966
"syn_00836",166,24.1638173404689
"syn_00836",238,82.5349036690247
"syn_00836",268,22.7915180971773
"syn_00836",306,60.4076899752668
"syn_00836",403,43.2113696465521
"syn_00836",451,16.3646673268878
"syn_00836",479,88.2361682756421
"syn_00836",527,39.4776121231644
"syn_00837",60,42.5037789773481
"syn_00837",152,25.6825915730173
"syn_00837",185,35.7423965486702
"syn_00837",251,22.7925703894619
"syn_00837",297,58.6032431809282
"syn_00837",367,13.5198327195088
"syn_00837",409,38.8922134190945
"syn_00837",442,28.9162877970787
"syn_00837",467,54.1772739793295
"syn_00837",511,36.0361102618299
"syn_00838",103,30.9886104211726
"syn_00838",160,51.0770875899521
"syn_00838",218,30.9635658785172
"syn_00838",244,53.4242496176283
"syn_00838",265,91.083057344968
"syn_00838",319,142.310903834349
"syn_00838",366,147.41508324386
"syn_00838",430,155.141953502359
"syn_00838",480,83.0535638153589
"syn_00838",513,41.9738022326403
"syn_00839",61,79.4346885239704
"syn_00839",103,35.4254229678838
"syn_00839",176,23.487969576844
"syn_00839",197,55.0314586424831
"syn_00839",225,94.707910886262
"syn_00839",309,45.0491015916646
"syn_00839",347,30.4856754496202
"syn_00839",430,47.1951163206089
"syn_00839",476,64.7293754179661
"syn_00839",502,45.2433295798773
"syn_00840",83,26.2966448868101
"syn_00840",151,33.8883340609956
"syn_00840",210,57.5515597401372
"syn_00840",265,45.219927227636
"syn_00840",329,65.0405956998605
"syn_00840",379,40.2727884331362
"syn_00840",439,29.9877240622106
"syn_00840",472,20.506721849824
"syn_00840",500,93.9894300951739
"syn_00840",538,100.001473075608
"syn_00841",70,252.700178636374
"syn_00841",208,417.460003622679
"syn_00841",237,614.113266487297
"syn_00841",260,327.364810195174
"syn_00841",297,210.701259446701
"syn_00841",330,221.233435624961
"syn_00841",405,343.082273993359
"syn_00841",452,302.536686985635
"syn_00841",481,232.606759690094
"syn_00841",517,673.78945368892
"syn_00842",99,507.101027846595
"syn_00842",184,323.536630716113
"syn_00842",246,734.849794692596
"syn_00842",269,265.74927133128
"syn_00842",314,587.121759296216
"syn_00842",352,494.613453963775
"syn_00842",424,461.986524963687
"syn_00842",446,260.955757579919
"syn_00842",480,320.11940915535
"syn_00842",530,238.305983457824
"syn_00843",77,254.839517234199
"syn_00843",105,341.428426757109
"syn_00843",248,221.259203970823
"syn_00843",275,262.394264015921
"syn_00843",316,194.415835568614
"syn_00843",340,151.61505269651
"syn_00843",372,247.397713273484
"syn_00843",397,316.445058866944
"syn_00843",452,167.034045468794
"syn_00843",522,292.494433407583
"syn_00844",79,299.216610465696
"syn_00844",127,376.560499987049
"syn_00844",150,217.45984458647
"syn_00844",204,307.836319853842
"syn_00844",238,251.285844290052
"syn_00844",305,392.395758401006
"syn_00844",334,257.218377193664
"syn_00844",416,186.179543813383
"syn_00844",465,298.714506948832
"syn_00844",510,238.975940039275
"syn_00845",95,340.274767153909
"syn_00845",120,415.338177613149
"syn_00845",155,190.942033074289
"syn_00845",261,449.511014142792
"syn_00845",283,617.410557411388
"syn_00845",310,260.135316256097
"syn_00845",333,352.825985584607
"syn_00845",375,171.051582001494
"syn_00845",454,360.443723304728
"syn_00845",529,1132.07535869971
"syn_00846",130,488.25592584963
"syn_00846",154,235.448921791073
"syn_00846",218,335.691872108911
"syn_00846",259,230.896054429092
"syn_00846",298,173.126299978996
"syn_00846",321,98.3795824637426
"syn_00846",347,617.110601545127
"syn_00846",444,287.372358174613
"syn_00846",488,325.93302828805
"syn_00846",532,234.228706100663
"syn_00847",60,2608.8327090945
"syn_00847",81,821.146060104769
"syn_00847",138,1662.95344673599
"syn_00847",191,2528.4645759325
"syn_00847",216,661.371741945166
"syn_00847",259,1499.98950534638
"syn_00847",308,934.277007893461
"syn_00847",337,1122.1880368934
"syn_00847",361,1769.0677011507
"syn_00847",435,1156.41900288474
"syn_00848",89,1144.74961733539
"syn_00848",130,1580.92774500455
"syn_00848",196,2394.10309622672
"syn_00848",281,1177.4975927032
"syn_00848",337,1295.92822012601
"syn_00848",383,1327.08889307612
"syn_00848",407,612.659232591913
"syn_00848",437,1531.16314408462
"syn_00848",480,616.096169779525
"syn_00848",503,1038.61492934299
"syn_00849",66,1278.65440091855
"syn_00849",97,572.582559191433
"syn_00849",132,2939.02326796824
"syn_00849",217,1108.95668119717
"syn_00849",254,700.077185757552
"syn_00849",314,1686.11002395591
"syn_00849",378,2148.06191337882
"syn_00849",401,1262.68088797726
"syn_00849",439,883.525610285231
"syn_00849",502,1502.09440907847
"syn_00850",109,2151.11469848788
"syn_00850",144,969.148685687863
"syn_00850",220,674.850092435754
"syn_00850",307,1854.12280876889
"syn_00850",333,2777.61624119009
"syn_00850",370,1284.71693300819
"syn_00850",411,2291.73651072707
"syn_00850",452,826.028551603807
"syn_00850",507,5044.05400587954
"syn_00850",538,1303.66678451687
"syn_00851",124,993.87358691419
"syn_00851",185,709.305691910112
"syn_00851",242,2184.47512821711
"syn_00851",273,1373.64879623402
"syn_00851",298,1779.41375630648
"syn_00851",332,3973.41717478973
"syn_00851",361,463.108283391364
"syn_00851",387,1797.89543222958
"syn_00851",419,1514.62748946125
"syn_00851",451,1352.48631143361
"syn_00852",92,2335.68446423348
"syn_00852",165,953.388050425158
"syn_00852",205,1726.23377466984
"syn_00852",249,1425.79829423187
"syn_00852",306,1296.15760049112
"syn_00852",331,1038.30415981876
"syn_00852",368,951.482898766761
"syn_00852",388,2319.7615026621
"syn_00852",427,1727.24877776319
"syn_00852",466,1369.42380916478
"syn_00853",98,124.33975691204
"syn_00854",293,81.6699082736558
"syn_00855",193,27.5962144238726
"syn_00856",469,30.042918056831
"syn_00857",143,80.6471018365195
"syn_00858",408,47.5778996559232
"syn_00859",494,351.773431827253
"syn_00860",492,168.142570831101
"syn_00861",474,177.142414601932
"syn_00862",438,352.148887697745
"syn_00863",467,348.662793940357
"syn_00864",135,191.944794096841
"syn_00865",211,1653.85818447485
"syn_00866",437,859.025207262177
"syn_00867",259,494.475663439214
"syn_00868",519,1915.58929173201
"syn_00869",152,931.260605579977
"syn_00870",368,837.481397328565
"syn_00871",84,41.2222042445469
"syn_00871",205,68.4414091828873
"syn_00871",349,18.200826828222
"syn_00871",376,30.8214130422114
"syn_00872",200,46.2847790912816
"syn_00872",258,26.8913073200961
"syn_00872",287,38.7055329081848
"syn_00872",526,26.1809299087041
"syn_00873",160,120.790932929411
"syn_00873",302,37.8012857898116
"syn_00873",426,51.1388662792757
"syn_00873",488,16.3438097019465
"syn_00874",201,50.6934978073046
"syn_00874",247,94.2335275736399
"syn_00874",469,39.958574234737
"syn_00874",494,46.3792905719062
"syn_00875",65,53.5213362150971
"syn_00875",373,39.9666028079517
"syn_00875",402,73.9256641084675
"syn_00875",522,42.9901515288665
"syn_00876",139,30.7190398258659
"syn_00876",162,93.2083052526294
"syn_00876",250,35.5366435765461
"syn_00876",421,59.1028595478357
"syn_00877",85,171.881641876609
"syn_00877",150,364.776559501532
"syn_00877",239,852.92121099096
"syn_00877",539,236.585607296
"syn_00878",84,406.569239249197
"syn_00878",260,379.035645279949
"syn_00878",344,179.894266734911
"syn_00878",502,180.625109481424
"syn_00879",139,347.703382465587
"syn_00879",215,267.102602354721
"syn_00879",417,279.495845791229
"syn_00879",520,228.759632174537
"syn_00880",89,445.922502255748
"syn_00880",210,433.242425103729
"syn_00880",234,124.250399330419
"syn_00880",309,215.146791185467
"syn_00881",126,317.410710449339
"syn_00881",329,73.2849232881022
"syn_00881",372,265.60915611379
"syn_00881",482,89.9480243291032
"syn_00882",93,226.04974469975
"syn_00882",118,512.897967322392
"syn_00882",264,290.465788533028
"syn_00882",463,305.669740328408
"syn_00883",188,1278.01355087923
"syn_00883",248,2097.00969417748
"syn_00883",429,1105.85126004326
"syn_00883",487,1832.09499447338
"syn_00884",81,1528.69780627909
"syn_00884",157,874.3640482266
"syn_00884",197,1246.35471006255
"syn_00884",315,1808.46427162421
"syn_00885",180,1423.57968833373
"syn_00885",238,896.15692811147
"syn_00885",353,2130.94901767184
"syn_00885",473,649.101687897921
"syn_00886",101,634.519475631767
"syn_00886",192,1479.09899140018
"syn_00886",330,1406.91905479521
"syn_00886",369,1203.88468078662
"syn_00887",121,2485.15142162757
"syn_00887",169,1542.91756899662
"syn_00887",350,3329.86319237405
"syn_00887",483,2211.51286603257
"syn_00888",185,1737.95808547907
"syn_00888",217,496.189054301728
"syn_00888",249,1006.66679780898
"syn_00888",500,705.677109739833
"syn_00889",91,31.6582116262326
"syn_00889",114,36.3461958211722
"syn_00889",165,54.3910674232518
"syn_00889",188,40.3719181244194
"syn_00889",247,50.0785498604214
"syn_00889",312,48.4933492198235
"syn_00889",393,25.9619545784727
"syn_00889",434,35.3168675311142
"syn_00889",474,26.4796930416047
"syn_00889",528,35.6208861181306
"syn_00890",66,34.4717966502937
"syn_00890",104,36.9924948999067
"syn_00890",161,74.1307337407671
"syn_00890",201,51.738903467573
"syn_00890",234,72.744739282866
"syn_00890",254,36.8362282188536
"syn_00890",278,72.1142762080527
"syn_00890",372,66.7336428515662
"syn_00890",396,88.0974555449835
"syn_00890",535,60.9457400081477
"syn_00891",75,15.6495393338863
"syn_00891",103,108.822392606865
"syn_00891",197,53.4184981527488
"syn_00891",239,65.9922273421111
"syn_00891",268,38.4783841598495
"syn_00891",304,72.7255261877002
"syn_00891",392,57.1120789152606
"syn_00891",426,19.6965586277178
"syn_00891",499,33.6456796207305
"syn_00891",540,102.314206895884
"syn_00892",127,24.262431114776
"syn_00892",198,50.0066413672989
"syn_00892",259,65.7584576412216
"syn_00892",282,87.8403547047743
"syn_00892",318,24.9297130691136
"syn_00892",346,9.68186552053515
"syn_00892",369,49.6940351484864
"syn_00892",426,14.7582007779545
"syn_00892",475,67.7927854454637
"syn_00892",535,43.4030555676863
"syn_00893",88,16.348860657986
"syn_00893",120,28.4960810930048
"syn_00893",147,53.8418415310824
"syn_00893",214,127.678380741282
"syn_00893",238,36.2195786286923
"syn_00893",260,39.8475566422178
"syn_00893",340,59.5140337642609
"syn_00893",396,31.7780891385774
"syn_00893",505,83.0833654749926
"syn_00893",536,68.1818727621031
"syn_00894",61,35.4062172248267
"syn_00894",96,35.0768998083758
"syn_00894",127,38.3150938025968
"syn_00894",176,29.4483309570954
"syn_00894",234,30.0394225863741
"syn_00894",255,57.0477896118684
"syn_00894",306,44.1366044893503
"syn_00894",402,55.6008242550475
"syn_00894",487,72.0709271675286
"syn_00894",514,24.7338541872911
"syn_00895",77,277.700344569879
"syn_00895",139,389.803192751383
"syn_00895",166,184.071785036856
"syn_00895",192,583.884065133115
"syn_00895",218,751.22590620726
"syn_00895",297,219.762584840212
"syn_00895",372,247.749089472895
"syn_00895",393,133.473303266242
"syn_00895",458,336.05955326232
"syn_00895",501,158.478594121238
"syn_00896",93,379.435365652104
"syn_00896",115,313.522610619897
"syn_00896",229,143.154898965813
"syn_00896",251,407.030924991734
"syn_00896",295,134.86350839618
"syn_00896",331,204.603143728849
"syn_00896",402,234.926885755961
"syn_00896",427,371.943808611151
"syn_00896",504,376.762309530678
"syn_00896",534,402.625737224803
"syn_00897",73,514.966460020681
"syn_00897",99,152.003488484799
"syn_00897",124,174.879482479773
"syn_00897",148,457.227596618364
"syn_00897",183,123.673459779355
"syn_00897",312,257.095118330475
"syn_00897",339,202.680164289858
"syn_00897",406,300.712279809521
"syn_00897",437,212.013856011462
"syn_00897",518,304.071382997859
"syn_00898",134,501.570541193432
"syn_00898",154,376.665124866311
"syn_00898",204,596.936694472837
"syn_00898",247,295.309536230013
"syn_00898",275,245.727696144186
"syn_00898",313,245.680831382862
"syn_00898",350,137.684316590644
"syn_00898",375,147.707203648362
"syn_00898",451,612.958459911447
"syn_00898",518,272.782798418358
"syn_00899",116,477.067843363955
"syn_00899",174,382.910232187166
"syn_00899",211,358.589554284034
"syn_00899",243,256.972238341005
"syn_00899",284,392.278211243249
"syn_00899",318,126.281837353209
"syn_00899",377,330.56254944031
"syn_00899",412,221.949415451401
"syn_00899",453,212.872702032266
"syn_00899",525,111.999352533098
"syn_00900",72,166.942218629895
"syn_00900",164,254.632933991978
"syn_00900",205,540.404874127784
"syn_00900",241,214.944782172572
"syn_00900",266,258.567135797709
"syn_00900",288,292.97599546049
"syn_00900",335,263.006539491263
"syn_00900",409,130.064910716777
"syn_00900",435,315.621043298826
"syn_00900",494,437.569771378535
"syn_00901",63,584.847798916999
"syn_00901",144,2603.27861838947
"syn_00901",196,2257.24668476151
"syn_00901",222,842.928076566553
"syn_00901",247,582.47064805
"syn_00901",315,956.611615751988
"syn_00901",344,801.748591685947
"syn_00901",443,1036.79186883387
"syn_00901",470,961.91790832547
"syn_00901",496,1938.64422689269
"syn_00902",84,1206.23333137322
"syn_00902",159,966.627361612227
"syn_00902",233,1748.85137006251
"syn_00902",293,2291.81347245499
"syn_00902",319,1479.36630965135
"syn_00902",350,1880.75423993916
"syn_00902",383,2626.08259748185
"syn_00902",449,1811.3451972738
"syn_00902",478,967.690440611713
"syn_00902",526,1278.02617625034
"syn_00903",138,1853.35814192031
"syn_00903",183,1956.28909439186
"syn_00903",206,3013.8946078998
"syn_00903",256,1159.48712551393
"syn_00903",314,1443.09458973083
"syn_00903",340,1072.99843976175
"syn_00903",401,998.837432857494
"syn_00903",478,1327.75578844717
"syn_00903",502,1980.74098417078
"syn_00903",523,698.840045358974
"syn_00904",91,1388.2477258005
"syn_00904",123,657.517303542499
"syn_00904",160,1876.91198429855
"syn_00904",221,1327.63265119648
"syn_00904",278,1532.78992737517
"syn_00904",338,1216.08654266598
"syn_00904",364,1454.47261367873
"syn_00904",392,1517.48096701382
"syn_00904",428,599.088287514281
"syn_00904",456,1138.63237737183
"syn_00905",68,2095.52646899094
"syn_00905",131,1820.28649721896
"syn_00905",160,2334.77923964765
"syn_00905",227,1808.94799222515
"syn_00905",253,1701.10545619916
"syn_00905",274,2055.93613542284
"syn_00905",365,634.976743435585
"syn_00905",393,723.56012531937
"syn_00905",443,2458.217138119
"syn_00905",499,2165.49865161822
"syn_00906",116,1658.9658863533
"syn_00906",137,1532.69715556517
"syn_00906",184,1713.35293015642
"syn_00906",274,567.623382180326
"syn_00906",310,1746.78087013743
"syn_00906",360,866.92666194123
"syn_00906",419,2424.57771847723
"syn_00906",451,1583.1381159945
"syn_00906",475,2094.42559040058
"syn_00906",517,2734.96283908542
"syn_00913",138,147.513716292667
"syn_00914",532,65.1148335864618
"syn_00915",157,23.4334104819776
"syn_00916",373,27.6669842346037
"syn_00917",209,71.7328665700856
"syn_00918",266,53.2003924837575
"syn_00919",507,224.11177914003
"syn_00920",411,141.366448533174
"syn_00921",214,191.475712957114
"syn_00922",431,332.797042106443
"syn_00923",319,130.638617783473
"syn_00924",288,241.773403101065
"syn_00925",470,1331.41158334732
"syn_00926",518,1600.84430635829
"syn_00927",149,1809.43776809027
"syn_00928",98,799.09084411224
"syn_00929",310,2225.53310417892
"syn_00930",184,2511.50106470598
"syn_00931",108,58.0164039099851
"syn_00931",179,87.622448167187
"syn_00931",199,35.896001581886
"syn_00931",239,60.4662509526986
"syn_00932",95,40.3488904910559
"syn_00932",150,62.4522400788549
"syn_00932",229,36.5848664109484
"syn_00932",405,97.7049067735007
"syn_00933",182,42.4083791857994
"syn_00933",205,33.2793492652517
"syn_00933",253,97.9338680784392
"syn_00933",352,66.4223046656121
"syn_00934",146,61.6100144736323
"syn_00934",206,25.4543409889857
"syn_00934",381,62.3359200895301
"syn_00934",431,39.0307183849846
"syn_00935",80,30.7323534927036
"syn_00935",155,17.2233213576937
"syn_00935",204,57.2083267002157
"syn_00935",504,31.2330769317143
"syn_00936",60,32.1672682439852
"syn_00936",84,134.774485921914
"syn_00936",362,51.8952069325643
"syn_00936",452,43.1573934988569
"syn_00937",107,825.35707421638
"syn_00937",136,192.336878078507
"syn_00937",296,143.755237389263
"syn_00937",371,139.282601798328
"syn_00938",172,741.590162725143
"syn_00938",211,530.974547813429
"syn_00938",270,311.945612556594
"syn_00938",361,227.638640288317
"syn_00939",188,366.690445362641
"syn_00939",272,270.548586102196
"syn_00939",509,191.916036190266
"syn_00939",535,149.130056296542
"syn_00940",205,178.899090403723
"syn_00940",236,403.709020947581
"syn_00940",382,371.047683714411
"syn_00940",510,174.055447043646
"syn_00941",99,227.049624493707
"syn_00941",234,294.826122135275
"syn_00941",335,375.693199660151
"syn_00941",417,312.107926883567
"syn_00942",221,166.679368643352
"syn_00942",285,382.057666222805
"syn_00942",312,350.210706007771
"syn_00942",531,239.323172326999
"syn_00943",186,1264.29717806673
"syn_00943",279,1882.64582727527
"syn_00943",375,939.37829025338
"syn_00943",533,931.449630191076
"syn_00944",175,716.450447492612
"syn_00944",315,2480.83822739337
"syn_00944",336,548.240663804135
"syn_00944",423,1200.72570220404
"syn_00945",151,1238.87708790418
"syn_00945",216,1065.85126548643
"syn_00945",329,1385.0413124869
"syn_00945",437,1189.44756982821
"syn_00946",79,1039.44851644332
"syn_00946",202,1547.5841120239
"syn_00946",242,1260.91381705592
"syn_00946",433,1008.7703941852
"syn_00947",101,1922.61594744011
"syn_00947",181,1807.65573609547
"syn_00947",373,775.864526435196
"syn_00947",539,1473.64451237703
"syn_00948",97,992.74190221606
"syn_00948",212,2428.17037833537
"syn_00948",344,528.078061248465
"syn_00948",517,1506.15781546128
"syn_00949",63,50.5093448882914
"syn_00949",108,60.804496502993
"syn_00949",140,64.8299410286881
"syn_00949",265,107.741762345486
"syn_00949",290,43.7797722683522
"syn_00949",344,33.1573277757309
"syn_00949",388,54.7404508769301
"syn_00949",408,35.6318845873296
"syn_00949",461,27.8375594211639
"syn_00949",507,29.6874371419622
"syn_00950",75,13.4228234377475
"syn_00950",95,55.0893799521068
"syn_00950",186,34.3719676365068
"syn_00950",218,55.4357012129012
"syn_00950",243,61.3950967939144
"syn_00950",359,37.3776549287593
"syn_00950",394,36.9867310375696
"syn_00950",471,56.0540556545769
"syn_00950",495,36.1340781766593
"syn_00950",535,25.6324216379161
"syn_00951",107,66.8191339178742
"syn_00951",139,56.2426791237281
"syn_00951",173,21.485307882621
"syn_00951",258,56.306870478649
"syn_00951",278,30.0797557445602
"syn_00951",357,38.553167908049
"syn_00951",405,22.5164987037456
"syn_00951",449,45.716437032127
"syn_00951",483,48.1130244385544
"syn_00951",515,34.5188811280083
"syn_00952",149,49.2336530463342
"syn_00952",176,44.9865460963408
"syn_00952",203,30.776724456643
"syn_00952",228,64.4807726866123
"syn_00952",260,14.2139930010777
"syn_00952",286,84.3724553576877
"syn_00952",348,41.7911912481725
"syn_00952",395,28.7356694843388
"syn_00952",429,58.6479924219198
"syn_00952",491,31.2898611996368
"syn_00953",85,25.4878750585307
"syn_00953",111,94.5128895808168
"syn_00953",154,44.1269202007251
"syn_00953",264,21.0870839277645
"syn_00953",293,38.002403286574
"syn_00953",378,72.2219345698237
"syn_00953",418,21.9819142152783
"syn_00953",443,44.718202107282
"syn_00953",502,38.0793993427406
"syn_00953",539,42.3187581554556
"syn_00954",62,34.431356976905
"syn_00954",96,25.0565439527012
"syn_00954",194,38.3740364248968
"syn_00954",230,41.5969566550027
"syn_00954",252,19.0971878092413
"syn_00954",315,42.0016346962255
"syn_00954",338,31.384154168093
"syn_00954",396,22.4162206765185
"syn_00954",442,47.4187629525837
"syn_00954",539,112.955983126882
"syn_00955",118,161.337976490607
"syn_00955",177,173.209062936809
"syn_00955",219,869.101429245868
"syn_00955",252,229.130455204905
"syn_00955",281,228.895405104175
"syn_00955",361,191.500120453741
"syn_00955",417,389.767502077193
"syn_00955",466,377.872375337462
"syn_00955",496,357.663501627663
"syn_00955",531,502.703769165665
"syn_00956",100,169.934825921143
"syn_00956",125,440.982133615985
"syn_00956",223,196.889187608624
"syn_00956",266,373.204220942983
"syn_00956",311,200.77951190691
"syn_00956",342,198.341406285402
"syn_00956",384,272.565606994693
"syn_00956",410,207.299223665991
"syn_00956",434,201.852838497335
"syn_00956",480,228.852436699657
"syn_00957",92,146.972208206438
"syn_00957",116,128.042546338011
"syn_00957",142,354.01108050873
"syn_00957",209,204.29492274472
"syn_00957",276,132.272153708322
"syn_00957",300,493.586673483737
"syn_00957",364,288.243108209649
"syn_00957",405,161.492503121362
"syn_00957",507,380.705362248911
"syn_00957",531,211.057692612705
"syn_00958",82,833.984903386679
"syn_00958",113,614.995055141403
"syn_00958",135,143.235547791164
"syn_00958",167,428.202284517849
"syn_00958",237,140.925450193827
"syn_00958",274,433.189579728867
"syn_00958",336,306.544871818582
"syn_00958",405,197.376457436878
"syn_00958",451,347.736853151378
"syn_00958",490,265.569235168754
"syn_00959",105,374.578125844642
"syn_00959",127,499.1213840616
"syn_00959",220,296.419350601207
"syn_00959",255,248.846028271271
"syn_00959",290,469.94222740035
"syn_00959",342,262.877402063593
"syn_00959",393,450.094462728767
"syn_00959",415,282.841311014068
"syn_00959",503,127.797904246901
"syn_00959",525,432.741008655606
"syn_00960",69,161.528769696557
"syn_00960",92,773.549405160234
"syn_00960",119,182.360149702894
"syn_00960",171,256.008634089253
"syn_00960",199,161.646979536348
"syn_00960",262,364.451957693788
"syn_00960",329,120.017352835615
"syn_00960",361,329.907540805479
"syn_00960",406,87.1995601914224
"syn_00960",515,164.93365082019
"syn_00961",61,2547.46683679887
"syn_00961",114,590.057047616866
"syn_00961",167,2659.14076840137
"syn_00961",193,2469.80897251891
"syn_00961",258,695.755780052074
"syn_00961",305,3314.41382642638
"syn_00961",425,758.592601084693
"syn_00961",449,575.414958243138
"syn_00961",470,2942.49999638916
"syn_00961",491,3500.19747915756
"syn_00962",115,1607.04694457195
"syn_00962",179,920.690124144149
"syn_00962",220,1042.72909403934
"syn_00962",259,1061.27281813633
"syn_00962",336,1127.9630943768
"syn_00962",362,1049.16130547977
"syn_00962",382,1169.17591513609
"syn_00962",407,1581.75892751035
"syn_00962",446,1168.41889431196
"syn_00962",483,1354.07655777887
"syn_00963",61,3056.23974621803
"syn_00963",106,1641.68271156918
"syn_00963",128,921.804227522454
"syn_00963",169,589.862693350702
"syn_00963",256,3265.46992018996
"syn_00963",312,2295.21069893831
"syn_00963",337,592.495453198646
"syn_00963",443,1774.74532966071
"syn_00963",474,1158.62119228183
"syn_00963",530,1986.77169610822
"syn_00964",63,2069.63127535443
"syn_00964",100,912.621381148375
"syn_00964",138,1410.77133907152
"syn_00964",186,2300.12633668521
"syn_00964",233,1273.29393835472
"syn_00964",256,1575.9006694846
"syn_00964",344,927.190975577445
"syn_00964",432,2063.489220044
"syn_00964",473,994.559478240472
"syn_00964",521,1243.60473402861
"syn_00965",69,1340.32187884321
"syn_00965",128,1644.53984823264
"syn_00965",155,1473.56113020634
"syn_00965",214,952.718253784076
"syn_00965",268,2357.31526326618
"syn_00965",289,671.699085177282
"syn_00965",327,1586.02793129935
"syn_00965",364,1736.18220758383
"syn_00965",410,2377.80235828176
"syn_00965",485,2866.38957269556
"syn_00966",64,650.509960050248
"syn_00966",142,1363.14264677927
"syn_00966",188,4049.9264577515
"syn_00966",264,1824.47585877573
"syn_00966",284,1098.66200955496
"syn_00966",340,919.045710595445
"syn_00966",383,1452.83901383921
"syn_00966",407,838.529916814275
"syn_00966",459,576.04876113712
"syn_00966",535,1469.47551298825
"syn_00967",64,17.7388278093589
"syn_00968",494,45.5753601171174
"syn_00969",332,71.1022803831511
"syn_00970",193,46.5045416817871
"syn_00971",394,28.9972045311294
"syn_00972",444,50.6704125494705
"syn_00973",464,180.170022538293
"syn_00974",281,264.349658996945
"syn_00975",300,314.249371144382
"syn_00976",257,171.25009748927
"syn_00977",318,369.948424250982
"syn_00978",61,195.965994745725
"syn_00979",367,1279.74811068459
"syn_00980",79,1170.02237065703
"syn_00981",352,918.382974731346
"syn_00982",351,1459.89594141874
"syn_00983",435,1790.54251332248
"syn_00984",209,1623.27265042655
"syn_00985",71,47.7846789012087
"syn_00985",103,31.7284288874501
"syn_00985",503,49.6365545895198
"syn_00985",524,95.2956540434472
"syn_00986",255,23.9114672064863
"syn_00986",294,76.6743753892354
"syn_00986",508,27.4968283555324
"syn_00986",540,67.3465391512647
"syn_00987",171,61.1969085918364
"syn_00987",267,57.0469297586706
"syn_00987",503,26.6470763320962
"syn_00987",531,42.197127376794
"syn_00988",144,38.8113768490418
"syn_00988",227,60.1921744996818
"syn_00988",321,87.2062337933423
"syn_00988",359,41.1787220132866
"syn_00989",90,61.5577978102666
"syn_00989",336,69.3654749273431
"syn_00989",421,38.8871233058546
"syn_00989",470,74.8918421310008
"syn_00990",66,33.0219899615863
"syn_00990",237,70.9197304843381
"syn_00990",336,32.1132840799264
"syn_00990",481,22.6147537329104
"syn_00991",86,286.759502587529
"syn_00991",178,183.92894610967
"syn_00991",239,203.769069697384
"syn_00991",438,454.521042983845
"syn_00992",177,299.30679682444
"syn_00992",343,261.652397038598
"syn_00992",461,752.436671282842
"syn_00992",507,233.677748028834
"syn_00993",104,130.498699009819
"syn_00993",284,255.659211056485
"syn_00993",338,346.570138794076
"syn_00993",420,300.511337251769
"syn_00994",299,154.879281212514
"syn_00994",396,250.459827422475
"syn_00994",489,381.919146797606
"syn_00994",537,309.336194104984
"syn_00995",74,427.82774092019
"syn_00995",197,622.92499827882
"syn_00995",401,207.667152072438
"syn_00995",500,230.298213281844
"syn_00996",158,155.908020171833
"syn_00996",302,170.797469145528
"syn_00996",364,173.595491958588
"syn_00996",507,236.454960263944
"syn_00997",147,1340.06317592363
"syn_00997",273,1913.93039925914
"syn_00997",347,1254.59683435834
"syn_00997",470,1704.02905311737
"syn_00998",85,1436.16161506831
"syn_00998",131,1253.28399854192
"syn_00998",161,1186.04625471692
"syn_00998",465,1979.17960638537
"syn_00999",68,3053.96423689737
"syn_00999",312,1418.40577151869
"syn_00999",400,1421.55384029187
"syn_00999",540,2742.46504105874
"syn_01000",80,1355.12321666297
"syn_01000",145,2149.37950882547
"syn_01000",277,2852.72808612649
"syn_01000",411,1703.35263279844
"syn_01001",295,1046.33179427224
"syn_01001",320,725.045830458837
"syn_01001",452,876.55421446925
"syn_01001",517,657.239130107248
"syn_01002",254,882.014277431435
"syn_01002",292,1814.24821904677
"syn_01002",416,642.077433469196
"syn_01002",472,1310.38695885374
"syn_01003",109,71.2173257118435
"syn_01003",191,108.065429217561
"syn_01003",216,137.47804282887
"syn_01003",273,80.5546804088831
"syn_01003",297,60.6313663667571
"syn_01003",346,53.444862140528
"syn_01003",373,104.609602878141
"syn_01003",408,35.1375991347381
"syn_01003",472,57.1401148532347
"syn_01003",535,29.0118684369479
"syn_01004",83,67.6593796960837
"syn_01004",113,37.4642543668887
"syn_01004",147,38.0522187164656
"syn_01004",233,49.006449323535
"syn_01004",307,27.1804664735483
"syn_01004",345,50.4565068581375
"syn_01004",369,37.8394874751273
"syn_01004",425,34.044598569273
"syn_01004",466,21.6617542572244
"syn_01004",502,41.6730393769784
"syn_01005",67,43.4209834644331
"syn_01005",123,13.7405479089978
"syn_01005",149,30.180656251328
"syn_01005",177,32.2622849999677
"syn_01005",252,20.0471074700363
"syn_01005",273,39.4959088600671
"syn_01005",387,51.7446825539545
"syn_01005",409,29.36142068777
"syn_01005",451,64.6002302957983
"syn_01005",523,91.100150823658
"syn_01006",116,85.7999795860119
"syn_01006",178,28.2578605916388
"syn_01006",204,39.3957282653854
"syn_01006",289,58.8452864850934
"syn_01006",323,75.7669890260268
"syn_01006",401,35.5052859429631
"syn_01006",428,70.1504112721418
"syn_01006",452,29.3258472926555
"syn_01006",487,11.2563796363786
"syn_01006",520,55.684761970454
"syn_01007",115,48.709426021537
"syn_01007",171,28.6423696333914
"syn_01007",249,39.2953309825825
"syn_01007",286,23.3658663263846
"syn_01007",326,75.9061619711255
"syn_01007",397,39.519174570822
"syn_01007",433,106.276389068727
"syn_01007",454,43.2719378774897
"syn_01007",496,60.5974698651051
"syn_01007",525,50.3211965172541
"syn_01008",80,31.714129616409
"syn_01008",144,99.2017535841301
"syn_01008",253,26.1340630128399
"syn_01008",316,18.6166887261265
"syn_01008",348,29.7532180391568
"syn_01008",381,87.5450353635143
"syn_01008",402,53.1562995526801
"syn_01008",439,26.1815903496402
"syn_01008",466,22.6168878661294
"syn_01008",490,71.462117118708
"syn_01009",95,157.137964225765
"syn_01009",160,227.495001602889
"syn_01009",204,398.735119916265
"syn_01009",230,226.022255745584
"syn_01009",293,286.53233611994
"syn_01009",337,354.088846939997
"syn_01009",365,174.57741489543
"syn_01009",416,303.471133064872
"syn_01009",469,189.932658032816
"syn_01009",521,155.006281867331
"syn_01010",89,455.513115648297
"syn_01010",115,188.375091582614
"syn_01010",166,157.389103521107
"syn_01010",215,392.929142185958
"syn_01010",244,101.55710346528
"syn_01010",292,103.174206575713
"syn_01010",369,332.874512793368
"syn_01010",412,301.078538498344
"syn_01010",449,241.675560095611
"syn_01010",535,402.119023240154
"syn_01011",66,367.567061617342
"syn_01011",131,683.139746315994
"syn_01011",174,143.791418281404
"syn_01011",210,493.962087267775
"syn_01011",240,393.059021993147
"syn_01011",303,225.709749456843
"syn_01011",395,544.285331866626
"syn_01011",441,423.850688878847
"syn_01011",481,216.751219379536
"syn_01011",533,123.583803096866
"syn_01012",120,247.334574413951
"syn_01012",147,167.814532754278
"syn_01012",191,201.696622718224
"syn_01012",258,379.737561199262
"syn_01012",316,232.541846641439
"syn_01012",359,271.192324223852
"syn_01012",391,287.439910275877
"syn_01012",423,83.8388499841942
"syn_01012",457,126.17271930427
"syn_01012",536,111.154170112972
"syn_01013",78,396.256970436202
"syn_01013",115,221.952369069171
"syn_01013",209,344.365697129971
"syn_01013",238,132.643426777103
"syn_01013",260,187.233327972308
"syn_01013",360,128.805902609069
"syn_01013",385,169.720479162786
"syn_01013",436,396.058474161932
"syn_01013",470,165.88794835473
"syn_01013",504,215.784349513911
"syn_01014",67,269.694411296415
"syn_01014",126,282.430575861336
"syn_01014",167,454.429115564533
"syn_01014",233,352.882789721252
"syn_01014",258,583.906774114781
"syn_01014",325,201.481114899419
"syn_01014",358,267.855961739954
"syn_01014",412,642.612043224921
"syn_01014",506,599.086666566433
"syn_01014",528,608.988468831989
"syn_01015",88,749.385051464345
"syn_01015",147,364.617295971553
"syn_01015",193,1239.48924431672
"syn_01015",227,963.866996747181
"syn_01015",257,1976.91981275682
"syn_01015",289,2709.87122529364
"syn_01015",328,1389.03483613704
"syn_01015",382,1296.00312467991
"syn_01015",402,2046.62004350419
"syn_01015",482,615.822809820413
"syn_01016",171,810.281642866995
"syn_01016",197,2257.68966488787
"syn_01016",224,721.036427360139
"syn_01016",245,958.664454033473
"syn_01016",298,744.575954483717
"syn_01016",326,1338.04534927821
"syn_01016",410,904.432494868787
"syn_01016",453,619.776974367583
"syn_01016",483,3965.88313636153
"syn_01016",532,834.226971070075
"syn_01017",65,1245.42032445391
"syn_01017",107,1300.06721026335
"syn_01017",140,1700.98555884431
"syn_01017",192,1369.3186438308
"syn_01017",316,2591.79222634592
"syn_01017",336,498.897243925767
"syn_01017",380,1851.14349652886
"syn_01017",402,1554.81018153289
"syn_01017",449,484.488143837351
"syn_01017",508,686.494101972979
"syn_01018",62,578.7080860907
"syn_01018",85,1318.09003779497
"syn_01018",161,669.351551357651
"syn_01018",187,5311.88966888224
"syn_01018",254,3273.35538875477
"syn_01018",306,1165.58839352102
"syn_01018",371,2081.88270355313
"syn_01018",399,898.028137102342
"syn_01018",431,831.800906809613
"syn_01018",526,1730.21579028968
"syn_01019",92,2470.34824482562
"syn_01019",266,1428.19941432051
"syn_01019",286,1891.45014053699
"syn_01019",307,615.961252475635
"syn_01019",358,1552.28342823523
"syn_01019",406,1261.42375317216
"syn_01019",435,1838.77595986
"syn_01019",475,437.221834755975
"syn_01019",495,759.704406034463
"syn_01019",536,772.802854515526
"syn_01020",83,2258.98763557665
"syn_01020",158,1411.92708629092
"syn_01020",178,655.448110656298
"syn_01020",202,1200.10194292935
"syn_01020",223,551.599700628167
"syn_01020",292,560.193634104464
"syn_01020",320,1033.00768835944
"syn_01020",443,1101.28678157005
"syn_01020",504,870.608748371754
"syn_01020",530,724.269261626514
"syn_01027",357,17.7251877829695
"syn_01028",130,29.9964482594846
"syn_01029",381,44.9631064401703
"syn_01030",162,28.5232795277097
"syn_01031",537,44.8537211870073
"syn_01032",202,28.8006067351299
"syn_01033",273,174.176814967494
"syn_01034",314,528.140906780388
"syn_01035",317,200.683263975457
"syn_01036",401,354.367478518944
"syn_01037",102,842.459562399658
"syn_01038",71,239.701302765337
"syn_01039",177,1800.2029813143
"syn_01040",376,4277.52761077114
"syn_01041",243,2907.23448372846
"syn_01042",180,926.105257555843
"syn_01043",243,2115.22538764618
"syn_01044",401,1964.9533750457
"syn_01045",287,23.1299515241864
"syn_01045",376,54.9118457158524
"syn_01045",428,52.8592160949329
"syn_01045",464,77.7304386896337
"syn_01046",110,47.5227443071491
"syn_01046",143,93.7523172413063
"syn_01046",325,65.9875844831072
"syn_01046",492,52.28024977244
"syn_01047",125,24.7974800783511
"syn_01047",156,46.2821383335286
"syn_01047",215,25.4974031361015
"syn_01047",403,27.5922241979596
"syn_01048",101,49.122088144024
"syn_01048",165,59.6212023909163
"syn_01048",294,54.097500139988
"syn_01048",503,56.8856201868666
"syn_01049",91,57.5368948749452
"syn_01049",152,56.8369888701658
"syn_01049",389,39.9332279926357
"syn_01049",490,49.3488593097474
"syn_01050",64,76.3581085725781
"syn_01050",100,47.3015309090178
"syn_01050",444,34.0476721596443
"syn_01050",527,19.6220793324489
"syn_01051",84,381.003034734138
"syn_01051",262,144.092604509476
"syn_01051",430,345.718911132405
"syn_01051",518,207.234382636104
"syn_01052",130,250.886591064054
"syn_01052",214,157.297760040834
"syn_01052",288,313.973219914994
"syn_01052",318,186.713985574541
"syn_01053",111,253.23105546107
"syn_01053",169,178.953642072274
"syn_01053",341,308.525319684004
"syn_01053",419,280.855390481047
"syn_01054",185,143.505983903011
"syn_01054",297,386.137481149616
"syn_01054",330,632.783122868479
"syn_01054",536,190.232848538104
"syn_01055",171,446.566007679813
"syn_01055",220,256.179019667873
"syn_01055",351,373.693754554532
"syn_01055",495,414.343560742867
"syn_01056",105,162.684840521905
"syn_01056",127,176.510307446564
"syn_01056",318,299.950075398186
"syn_01056",493,726.938485222903
"syn_01057",127,849.869037999535
"syn_01057",301,639.557453608396
"syn_01057",398,1122.05558892479
"syn_01057",491,1066.70475796438
"syn_01058",199,2672.98818061932
"syn_01058",259,3405.12503043627
"syn_01058",413,830.799918358657
"syn_01058",522,1771.95240046723
"syn_01059",125,431.290442281749
"syn_01059",191,2066.27191858091
"syn_01059",322,1456.2363405924
"syn_01059",422,1231.178727645
"syn_01060",244,968.010727320907
"syn_01060",411,2270.12791841591
"syn_01060",431,3489.46973317202
"syn_01060",510,1578.96586531153
"syn_01061",117,832.208934044533
"syn_01061",377,1310.97352463111
"syn_01061",422,3952.5093329946
"syn_01061",503,2286.51211793622
"syn_01062",71,843.749746021673
"syn_01062",138,2580.51120052341
"syn_01062",262,1072.13055880398
"syn_01062",285,1539.89241761752
"syn_01063",82,40.0402067822722
"syn_01063",117,41.4137210034625
"syn_01063",244,36.6733681929454
"syn_01063",279,31.022129908216
"syn_01063",311,23.517807896412
"syn_01063",375,30.0521554957914
"syn_01063",435,63.6828531951688
"syn_01063",471,32.9362751932502
"syn_01063",497,16.7686683192824
"syn_01063",521,28.5071501121747
"syn_01064",65,66.5770849656059
"syn_01064",102,36.6944372758368
"syn_01064",128,40.3692436198056
"syn_01064",257,43.6858990653863
"syn_01064",318,29.4891763822663
"syn_01064",361,84.8712057846746
"syn_01064",436,22.8704453783925
"syn_01064",466,56.7916899917168
"syn_01064",506,39.8835115302404
"syn_01064",535,37.2159543942503
"syn_01065",115,56.569867133606
"syn_01065",153,59.2063625893698
"syn_01065",177,17.6999970131279
"syn_01065",248,76.8018702095169
"syn_01065",292,49.0688451902417
"syn_01065",337,51.6712487889363
"syn_01065",363,16.412289969527
"syn_01065",396,46.1554488097382
"syn_01065",418,67.0524146759348
"syn_01065",533,37.834714985935
"syn_01066",60,72.8380854882371
"syn_01066",169,37.3797291154199
"syn_01066",198,23.4299703322593
"syn_01066",226,23.446581993308
"syn_01066",254,43.6481197506962
"syn_01066",284,38.3054595019637
"syn_01066",324,57.7972470952676
"syn_01066",380,50.9985339465229
"syn_01066",428,56.0311319758763
"syn_01066",482,38.0155491611014
"syn_01067",93,54.1883846227659
"syn_01067",119,18.312332324092
"syn_01067",165,31.1426747354488
"syn_01067",188,16.0510706530551
"syn_01067",244,52.9496826755237
"syn_01067",275,75.9605238491957
"syn_01067",333,22.0898418095145
"syn_01067",381,33.5346351228109
"syn_01067",449,36.1765130639629
"syn_01067",493,49.3737909960338
"syn_01068",60,42.8837307875228
"syn_01068",122,39.5645866907363
"syn_01068",173,39.6818516290708
"syn_01068",203,18.2503371822482
"syn_01068",250,58.9201953286059
"syn_01068",339,67.6049232431488
"syn_01068",390,13.2722783157175
"syn_01068",429,37.84938689441
"syn_01068",495,63.1067509754693
"syn_01068",531,81.0999368274584
"syn_01069",80,258.07333378762
"syn_01069",142,173.305697179909
"syn_01069",180,381.417755949529
"syn_01069",227,313.71843772894
"syn_01069",261,484.489321937648
"syn_01069",289,197.497026405416
"syn_01069",312,227.819695210113
"syn_01069",405,274.730774061647
"syn_01069",497,238.408917510164
"syn_01069",520,454.148931449089
"syn_01070",75,435.686588522637
"syn_01070",118,230.982482250728
"syn_01070",168,299.666079297219
"syn_01070",197,483.419218954746
"syn_01070",234,134.817513799739
"syn_01070",301,341.677185994694
"syn_01070",359,402.081217999082
"syn_01070",473,247.278612388322
"syn_01070",520,189.184107316531
"syn_01070",540,788.458530747305
"syn_01071",78,216.607591337779
"syn_01071",138,398.373554265405
"syn_01071",183,287.274623409942
"syn_01071",217,288.35200005123
"syn_01071",333,226.029516656642
"syn_01071",382,121.203859107896
"syn_01071",433,365.914148733121
"syn_01071",464,148.909352961055
"syn_01071",510,237.051458734246
"syn_01071",534,320.227154120826
"syn_01072",65,234.579962527311
"syn_01072",93,364.125389607735
"syn_01072",122,212.93279474886
"syn_01072",195,547.445742356625
"syn_01072",272,341.789047382271
"syn_01072",359,260.856401202173
"syn_01072",398,403.985220469706
"syn_01072",424,288.556201294899
"syn_01072",457,488.504461074789
"syn_01072",536,233.408559105374
"syn_01073",77,371.093236184032
"syn_01073",109,153.510891649437
"syn_01073",191,134.129268717941
"syn_01073",216,382.853604820194
"syn_01073",244,235.515389958943
"syn_01073",266,356.289661640473
"syn_01073",295,856.629265714437
"syn_01073",333,372.206560067102
"syn_01073",450,175.471248168826
"syn_01073",524,445.043106283151
"syn_01074",75,218.106248268341
"syn_01074",113,250.270911941053
"syn_01074",181,162.616507683927
"syn_01074",211,249.819254557425
"syn_01074",233,154.167213998473
"syn_01074",311,448.818529978835
"syn_01074",395,297.062053801318
"syn_01074",422,237.855995855698
"syn_01074",463,203.839516918534
"syn_01074",515,140.664176839543
"syn_01075",63,1134.78192134707
"syn_01075",116,1401.29322075783
"syn_01075",189,1613.77903712478
"syn_01075",228,634.275883178369
"syn_01075",259,1651.03289127157
"syn_01075",336,1811.80498622443
"syn_01075",366,856.942455213432
"syn_01075",404,1182.90111898599
"syn_01075",480,1334.31148408637
"syn_01075",505,578.782367219804
"syn_01076",85,771.99221596822
"syn_01076",150,1805.93958082972
"syn_01076",177,2367.52344910293
"syn_01076",211,1665.45031565752
"syn_01076",255,1427.56727228789
"syn_01076",277,2118.20370974224
"syn_01076",392,1329.92492998709
"syn_01076",413,1965.92432516001
"syn_01076",440,2428.83798195851
"syn_01076",532,937.543862444534
"syn_01077",62,850.635728755488
"syn_01077",93,2102.42953698147
"syn_01077",134,1775.64346716316
"syn_01077",172,1679.48565987655
"syn_01077",246,2496.76686119196
"syn_01077",328,830.805493152218
"syn_01077",368,1410.38820003807
"syn_01077",416,1894.04457815791
"syn_01077",457,1306.08791403478
"syn_01077",481,1129.23950371482
"syn_01078",80,868.777960430294
"syn_01078",105,1817.986753919
"syn_01078",135,1333.99330206514
"syn_01078",159,757.426729120456
"syn_01078",182,1362.36248447577
"syn_01078",247,482.054397299807
"syn_01078",276,2371.1815733057
"syn_01078",307,1806.73570274034
"syn_01078",401,3691.84571861267
"syn_01078",459,1882.38071457167
"syn_01079",80,2564.39939939683
"syn_01079",104,1868.11388516211
"syn_01079",144,657.432281776023
"syn_01079",185,1286.6211969323
"syn_01079",215,1666.98441293795
"syn_01079",314,2653.26561956019
"syn_01079",335,1855.64370935088
"syn_01079",381,661.968017821735
"syn_01079",405,1280.5994515553
"syn_01079",463,1826.07802454957
"syn_01080",64,1760.55188753816
"syn_01080",86,858.490285808257
"syn_01080",117,1528.56916328735
"syn_01080",152,1141.8320269738
"syn_01080",259,507.221414110361
"syn_01080",293,781.714503087389
"syn_01080",328,2435.63925904284
"syn_01080",386,2653.58373452786
"syn_01080",446,785.339305726447
"syn_01080",501,711.070071596681
"syn_01081",530,45.0888555267094
"syn_01082",289,33.5049476354542
"syn_01083",144,27.0852258029496
"syn_01084",465,101.20390030155
"syn_01085",81,30.0038666625204
"syn_01086",279,22.9835148248712
"syn_01087",320,470.505557666136
"syn_01088",496,472.699819062314
"syn_01089",272,869.626087502377
"syn_01090",474,259.120186668189
"syn_01091",215,122.680472493436
"syn_01092",166,248.122140355119
"syn_01093",110,1892.86391909027
"syn_01094",475,1301.9531366063
"syn_01095",210,683.329743229909
"syn_01096",188,1853.51834847334
"syn_01097",533,1812.97943804158
"syn_01098",349,1925.39252504695
"syn_01099",89,31.936448820324
"syn_01099",144,20.0514084524243
"syn_01099",316,24.2821449702061
"syn_01099",487,62.069239457058
"syn_01100",90,132.009144704746
"syn_01100",351,76.1785248759031
"syn_01100",479,55.9765528094226
"syn_01100",530,58.3767514212956
"syn_01101",119,35.4065177738875
"syn_01101",230,16.3410844718445
"syn_01101",256,30.4155684432965
"syn_01101",276,113.786056294654
"syn_01102",133,30.6291529594072
"syn_01102",305,46.8468939484876
"syn_01102",360,50.9346536378054
"syn_01102",514,53.9873921356198
"syn_01103",150,38.2272044754042
"syn_01103",347,44.5228937391439
"syn_01103",394,78.4438032217178
"syn_01103",424,25.1083547370222
"syn_01104",214,217.836189736595
"syn_01104",255,24.6086005463961
"syn_01104",285,42.329704823694
"syn_01104",373,33.2879631811921
"syn_01105",184,311.777418022737
"syn_01105",314,141.18711314982
"syn_01105",384,430.185964535331
"syn_01105",404,310.284908487549
"syn_01106",95,246.240208264525
"syn_01106",224,662.709084972734
"syn_01106",348,268.201885205592
"syn_01106",414,267.182758577413
"syn_01107",130,275.908129538986
"syn_01107",150,549.847406152099
"syn_01107",351,732.521999299275
"syn_01107",485,263.247809624567
"syn_01108",354,171.057947667529
"syn_01108",384,173.062221331052
"syn_01108",441,610.094427202661
"syn_01108",517,299.867954085567
"syn_01109",137,242.990094339622
"syn_01109",160,480.258826863441
"syn_01109",318,262.010379150319
"syn_01109",431,109.160401198247
"syn_01110",86,356.207540465532
"syn_01110",285,56.7572104378601
"syn_01110",346,267.504850021061
"syn_01110",422,271.847494787822
"syn_01111",200,2456.33856086963
"syn_01111",303,2531.30031009912
"syn_01111",326,2943.43132844044
"syn_01111",417,681.210218922957
"syn_01112",64,775.967378496718
"syn_01112",124,995.187460045249
"syn_01112",149,1157.93242607445
"syn_01112",517,3210.10660195609
"syn_01113",68,2459.9314757027
"syn_01113",115,1630.20473153904
"syn_01113",242,2030.1827993407
"syn_01113",282,1387.14539673332
"syn_01114",83,1072.97960996538
"syn_01114",269,1359.28507025572
"syn_01114",506,950.08765247882
"syn_01114",527,3101.06214267194
"syn_01115",139,837.888450137768
"syn_01115",307,1804.67149847648
"syn_01115",375,886.181397802153
"syn_01115",479,1404.1751616223
"syn_01116",65,2672.28125060139
"syn_01116",214,356.639469300133
"syn_01116",421,1144.74749227449
"syn_01116",441,1211.57911404428
"syn_01117",69,22.9995808121259
"syn_01117",104,87.0126321850246
"syn_01117",172,60.4863632351881
"syn_01117",194,38.3055441259168
"syn_01117",215,58.756821087375
"syn_01117",237,39.5458651943322
"syn_01117",258,53.6949746582998
"syn_01117",298,24.3873477360813
"syn_01117",342,56.2483922129255
"syn_01117",514,49.0181858384078
"syn_01118",100,84.0186328991311
"syn_01118",157,25.0852790184007
"syn_01118",244,50.8846502813351
"syn_01118",322,50.6280494518597
"syn_01118",359,37.9298704954438
"syn_01118",403,52.6771881482422
"syn_01118",427,64.213736257293
"syn_01118",476,74.8942612665772
"syn_01118",508,67.7037098259308
"syn_01118",539,14.8659916097584
"syn_01119",76,63.512351787694
"syn_01119",107,31.6009914772894
"syn_01119",163,49.0989727843711
"syn_01119",204,29.4612868513402
"syn_01119",237,24.3346649310429
"syn_01119",275,27.3466012440999
"syn_01119",365,102.712401606234
"syn_01119",411,40.7998068620455
"syn_01119",479,55.5786350048062
"syn_01119",520,56.0489387443942
"syn_01120",84,106.688637711835
"syn_01120",105,75.897615284859
"syn_01120",133,70.6736334366785
"syn_01120",157,94.28106161723
"syn_01120",257,59.1772054309824
"syn_01120",332,53.4648554013923
"syn_01120",357,34.531028403514
"syn_01120",434,29.1575728778976
"syn_01120",499,20.683952648614
"syn_01120",523,71.1972949310461
"syn_01121",98,43.6469429263933
"syn_01121",134,45.4777449882481
"syn_01121",163,43.5876407292753
"syn_01121",246,26.3445499118884
"syn_01121",313,91.2094970568564
"syn_01121",356,21.974303425986
"syn_01121",383,46.2294625978155
"syn_01121",425,19.7398002074691
"syn_01121",499,64.9682601299388
"syn_01121",540,31.2082846834125
"syn_01122",131,44.3113503608084
"syn_01122",162,114.000741627878
"syn_01122",219,29.330025187149
"syn_01122",284,65.2695020481472
"syn_01122",332,32.2933324925813
"syn_01122",386,140.859116455157
"syn_01122",406,61.1163908925784
"syn_01122",459,25.5216367796078
"syn_01122",489,27.7417766913516
"syn_01122",528,59.4833221175678
"syn_01123",83,171.146070402959
"syn_01123",114,225.913559476412
"syn_01123",151,426.073350282945
"syn_01123",220,270.395825393596
"syn_01123",240,580.636741155675
"syn_01123",269,270.24318603207
"syn_01123",295,308.236152250987
"syn_01123",322,355.827899885714
"syn_01123",376,175.960656863759
"syn_01123",519,224.662488962814
"syn_01124",85,139.364808959774
"syn_01124",144,645.843670412246
"syn_01124",177,220.941311834577
"syn_01124",217,337.599537146548
"syn_01124",255,539.254156230483
"syn_01124",293,350.624107710705
"syn_01124",347,377.503406123698
"syn_01124",398,352.001888184936
"syn_01124",442,105.065836525509
"syn_01124",513,153.63573154862
"syn_01125",77,305.640030810851
"syn_01125",100,368.232176276867
"syn_01125",125,332.573347733307
"syn_01125",155,171.569077644302
"syn_01125",183,571.461190700245
"syn_01125",227,178.002607977708
"syn_01125",273,208.788503185649
"syn_01125",334,164.035072453266
"syn_01125",439,323.478347098996
"syn_01125",490,200.974949699928
"syn_01126",65,432.047242175054
"syn_01126",90,538.698353365814
"syn_01126",110,622.683114150536
"syn_01126",152,468.668100513495
"syn_01126",193,682.967830335747
"syn_01126",288,221.598986061155
"syn_01126",316,331.464220167537
"syn_01126",350,283.80672358451
"syn_01126",415,303.726718769977
"syn_01126",485,229.351983563155
"syn_01127",81,437.926022173005
"syn_01127",171,614.929254548374
"syn_01127",224,196.577277868556
"syn_01127",245,596.153492318918
"syn_01127",325,330.48231192267
"syn_01127",356,248.330141992061
"syn_01127",381,205.111130805868
"syn_01127",467,696.311899688333
"syn_01127",509,334.841093383375
"syn_01127",536,156.843059972349
"syn_01128",70,289.280263608588
"syn_01128",94,442.340756273842
"syn_01128",127,164.341424403087
"syn_01128",162,368.051743013162
"syn_01128",226,184.578997988352
"syn_01128",266,329.189670974251
"syn_01128",305,193.651574014488
"syn_01128",339,328.421816356084
"syn_01128",372,1293.1541859137
"syn_01128",535,184.915636485009
"syn_01129",75,3270.79177649071
"syn_01129",162,1023.80490955252
"syn_01129",185,839.204729852584
"syn_01129",253,1134.4386920758
"syn_01129",332,1625.09635134095
"syn_01129",365,889.174826132728
"syn_01129",390,1498.99227999015
"syn_01129",440,2285.31773102155
"syn_01129",496,1279.37449317513
"syn_01129",522,1396.34546281944
"syn_01130",61,1899.0558194516
"syn_01130",133,1013.0276818492
"syn_01130",165,429.712625486187
"syn_01130",211,732.456535618234
"syn_01130",278,1439.41481643773
"syn_01130",311,1479.39614370767
"syn_01130",393,919.501987090787
"syn_01130",413,1110.26156882005
"syn_01130",460,5291.20082937044
"syn_01130",503,1045.05260899298
"syn_01131",68,2112.74331030469
"syn_01131",110,1344.26249513073
"syn_01131",134,851.760142000549
"syn_01131",184,1735.66386464435
"syn_01131",207,2534.97117768433
"syn_01131",247,893.443316032099
"syn_01131",296,1144.95144564809
"syn_01131",333,684.492615335345
"syn_01131",476,3066.06998308247
"syn_01131",531,3976.9226237418
"syn_01132",71,938.490459539065
"syn_01132",96,1563.05132958137
"syn_01132",132,3911.45652015844
"syn_01132",220,1987.05539659057
"syn_01132",249,486.795328082658
"syn_01132",269,1692.7651385571
"syn_01132",303,1378.76288733918
"syn_01132",342,3207.89773217887
"syn_01132",441,957.272965052415
"syn_01132",491,1245.62255476607
"syn_01133",75,1065.56808836867
"syn_01133",95,869.051132719252
"syn_01133",195,746.84301274422
"syn_01133",309,830.323846359493
"syn_01133",373,814.948448835542
"syn_01133",405,1626.40531055946
"syn_01133",427,1405.24845815854
"syn_01133",464,1690.66175411345
"syn_01133",484,1983.87605164259
"syn_01133",517,654.483979828704
"syn_01134",84,1502.25609199297
"syn_01134",137,1742.26493829363
"syn_01134",196,1254.85362993435
"syn_01134",290,1155.91548181672
"syn_01134",314,3331.6940845594
"syn_01134",357,1335.02779471526
"syn_01134",380,606.401342840632
"syn_01134",408,1290.39644154335
"syn_01134",468,1360.54719406721
"syn_01134",503,607.262709014274
"syn_01141",373,48.6837289936913
"syn_01142",156,69.6910974129451
"syn_01143",226,99.0296311644714
"syn_01144",82,29.6343076244736
"syn_01145",184,99.0329460880164
"syn_01146",535,46.3674570697313
"syn_01147",264,278.714950195478
"syn_01148",96,164.218798829681
"syn_01149",357,291.566933609507
"syn_01150",259,342.522903850532
"syn_01151",327,385.376614979166
"syn_01152",210,355.225175225636
"syn_01153",374,3269.38349351774
"syn_01154",525,1064.79642457028
"syn_01155",240,1502.1313194393
"syn_01156",469,2882.30941756147
"syn_01157",410,1694.19559694685
"syn_01158",127,1076.24140412326
"syn_01159",150,30.5005518647649
"syn_01159",173,108.535151183876
"syn_01159",224,86.8835994283322
"syn_01159",282,28.8167789056021
"syn_01160",286,47.1807970455609
"syn_01160",326,36.5344631972903
"syn_01160",419,50.2094635218006
"syn_01160",531,35.4454037019756
"syn_01161",201,61.1214056158257
"syn_01161",264,62.5154699459833
"syn_01161",293,43.1094268964893
"syn_01161",355,68.5422186973172
"syn_01162",136,46.7784582312072
"syn_01162",157,21.6331815801995
"syn_01162",323,85.6458451725558
"syn_01162",477,60.5400853893425
"syn_01163",102,30.2538173471274
"syn_01163",285,60.6698437577914
"syn_01163",369,32.2494045099159
"syn_01163",443,20.6201831933892
"syn_01164",79,50.6613005735135
"syn_01164",100,33.5736059229639
"syn_01164",291,54.1040987670134
"syn_01164",525,38.1742163194525
"syn_01165",215,113.623963116907
"syn_01165",275,172.305475127844
"syn_01165",469,218.771816929834
"syn_01165",510,234.713331752799
"syn_01166",88,47.9826970579665
"syn_01166",178,158.245324986439
"syn_01166",288,186.405946537238
"syn_01166",388,359.649144159827
"syn_01167",93,365.668979292612
"syn_01167",216,204.804106418583
"syn_01167",339,259.310067848135
"syn_01167",485,527.314403315066
"syn_01168",73,363.55530964961
"syn_01168",151,195.949463105961
"syn_01168",344,132.200626011455
"syn_01168",440,368.066570887358
"syn_01169",127,567.333529884976
"syn_01169",265,223.428471248805
"syn_01169",338,228.855428739475
"syn_01169",515,189.360713228162
"syn_01170",77,216.151053141584
"syn_01170",236,443.977878028415
"syn_01170",287,274.981308471589
"syn_01170",409,453.219405642208
"syn_01171",117,2359.79027571353
"syn_01171",291,865.406816417394
"syn_01171",456,2657.98416033616
"syn_01171",498,976.359661511215
"syn_01172",105,1316.37060967951
"syn_01172",197,794.296381023122
"syn_01172",381,2709.66581984511
"syn_01172",483,1062.0030183011
"syn_01173",87,741.905236840012
"syn_01173",140,763.847240937778
"syn_01173",237,835.742201164378
"syn_01173",419,556.55462462928
"syn_01174",156,999.750013205112
"syn_01174",276,1087.6854000824
"syn_01174",415,969.948537498489
"syn_01174",536,1406.83653818725
"syn_01175",171,3309.27128603199
"syn_01175",248,628.79243600726
"syn_01175",457,1450.91961303246
"syn_01175",513,1420.85067228103
"syn_01176",228,1453.55673467486
"syn_01176",255,966.509740281802
"syn_01176",277,1966.98256252526
"syn_01176",523,430.118091407025
"syn_01177",64,37.694158806333
"syn_01177",90,15.7985537401917
"syn_01177",110,73.4458330325093
"syn_01177",147,42.8144069037259
"syn_01177",194,114.561553098485
"syn_01177",240,45.3268169391618
"syn_01177",339,72.6493769887289
"syn_01177",373,27.2786114891928
"syn_01177",396,14.9991735224741
"syn_01177",512,53.1583255441618
"syn_01178",88,103.787697338058
"syn_01178",111,74.4559700756588
"syn_01178",178,43.163897849201
"syn_01178",200,33.5983137553065
"syn_01178",238,133.93643522677
"syn_01178",267,20.5812452706988
"syn_01178",297,84.5255616887592
"syn_01178",362,74.51901597562
"syn_01178",387,33.8212082210102
"syn_01178",530,33.442580325713
"syn_01179",85,26.3296464045766
"syn_01179",115,33.3006671682395
"syn_01179",206,30.3451804950176
"syn_01179",294,44.5677001780729
"syn_01179",319,42.7777064983178
"syn_01179",341,21.7933744514684
"syn_01179",364,74.8044507590639
"syn_01179",401,56.6935533096449
"syn_01179",440,64.8952604147267
"syn_01179",513,17.3913315115567
"syn_01180",70,53.3100366999181
"syn_01180",105,50.925492094268
"syn_01180",133,69.6269189055435
"syn_01180",270,54.6052864153266
"syn_01180",299,23.3880421015513
"syn_01180",361,73.9763995924975
"syn_01180",382,20.0216708722012
"syn_01180",423,51.1999516889165
"syn_01180",485,76.2650884673235
"syn_01180",519,48.9516925400984
"syn_01181",116,25.5045767147408
"syn_01181",162,75.0873178503406
"syn_01181",207,56.1245076031604
"syn_01181",262,28.3355765313906
"syn_01181",317,33.4017862587408
"syn_01181",364,55.2896262550694
"syn_01181",403,30.9562585331668
"syn_01181",424,76.1808157819538
"syn_01181",459,60.9609089744495
"syn_01181",514,37.9652997196647
"syn_01182",61,41.1164704019751
"syn_01182",91,14.0902625115516
"syn_01182",150,33.3528548428645
"syn_01182",249,57.221244093754
"syn_01182",291,35.2815387379
"syn_01182",319,20.2085224754981
"syn_01182",350,46.8257260297796
"syn_01182",373,50.7556676565371
"syn_01182",411,46.8137463569747
"syn_01182",513,37.3251167096549
"syn_01183",75,193.395005576831
"syn_01183",162,358.888276484515
"syn_01183",232,282.487787007602
"syn_01183",259,209.909515766416
"syn_01183",329,562.765845906692
"syn_01183",396,527.718247698486
"syn_01183",418,156.961734418263
"syn_01183",469,417.19542584875
"syn_01183",494,292.635946930925
"syn_01183",523,140.934141070701
"syn_01184",78,482.281268860071
"syn_01184",108,138.285597286413
"syn_01184",184,444.574341603222
"syn_01184",219,330.618187593603
"syn_01184",274,402.472496223242
"syn_01184",304,315.14047797874
"syn_01184",371,208.903264738136
"syn_01184",444,213.533354063243
"syn_01184",470,630.905218911399
"syn_01184",515,340.323070196353
"syn_01185",111,145.560746753187
"syn_01185",138,413.429824579165
"syn_01185",201,162.536854548423
"syn_01185",253,419.960371508107
"syn_01185",333,152.85043319583
"syn_01185",355,386.296933805182
"syn_01185",393,215.710701265831
"syn_01185",428,80.2310329782818
"syn_01185",468,314.572339552937
"syn_01185",531,154.423853817528
"syn_01186",158,165.740830089695
"syn_01186",206,333.554503507915
"syn_01186",240,274.348974005537
"syn_01186",270,137.087851439663
"syn_01186",299,354.25660482177
"syn_01186",344,229.574717341318
"syn_01186",369,458.509396200274
"syn_01186",456,371.653864219877
"syn_01186",479,249.382726437813
"syn_01186",501,210.073699848553
"syn_01187",62,454.826039772395
"syn_01187",104,377.143905854219
"syn_01187",136,160.700033929043
"syn_01187",169,166.579615631528
"syn_01187",220,526.94890413439
"syn_01187",243,141.268538352382
"syn_01187",295,198.331229837839
"syn_01187",391,129.214832004527
"syn_01187",499,575.425043126748
"syn_01187",534,320.14776515649
"syn_01188",62,151.920220061455
"syn_01188",83,212.140116805022
"syn_01188",111,463.949213339726
"syn_01188",159,177.331309526875
"syn_01188",212,300.374424091188
"syn_01188",232,404.025795316511
"syn_01188",276,376.107495982528
"syn_01188",369,342.175181370996
"syn_01188",404,442.053766138146
"syn_01188",456,248.654358843231
"syn_01189",73,2420.03834054447
"syn_01189",102,1044.50420657029
"syn_01189",135,3579.02636672114
"syn_01189",177,874.83585061494
"syn_01189",236,3156.68584897619
"syn_01189",270,1347.37610884939
"syn_01189",396,1005.81069660183
"syn_01189",471,763.749470563298
"syn_01189",497,941.0155993427
"syn_01189",534,2667.57532813483
"syn_01190",69,2558.37044226482
"syn_01190",104,2467.08994120198
"syn_01190",124,3480.34381068884
"syn_01190",160,1934.65705824057
"syn_01190",207,825.199478223472
"syn_01190",272,2185.1377330532
"syn_01190",332,1345.92220619929
"syn_01190",392,1167.13540754042
"syn_01190",442,744.218340872284
"syn_01190",475,1787.71090525284
"syn_01191",69,867.279246086353
"syn_01191",155,2365.89375800893
"syn_01191",206,1623.98361854157
"syn_01191",229,1554.15685163716
"syn_01191",249,2166.82455528213
"syn_01191",270,680.382109742764
"syn_01191",297,1522.70255831622
"syn_01191",478,2529.47736141599
"syn_01191",510,1137.15418058712
"syn_01191",539,1233.40848703738
"syn_01192",71,732.914959280091
"syn_01192",96,946.704950054541
"syn_01192",125,1197.81517173661
"syn_01192",158,912.706685278547
"syn_01192",186,1352.16904863597
"syn_01192",210,808.017177043358
"syn_01192",262,868.767568738759
"syn_01192",343,666.677715044157
"syn_01192",383,1440.89999293832
"syn_01192",514,2730.00584426277
"syn_01193",85,973.058383719552
"syn_01193",108,734.152796200965
"syn_01193",152,1186.41147288227
"syn_01193",178,742.892467557546
"syn_01193",287,1522.71198285461
"syn_01193",337,1868.10766560845
"syn_01193",409,2136.99333633913
"syn_01193",484,1139.7626410378
"syn_01193",514,1437.02001985892
"syn_01193",534,3210.34734327911
"syn_01194",153,1612.65864242185
"syn_01194",222,850.845977698375
"syn_01194",276,1014.23924131777
"syn_01194",301,906.026003149681
"syn_01194",332,1394.21914264052
"syn_01194",373,734.597809506884
"syn_01194",439,1027.9810269915
"syn_01194",459,1765.41690190301
"syn_01194",499,3627.14889726561
"syn_01194",526,1821.45662345645
"syn_01195",488,28.0716176868229
"syn_01196",428,29.4138638178675
"syn_01197",336,74.7973348354409
"syn_01198",315,53.1823783517878
"syn_01199",175,28.8351356497256
"syn_01200",369,34.3822282487482
"syn_01201",453,372.034259506455
"syn_01202",222,498.752502603121
"syn_01203",319,339.481263499253
"syn_01204",257,765.673398234624
"syn_01205",189,358.285561304158
"syn_01206",437,448.362254945241
"syn_01207",61,1276.56544568995
"syn_01208",206,759.161799929785
"syn_01209",345,1702.84875007447
"syn_01210",463,1281.05375462313
"syn_01211",72,1393.9535225474
"syn_01212",191,715.531677278155
"syn_01213",87,128.987681756495
"syn_01213",316,31.4585430473111
"syn_01213",338,42.7059270988638
"syn_01213",370,80.6557377194696
"syn_01214",225,56.3747572539631
"syn_01214",326,44.7859466679027
"syn_01214",502,39.5770863904574
"syn_01214",537,41.1647253500791
"syn_01215",91,32.5101268832967
"syn_01215",125,105.179616432721
"syn_01215",255,85.417517374993
"syn_01215",523,40.1252667476082
"syn_01216",289,43.1878553087229
"syn_01216",328,39.4684703150021
"syn_01216",441,52.59682819001
"syn_01216",491,35.6706933668176
"syn_01217",192,63.6576469524383
"syn_01217",260,21.1797212167303
"syn_01217",300,52.0902400757509
"syn_01217",489,214.545795879574
"syn_01218",62,35.8541312376028
"syn_01218",137,52.076163049445
"syn_01218",294,14.8531614211159
"syn_01218",376,54.9210145588426
"syn_01219",73,182.274607606238
"syn_01219",111,699.108557369592
"syn_01219",211,305.896252429847
"syn_01219",340,332.53633862829
"syn_01220",78,266.020704992563
"syn_01220",110,191.788686487473
"syn_01220",408,172.969601517855
"syn_01220",537,367.559738063663
"syn_01221",123,267.822126138355
"syn_01221",294,442.615723442644
"syn_01221",411,78.6388225665976
"syn_01221",508,293.620293336893
"syn_01222",169,126.531561791971
"syn_01222",274,254.04930115229
"syn_01222",430,304.396574843987
"syn_01222",535,141.161587893274
"syn_01223",127,73.4753439725429
"syn_01223",208,134.625802814509
"syn_01223",316,258.169622285113
"syn_01223",357,406.874079003381
"syn_01224",203,210.580565137016
"syn_01224",244,122.122118937621
"syn_01224",270,749.609514172141
"syn_01224",322,304.774012429307
"syn_01225",69,695.087352263051
"syn_01225",141,867.174737795203
"syn_01225",383,3179.83511620863
"syn_01225",447,1559.4590932858
"syn_01226",64,1265.78932219461
"syn_01226",88,1763.94659124307
"syn_01226",197,1791.62425075388
"syn_01226",219,582.70370594386
"syn_01227",61,1659.05562601399
"syn_01227",175,2013.64137275805
"syn_01227",247,977.36738822074
"syn_01227",383,813.968583163436
"syn_01228",190,3360.02274513693
"syn_01228",223,2764.50233433937
"syn_01228",356,1415.82448809052
"syn_01228",431,473.219689323724
"syn_01229",176,945.277103506915
"syn_01229",357,797.752971134234
"syn_01229",491,1166.39645806071
"syn_01229",523,1118.92675717959
"syn_01230",170,1309.0105758206
"syn_01230",208,1045.25977121528
"syn_01230",277,710.736885713703
"syn_01230",375,312.529349036025
"syn_01231",118,60.5892050412054
"syn_01231",148,55.624787114791
"syn_01231",215,80.3244200853952
"syn_01231",243,63.590902332474
"syn_01231",265,19.7481470265948
"syn_01231",346,32.0912725171458
"syn_01231",374,30.080079203982
"syn_01231",430,28.7190999237494
"syn_01231",460,52.9665431415201
"syn_01231",501,84.2404929688719
"syn_01232",67,28.3178293241672
"syn_01232",97,48.0853006613452
"syn_01232",156,37.518179279064
"syn_01232",200,108.186432513598
"syn_01232",221,60.3033610324117
"syn_01232",330,33.7485958327891
"syn_01232",389,48.0554322145299
"syn_01232",421,34.8407844874624
"syn_01232",477,63.4837610568817
"syn_01232",526,69.8190358668522
"syn_01233",74,22.570689716696
"syn_01233",170,76.2678224410778
"syn_01233",193,31.8229301817717
"syn_01233",220,32.8904303452328
"syn_01233",291,24.8457620733092
"syn_01233",333,25.7189467949292
"syn_01233",354,65.5499977864686
"syn_01233",410,40.8185220615689
"syn_01233",478,36.0933473417264
"syn_01233",534,27.3182007634329
"syn_01234",76,14.7302780911513
"syn_01234",102,59.5807813797239
"syn_01234",141,61.7820469558731
"syn_01234",199,97.3930793341871
"syn_01234",235,47.0306123154536
"syn_01234",265,29.2519685157736
"syn_01234",351,75.3550759406246
"syn_01234",444,64.1507152484721
"syn_01234",484,112.555460345604
"syn_01234",523,20.2705235369375
"syn_01235",62,30.7956388299145
"syn_01235",102,37.7245348731772
"syn_01235",144,31.1731481501276
"syn_01235",203,65.4041271783577
"syn_01235",282,38.5770572797741
"syn_01235",320,74.8716974838706
"syn_01235",381,50.6969847528376
"syn_01235",415,37.7086563294481
"syn_01235",440,77.7948517629339
"syn_01235",476,71.9386256452017
"syn_01236",112,64.8046939534296
"syn_01236",222,42.2856912530342
"syn_01236",250,76.8427538587241
"syn_01236",318,28.2244590881375
"syn_01236",339,137.75614683947
"syn_01236",377,48.3797673946421
"syn_01236",404,48.4773065161212
"syn_01236",432,77.1909885791921
"syn_01236",452,96.7068721923048
"syn_01236",538,55.7690959559883
"syn_01237",63,216.522656301442
"syn_01237",107,118.557179420787
"syn_01237",175,635.547480353365
"syn_01237",282,346.954797048834
"syn_01237",310,445.214189394775
"syn_01237",334,376.558711868187
"syn_01237",390,421.64168710048
"syn_01237",456,282.647597173801
"syn_01237",516,348.599976078542
"syn_01237",538,363.277241387804
"syn_01238",80,346.955419361007
"syn_01238",140,376.38777545287
"syn_01238",201,518.298824775977
"syn_01238",256,515.146828681362
"syn_01238",284,322.708274955872
"syn_01238",314,409.699843844171
"syn_01238",366,122.120039686311
"syn_01238",402,320.394583553451
"syn_01238",439,201.776964964125
"syn_01238",495,484.773759698675
"syn_01239",172,128.85486418002
"syn_01239",211,281.795420791947
"syn_01239",255,242.206153591504
"syn_01239",277,130.169430981575
"syn_01239",308,303.895746238698
"syn_01239",373,289.507052420174
"syn_01239",414,419.213138774928
"syn_01239",461,501.403514453541
"syn_01239",509,335.590623388763
"syn_01239",534,649.049795119778
"syn_01240",103,244.311686918466
"syn_01240",200,234.575962916621
"syn_01240",250,132.161476198718
"syn_01240",315,329.516010325485
"syn_01240",355,471.371334436392
"syn_01240",391,266.093566328165
"syn_01240",443,202.270744796203
"syn_01240",480,173.073637031581
"syn_01240",505,186.528042199033
"syn_01240",529,304.412054697427
"syn_01241",84,740.054042606412
"syn_01241",179,345.340181446001
"syn_01241",223,237.360966954697
"syn_01241",247,154.84659911464
"syn_01241",310,268.351914700167
"syn_01241",366,188.67604346955
"syn_01241",409,272.931623825067
"syn_01241",444,159.874791459003
"syn_01241",473,282.539457331386
"syn_01241",510,550.899641835267
"syn_01242",215,228.892510229787
"syn_01242",248,326.679745261673
"syn_01242",270,235.084622443532
"syn_01242",291,476.137877360151
"syn_01242",402,215.317589370801
"syn_01242",431,275.878566339923
"syn_01242",454,397.806399786258
"syn_01242",475,77.5929829167586
"syn_01242",498,232.957241801112
"syn_01242",528,282.618708700435
"syn_01243",84,990.531298110935
"syn_01243",152,765.228072278847
"syn_01243",192,1332.32518474902
"syn_01243",235,860.833436943152
"syn_01243",259,819.300491786582
"syn_01243",339,675.28183013928
"syn_01243",380,449.630592016241
"syn_01243",407,1261.50251826765
"syn_01243",444,2976.03076091966
"syn_01243",507,565.847614760369
"syn_01244",65,773.949664096075
"syn_01244",86,1336.70104446528
"syn_01244",109,1315.80147775284
"syn_01244",150,1762.26879844356
"syn_01244",191,3586.92803540581
"syn_01244",311,1110.94179650451
"syn_01244",372,2218.95011369007
"syn_01244",394,3724.62568572405
"syn_01244",439,675.285286609179
"syn_01244",499,1457.12957722888
"syn_01245",128,1680.28133675906
"syn_01245",186,2145.65518679327
"syn_01245",220,1442.61065617243
"syn_01245",277,1926.34460982863
"syn_01245",308,1303.74142142759
"syn_01245",337,1745.89942141622
"syn_01245",397,1532.39812339938
"syn_01245",429,1179.89568487916
"syn_01245",501,633.805534307065
"syn_01245",528,706.997888936041
"syn_01246",95,2174.33676106193
"syn_01246",115,2570.44171264128
"syn_01246",214,612.692598231369
"syn_01246",245,706.530628661938
"syn_01246",266,1398.59373464119
"syn_01246",296,575.880410652045
"syn_01246",328,2659.77253153855
"syn_01246",388,2816.96512444929
"syn_01246",412,2478.67662906678
"syn_01246",455,1143.50097604865
"syn_01247",66,1689.95650202229
"syn_01247",96,3971.32423510576
"syn_01247",155,562.191729590692
"syn_01247",193,1813.73320029458
"syn_01247",226,1393.53232154189
"syn_01247",298,839.198392671013
"syn_01247",330,617.635178757791
"syn_01247",368,796.856283428994
"syn_01247",444,993.282799662742
"syn_01247",471,969.498728735149
"syn_01248",69,817.132260934471
"syn_01248",170,1389.21256282627
"syn_01248",193,1641.65273210987
"syn_01248",220,610.742356328499
"syn_01248",311,1123.29543240562
"syn_01248",332,1297.92563437046
"syn_01248",362,1534.70522555369
"syn_01248",391,373.863741428094
"syn_01248",496,2289.68066270556
"syn_01248",536,829.03657733837
"syn_01255",472,49.3123681988085
"syn_01256",138,45.436319355285
"syn_01257",255,20.8597376959357
"syn_01258",178,39.0464643455489
"syn_01259",347,38.5230839960332
"syn_01260",375,21.7002668525969
"syn_01261",453,105.467432201388
"syn_01262",148,157.540098578306
"syn_01263",206,141.808615340241
"syn_01264",334,367.48765253635
"syn_01265",409,346.340343461063
"syn_01266",364,470.883120019444
"syn_01267",440,1434.7254047471
"syn_01268",67,2020.87891741721
"syn_01269",374,1075.67856299307
"syn_01270",144,1330.00185952301
"syn_01271",79,1752.94835290259
"syn_01272",337,1370.29889378922
"syn_01273",125,20.9241135933449
"syn_01273",275,79.5425603640278
"syn_01273",370,37.8300405430985
"syn_01273",392,34.8872673992707
"syn_01274",178,64.7448443218816
"syn_01274",335,23.398043878448
"syn_01274",462,32.326789671946
"syn_01274",505,33.6765319900101
"syn_01275",181,45.1278698566037
"syn_01275",259,77.4318718077497
"syn_01275",291,79.1844807074346
"syn_01275",506,29.1160399303349
"syn_01276",94,57.4493284738733
"syn_01276",152,45.092600918649
"syn_01276",224,126.949581697461
"syn_01276",253,38.204264875584
"syn_01277",122,52.0473712162916
"syn_01277",213,44.3827392686647
"syn_01277",298,104.452073304183
"syn_01277",413,61.141599526833
"syn_01278",178,97.4471724652216
"syn_01278",261,34.2464752042523
"syn_01278",476,41.9456340136628
"syn_01278",516,33.5070559600084
"syn_01279",139,488.070686806262
"syn_01279",188,131.831389720093
"syn_01279",228,319.811496158713
"syn_01279",258,247.56974778511
"syn_01280",154,499.670570704397
"syn_01280",257,93.2773039298366
"syn_01280",406,585.78520616143
"syn_01280",456,105.064090792773
"syn_01281",145,444.48973864269
"syn_01281",193,164.945947288638
"syn_01281",387,147.22035886782
"syn_01281",496,124.91100220325
"syn_01282",85,186.98253807811
"syn_01282",117,283.71744738999
"syn_01282",187,190.408452911366
"syn_01282",335,463.455320309497
"syn_01283",268,406.892436796101
"syn_01283",425,445.058962898912
"syn_01283",460,349.110855824796
"syn_01283",496,162.048828166972
"syn_01284",76,247.642626441424
"syn_01284",103,154.911315668222
"syn_01284",318,136.072792928923
"syn_01284",341,417.362547475483
"syn_01285",82,1204.94887393787
"syn_01285",123,2984.58292407697
"syn_01285",167,737.526893251967
"syn_01285",482,1397.78304113295
"syn_01286",74,975.631463846207
"syn_01286",95,1213.74580842943
"syn_01286",221,1107.14423783186
"syn_01286",327,2109.59544803979
"syn_01287",191,1394.73467235362
"syn_01287",239,724.389222282271
"syn_01287",289,1968.210501307
"syn_01287",313,1671.04694360064
"syn_01288",270,1404.7677491833
"syn_01288",307,954.886242150563
"syn_01288",449,2336.69327298842
"syn_01288",478,1848.03938682762
"syn_01289",83,989.661893693098
"syn_01289",158,901.430567371236
"syn_01289",368,930.068381405984
"syn_01289",426,791.542108055562
"syn_01290",322,3119.38681433102
"syn_01290",411,1053.56002204021
"syn_01290",467,843.631079787721
"syn_01290",492,810.083428202184
"syn_01291",67,57.0157192370728
"syn_01291",231,50.681551404253
"syn_01291",253,49.1946826913401
"syn_01291",313,23.5571659645177
"syn_01291",384,50.775118801101
"syn_01291",412,42.21929259052
"syn_01291",440,50.6574833827167
"syn_01291",462,102.698073388532
"syn_01291",487,24.1098186484164
"syn_01291",511,91.2789137020646
"syn_01292",86,21.1086422009577
"syn_01292",132,81.735023019382
"syn_01292",169,65.4198865901726
"syn_01292",201,41.4423593051991
"syn_01292",233,124.105786240125
"syn_01292",272,32.0241479812059
"syn_01292",320,30.5039168870557
"syn_01292",362,28.7738415402306
"syn_01292",481,26.5562178607509
"syn_01292",525,52.4229300909227
"syn_01293",108,75.2632819054384
"syn_01293",142,21.1109980435576
"syn_01293",175,30.2742531110531
"syn_01293",254,38.9443722069229
"syn_01293",300,80.7691384363794
"syn_01293",330,89.2924134455003
"syn_01293",350,37.4387315176719
"syn_01293",428,127.345440950532
"syn_01293",479,40.2934080462453
"syn_01293",538,29.9163882223793
"syn_01294",60,64.2729474263921
"syn_01294",117,93.0260213887803
"syn_01294",184,67.0948542897635
"syn_01294",246,31.5194601380816
"syn_01294",273,41.5510588786538
"syn_01294",295,54.1524591807678
"syn_01294",318,24.5302059951399
"syn_01294",409,60.2351341457629
"syn_01294",491,66.2323988503089
"syn_01294",515,57.8372948301731
"syn_01295",84,36.7649773046023
"syn_01295",111,43.9725343614269
"syn_01295",139,22.6969844484083
"syn_01295",191,51.4502033423518
"syn_01295",221,75.6664863718815
"syn_01295",250,42.7834266963257
"syn_01295",275,47.0115892095038
"syn_01295",340,25.0778685218866
"syn_01295",371,49.2737134348735
"syn_01295",431,26.5473108493537
"syn_01296",82,41.0428878989792
"syn_01296",109,116.997484025194
"syn_01296",207,27.0175385998836
"syn_01296",228,20.7265619870567
"syn_01296",308,44.2689638734755
"syn_01296",353,46.459322278069
"syn_01296",394,13.5937411772577
"syn_01296",414,32.5160773447331
"syn_01296",448,31.6374116237291
"syn_01296",477,28.6649209568784
"syn_01297",78,308.705487325595
"syn_01297",142,162.000445415387
"syn_01297",176,302.424061319356
"syn_01297",208,619.415130405872
"syn_01297",285,557.142527061581
"syn_01297",352,271.165406093857
"syn_01297",402,188.475744229367
"syn_01297",443,254.236315978236
"syn_01297",498,824.434869007272
"syn_01297",536,271.188614014382
"syn_01298",99,193.501994143221
"syn_01298",139,180.890378194055
"syn_01298",159,211.625572003676
"syn_01298",197,196.668944201956
"syn_01298",246,499.779715503135
"syn_01298",334,202.705590617661
"syn_01298",367,139.988265509704
"syn_01298",427,276.467502728166
"syn_01298",485,218.562242116122
"syn_01298",515,233.825915149397
"syn_01299",74,244.297340168098
"syn_01299",100,148.065412884524
"syn_01299",157,312.318986539388
"syn_01299",204,945.770246096478
"syn_01299",231,64.0294182080798
"syn_01299",267,163.758948793035
"syn_01299",292,175.991801120266
"syn_01299",432,204.69204759636
"syn_01299",460,374.194988139272
"syn_01299",535,161.904223111976
"syn_01300",87,335.951855633787
"syn_01300",121,265.530664334533
"syn_01300",159,243.245489491337
"syn_01300",222,278.67593388687
"syn_01300",278,316.67050462721
"syn_01300",327,281.71393342081
"syn_01300",349,292.016209545687
"syn_01300",369,162.52984216243
"syn_01300",408,718.667139625802
"syn_01300",509,123.997140981445
"syn_01301",96,353.429947422407
"syn_01301",137,239.489568031517
"syn_01301",212,317.440921644045
"syn_01301",266,330.473526616391
"syn_01301",326,341.118681889168
"syn_01301",405,266.450992074535
"syn_01301",444,119.833642310572
"syn_01301",482,284.338496458676
"syn_01301",505,266.403133528478
"syn_01301",533,201.889714287709
"syn_01302",83,224.800058032611
"syn_01302",123,215.250385362819
"syn_01302",222,289.890910623614
"syn_01302",254,140.909424043979
"syn_01302",326,197.925112004459
"syn_01302",368,426.972954473124
"syn_01302",437,375.710893533592
"syn_01302",463,299.910914094604
"syn_01302",511,282.974062169542
"syn_01302",535,158.90858311934
"syn_01303",65,2144.74570852156
"syn_01303",100,998.024713717522
"syn_01303",141,1536.59478501417
"syn_01303",193,3306.77040122511
"syn_01303",214,951.243031349162
"syn_01303",271,2230.66414013383
"syn_01303",305,1265.81930308917
"syn_01303",376,1464.27594710773
"syn_01303",433,3072.11827183582
"syn_01303",519,1205.28154682966
"syn_01304",61,1987.12634792575
"syn_01304",91,1540.3349427378
"syn_01304",125,1148.07376323778
"syn_01304",218,3680.54592855005
"syn_01304",267,2342.02957099579
"syn_01304",326,1533.91568077129
"syn_01304",349,2154.13508710059
"syn_01304",402,1122.78320629272
"syn_01304",462,1677.73611775803
"syn_01304",531,3647.61594686838
"syn_01305",120,1288.43362295114
"syn_01305",152,1135.83871707183
"syn_01305",175,1306.03265065576
"syn_01305",198,1776.18871372497
"syn_01305",241,1510.56322402503
"syn_01305",353,2667.67468666773
"syn_01305",376,1407.34334558844
"syn_01305",404,939.373208151866
"syn_01305",467,2197.81964412281
"syn_01305",509,921.454169698661
"syn_01306",71,1274.75265198137
"syn_01306",105,778.154115716566
"syn_01306",197,600.435861638269
"syn_01306",253,884.210555574925
"syn_01306",280,1106.15880977459
"syn_01306",409,2807.02668861758
"syn_01306",432,1244.45410737434
"syn_01306",453,2316.24181905963
"syn_01306",482,1749.55420803367
"syn_01306",537,2517.69287944035
"syn_01307",68,2224.4698251982
"syn_01307",93,1807.97508626555
"syn_01307",153,1161.47444494243
"syn_01307",205,982.703240895584
"syn_01307",278,1152.24328598342
"syn_01307",360,585.686895979786
"syn_01307",382,921.735432759255
"syn_01307",427,1118.7238687885
"syn_01307",490,796.413834273596
"syn_01307",530,371.047060031544
"syn_01308",62,1791.36786963132
"syn_01308",89,1977.13053212291
"syn_01308",128,2519.90635114483
"syn_01308",160,1088.96213652609
"syn_01308",200,1431.84250275327
"syn_01308",281,2069.55661565207
"syn_01308",324,2144.54444879147
"syn_01308",404,587.134072116693
"syn_01308",496,976.285721389345
"syn_01308",529,3212.9437000137
"syn_01309",171,29.4300555194943
"syn_01310",169,30.3621428276658
"syn_01311",129,13.3735668479315
"syn_01312",294,37.3978884564569
"syn_01313",267,25.4778190144683
"syn_01314",490,80.2378409720603
"syn_01315",495,196.873838587792
"syn_01316",254,337.673667933462
"syn_01317",456,214.412914894415
"syn_01318",110,392.407609357164
"syn_01319",479,714.96659608186
"syn_01320",338,228.57565138375
"syn_01321",288,1199.52581572073
"syn_01322",358,1342.25421897087
"syn_01323",424,1489.34890580835
"syn_01324",75,1737.78385568185
"syn_01325",460,1491.92491821267
"syn_01326",115,1626.91291382787
"syn_01327",127,27.9756089303905
"syn_01327",218,87.9161570638624
"syn_01327",244,65.9147071144355
"syn_01327",334,52.9170113222169
"syn_01328",86,68.7672100789588
"syn_01328",170,21.4253961157653
"syn_01328",303,13.625679071756
"syn_01328",435,30.8061589806188
"syn_01329",80,55.8136024525778
"syn_01329",146,25.2600759621788
"syn_01329",330,29.9641390836511
"syn_01329",522,46.9817515297217
"syn_01330",114,44.3739575520984
"syn_01330",182,17.069682453043
"syn_01330",224,72.8077009963912
"syn_01330",268,74.9415445348806
"syn_01331",163,32.3026669565039
"syn_01331",248,22.3577609000901
"syn_01331",368,85.8680175088722
"syn_01331",524,31.0681234531503
"syn_01332",149,44.8082476764117
"syn_01332",201,96.7615538667515
"syn_01332",254,39.9613752565667
"syn_01332",442,20.3933203791299
"syn_01333",270,417.827588421267
"syn_01333",378,414.930648987423
"syn_01333",436,379.189105129057
"syn_01333",489,226.668566823264
"syn_01334",108,136.305257153761
"syn_01334",275,336.312634942335
"syn_01334",440,402.697330580678
"syn_01334",494,382.336360922002
"syn_01335",184,276.336949227215
"syn_01335",289,264.182266608598
"syn_01335",430,237.685286312608
"syn_01335",527,510.968982774189
"syn_01336",85,201.712921862033
"syn_01336",236,268.225152640248
"syn_01336",261,633.317314619786
"syn_01336",420,162.525276840348
"syn_01337",142,324.916460692258
"syn_01337",332,404.104405927021
"syn_01337",448,260.448755087006
"syn_01337",509,201.050581367172
"syn_01338",151,229.122486528135
"syn_01338",197,870.624815533116
"syn_01338",230,235.756443117299
"syn_01338",322,167.455262892556
"syn_01339",164,3507.22101144186
"syn_01339",201,1862.03855183251
"syn_01339",335,2913.09732633902
"syn_01339",524,2352.21025310505
"syn_01340",238,1986.21497905899
"syn_01340",318,2180.94579278172
"syn_01340",464,1419.33570996382
"syn_01340",506,553.604145149074
"syn_01341",90,2124.7647883368
"syn_01341",115,2475.54107443904
"syn_01341",197,1821.7734483689
"syn_01341",364,1005.7707108152
"syn_01342",134,564.839209616594
"syn_01342",260,1596.69006811358
"syn_01342",298,1441.98595498501
"syn_01342",341,1916.7616771801
"syn_01343",102,970.325837378322
"syn_01343",389,1234.71560032738
"syn_01343",459,2025.54011345376
"syn_01343",500,1712.98594208161
"syn_01344",165,1864.2449914645
"syn_01344",320,4128.59832954204
"syn_01344",422,2900.45268576137
"syn_01344",523,1331.02121823478
"syn_01345",67,29.4438263602447
"syn_01345",95,45.26902496299
"syn_01345",146,61.6160219660961
"syn_01345",198,34.500293230554
"syn_01345",242,88.0203281367711
"syn_01345",338,34.1761935340849
"syn_01345",409,21.5680704716204
"syn_01345",461,73.3533971409481
"syn_01345",504,104.372982293716
"syn_01345",536,39.4968820939769
"syn_01346",73,61.2842697705104
"syn_01346",159,47.8524431315199
"syn_01346",179,67.1501473611195
"syn_01346",219,88.4381586029616
"syn_01346",242,48.0740803655731
"syn_01346",294,47.648769377837
"syn_01346",322,47.7614225648149
"syn_01346",397,36.9887056769357
"syn_01346",426,28.3722270053858
"syn_01346",523,20.3048855071711
"syn_01347",78,84.45089440533
"syn_01347",124,35.0303195745876
"syn_01347",174,75.4803839685952
"syn_01347",226,33.3347712208784
"syn_01347",313,18.1072907886848
"syn_01347",342,23.5532195215674
"syn_01347",416,44.1397357315115
"syn_01347",460,26.7187308773697
"syn_01347",491,44.3533594314264
"syn_01347",528,72.058430941471
"syn_01348",76,37.2127875925605
"syn_01348",114,42.3120874466222
"syn_01348",152,30.1684612119191
"syn_01348",177,49.7925548969957
"syn_01348",209,61.9716445827338
"syn_01348",252,27.0891432487043
"syn_01348",276,57.3741266428579
"syn_01348",338,50.5252123081367
"syn_01348",408,36.0631157232854
"syn_01348",491,30.8738690291527
"syn_01349",105,37.5977152212545
"syn_01349",229,30.8162786640473
"syn_01349",285,15.0730506844887
"syn_01349",311,49.1086134134965
"syn_01349",350,28.7397419675706
"syn_01349",383,21.8868903758437
"syn_01349",407,55.1601185513337
"syn_01349",465,79.0753176682451
"syn_01349",509,37.5577197321179
"syn_01349",536,30.1151527873687
"syn_01350",102,73.4901528829257
"syn_01350",122,40.6971535601359
"syn_01350",167,23.2554016545248
"syn_01350",239,42.2429920414563
"syn_01350",271,53.268605891911
"syn_01350",298,36.8621343325847
"syn_01350",331,27.5860373460556
"syn_01350",389,39.9604517113297
"syn_01350",493,21.7865468732363
"syn_01350",525,64.4705456191473
"syn_01351",84,160.639452526028
"syn_01351",127,272.373821125648
"syn_01351",196,350.239870310286
"syn_01351",257,331.347619988058
"syn_01351",290,821.751401308697
"syn_01351",312,231.39737355217
"syn_01351",345,385.341049488841
"syn_01351",367,242.349623088381
"syn_01351",454,263.660584092499
"syn_01351",481,517.179725409615
"syn_01352",88,375.251535734266
"syn_01352",157,288.729501196756
"syn_01352",194,133.248435551371
"syn_01352",216,180.95045675
"syn_01352",273,208.290112966003
"syn_01352",347,155.597798668835
"syn_01352",367,285.371119502306
"syn_01352",388,457.468859402299
"syn_01352",517,149.799657645958
"syn_01352",537,148.118556425654
"syn_01353",62,229.651378881728
"syn_01353",88,215.626322893082
"syn_01353",157,426.497753249351
"syn_01353",184,174.773131823311
"syn_01353",212,113.7004579134
"syn_01353",268,320.019929004684
"syn_01353",344,242.657750336269
"syn_01353",379,75.8414591046464
"syn_01353",451,463.580353126813
"syn_01353",480,376.149973997429
"syn_01354",62,576.845491698043
"syn_01354",175,384.081572472464
"syn_01354",201,163.635693209263
"syn_01354",242,187.149719885921
"syn_01354",273,438.954216568174
"syn_01354",298,344.425158183842
"syn_01354",338,191.711540316453
"syn_01354",438,333.523905405823
"syn_01354",491,332.526977471186
"syn_01354",527,184.547549990866
"syn_01355",69,220.211979017715
"syn_01355",152,342.875426147852
"syn_01355",191,262.033901438677
"syn_01355",214,222.032586516399
"syn_01355",262,189.772693268465
"syn_01355",351,326.498094439454
"syn_01355",390,513.69959838349
"syn_01355",437,741.284791137293
"syn_01355",485,375.455360407165
"syn_01355",527,183.409298694876
"syn_01356",75,556.114043660028
"syn_01356",119,250.197501765892
"syn_01356",159,215.590946367371
"syn_01356",187,285.470073537704
"syn_01356",241,316.937748783215
"syn_01356",292,145.394215324357
"syn_01356",361,222.680022500207
"syn_01356",411,194.235579051444
"syn_01356",466,208.006326254297
"syn_01356",525,317.466807024536
"syn_01357",65,1390.04691085206
"syn_01357",179,1606.46541825643
"syn_01357",202,881.447433242692
"syn_01357",235,3038.70075185566
"syn_01357",276,957.486229773544
"syn_01357",306,1616.84251363363
"syn_01357",341,1552.98754401692
"syn_01357",392,1832.99962587908
"syn_01357",425,1288.5631726547
"syn_01357",502,1783.63923308656
"syn_01358",63,1571.71299550973
"syn_01358",83,2214.4307915291
"syn_01358",191,2066.31334636871
"syn_01358",214,3621.52266142671
"syn_01358",283,1111.40903646027
"syn_01358",335,2713.82369900864
"syn_01358",360,1784.60504579028
"syn_01358",383,528.979925700956
"syn_01358",427,848.352536460313
"syn_01358",502,2067.11748795603
"syn_01359",68,939.376280824941
"syn_01359",122,2658.79632456373
"syn_01359",165,995.437540595629
"syn_01359",199,1318.59177402289
"syn_01359",272,1922.05569849666
"syn_01359",299,1416.99497805334
"syn_01359",365,1301.76330187368
"syn_01359",424,1030.17118726822
"syn_01359",465,546.078791057896
"syn_01359",497,1424.38512521833
"syn_01360",159,2674.52434230069
"syn_01360",192,1829.28752134994
"syn_01360",263,2173.26253233941
"syn_01360",300,672.683782604497
"syn_01360",330,1202.19967812329
"syn_01360",356,1716.58838631153
"syn_01360",414,1281.76031795142
"syn_01360",439,1517.32559185964
"syn_01360",492,753.744061751024
"syn_01360",524,1355.15988625325
"syn_01361",70,2736.34721393065
"syn_01361",104,960.738679991443
"syn_01361",138,658.847081679006
"syn_01361",178,1542.01668881624
"syn_01361",223,1207.50787054604
"syn_01361",296,1631.96635102459
"syn_01361",346,2004.08476413554
"syn_01361",382,2486.57062466212
"syn_01361",459,633.439360019026
"syn_01361",498,416.32114619621
"syn_01362",62,1578.39253422194
"syn_01362",126,1598.83592430838
"syn_01362",149,1255.2329759245
"syn_01362",252,2116.51853197512
"syn_01362",274,1628.18833323588
"syn_01362",319,1410.58337386004
"syn_01362",352,1416.07236606055
"syn_01362",387,1004.52606740062
"syn_01362",442,872.607494554751
"syn_01362",484,3924.06921516475
"syn_01369",377,25.7375799635164
"syn_01370",160,41.3830599140268
"syn_01371",529,54.8542574962197
"syn_01372",497,33.5450813835472
"syn_01373",497,29.1719658260052
"syn_01374",112,87.6360682590223
"syn_01375",490,375.515685309244
"syn_01376",464,605.830873326003
"syn_01377",463,440.925742066456
"syn_01378",304,380.307900179476
"syn_01379",63,328.786143026892
"syn_01380",237,275.037777534799
"syn_01381",335,1219.53904089994
"syn_01382",456,1655.51872236766
"syn_01383",397,442.420514787108
"syn_01384",516,747.028748914507
"syn_01385",115,1162.92440427595
"syn_01386",368,1398.49185754095
"syn_01387",258,94.1774068807175
"syn_01387",358,33.2419018517903
"syn_01387",381,69.8719244498886
"syn_01387",535,45.4483406412502
"syn_01388",109,36.9462397246931
"syn_01388",169,74.3961994655213
"syn_01388",343,32.7198385015081
"syn_01388",393,15.1064476725937
"syn_01389",68,27.6750414045324
"syn_01389",105,140.353390079749
"syn_01389",161,54.4560379100858
"syn_01389",319,75.8368839492356
"syn_01390",267,65.900766730617
"syn_01390",327,76.8106770000238
"syn_01390",396,96.6926138841423
"syn_01390",520,46.3393259123359
"syn_01391",112,33.6002429751667
"syn_01391",133,28.2329163767299
"syn_01391",314,98.8729123089659
"syn_01391",373,89.7586298215496
"syn_01392",78,32.1292701377605
"syn_01392",98,54.5632078678339
"syn_01392",144,36.3590427802814
"syn_01392",256,81.7744346584313
"syn_01393",263,168.639539025638
"syn_01393",314,315.540612742589
"syn_01393",422,384.097662703618
"syn_01393",513,294.725299816389
"syn_01394",64,185.106001837494
"syn_01394",233,347.057619029417
"syn_01394",330,229.290381010524
"syn_01394",422,275.074557603149
"syn_01395",123,889.118853277781
"syn_01395",250,990.554192344142
"syn_01395",397,621.475988578794
"syn_01395",455,199.511533159799
"syn_01396",226,279.225116839135
"syn_01396",251,471.991426307318
"syn_01396",324,212.006426484233
"syn_01396",525,393.863028479059
"syn_01397",165,494.402189227673
"syn_01397",211,252.741223787555
"syn_01397",318,304.138687424509
"syn_01397",473,205.185931569564
"syn_01398",132,493.060981368214
"syn_01398",190,247.25963481367
"syn_01398",462,308.921588233463
"syn_01398",498,529.414143351693
"syn_01399",135,1235.01112167199
"syn_01399",219,4876.26677911742
"syn_01399",350,1081.92015829459
"syn_01399",529,1651.75728629704
"syn_01400",107,1456.5084512607
"syn_01400",304,1159.48274907959
"syn_01400",445,2160.41152914508
"syn_01400",528,969.310613986695
"syn_01401",173,642.028209529372
"syn_01401",278,1886.82975678414
"syn_01401",493,516.552700244655
"syn_01401",527,909.478798021251
"syn_01402",86,1025.12092116612
"syn_01402",120,1575.76596342415
"syn_01402",143,1245.27856906488
"syn_01402",521,1350.55882131197
"syn_01403",68,1942.0807868479
"syn_01403",323,1199.26753183945
"syn_01403",407,637.774226901496
"syn_01403",488,658.071659075521
"syn_01404",101,2592.07603554253
"syn_01404",181,1784.58519548537
"syn_01404",236,1569.30708059737
"syn_01404",395,1104.12338777645
"syn_01405",68,45.2296216472088
"syn_01405",143,51.5205910806878
"syn_01405",222,35.3274607987148
"syn_01405",246,25.3217067737134
"syn_01405",268,31.6127436510711
"syn_01405",314,44.1855578049495
"syn_01405",396,153.291782978428
"syn_01405",425,92.6096014448308
"syn_01405",506,90.7868618106091
"syn_01405",539,49.6226572567511
"syn_01406",70,104.193788048141
"syn_01406",125,61.9658489827541
"syn_01406",147,58.5803751048939
"syn_01406",178,79.995479067542
"syn_01406",241,33.4130214323407
"syn_01406",268,43.5351604978847
"syn_01406",349,54.4216050631095
"syn_01406",390,33.6075539229516
"syn_01406",421,29.68690598144
"syn_01406",470,32.1676675755612
"syn_01407",90,40.8600453629597
"syn_01407",129,51.0171940366728
"syn_01407",199,44.8536299670126
"syn_01407",240,109.791681661539
"syn_01407",283,80.5378196335335
"syn_01407",328,15.3678417859122
"syn_01407",366,50.4978726830652
"syn_01407",409,40.6449793746336
"syn_01407",442,54.9396924932887
"syn_01407",498,47.9776716124055
"syn_01408",66,36.0032367522878
"syn_01408",104,60.7646891119496
"syn_01408",142,37.8986292974442
"syn_01408",172,50.681382124111
"syn_01408",266,18.7088513011875
"syn_01408",289,57.7952715646585
"syn_01408",337,42.8921763313511
"syn_01408",372,28.9174044102533
"syn_01408",428,46.4342922623915
"syn_01408",510,16.9806636817791
"syn_01409",79,38.4942217139466
"syn_01409",110,39.6786381654092
"syn_01409",134,42.6623648196657
"syn_01409",168,86.2914075474476
"syn_01409",305,41.0436895086191
"syn_01409",366,36.3318045897598
"syn_01409",438,30.3047199357713
"syn_01409",472,43.8812489517145
"syn_01409",495,40.8339999845373
"syn_01409",537,15.9798791925855
"syn_01410",107,53.5917217614908
"syn_01410",135,54.8621766192611
"syn_01410",179,39.1323192162664
"syn_01410",280,30.6921158531016
"syn_01410",310,47.5114337575452
"syn_01410",332,91.340665073362
"syn_01410",352,62.3150451115605
"syn_01410",389,23.5613050127188
"syn_01410",430,27.9483785460212
"syn_01410",528,89.8675985252008
"syn_01411",67,231.840199948383
"syn_01411",112,236.682962076656
"syn_01411",151,339.948124362774
"syn_01411",173,497.22344774698
"syn_01411",267,151.823418569166
"syn_01411",293,497.042818489975
"syn_01411",332,174.704579114652
"syn_01411",400,235.944446701975
"syn_01411",464,219.33579900312
"syn_01411",513,189.021892060051
"syn_01412",82,136.065903337752
"syn_01412",122,158.889446129037
"syn_01412",166,168.737122393739
"syn_01412",212,103.429187023971
"syn_01412",238,358.8782041919
"syn_01412",280,281.853992814016
"syn_01412",302,206.037698016769
"syn_01412",338,195.884799190946
"syn_01412",420,94.1407200020217
"syn_01412",506,217.097275755408
"syn_01413",83,338.061608100782
"syn_01413",160,130.709313291057
"syn_01413",201,139.366330630666
"syn_01413",254,227.843099044005
"syn_01413",277,439.622285379275
"syn_01413",318,291.00970386486
"syn_01413",354,603.238275770843
"syn_01413",384,346.220324541511
"syn_01413",416,572.235438230354
"syn_01413",466,277.835915567306
"syn_01414",85,383.406034627318
"syn_01414",199,133.033136193197
"syn_01414",228,254.597636349843
"syn_01414",268,76.9961387289655
"syn_01414",288,328.821265916674
"syn_01414",344,382.091788925831
"syn_01414",370,350.190965006604
"syn_01414",410,173.218895279426
"syn_01414",457,251.220854558744
"syn_01414",530,268.085497870597
"syn_01415",67,290.186668072058
"syn_01415",126,264.888190434733
"syn_01415",282,188.733065971905
"syn_01415",316,224.592071701848
"syn_01415",337,241.978858060838
"syn_01415",360,358.020598324545
"syn_01415",430,559.529906599881
"syn_01415",454,387.329062662854
"syn_01415",511,306.13929435594
"syn_01415",533,450.419604104001
"syn_01416",69,601.738687500554
"syn_01416",121,279.773487544437
"syn_01416",141,498.722894491916
"syn_01416",176,165.116944799126
"syn_01416",297,126.237079922563
"syn_01416",346,143.332473437083
"syn_01416",384,368.382279506841
"syn_01416",419,364.688767647684
"syn_01416",494,184.059252293083
"syn_01416",535,247.837486943469
"syn_01417",63,3153.58907378255
"syn_01417",88,922.215002156802
"syn_01417",133,1030.98205635999
"syn_01417",186,4252.09654102659
"syn_01417",209,715.31220809672
"syn_01417",235,1315.10179419768
"syn_01417",344,695.758953270765
"syn_01417",406,1633.11565325341
"syn_01417",471,1526.45804740837
"syn_01417",506,917.056483982949
"syn_01418",64,2096.57249386328
"syn_01418",96,728.993002719361
"syn_01418",116,1002.73314019494
"syn_01418",186,787.974264386832
"syn_01418",217,753.893466368521
"syn_01418",266,1913.09773217984
"syn_01418",302,1160.72739552928
"syn_01418",354,788.005253067933
"syn_01418",409,2705.64836484902
"syn_01418",449,1540.69753171358
"syn_01419",64,1585.19026870579
"syn_01419",156,979.086176956193
"syn_01419",218,1816.66779229306
"syn_01419",248,1312.2409331406
"syn_01419",282,1885.36583463941
"syn_01419",357,1541.34969568288
"syn_01419",398,1035.28359768386
"syn_01419",418,2379.04895040521
"syn_01419",462,1229.09224881181
"syn_01419",484,1074.24077237396
"syn_01420",129,2265.10005924592
"syn_01420",203,1390.36274715944
"syn_01420",242,2097.06457463855
"syn_01420",295,908.075168398368
"syn_01420",321,1011.09045987049
"syn_01420",344,1654.27056240648
"syn_01420",365,437.329748332218
"syn_01420",408,867.144531002723
"syn_01420",437,899.716780716411
"syn_01420",529,906.77286895379
"syn_01421",77,1600.74452119235
"syn_01421",157,1395.65538556893
"syn_01421",190,2530.33602393335
"syn_01421",218,697.14888577589
"syn_01421",270,1025.88848306819
"syn_01421",290,989.309040936331
"syn_01421",344,1879.40053620565
"syn_01421",460,626.186462528674
"syn_01421",484,687.239566200406
"syn_01421",522,1139.20185397565
"syn_01422",66,1296.98615121142
"syn_01422",179,2324.68483811942
"syn_01422",272,462.616971737706
"syn_01422",299,1011.76280756138
"syn_01422",372,1266.02466695227
"syn_01422",422,1379.87783297255
"syn_01422",445,1053.49938313839
"syn_01422",475,1554.24389986306
"syn_01422",506,3292.34323499715
"syn_01422",540,2257.04634175191
"syn_01423",374,46.8135097493981
"syn_01424",146,38.6782760318161
"syn_01425",406,28.112203920616
"syn_01426",441,54.7607456140569
"syn_01427",477,43.473838503061
"syn_01428",273,19.5666683844296
"syn_01429",330,514.908893497739
"syn_01430",156,340.36672419126
"syn_01431",182,271.611720297346
"syn_01432",203,186.313676607858
"syn_01433",486,330.667385404929
"syn_01434",126,166.632847154213
"syn_01435",67,2748.21259867247
"syn_01436",301,1434.32369316827
"syn_01437",271,2635.8398834118
"syn_01438",354,1736.69428599722
"syn_01439",363,1145.25949504622
"syn_01440",90,1327.63104523714
"syn_01441",156,41.5711672697452
"syn_01441",437,13.9248588332669
"syn_01441",463,20.6850760808828
"syn_01441",494,98.4533974275163
"syn_01442",99,50.2225671074467
"syn_01442",144,30.2925586228581
"syn_01442",267,40.5059093834917
"syn_01442",538,119.146302368754
"syn_01443",83,88.4941361920041
"syn_01443",124,77.297869868356
"syn_01443",196,41.6221696100763
"syn_01443",294,102.163018677092
"syn_01444",196,42.4206345670888
"syn_01444",239,54.8956368461717
"syn_01444",272,82.8107127851943
"syn_01444",339,37.3179879338192
"syn_01445",127,27.8040262924349
"syn_01445",151,73.5978661041553
"syn_01445",195,67.5146866331187
"syn_01445",480,26.1435035853518
"syn_01446",141,30.9795017453091
"syn_01446",198,15.1949042437739
"syn_01446",267,26.2977822153476
"syn_01446",466,70.6573942999942
"syn_01447",75,576.864233531161
"syn_01447",116,457.296110238271
"syn_01447",361,457.691747809017
"syn_01447",421,184.535147311242
"syn_01448",164,202.667175573282
"syn_01448",247,400.86170365028
"syn_01448",286,415.914254536087
"syn_01448",487,277.694594824125
"syn_01449",229,164.432133864695
"syn_01449",308,313.230243035365
"syn_01449",456,220.893697750221
"syn_01449",493,608.775965569843
"syn_01450",107,458.043015621749
"syn_01450",398,277.373598628759
"syn_01450",449,429.311250587651
"syn_01450",493,450.476545910731
"syn_01451",95,238.754064871169
"syn_01451",328,130.937834639332
"syn_01451",374,272.89605359139
"syn_01451",505,251.140195808289
"syn_01452",97,310.471584418973
"syn_01452",144,508.527500518817
"syn_01452",235,293.388526771399
"syn_01452",306,243.282472470508
"syn_01453",103,800.225449123623
"syn_01453",196,1655.24561164479
"syn_01453",406,514.433628110887
"syn_01453",512,1278.62739995394
"syn_01454",120,1890.16958723396
"syn_01454",230,1047.10503122895
"syn_01454",270,2140.87400024738
"syn_01454",522,1007.41503288472
"syn_01455",334,469.517083397376
"syn_01455",358,564.121557989769
"syn_01455",378,4315.2968485279
"syn_01455",432,593.164494133759
"syn_01456",185,1396.85852782235
"syn_01456",224,1498.29588443564
"syn_01456",392,1447.08396568853
"syn_01456",502,1416.20167817162
"syn_01457",95,1662.3084670592
"syn_01457",126,895.824654011523
"syn_01457",309,2140.05705099598
"syn_01457",351,1386.63719402097
"syn_01458",88,1692.57794453056
"syn_01458",121,778.740410775108
"syn_01458",283,2915.5607926287
"syn_01458",508,1857.0161900793
"syn_01459",87,34.9014653767199
"syn_01459",108,69.0519483937911
"syn_01459",153,136.889988932962
"syn_01459",192,24.3078130601073
"syn_01459",287,28.242746392572
"syn_01459",350,32.6481574778793
"syn_01459",392,28.0926862167384
"syn_01459",445,87.6472349844519
"syn_01459",482,23.9066689508591
"syn_01459",528,40.0242721441489
"syn_01460",64,39.1292944938019
"syn_01460",107,53.2384077525317
"syn_01460",137,114.974348570536
"syn_01460",167,29.8995189412743
"syn_01460",201,23.8708768185349
"syn_01460",231,139.752363899477
"syn_01460",276,43.0348335124585
"syn_01460",316,37.5143508947225
"syn_01460",411,132.49491555745
"syn_01460",467,64.431582156647
"syn_01461",97,106.229341829683
"syn_01461",204,29.4584968602754
"syn_01461",282,10.6492746769802
"syn_01461",322,32.3131489690321
"syn_01461",348,85.2398900951431
"syn_01461",379,100.587173562182
"syn_01461",405,34.3027326139666
"syn_01461",434,68.5083982632674
"syn_01461",463,53.6769072562831
"syn_01461",528,51.6136915534363
"syn_01462",71,53.706150045228
"syn_01462",113,43.8596035837937
"syn_01462",159,52.6128463827541
"syn_01462",212,32.1155744613428
"syn_01462",236,50.2064942274038
"syn_01462",257,24.7787430099203
"syn_01462",303,69.7707027263703
"syn_01462",413,29.3087551275476
"syn_01462",445,74.957110223024
"syn_01462",531,41.4500517503789
"syn_01463",64,28.5085887215575
"syn_01463",116,69.8526025570315
"syn_01463",183,45.6425956118272
"syn_01463",236,22.607229646395
"syn_01463",302,120.975928833833
"syn_01463",360,52.1013146463591
"syn_01463",385,125.471261386103
"syn_01463",438,39.8646914234707
"syn_01463",483,30.0452050062059
"syn_01463",524,69.8224337315172
"syn_01464",73,62.781510685892
"syn_01464",143,30.9038670931027
"syn_01464",192,15.8998889186682
"syn_01464",216,66.7832992085134
"syn_01464",266,35.9724370595263
"syn_01464",317,13.2159648532705
"syn_01464",341,76.0154743878193
"syn_01464",382,36.0089597106301
"syn_01464",455,74.0570945322139
"syn_01464",512,78.4452585197889
"syn_01465",109,486.325080151339
"syn_01465",132,341.633543807819
"syn_01465",191,202.344491254561
"syn_01465",265,491.244777450269
"syn_01465",330,421.366526163178
"syn_01465",374,212.760478168585
"syn_01465",399,440.471963009998
"syn_01465",422,317.310813376559
"syn_01465",446,361.37382030806
"syn_01465",519,413.169360446459
"syn_01466",147,202.853760071938
"syn_01466",189,427.523047038334
"syn_01466",251,512.709967403687
"syn_01466",279,282.74175540652
"syn_01466",301,364.49786691363
"syn_01466",360,535.560207648745
"syn_01466",412,187.294954271778
"syn_01466",477,353.225916963404
"syn_01466",502,333.938756421289
"syn_01466",522,187.085926811473
"syn_01467",99,91.7794144008829
"syn_01467",130,436.297793062427
"syn_01467",170,295.717802170643
"syn_01467",211,447.157199836965
"syn_01467",263,129.973583003023
"syn_01467",298,229.382257335053
"syn_01467",364,136.201717783593
"syn_01467",396,429.992094353593
"syn_01467",423,178.237307358536
"syn_01467",505,518.444908526503
"syn_01468",64,344.259429312247
"syn_01468",95,607.289464358022
"syn_01468",182,180.010703718663
"syn_01468",233,333.928584550929
"syn_01468",274,354.895834732643
"syn_01468",298,147.883457362956
"syn_01468",324,420.029304514005
"syn_01468",412,473.129095920982
"syn_01468",459,349.408303750015
"syn_01468",502,273.059166976901
"syn_01469",63,405.475378260201
"syn_01469",181,291.259894837264
"syn_01469",207,237.598012716079
"syn_01469",233,356.539542384293
"syn_01469",306,157.627997867922
"syn_01469",337,317.264295785353
"syn_01469",368,155.962564162341
"syn_01469",394,583.736431468649
"syn_01469",457,348.585248437763
"syn_01469",526,262.970910314523
"syn_01470",70,195.367947251856
"syn_01470",95,202.932036973923
"syn_01470",117,608.759731768182
"syn_01470",154,512.534993617418
"syn_01470",211,216.902503388922
"syn_01470",248,214.082091822726
"syn_01470",411,326.831430126371
"syn_01470",441,273.439214840895
"syn_01470",476,227.550041667801
"syn_01470",536,477.149921367976
"syn_01471",99,919.857613717389
"syn_01471",137,594.586220542639
"syn_01471",197,956.806658841466
"syn_01471",226,1321.69931313114
"syn_01471",325,1662.64443750173
"syn_01471",366,1136.78592621275
"syn_01471",404,756.822256908348
"syn_01471",436,1312.62105690243
"syn_01471",465,1710.65178241954
"syn_01471",488,1354.24685601158
"syn_01472",65,1685.42505379583
"syn_01472",100,1433.86019420691
"syn_01472",233,1901.46494501852
"syn_01472",279,2237.34050721532
"syn_01472",305,634.072114268208
"syn_01472",362,573.567002187929
"syn_01472",395,836.801595477948
"syn_01472",457,696.107477625359
"syn_01472",496,954.202825279946
"syn_01472",534,798.698975130828
"syn_01473",73,1888.76956304189
"syn_01473",122,2676.69341434222
"syn_01473",199,789.972987151792
"syn_01473",236,1530.40947894193
"syn_01473",323,1017.87976096009
"syn_01473",365,822.286621520912
"syn_01473",438,971.30478028524
"syn_01473",468,3755.30512404376
"syn_01473",492,1938.685176522
"syn_01473",532,946.103365078458
"syn_01474",63,1008.6082190664
"syn_01474",83,2255.74340551152
"syn_01474",219,1003.06922007388
"syn_01474",242,486.063801224231
"syn_01474",265,1968.37478395396
"syn_01474",308,915.637530510718
"syn_01474",336,526.532183466363
"syn_01474",364,1347.59439027743
"syn_01474",386,2309.32553552232
"syn_01474",438,1242.04061373266
"syn_01475",74,1277.16888723011
"syn_01475",108,1753.94433494618
"syn_01475",128,343.456483666922
"syn_01475",182,2112.82590213471
"syn_01475",248,1271.51685431312
"syn_01475",347,1205.89600715392
"syn_01475",378,1778.24621414964
"syn_01475",403,2299.04667811015
"syn_01475",426,1375.85869912422
"syn_01475",455,1947.0307314439
"syn_01476",101,1150.9858850528
"syn_01476",152,1508.55879845103
"syn_01476",199,1765.60896645227
"syn_01476",259,1272.65029573362
"syn_01476",312,1363.28748832053
"syn_01476",356,794.417115485012
"syn_01476",387,1511.76490702981
"syn_01476",426,978.2082355382
"syn_01476",452,1720.76096383925
"syn_01476",512,1843.13434961047
"syn_01483",467,80.9072273805289
"syn_01484",153,56.049023733482
"syn_01485",193,46.7470013889632
"syn_01486",524,29.0466910120872
"syn_01487",346,42.773804274933
"syn_01488",186,53.0161705133242
"syn_01489",294,282.638909176925
"syn_01490",263,299.015015649799
"syn_01491",371,196.439058216877
"syn_01492",471,194.727797412659
"syn_01493",403,233.174408111045
"syn_01494",187,112.412717610058
"syn_01495",182,783.241066856853
"syn_01496",443,1202.93483912708
"syn_01497",251,965.73140916176
"syn_01498",377,2389.17615031599
"syn_01499",326,1189.83951701571
"syn_01500",345,2105.67440614939
"syn_01501",83,63.2713489184374
"syn_01501",157,22.7171121607199
"syn_01501",218,18.7888835821531
"syn_01501",523,31.5631469554562
"syn_01502",240,34.1111776595633
"syn_01502",270,25.4194842743031
"syn_01502",480,38.7213590248129
"syn_01502",527,57.6400249236145
"syn_01503",147,75.7595766367827
"syn_01503",244,41.5245763832555
"syn_01503",266,84.0158583509881
"syn_01503",459,16.1825508147389
"syn_01504",244,57.2585847972634
"syn_01504",327,51.2096243937615
"syn_01504",367,25.9710988997408
"syn_01504",391,42.6914743945976
"syn_01505",162,89.1151673311829
"syn_01505",211,46.9308947090309
"syn_01505",315,105.951698677708
"syn_01505",519,47.3876498335426
"syn_01506",207,48.5128808206747
"syn_01506",287,39.5330755831319
"syn_01506",348,45.9439837179299
"syn_01506",538,56.0651253498556
"syn_01507",79,266.07424506819
"syn_01507",317,368.491785130313
"syn_01507",361,130.733406635248
"syn_01507",427,316.620409472969
"syn_01508",291,86.2530953140804
"syn_01508",373,189.8771273295
"syn_01508",445,111.355718467241
"syn_01508",492,264.724738931662
"syn_01509",172,723.966179154929
"syn_01509",273,448.261178195239
"syn_01509",324,98.6819051050398
"syn_01509",465,549.125206286182
"syn_01510",66,184.509635175069
"syn_01510",125,89.381878178439
"syn_01510",275,216.799507426315
"syn_01510",304,225.859936273565
"syn_01511",251,584.979700096656
"syn_01511",275,306.489921626698
"syn_01511",319,110.32333752924
"syn_01511",472,223.481026626202
"syn_01512",206,246.14179457463
"syn_01512",332,234.48313827856
"syn_01512",441,235.561710433588
"syn_01512",531,321.048515410747
"syn_01513",236,580.307882881239
"syn_01513",386,5026.26520626358
"syn_01513",407,2248.32942533859
"syn_01513",480,1707.22613433532
"syn_01514",83,1482.6543518968
"syn_01514",189,2170.81508919715
"syn_01514",272,696.894720208125
"syn_01514",422,1315.70812888977
"syn_01515",276,886.615704222204
"syn_01515",325,1001.25065545706
"syn_01515",436,1740.45003602115
"syn_01515",478,618.117866934572
"syn_01516",306,1638.92352180165
"syn_01516",342,1180.05864605455
"syn_01516",362,1213.36461456181
"syn_01516",442,1387.50948451315
"syn_01517",231,1829.38120180041
"syn_01517",374,1940.4206951744
"syn_01517",410,2140.69933425271
"syn_01517",461,1634.77822992164
"syn_01518",137,2274.12888869376
"syn_01518",370,1333.20199393292
"syn_01518",396,1059.15883388569
"syn_01518",518,1083.13576765973
"syn_01519",68,96.0285587798312
"syn_01519",141,42.2023371549018
"syn_01519",197,12.4132935597963
"syn_01519",266,34.2667242348234
"syn_01519",320,44.6175888103193
"syn_01519",342,21.8453532680268
"syn_01519",393,52.8118108046663
"syn_01519",432,77.3729560623649
"syn_01519",477,37.7169620499291
"syn_01519",534,76.6595830287406
"syn_01520",65,14.4533478394823
"syn_01520",87,92.9473947228706
"syn_01520",140,42.0877098016524
"syn_01520",166,46.2683717225084
"syn_01520",214,18.1338080900334
"syn_01520",309,26.41872665978
"syn_01520",361,52.1150096892627
"syn_01520",395,55.9533744995547
"syn_01520",422,22.3203138207922
"syn_01520",461,26.2653975662566
"syn_01521",176,27.074066717441
"syn_01521",212,19.665996106057
"syn_01521",272,29.825709576101
"syn_01521",312,31.2976073230278
"syn_01521",339,67.2712752667179
"syn_01521",389,52.8782133371242
"syn_01521",437,68.3775753039878
"syn_01521",463,83.5466932627513
"syn_01521",506,20.7442917273185
"syn_01521",535,22.249887968586
"syn_01522",85,26.6443119596223
"syn_01522",155,26.5281928738221
"syn_01522",186,36.7603470395925
"syn_01522",218,38.2094156337112
"syn_01522",252,32.4470654592795
"syn_01522",341,26.4222830890564
"syn_01522",382,50.70027377906
"syn_01522",427,26.4546398393708
"syn_01522",474,48.4864220327522
"syn_01522",521,57.5636745431657
"syn_01523",139,42.4740538074227
"syn_01523",178,15.1754126462651
"syn_01523",203,33.8404831648661
"syn_01523",239,36.874638690028
"syn_01523",273,87.4415552770504
"syn_01523",342,29.7644210827151
"syn_01523",403,30.3943055693411
"syn_01523",430,31.916340328398
"syn_01523",454,92.5137422792062
"syn_01523",493,38.542806542759
"syn_01524",75,35.8206033647375
"syn_01524",144,56.3474497154411
"syn_01524",165,30.1850618723894
"syn_01524",269,57.3054286258255
"syn_01524",313,41.7920316761578
"syn_01524",333,57.4615160432334
"syn_01524",426,41.0588692366792
"syn_01524",463,44.9165339142381
"syn_01524",494,54.58242621456
"syn_01524",532,28.6401453758437
"syn_01525",116,1165.21288400872
"syn_01525",167,236.37405660407
"syn_01525",215,348.167298045945
"syn_01525",247,396.515625005209
"syn_01525",279,262.688641533845
"syn_01525",332,399.881406430782
"syn_01525",371,304.067270740927
"syn_01525",434,304.993265692589
"syn_01525",478,220.455144879498
"syn_01525",507,243.118017765352
"syn_01526",111,152.890874319616
"syn_01526",163,181.560034409351
"syn_01526",217,422.908344137966
"syn_01526",280,293.409840910001
"syn_01526",304,135.159623147441
"syn_01526",341,148.581361788618
"syn_01526",388,302.147921036431
"syn_01526",438,88.6310670103014
"syn_01526",508,309.897984330232
"syn_01526",537,1078.47618336421
"syn_01527",80,368.967136057096
"syn_01527",102,328.227015488515
"syn_01527",140,274.263482882215
"syn_01527",171,283.225226422546
"syn_01527",215,300.111788054949
"syn_01527",237,253.808642579441
"syn_01527",264,238.742085331693
"syn_01527",301,151.524356810286
"syn_01527",445,439.507201478792
"syn_01527",470,186.316502802733
"syn_01528",138,288.363883263179
"syn_01528",162,124.804974233914
"syn_01528",185,568.324864204202
"syn_01528",223,313.560401962182
"syn_01528",260,135.231197517858
"syn_01528",301,546.588197413787
"syn_01528",343,399.038602294343
"syn_01528",373,284.219395619718
"syn_01528",404,130.155652543004
"syn_01528",424,101.595428309041
"syn_01529",65,278.915149952743
"syn_01529",132,285.428602870744
"syn_01529",179,132.824987946413
"syn_01529",204,322.493355558677
"syn_01529",308,296.914503684185
"syn_01529",330,205.678128265261
"syn_01529",356,253.8686572193
"syn_01529",391,288.649197372783
"syn_01529",446,456.112569013798
"syn_01529",529,237.821000353921
"syn_01530",86,273.510918478821
"syn_01530",122,290.159414107632
"syn_01530",190,337.421768492968
"syn_01530",245,357.408894206138
"syn_01530",283,564.923302335216
"syn_01530",397,239.88589574082
"syn_01530",418,207.762087265988
"syn_01530",438,398.495859794953
"syn_01530",495,102.229533154707
"syn_01530",539,565.957026379605
"syn_01531",74,1695.92114872182
"syn_01531",101,878.213987089397
"syn_01531",196,1263.36790791666
"syn_01531",217,2724.13569496417
"syn_01531",250,1178.57580155279
"syn_01531",318,1085.73682432297
"syn_01531",339,1323.37058491505
"syn_01531",369,1124.51805580835
"syn_01531",395,875.567417941493
"syn_01531",510,652.047858819581
"syn_01532",62,1890.19095333444
"syn_01532",93,2072.81262356381
"syn_01532",134,2525.89990765804
"syn_01532",184,1772.31398389377
"syn_01532",232,1036.916254007
"syn_01532",269,1685.32801552655
"syn_01532",337,1423.10370230515
"syn_01532",358,963.579015049796
"syn_01532",444,1293.15037297706
"syn_01532",532,789.387389990072
"syn_01533",86,519.761060453845
"syn_01533",194,819.312723481608
"syn_01533",252,2257.88917207259
"syn_01533",306,3702.24767406224
"syn_01533",326,2655.29493619693
"syn_01533",350,1840.27699897213
"syn_01533",374,1508.99579563172
"syn_01533",432,2121.47938621905
"syn_01533",476,395.568678149198
"syn_01533",537,1242.46607452262
"syn_01534",108,994.345453043264
"syn_01534",129,1287.73338932281
"syn_01534",166,3058.81757186469
"syn_01534",188,1852.93913220168
"syn_01534",216,1130.98062866941
"syn_01534",286,878.503621414201
"syn_01534",337,775.829655137113
"syn_01534",361,1911.9794808776
"syn_01534",491,1209.31978118864
"syn_01534",524,605.734064138533
"syn_01535",65,1924.87369969774
"syn_01535",89,860.30910892037
"syn_01535",154,1679.2072160879
"syn_01535",187,1520.32098669936
"syn_01535",212,1502.65339298928
"syn_01535",235,1533.39589014268
"syn_01535",312,1200.20675421813
"syn_01535",453,928.690444000345
"syn_01535",498,1918.40240183914
"syn_01535",523,1224.64561982698
"syn_01536",63,2617.19682638635
"syn_01536",131,1248.6822512414
"syn_01536",151,1650.0425646052
"syn_01536",174,505.568574374932
"syn_01536",229,3015.87280055396
"syn_01536",253,1449.10287775895
"syn_01536",274,1007.82102948224
"syn_01536",336,2417.31927777957
"syn_01536",403,1692.44829620028
"syn_01536",474,1746.66239694178
"syn_01537",435,104.127568428413
"syn_01538",295,13.5455861548216
"syn_01539",397,29.5130551844867
"syn_01540",476,72.3872034676325
"syn_01541",154,43.9050547121157
"syn_01542",87,37.7771365624895
"syn_01543",407,332.845907186871
"syn_01544",364,191.14128455695
"syn_01545",428,324.704823379181
"syn_01546",434,85.4651510979701
"syn_01547",161,310.135956633616
"syn_01548",407,391.572378116809
"syn_01549",493,278.87841139488
"syn_01550",299,1176.74992388832
"syn_01551",206,496.775983529255
"syn_01552",379,1686.30133036194
"syn_01553",99,1179.10704049174
"syn_01554",395,1946.67746372388
"syn_01555",74,24.7079131956007
"syn_01555",405,37.8462248462208
"syn_01555",450,31.4645980165112
"syn_01555",507,140.380830692188
"syn_01556",79,32.7529130632548
"syn_01556",121,10.9496467956076
"syn_01556",203,82.2288485647465
"syn_01556",248,34.4709060256408
"syn_01557",201,102.156683044073
"syn_01557",227,23.8826045112278
"syn_01557",477,66.7686673351206
"syn_01557",517,40.2158975750259
"syn_01558",166,45.1069419379232
"syn_01558",214,54.4573779345647
"syn_01558",385,33.4951688910856
"syn_01558",539,34.7176967257986
"syn_01559",76,29.8423251130663
"syn_01559",222,83.9243774819052
"syn_01559",279,25.7283007915695
"syn_01559",497,27.9645897863634
"syn_01560",173,60.0120650099328
"syn_01560",377,19.1894310088135
"syn_01560",439,82.1419779559257
"syn_01560",509,17.7024162807038
"syn_01561",190,363.185532958029
"syn_01561",333,285.827679979205
"syn_01561",368,226.584808771589
"syn_01561",412,263.711002265988
"syn_01562",128,266.426195140188
"syn_01562",239,277.791231251094
"syn_01562",299,366.75300586551
"syn_01562",380,225.340541193045
"syn_01563",220,310.950338777868
"syn_01563",266,313.623250951168
"syn_01563",382,557.323459848208
"syn_01563",498,378.626189416409
"syn_01564",171,275.581548762674
"syn_01564",219,268.287132976392
"syn_01564",326,233.132336569414
"syn_01564",503,120.373779498513
"syn_01565",147,292.395522041664
"syn_01565",290,674.387946319464
"syn_01565",328,251.534825452095
"syn_01565",532,357.711157081863
"syn_01566",193,366.445399101898
"syn_01566",301,542.026344656298
"syn_01566",460,236.863834345887
"syn_01566",508,405.623643300263
"syn_01567",112,4875.00177617851
"syn_01567",367,1284.23965854171
"syn_01567",401,865.415253823016
"syn_01567",535,1180.58748992263
"syn_01568",75,1747.20443907746
"syn_01568",304,861.236551374175
"syn_01568",354,3756.69148235429
"syn_01568",397,1406.71158483577
"syn_01569",76,1325.08979718206
"syn_01569",139,1267.04337347324
"syn_01569",221,1203.39028160451
"syn_01569",534,2666.98023407661
"syn_01570",228,1268.12837059923
"syn_01570",335,1601.42716813003
"syn_01570",492,1864.0195608463
"syn_01570",520,887.403649924911
"syn_01571",211,859.363183641813
"syn_01571",295,553.48891897737
"syn_01571",318,626.122419951344
"syn_01571",345,1459.78766001025
"syn_01572",193,837.630943451056
"syn_01572",370,1095.4270880275
"syn_01572",419,1567.11672878897
"syn_01572",488,1281.69824271525
"syn_01573",155,62.2452561202321
"syn_01573",187,105.19241410383
"syn_01573",223,46.9902420457314
"syn_01573",311,70.2556325971099
"syn_01573",366,55.4700026446122
"syn_01573",395,47.1034123708092
"syn_01573",418,51.6901857128549
"syn_01573",451,41.7681606581057
"syn_01573",479,28.5339220270905
"syn_01573",527,72.3068815295062
"syn_01574",78,44.8406447968965
"syn_01574",114,19.7710447459693
"syn_01574",170,75.2422969436295
"syn_01574",204,58.0678832885995
"syn_01574",259,40.7410070683522
"syn_01574",307,58.0335781929653
"syn_01574",367,21.5037927879125
"syn_01574",392,35.7663496281168
"syn_01574",415,48.5332700471599
"syn_01574",460,44.9088332402219
"syn_01575",117,61.3222498012807
"syn_01575",154,23.2904411218819
"syn_01575",211,19.4008895973114
"syn_01575",259,80.4786646185749
"syn_01575",311,61.9358357267853
"syn_01575",343,42.2500252910116
"syn_01575",370,21.4475672723007
"syn_01575",396,56.9029201182829
"syn_01575",430,42.1441384321214
"syn_01575",486,68.0128203957865
"syn_01576",79,19.6974825119547
"syn_01576",140,117.866076795135
"syn_01576",162,50.5269336579226
"syn_01576",189,55.4452266013352
"syn_01576",225,19.5126907220608
"syn_01576",266,23.4361658584534
"syn_01576",305,44.8764005771992
"syn_01576",359,45.3955624280364
"syn_01576",439,55.8169434210976
"syn_01576",534,42.5445345418487
"syn_01577",62,59.2306841165247
"syn_01577",135,74.0373987301156
"syn_01577",185,67.5576742094336
"syn_01577",215,26.3783037218307
"syn_01577",247,17.3800620393783
"syn_01577",321,80.8245047413446
"syn_01577",370,30.0771141511427
"syn_01577",394,22.0401957306833
"syn_01577",449,29.4528257695215
"syn_01577",516,30.7889016153552
"syn_01578",61,22.3179384764354
"syn_01578",127,64.9223150487075
"syn_01578",156,61.132621058546
"syn_01578",199,18.9716964507249
"syn_01578",245,35.8047299502374
"syn_01578",291,17.2659888494434
"syn_01578",330,100.368358098698
"syn_01578",360,66.4201394056265
"syn_01578",393,24.7798799646852
"syn_01578",511,38.0625433073114
"syn_01579",91,438.399093976339
"syn_01579",136,247.615819591549
"syn_01579",203,256.260174692503
"syn_01579",295,214.636550689284
"syn_01579",322,222.072730801947
"syn_01579",356,206.707856341795
"syn_01579",389,228.294878652281
"syn_01579",436,425.622834594178
"syn_01579",474,279.426981287965
"syn_01579",535,249.79266011195
"syn_01580",69,478.657295290534
"syn_01580",90,176.248679511017
"syn_01580",115,193.330893972764
"syn_01580",243,277.629864168784
"syn_01580",268,323.319938879823
"syn_01580",333,134.361151126419
"syn_01580",360,133.403455960444
"syn_01580",439,1036.27740916616
"syn_01580",495,334.555463359815
"syn_01580",529,230.631449655859
"syn_01581",68,370.18192258551
"syn_01581",113,252.398506869214
"syn_01581",152,467.792348647519
"syn_01581",197,510.087328141858
"syn_01581",221,270.664143691252
"syn_01581",263,211.520983345456
"syn_01581",326,335.0791801644
"syn_01581",385,224.940865001516
"syn_01581",447,195.540890435579
"syn_01581",490,279.128276007881
"syn_01582",90,319.081772050428
"syn_01582",182,258.637439947467
"syn_01582",219,123.889609545621
"syn_01582",258,621.778603278369
"syn_01582",280,469.773877816367
"syn_01582",327,389.879063415384
"syn_01582",389,162.241154470464
"syn_01582",470,112.802466515823
"syn_01582",493,278.1963179284
"syn_01582",526,211.85453473864
"syn_01583",88,220.996518361018
"syn_01583",124,243.878731406487
"syn_01583",209,409.727494579081
"syn_01583",270,183.732186733852
"syn_01583",318,142.065104433312
"syn_01583",348,164.002298148498
"syn_01583",387,156.080198427565
"syn_01583",411,404.021339675084
"syn_01583",472,215.201093046112
"syn_01583",529,306.067748194997
"syn_01584",67,225.767424539621
"syn_01584",96,283.222574061469
"syn_01584",133,426.79680800425
"syn_01584",161,204.651610219346
"syn_01584",183,91.5893117798964
"syn_01584",214,366.137391848664
"syn_01584",323,466.213100933583
"syn_01584",373,529.599429740158
"syn_01584",425,477.13673629323
"syn_01584",515,87.852891538771
"syn_01585",72,1768.12443409137
"syn_01585",103,1429.04024107933
"syn_01585",145,886.387480948824
"syn_01585",206,1434.05006037054
"syn_01585",291,1740.67412542588
"syn_01585",368,1714.19007335649
"syn_01585",389,2710.14961215159
"syn_01585",428,2879.89550552282
"syn_01585",464,1360.10740179675
"syn_01585",518,516.360993972773
"syn_01586",61,530.209916631168
"syn_01586",107,1445.71993996929
"syn_01586",138,2284.57713248296
"syn_01586",207,2150.91171466309
"syn_01586",285,3592.31498579548
"syn_01586",311,1750.30786826221
"syn_01586",443,1138.39741157728
"syn_01586",471,2772.41654322753
"syn_01586",495,3699.47550808807
"syn_01586",527,1153.78874304347
"syn_01587",73,1019.31713741054
"syn_01587",130,539.24460569607
"syn_01587",192,1315.43847161685
"syn_01587",230,1551.86110877451
"syn_01587",256,946.937751079525
"syn_01587",284,1592.27863013507
"syn_01587",423,943.765470146713
"syn_01587",455,2096.11197203035
"syn_01587",498,1046.53535098304
"syn_01587",528,836.970025300188
"syn_01588",168,1991.01488384131
"syn_01588",190,2511.36826087528
"syn_01588",214,1987.46989153194
"syn_01588",240,1992.34855157997
"syn_01588",266,1028.22315730071
"syn_01588",307,1613.17336995117
"syn_01588",372,1076.60683507159
"syn_01588",397,1363.53072510565
"syn_01588",426,1118.70642380224
"syn_01588",460,261.282014636187
"syn_01589",130,2892.06576125335
"syn_01589",184,1103.18135520624
"syn_01589",270,619.452178962745
"syn_01589",299,987.123818743374
"syn_01589",337,1528.69774192755
"syn_01589",376,913.988563111778
"syn_01589",415,1267.81361264884
"syn_01589",435,1402.23298171956
"syn_01589",475,1473.94320623786
"syn_01589",520,1209.17747759065
"syn_01590",71,1513.97403768321
"syn_01590",98,1092.37943954425
"syn_01590",180,3532.12969827974
"syn_01590",222,1229.1456762802
"syn_01590",253,788.093903568217
"syn_01590",298,1918.29140583822
"syn_01590",349,2084.37890412607
"syn_01590",427,1684.46611065437
"syn_01590",502,847.132455274304
"syn_01590",527,1601.18291104155
"syn_01597",180,51.60846119593
"syn_01598",381,65.8297956040277
"syn_01599",282,16.2795433077223
"syn_01600",349,21.0722937160029
"syn_01601",143,74.6735907893264
"syn_01602",316,38.6274277089883
"syn_01603",499,206.071890530485
"syn_01604",191,156.800968214899
"syn_01605",211,387.53076971005
"syn_01606",539,504.690183409319
"syn_01607",183,148.212766812658
"syn_01608",68,382.943733077202
"syn_01609",340,2294.77117319086
"syn_01610",290,1923.53100939081
"syn_01611",476,893.955047317635
"syn_01612",413,762.871874500855
"syn_01613",273,1335.72155538937
"syn_01614",130,1436.19118320294
"syn_01615",75,72.1282142344274
"syn_01615",252,22.9289836819332
"syn_01615",284,63.7075720195772
"syn_01615",499,52.5467264657501
"syn_01616",271,38.3554669677277
"syn_01616",417,46.7644381152951
"syn_01616",445,12.6478854350063
"syn_01616",491,50.4469048660764
"syn_01617",229,45.5632345172061
"syn_01617",294,21.0594650362781
"syn_01617",343,53.2218601957183
"syn_01617",381,101.094368285276
"syn_01618",69,69.5477633468518
"syn_01618",307,42.963793631414
"syn_01618",466,35.2695349416861
"syn_01618",503,53.3662489296058
"syn_01619",196,36.5123758277265
"syn_01619",276,40.9071166747957
"syn_01619",449,44.2142208147292
"syn_01619",480,103.259680291294
"syn_01620",93,73.5939523231646
"syn_01620",120,49.3541069249653
"syn_01620",264,45.0543656226919
"syn_01620",483,17.2754892758823
"syn_01621",283,362.086852583917
"syn_01621",359,270.299918234029
"syn_01621",392,324.369048886539
"syn_01621",416,329.9887224481
"syn_01622",67,89.3129447666036
"syn_01622",139,157.626170364674
"syn_01622",256,188.434683736097
"syn_01622",313,342.861056354303
"syn_01623",75,204.503896297889
"syn_01623",203,370.542264069442
"syn_01623",380,546.851641618412
"syn_01623",461,128.426713657787
"syn_01624",204,298.333091035257
"syn_01624",279,232.398337389718
"syn_01624",377,160.283158166943
"syn_01624",480,145.896973041273
"syn_01625",63,645.881812433586
"syn_01625",322,74.012838242338
"syn_01625",415,277.06107752086
"syn_01625",464,206.281747366641
"syn_01626",121,296.645732043383
"syn_01626",233,152.757023889718
"syn_01626",326,228.54675295126
"syn_01626",476,92.0803259659516
"syn_01627",99,920.65862491455
"syn_01627",229,1899.23729774261
"syn_01627",469,1237.64649631586
"syn_01627",535,1680.4043891773
"syn_01628",96,966.012013846606
"syn_01628",178,2055.2452754735
"syn_01628",292,857.354905101729
"syn_01628",409,963.594076801821
"syn_01629",197,1025.92353977838
"syn_01629",356,1665.88285114975
"syn_01629",388,1104.49707519919
"syn_01629",464,1023.64765635739
"syn_01630",96,919.952207289441
"syn_01630",139,1155.72220098402
"syn_01630",282,803.898745271148
"syn_01630",329,1175.24653594926
"syn_01631",65,1116.46607805216
"syn_01631",171,845.680880491402
"syn_01631",249,1182.26690862401
"syn_01631",508,531.253486449202
"syn_01632",121,1085.12465261166
"syn_01632",150,1620.5350866212
"syn_01632",229,3313.03713036993
"syn_01632",440,786.953636037227
"syn_01633",71,127.729738671582
"syn_01633",123,90.2421915379126
"syn_01633",170,28.9091180209769
"syn_01633",196,21.1358216755418
"syn_01633",303,77.4295943101546
"syn_01633",327,47.9209760378125
"syn_01633",372,62.7529978612707
"syn_01633",414,53.4940003441396
"syn_01633",448,19.0111050222991
"syn_01633",468,48.1861094093596
"syn_01634",62,79.2754183031795
"syn_01634",99,22.490702040882
"syn_01634",184,66.2420247981246
"syn_01634",212,44.1348293991044
"syn_01634",322,75.7995411022573
"syn_01634",367,48.4480892280702
"syn_01634",406,39.3164738905853
"syn_01634",458,80.6740204287241
"syn_01634",493,61.4556469287407
"syn_01634",516,76.8144782212014
"syn_01635",90,38.3733332866017
"syn_01635",119,31.5644908497774
"syn_01635",154,89.4909826481299
"syn_01635",177,53.1148541336752
"syn_01635",201,42.2162959945475
"syn_01635",239,39.8600047840497
"syn_01635",368,40.3914004736093
"syn_01635",407,31.3570795575294
"syn_01635",458,45.3985687867752
"syn_01635",531,15.0203591314645
"syn_01636",76,127.380951167366
"syn_01636",122,35.8897720624394
"syn_01636",189,160.993692827055
"syn_01636",308,29.5716428712216
"syn_01636",340,34.8915080591281
"syn_01636",385,36.1958910938422
"syn_01636",406,127.916372992794
"syn_01636",442,64.7798975558788
"syn_01636",474,65.6944467522018
"syn_01636",511,89.4182493070407
"syn_01637",96,87.3376469409
"syn_01637",139,34.9066986547126
"syn_01637",163,78.3849588574802
"syn_01637",193,53.5015985559746
"syn_01637",238,77.2207047526929
"syn_01637",268,59.8484907906133
"syn_01637",318,26.7566213782146
"syn_01637",348,43.1729500065061
"syn_01637",447,51.3492598616514
"syn_01637",526,27.7633882210188
"syn_01638",63,22.0072529179109
"syn_01638",93,63.4026369324445
"syn_01638",123,38.5194355420155
"syn_01638",158,42.1819618107448
"syn_01638",216,33.0818996794529
"syn_01638",248,34.8634194827775
"syn_01638",321,104.616454298786
"syn_01638",360,42.906297138492
"syn_01638",411,97.7986816634584
"syn_01638",473,24.1920256325075
"syn_01639",101,238.284166668356
"syn_01639",127,317.27537490846
"syn_01639",151,134.321499173725
"syn_01639",218,771.892830087088
"syn_01639",267,287.522751774446
"syn_01639",328,199.240871827964
"syn_01639",372,322.107335018034
"syn_01639",439,135.282685819841
"syn_01639",484,423.568876546931
"syn_01639",525,167.085758484996
"syn_01640",73,460.374890025373
"syn_01640",168,685.536551019658
"syn_01640",231,359.728162528432
"syn_01640",271,575.396112613368
"syn_01640",301,322.380219651975
"syn_01640",354,364.545712275114
"syn_01640",425,233.686018428108
"syn_01640",447,577.677780943645
"syn_01640",472,288.813592478384
"syn_01640",526,241.960246054269
"syn_01641",93,247.24685467808
"syn_01641",161,286.845774275151
"syn_01641",200,563.809103931192
"syn_01641",273,369.738972165815
"syn_01641",353,222.170998381458
"syn_01641",397,195.866381712039
"syn_01641",417,230.915788104486
"syn_01641",450,308.178557005544
"syn_01641",501,302.314497813452
"syn_01641",530,218.797199636919
"syn_01642",83,268.862847236614
"syn_01642",112,273.972354009693
"syn_01642",155,332.606139964505
"syn_01642",225,392.138940720207
"syn_01642",320,286.693810546475
"syn_01642",366,304.099135917373
"syn_01642",394,158.789281609555
"syn_01642",421,284.136975651
"syn_01642",451,270.255610674929
"syn_01642",514,327.086511613432
"syn_01643",78,229.406651220608
"syn_01643",103,230.559409923135
"syn_01643",123,228.658701265737
"syn_01643",144,337.083901820161
"syn_01643",168,152.879618318194
"syn_01643",201,145.964057345426
"syn_01643",269,432.556966088885
"syn_01643",307,154.808591528437
"syn_01643",374,364.740835692826
"syn_01643",480,279.580470452325
"syn_01644",110,482.536865364488
"syn_01644",130,288.643616834778
"syn_01644",155,138.0557900749
"syn_01644",189,398.704180895686
"syn_01644",245,135.034766817793
"syn_01644",303,69.8295285406623
"syn_01644",348,107.944889664724
"syn_01644",374,211.697727151531
"syn_01644",394,288.855960639164
"syn_01644",523,270.606160369671
"syn_01645",116,1684.59404842212
"syn_01645",141,936.184637227703
"syn_01645",165,875.442385652666
"syn_01645",191,1195.75886968701
"syn_01645",226,593.912599665541
"syn_01645",246,3569.12263001633
"syn_01645",349,1487.88055966582
"syn_01645",444,1727.64913165095
"syn_01645",468,3402.29148057008
"syn_01645",522,811.377575979197
"syn_01646",69,1494.05218321046
"syn_01646",104,923.060149531368
"syn_01646",125,1734.27982646641
"syn_01646",240,1473.54974221718
"syn_01646",297,1755.81296145612
"syn_01646",328,791.133392755744
"syn_01646",363,1507.44096692774
"syn_01646",392,1202.46087877673
"syn_01646",500,1465.42549472971
"syn_01646",520,2272.53719681467
"syn_01647",92,1919.79011704319
"syn_01647",112,935.796717615072
"syn_01647",153,1899.37093824299
"syn_01647",204,1335.98610297398
"syn_01647",257,1372.66936334637
"syn_01647",295,926.318006148166
"syn_01647",319,1284.99726715202
"syn_01647",349,1378.25868981997
"syn_01647",454,2277.90838395757
"syn_01647",530,1173.4513075984
"syn_01648",90,1251.61418119536
"syn_01648",184,1386.91621246161
"syn_01648",204,1633.34174131208
"syn_01648",245,1932.13721031798
"syn_01648",279,1214.18553544706
"syn_01648",345,613.274220946792
"syn_01648",387,548.317670304143
"syn_01648",446,832.121055785299
"syn_01648",467,2093.05085312088
"syn_01648",487,1975.04139462713
"syn_01649",66,846.075017468935
"syn_01649",161,681.957564635328
"syn_01649",186,1941.68632846946
"syn_01649",224,2626.12651437144
"syn_01649",324,624.055964327802
"syn_01649",350,626.495198324893
"syn_01649",412,1530.17221274562
"syn_01649",462,1143.9114569542
"syn_01649",491,3054.99763461478
"syn_01649",528,1193.82356843932
"syn_01650",98,1519.55585935551
"syn_01650",134,755.464039987843
"syn_01650",182,1095.85012406053
"syn_01650",213,1069.87799348044
"syn_01650",270,808.235643373705
"syn_01650",358,1280.71972838748
"syn_01650",383,2472.12425460327
"syn_01650",405,1507.95909560087
"syn_01650",488,1371.55144939013
"syn_01650",523,1827.37125615058
"syn_01651",343,19.2345245335474
"syn_01652",481,22.0888394160668
"syn_01653",130,24.6301814449156
"syn_01654",264,29.3323640734817
"syn_01655",205,66.1714572412433
"syn_01656",353,45.7279293829308
"syn_01657",326,545.831419908005
"syn_01658",214,285.799496460546
"syn_01659",511,470.437691033591
"syn_01660",234,123.913920009818
"syn_01661",402,419.928040918973
"syn_01662",509,544.64204565641
"syn_01663",204,1455.68151780254
"syn_01664",143,2050.45203377693
"syn_01665",185,2858.28715578985
"syn_01666",477,992.801138453196
"syn_01667",536,1253.15479018276
"syn_01668",483,1441.37157030686
"syn_01669",150,98.8940345774988
"syn_01669",202,64.9158462458651
"syn_01669",325,29.2560070461757
"syn_01669",443,24.6873944322396
"syn_01670",346,35.9326836364165
"syn_01670",369,45.4982979381578
"syn_01670",452,25.9242611596246
"syn_01670",495,30.1293427422359
"syn_01671",83,97.1625051030596
"syn_01671",338,54.867688230171
"syn_01671",389,16.1354335071181
"syn_01671",464,75.4204437099316
"syn_01672",194,116.217775573717
"syn_01672",287,107.475957177213
"syn_01672",509,63.8249108877458
"syn_01672",538,41.0724214647364
"syn_01673",186,41.5913827206773
"syn_01673",392,42.9033842681551
"syn_01673",421,126.958823725092
"syn_01673",450,60.1119848211677
"syn_01674",111,51.2626913736141
"syn_01674",139,19.6697708668078
"syn_01674",194,45.0824630395131
"syn_01674",316,71.2239031002976
"syn_01675",61,343.126382924852
"syn_01675",138,304.246228348664
"syn_01675",431,279.537437224914
"syn_01675",492,308.030878080385
"syn_01676",273,909.921376276042
"syn_01676",402,315.263581742612
"syn_01676",445,241.876042367745
"syn_01676",527,263.442235650333
"syn_01677",126,276.52440526586
"syn_01677",310,401.81276557022
"syn_01677",426,337.798997544171
"syn_01677",473,723.885348369936
"syn_01678",79,168.946306658152
"syn_01678",130,827.010619253593
"syn_01678",227,283.400211486266
"syn_01678",430,263.58706416229
"syn_01679",132,844.281698564783
"syn_01679",350,436.522781787426
"syn_01679",413,275.849682833367
"syn_01679",526,253.477938451964
"syn_01680",136,423.410119072291
"syn_01680",190,207.848328205696
"syn_01680",237,509.329501092273
"syn_01680",400,830.966411154242
"syn_01681",154,2140.44465753955
"syn_01681",201,1199.4024890309
"syn_01681",265,654.01815376415
"syn_01681",467,2419.20268215063
"syn_01682",113,1288.38471397104
"syn_01682",280,2583.3588459578
"syn_01682",302,1138.20789548381
"syn_01682",459,1068.61045828968
"syn_01683",99,625.585872372699
"syn_01683",155,1285.94274593821
"syn_01683",390,1593.32742489087
"syn_01683",435,2618.89869770269
"syn_01684",80,1187.47396419398
"syn_01684",214,1656.02076652159
"syn_01684",293,1342.66887640017
"syn_01684",412,901.953398069968
"syn_01685",103,1311.79718571919
"syn_01685",157,1279.93644511641
"syn_01685",219,1890.74852358366
"syn_01685",419,741.641068037552
"syn_01686",270,1108.49881263187
"syn_01686",440,1243.84696548704
"syn_01686",488,1751.77245696171
"syn_01686",514,2132.10400063576
"syn_01687",80,36.6637721479467
"syn_01687",109,37.5969915926561
"syn_01687",136,17.0789741709191
"syn_01687",213,16.0887986653684
"syn_01687",257,27.2510248935773
"syn_01687",320,22.240853471298
"syn_01687",428,88.0803049036496
"syn_01687",459,58.6987185911887
"syn_01687",502,21.9104396419945
"syn_01687",538,32.6472263682909
"syn_01688",66,85.7048719824505
"syn_01688",152,43.1263614995778
"syn_01688",200,34.47788669657
"syn_01688",251,34.6203345861867
"syn_01688",316,73.4116305242528
"syn_01688",339,44.2191740796839
"syn_01688",396,80.4999872748747
"syn_01688",432,94.5693061367072
"syn_01688",471,119.629289266638
"syn_01688",517,60.0462160941764
"syn_01689",76,39.8929362945004
"syn_01689",114,37.513666604603
"syn_01689",165,77.4587201471876
"syn_01689",206,45.6124234880982
"syn_01689",255,45.947465651365
"syn_01689",287,45.8251469188336
"syn_01689",328,40.5843858330389
"syn_01689",357,68.6781162448628
"syn_01689",393,57.2986562912434
"syn_01689",499,19.8644703908754
"syn_01690",67,72.8877149804147
"syn_01690",117,98.3486330608818
"syn_01690",198,58.3413793667367
"syn_01690",250,39.0956607843823
"syn_01690",301,34.1488935208646
"syn_01690",325,16.8425209608991
"syn_01690",370,35.0530588985597
"syn_01690",407,26.3796189900985
"syn_01690",438,88.2626339671812
"syn_01690",525,38.7928602403725
"syn_01691",72,34.1622387210392
"syn_01691",128,19.5304503069209
"syn_01691",215,42.3755504834755
"syn_01691",236,45.5331295119548
"syn_01691",316,29.9272834735749
"syn_01691",423,51.2711821621737
"syn_01691",475,11.7212494192416
"syn_01691",495,47.2504191163459
"syn_01691",517,26.7234073198015
"syn_01691",539,21.283463383547
"syn_01692",119,64.6211210499963
"syn_01692",172,55.6112263896621
"syn_01692",264,34.6922885698401
"syn_01692",290,29.8223822233587
"syn_01692",311,44.1081241269921
"syn_01692",380,28.5608731918066
"syn_01692",407,16.1453544343471
"syn_01692",428,55.3924822642633
"syn_01692",473,51.7822464679682
"syn_01692",523,64.8906187347838
"syn_01693",123,401.596701958319
"syn_01693",145,351.951527740428
"syn_01693",235,192.22619102199
"syn_01693",260,261.453706199665
"syn_01693",315,441.164644845943
"syn_01693",365,379.517249335481
"syn_01693",416,448.308574488799
"syn_01693",449,195.74995467183
"syn_01693",480,515.716912337754
"syn_01693",504,409.997628102652
"syn_01694",69,404.578216029712
"syn_01694",105,299.222551837707
"syn_01694",141,491.128212749252
"syn_01694",175,305.264352373428
"syn_01694",302,254.524826890818
"syn_01694",362,241.237972939622
"syn_01694",436,141.445051167891
"syn_01694",489,510.630433356325
"syn_01694",510,364.783191000963
"syn_01694",534,146.86039475325
"syn_01695",64,214.788831896218
"syn_01695",169,427.666684648306
"syn_01695",199,203.433089630408
"syn_01695",219,243.993835614204
"syn_01695",269,268.636097577975
"syn_01695",315,364.875701485262
"syn_01695",380,212.434064023997
"syn_01695",403,166.286124002508
"syn_01695",448,129.939638138789
"syn_01695",512,208.512998507203
"syn_01696",86,294.233151744058
"syn_01696",111,533.547307855518
"syn_01696",172,206.898914472568
"syn_01696",215,533.871695196839
"syn_01696",239,387.270986438451
"syn_01696",266,783.431510093608
"syn_01696",376,342.421901458736
"syn_01696",412,239.157702921652
"syn_01696",452,517.814260948535
"syn_01696",476,193.657502214251
"syn_01697",88,435.825589356128
"syn_01697",122,183.659184888938
"syn_01697",172,190.699351478553
"syn_01697",194,160.872220556687
"syn_01697",215,380.003626194103
"syn_01697",266,507.432030323178
"syn_01697",323,318.631580861768
"syn_01697",350,760.183445782732
"syn_01697",403,267.319759475249
"syn_01697",452,534.507138986735
"syn_01698",67,369.577691506927
"syn_01698",87,361.003094167722
"syn_01698",109,804.30694619876
"syn_01698",139,344.324439463828
"syn_01698",231,275.553330215554
"syn_01698",296,216.433980917531
"syn_01698",325,261.161970513176
"syn_01698",362,390.616014907682
"syn_01698",384,255.81473309294
"syn_01698",480,308.036943924889
"syn_01699",128,758.221542943745
"syn_01699",152,1601.7378797407
"syn_01699",185,1740.66593392265
"syn_01699",208,1350.76203370734
"syn_01699",232,2183.09242011763
"syn_01699",278,1143.92009486536
"syn_01699",333,1358.7330714085
"syn_01699",394,1237.99110904146
"syn_01699",437,4787.13959307569
"syn_01699",494,2242.33394109693
"syn_01700",101,955.262192766944
"syn_01700",152,2627.40255237811
"syn_01700",176,824.395771841908
"syn_01700",293,2095.55823835102
"syn_01700",331,1517.73945440117
"syn_01700",384,2092.31964156798
"syn_01700",411,809.30399629905
"syn_01700",432,903.264799928707
"syn_01700",472,787.813087289613
"syn_01700",508,1013.50034597039
"syn_01701",69,1228.90420371154
"syn_01701",136,2058.11009979798
"syn_01701",158,2904.30794261209
"syn_01701",178,1859.51386744051
"syn_01701",254,1563.45035645823
"syn_01701",275,1250.87034024357
"syn_01701",310,1691.1963005137
"syn_01701",334,2723.58643173895
"syn_01701",407,2002.7617909306
"syn_01701",540,1694.07360772839
"syn_01702",65,927.707195441072
"syn_01702",104,1411.86728841198
"syn_01702",136,2735.55147657087
"syn_01702",156,1586.89227191071
"syn_01702",238,1668.20080518118
"syn_01702",308,1955.86190899189
"syn_01702",359,1457.22821106656
"syn_01702",420,1189.96502951382
"syn_01702",474,1903.36274982936
"syn_01702",501,3980.14997006275
"syn_01703",69,2824.36833755438
"syn_01703",90,1852.0018955947
"syn_01703",165,1767.46949920415
"syn_01703",219,1504.63144694312
"syn_01703",335,3608.92299665709
"syn_01703",380,1429.06865096851
"syn_01703",400,810.12786342145
"syn_01703",457,1027.66516781424
"syn_01703",478,1768.71922631757
"syn_01703",513,1695.70504727529
"syn_01704",81,2280.10456095148
"syn_01704",162,2935.3857623658
"syn_01704",196,640.762469561885
"syn_01704",252,1433.1241920134
"syn_01704",297,470.514014356297
"syn_01704",379,376.776788042879
"syn_01704",414,1380.17069428016
"syn_01704",470,2040.72742109096
"syn_01704",498,1032.33655735915
"syn_01704",529,1028.26622868042
"syn_01711",461,65.6033459825955
"syn_01712",345,82.8292235347094
"syn_01713",183,49.8808296124946
"syn_01714",439,56.7498206167095
"syn_01715",395,14.2523157019715
"syn_01716",160,81.074278970731
"syn_01717",339,229.38947712334
"syn_01718",521,510.423944410578
"syn_01719",441,490.730579352475
"syn_01720",70,142.371054529727
"syn_01721",276,274.805257139236
"syn_01722",100,176.316117709762
"syn_01723",145,1039.05007487062
"syn_01724",224,1477.43838110709
"syn_01725",308,874.301778659439
"syn_01726",532,438.331417393944
"syn_01727",445,989.019425953768
"syn_01728",64,806.585137285135
"syn_01729",93,68.9493079255602
"syn_01729",192,31.6912315843251
"syn_01729",443,84.2023826699134
"syn_01729",498,42.8811627565742
"syn_01730",223,17.1470143644572
"syn_01730",280,38.7230570687325
"syn_01730",307,36.4712127905107
"syn_01730",486,55.0027758985093
"syn_01731",164,37.9969400888563
"syn_01731",348,33.5822041200273
"syn_01731",485,35.6450684710135
"syn_01731",518,48.6183488261206
"syn_01732",67,35.8676809623382
"syn_01732",239,28.6267769550402
"syn_01732",413,15.4398856279415
"syn_01732",492,52.6298849279441
"syn_01733",82,47.7157506416789
"syn_01733",296,38.7533941751387
"syn_01733",434,45.9511221132932
"syn_01733",522,51.4191345847495
"syn_01734",141,107.820345513883
"syn_01734",210,77.5400637177392
"syn_01734",465,78.9415461820237
"syn_01734",525,60.5242917175585
"syn_01735",248,200.145451887069
"syn_01735",303,242.939945847072
"syn_01735",388,239.639704273308
"syn_01735",522,183.450869540329
"syn_01736",92,393.314203944708
"syn_01736",329,398.553866850368
"syn_01736",377,177.908331482464
"syn_01736",453,161.221700932662
"syn_01737",114,84.6859637887452
"syn_01737",168,343.104061919748
"syn_01737",349,525.55397793039
"syn_01737",530,231.324357352147
"syn_01738",79,170.856306578602
"syn_01738",226,185.565117971896
"syn_01738",408,229.699783392828
"syn_01738",445,290.165993857174
"syn_01739",95,174.850654948451
"syn_01739",135,278.085691845282
"syn_01739",194,548.735115849243
"syn_01739",378,154.871710777659
"syn_01740",206,362.737632359239
"syn_01740",277,451.581472140894
"syn_01740",337,420.811246085868
"syn_01740",422,271.905385510648
"syn_01741",181,2024.86504536737
"syn_01741",203,1203.70428735595
"syn_01741",274,728.274295108029
"syn_01741",457,1746.93564692799
"syn_01742",61,1131.68544672415
"syn_01742",84,1043.78508684205
"syn_01742",301,1348.11021952469
"syn_01742",533,2234.57668546404
"syn_01743",115,3478.26562272586
"syn_01743",191,2090.03534010417
"syn_01743",290,686.24940142082
"syn_01743",476,1323.74415926096
"syn_01744",237,1147.14546790306
"syn_01744",286,822.458651114299
"syn_01744",364,495.996281018521
"syn_01744",403,710.195209525421
"syn_01745",212,2439.29099094716
"syn_01745",325,1687.08453460456
"syn_01745",365,1116.8155090285
"syn_01745",512,1234.85697758925
"syn_01746",166,1756.01747547068
"syn_01746",399,915.365978261547
"syn_01746",498,792.859316418649
"syn_01746",527,892.652089537691
"syn_01747",76,47.492594522684
"syn_01747",97,61.9252612996584
"syn_01747",122,27.5562130866178
"syn_01747",149,46.2674435459515
"syn_01747",242,39.0596888594196
"syn_01747",300,16.050253173389
"syn_01747",349,43.5620801227491
"syn_01747",420,61.8104271768093
"syn_01747",460,66.5823724262672
"syn_01747",519,67.03693870272
"syn_01748",97,51.2552888277783
"syn_01748",156,62.4775461048718
"syn_01748",178,28.8505827527606
"syn_01748",255,43.5724161682217
"syn_01748",378,30.5906830354641
"syn_01748",417,44.4638526936356
"syn_01748",444,45.9608894758964
"syn_01748",474,57.9376068969661
"syn_01748",497,126.495985673727
"syn_01748",525,51.8681457133225
"syn_01749",66,23.5492353358693
"syn_01749",110,51.5934517422325
"syn_01749",147,125.034874822454
"syn_01749",168,38.0040672920927
"syn_01749",188,64.0149740399192
"syn_01749",239,57.8234522800564
"syn_01749",270,20.7891115897585
"syn_01749",368,39.702607845768
"syn_01749",490,58.2462224514643
"syn_01749",531,38.9943303603442
"syn_01750",78,21.0146817995845
"syn_01750",115,31.5347933759239
"syn_01750",284,24.7851582234931
"syn_01750",305,53.3371706675883
"syn_01750",328,43.5770580555363
"syn_01750",381,39.2880001602356
"syn_01750",405,70.5966349975974
"syn_01750",438,35.8290673223363
"syn_01750",477,33.2801188455587
"syn_01750",524,54.0062191868393
"syn_01751",81,26.5826967028962
"syn_01751",105,72.580974774616
"syn_01751",213,45.1856786742729
"syn_01751",257,43.6717951933512
"syn_01751",285,47.5623280921461
"syn_01751",340,51.1981494495161
"syn_01751",375,28.2841874378786
"syn_01751",431,29.8629831533776
"syn_01751",489,40.5165633409772
"syn_01751",512,32.2929710946922
"syn_01752",104,59.9062351416976
"syn_01752",156,42.0608790399158
"syn_01752",183,68.5057901360633
"syn_01752",267,26.1618103062274
"syn_01752",295,25.343922522547
"syn_01752",338,66.1898077339415
"syn_01752",373,29.917848320896
"syn_01752",406,68.1099287375471
"syn_01752",455,52.7879259468699
"syn_01752",530,29.9946130907144
"syn_01753",109,567.1251818943
"syn_01753",183,213.292811167692
"syn_01753",213,242.71825190369
"syn_01753",276,110.95531703757
"syn_01753",329,466.104379972009
"syn_01753",391,243.272735236064
"syn_01753",411,112.477616824661
"syn_01753",442,294.835960377398
"syn_01753",484,401.328997280391
"syn_01753",506,131.845085865669
"syn_01754",133,718.793256674103
"syn_01754",174,415.541019648825
"syn_01754",224,222.670059823878
"syn_01754",260,298.674526406043
"syn_01754",323,316.085971168965
"syn_01754",386,239.426939921085
"syn_01754",415,242.75098052458
"syn_01754",435,468.323155377084
"syn_01754",467,125.819957907381
"syn_01754",529,301.177234412116
"syn_01755",68,234.305813833787
"syn_01755",110,338.955735357184
"syn_01755",207,335.361454086312
"syn_01755",264,97.9649116113582
"syn_01755",284,225.393006508564
"syn_01755",354,175.511049387756
"syn_01755",403,608.59924409009
"syn_01755",442,350.036698077765
"syn_01755",486,507.883546183792
"syn_01755",516,353.209399277472
"syn_01756",98,169.018997413576
"syn_01756",153,375.773302511756
"syn_01756",182,164.27188836514
"syn_01756",203,181.807626700701
"syn_01756",269,240.688938855921
"syn_01756",291,517.5114010051
"syn_01756",313,205.519066953914
"syn_01756",353,219.582629066415
"syn_01756",373,169.353410987993
"syn_01756",494,385.165426611232
"syn_01757",96,218.161020203045
"syn_01757",140,456.948006810425
"syn_01757",190,206.934178498612
"syn_01757",222,314.788615621065
"syn_01757",319,371.393017086077
"syn_01757",343,200.000973953276
"syn_01757",379,99.8514514675352
"syn_01757",423,344.994668234261
"syn_01757",469,133.318951396255
"syn_01757",522,484.038420202241
"syn_01758",72,210.71582890566
"syn_01758",106,342.363443626524
"syn_01758",161,172.741339192014
"syn_01758",186,218.419427441482
"syn_01758",246,349.197734987672
"syn_01758",302,463.549600603914
"syn_01758",331,263.837192049014
"syn_01758",427,448.121169762304
"syn_01758",485,247.692427807788
"syn_01758",538,320.016046342299
"syn_01759",78,620.997608907771
"syn_01759",113,1071.59426917913
"syn_01759",145,1292.90860014565
"syn_01759",176,1215.84409417395
"syn_01759",215,2900.42842895631
"syn_01759",242,1100.50873363528
"syn_01759",277,597.718063838601
"syn_01759",396,1194.42316858949
"syn_01759",417,1391.47618529542
"syn_01759",538,2851.1316723095
"syn_01760",73,613.479823812624
"syn_01760",110,629.168965831839
"syn_01760",146,1411.90801010106
"syn_01760",182,1783.16210898166
"syn_01760",253,799.901087351021
"syn_01760",310,869.06729314921
"syn_01760",360,1228.9728345789
"syn_01760",409,741.012015186916
"syn_01760",433,1203.72748659513
"syn_01760",488,2108.53131519486
"syn_01761",64,1073.17620123174
"syn_01761",99,1483.82076211657
"syn_01761",120,2774.52763486194
"syn_01761",213,2264.36681764127
"syn_01761",253,2805.64138467691
"syn_01761",291,3303.86519032551
"syn_01761",333,693.612847796068
"syn_01761",362,1202.80003318133
"syn_01761",473,2225.48361417236
"syn_01761",536,1851.59194503641
"syn_01762",61,3683.84413579904
"syn_01762",85,1178.40791172797
"syn_01762",145,1802.13283035514
"syn_01762",190,1195.10188260434
"syn_01762",217,1747.32576959273
"syn_01762",280,1626.86185174949
"syn_01762",329,1275.00360601092
"syn_01762",360,2230.64312968767
"syn_01762",446,479.670195335575
"syn_01762",506,812.134541320089
"syn_01763",77,2254.87474991366
"syn_01763",99,1075.4981130784
"syn_01763",187,4490.72131140742
"syn_01763",239,695.670013442757
"syn_01763",267,734.902752035394
"syn_01763",299,3382.86669919464
"syn_01763",387,1076.27486204274
"syn_01763",430,703.879864910553
"syn_01763",499,2265.38803125577
"syn_01763",522,1958.33159548919
"syn_01764",69,1184.66654095286
"syn_01764",129,1401.70505172303
"syn_01764",150,1565.11217904006
"syn_01764",190,1183.56303570754
"syn_01764",244,2976.82702982644
"syn_01764",273,2903.58951314408
"syn_01764",318,1348.81054621043
"syn_01764",350,1711.83379881659
"syn_01764",399,3340.73131001218
"syn_01764",468,2427.19146560628
"syn_01765",327,21.0026247194838
"syn_01766",352,31.7361743918589
"syn_01767",103,50.0518368109376
"syn_01768",216,43.8166443846582
"syn_01769",402,40.0902968957276
"syn_01770",492,34.7312405372508
"syn_01771",101,63.7143233666971
"syn_01772",202,452.461134227119
"syn_01773",130,214.554061596332
"syn_01774",87,348.931175787583
"syn_01775",320,168.660806562969
"syn_01776",210,218.556177663383
"syn_01777",414,2541.42456862667
"syn_01778",464,1037.97519211078
"syn_01779",232,2801.15459420999
"syn_01780",320,1495.91352555642
"syn_01781",500,1308.8677103141
"syn_01782",280,1892.57935898808
"syn_01783",76,43.3886669554941
"syn_01783",107,49.0854618890597
"syn_01783",285,32.2791134526994
"syn_01783",514,51.881179021235
"syn_01784",97,24.400560777344
"syn_01784",260,37.2418859771124
"syn_01784",400,21.8646768803378
"syn_01784",460,47.8494697770424
"syn_01785",245,88.3652332179483
"syn_01785",381,38.1156722705024
"syn_01785",401,95.2982712962876
"syn_01785",513,49.8950596709592
"syn_01786",74,33.4212838349717
"syn_01786",171,17.3264157682584
"syn_01786",359,37.5926169041208
"syn_01786",466,31.9418325785099
"syn_01787",279,42.8879150325924
"syn_01787",351,24.3945658855332
"syn_01787",380,21.9697062983422
"syn_01787",441,68.3096731525639
"syn_01788",87,34.1093379681546
"syn_01788",170,54.1043751109398
"syn_01788",344,88.2938762319703
"syn_01788",477,47.9373753060671
"syn_01789",107,437.555406381116
"syn_01789",213,190.228601190805
"syn_01789",276,155.092877157314
"syn_01789",466,275.132064453
"syn_01790",120,255.925448242779
"syn_01790",230,190.747353836107
"syn_01790",312,62.7613797030941
"syn_01790",405,202.507077115181
"syn_01791",77,195.960240214126
"syn_01791",256,132.257991512123
"syn_01791",293,353.804980789967
"syn_01791",342,519.705552524844
"syn_01792",162,306.085980919183
"syn_01792",387,295.302840398184
"syn_01792",428,174.458024754619
"syn_01792",504,77.5145223186633
"syn_01793",289,381.747344373875
"syn_01793",426,244.457398476786
"syn_01793",486,562.275223385545
"syn_01793",531,623.27995938612
"syn_01794",124,261.391391270413
"syn_01794",234,211.007212380011
"syn_01794",324,163.687188494452
"syn_01794",500,210.197297265251
"syn_01795",314,2073.11596500228
"syn_01795",338,1562.63590259043
"syn_01795",412,1895.6175642867
"syn_01795",528,917.665391639174
"syn_01796",167,1513.14658250925
"syn_01796",280,796.228258029489
"syn_01796",407,2363.3586970033
"syn_01796",494,927.522242522953
"syn_01797",272,826.133436870523
"syn_01797",364,2009.1762256543
"syn_01797",483,1078.79686655408
"syn_01797",537,446.998461052002
"syn_01798",67,540.037253634857
"syn_01798",133,1786.08432696039
"syn_01798",228,1659.70464112868
"syn_01798",366,2486.57801602466
"syn_01799",214,1731.94889420601
"syn_01799",302,1657.41836411656
"syn_01799",398,1734.69681421388
"syn_01799",515,913.527981140471
"syn_01800",138,547.589639085084
"syn_01800",159,2229.36230579672
"syn_01800",269,492.307425980368
"syn_01800",350,4693.7980672204
"syn_01801",77,64.5080116524681
"syn_01801",143,90.1528021031203
"syn_01801",211,79.5905913667461
"syn_01801",237,39.207836189984
"syn_01801",266,28.8570278421088
"syn_01801",324,52.2047131550635
"syn_01801",389,37.8605186293093
"syn_01801",446,104.888379484189
"syn_01801",493,52.4660559262313
"syn_01801",520,59.8654723928896
"syn_01802",104,65.4880868921133
"syn_01802",136,61.5177349601483
"syn_01802",191,55.6482890635529
"syn_01802",251,39.3319028326591
"syn_01802",290,40.8291809983691
"syn_01802",350,108.098705745266
"syn_01802",409,44.7625170114319
"syn_01802",457,23.4069610865563
"syn_01802",477,105.961385337321
"syn_01802",514,104.896676039217
"syn_01803",132,28.6929390675491
"syn_01803",205,46.8593943490604
"syn_01803",248,28.9458055786305
"syn_01803",287,36.7675060605826
"syn_01803",341,75.1908034107155
"syn_01803",390,44.8674959201039
"syn_01803",431,56.8967312412483
"syn_01803",454,59.1794621979367
"syn_01803",474,35.3968375551654
"syn_01803",532,48.2548444166866
"syn_01804",79,28.7624337436119
"syn_01804",157,31.7090739689837
"syn_01804",180,37.463171491156
"syn_01804",211,40.3236347024317
"syn_01804",235,29.9719319556312
"syn_01804",276,30.8633660951437
"syn_01804",316,23.1958698143281
"syn_01804",421,33.0139706020588
"syn_01804",442,18.8933989038913
"syn_01804",527,35.0207592949724
"syn_01805",116,52.8627013219334
"syn_01805",144,65.3587024406441
"syn_01805",165,77.362832960858
"syn_01805",232,104.752548812647
"syn_01805",273,102.23579625625
"syn_01805",321,59.5322358212181
"syn_01805",423,62.4579136766871
"syn_01805",477,103.788901428691
"syn_01805",505,44.5118098467369
"syn_01805",534,52.4775763764217
"syn_01806",63,46.4872946271344
"syn_01806",162,47.8010781777619
"syn_01806",258,48.3598288549498
"syn_01806",302,62.3863054175034
"syn_01806",361,37.8845326129068
"syn_01806",413,94.187221722853
"syn_01806",459,60.3496837589653
"syn_01806",480,40.1497272539412
"syn_01806",501,48.4730646016679
"syn_01806",538,28.2546822104023
"syn_01807",77,287.95899737326
"syn_01807",158,568.098753684939
"syn_01807",230,891.358869994875
"syn_01807",295,412.446966537958
"syn_01807",346,238.049708892843
"syn_01807",428,264.746751538967
"syn_01807",468,103.033435739776
"syn_01807",490,261.253882322973
"syn_01807",519,208.819681720701
"syn_01807",539,733.321009908805
"syn_01808",115,275.67583340467
"syn_01808",143,125.422773994431
"syn_01808",192,130.984611558819
"syn_01808",213,257.825772817978
"syn_01808",233,257.105586375391
"syn_01808",264,247.949829382594
"syn_01808",363,636.545539184591
"syn_01808",388,158.055491282073
"syn_01808",477,510.046304443455
"syn_01808",534,390.499669664247
"syn_01809",65,289.79991927096
"syn_01809",103,211.514041930372
"syn_01809",155,120.550129267278
"syn_01809",210,219.55721536006
"syn_01809",241,340.711334984585
"syn_01809",350,214.625551236092
"syn_01809",390,381.749967788456
"syn_01809",436,284.999948670262
"syn_01809",472,265.105271614827
"syn_01809",494,353.25454877775
"syn_01810",89,333.091018528399
"syn_01810",120,188.901061818384
"syn_01810",180,196.649169525928
"syn_01810",258,275.699538429059
"syn_01810",301,208.702309798321
"syn_01810",331,222.046268985941
"syn_01810",371,285.168200085747
"syn_01810",407,237.172295521541
"syn_01810",502,157.870474411576
"syn_01810",532,328.778008562282
"syn_01811",98,209.719502188356
"syn_01811",139,204.464163776098
"syn_01811",171,570.594854432997
"syn_01811",199,252.297091107169
"syn_01811",238,529.423647092169
"syn_01811",289,268.593178757764
"syn_01811",329,283.682886810832
"syn_01811",414,465.874951656321
"syn_01811",457,356.491388059017
"syn_01811",484,242.39140421303
"syn_01812",74,199.377931291978
"syn_01812",95,352.249714423753
"syn_01812",144,103.234446640264
"syn_01812",173,351.214954612332
"syn_01812",233,251.773345492457
"syn_01812",288,229.746747174628
"syn_01812",348,531.884397811874
"syn_01812",374,114.38603603808
"syn_01812",427,154.428941677434
"syn_01812",520,176.514472485962
"syn_01813",73,2212.0061421718
"syn_01813",99,1541.31064762367
"syn_01813",164,779.666046079291
"syn_01813",196,1682.18665763051
"syn_01813",280,1715.1135660847
"syn_01813",351,673.550109127425
"syn_01813",438,1487.57883760819
"syn_01813",467,1762.03222319527
"syn_01813",506,845.31855983079
"syn_01813",539,1681.10106326444
"syn_01814",69,2230.66310331805
"syn_01814",110,1367.85361066103
"syn_01814",142,2634.51682169877
"syn_01814",172,2339.13700995198
"syn_01814",232,932.722413885469
"syn_01814",365,962.786441765705
"syn_01814",396,2762.94973058548
"syn_01814",442,2457.50448935441
"syn_01814",488,1190.70885789776
"syn_01814",508,1080.16182374906
"syn_01815",92,1159.00293999435
"syn_01815",132,1290.48006899256
"syn_01815",196,1098.57745099569
"syn_01815",264,401.098625909314
"syn_01815",329,680.455638055012
"syn_01815",386,1420.02191729661
"syn_01815",414,1346.43318759389
"syn_01815",442,858.435122045001
"syn_01815",473,1007.50935510965
"syn_01815",497,1666.24584844815
"syn_01816",116,933.731858486525
"syn_01816",137,1057.27006186272
"syn_01816",157,1704.29810312174
"syn_01816",183,1103.40692224088
"syn_01816",277,1412.27457946249
"syn_01816",305,725.075819484183
"syn_01816",334,2261.21557330741
"syn_01816",381,752.596781008473
"syn_01816",478,1282.3100385323
"syn_01816",499,3107.21467163892
"syn_01817",99,1517.51498927942
"syn_01817",179,836.565591344764
"syn_01817",227,1170.3367975753
"syn_01817",251,1835.10724884334
"syn_01817",272,739.568567553989
"syn_01817",355,996.332376852643
"syn_01817",426,777.737455015097
"syn_01817",451,1206.47920037857
"syn_01817",513,1235.30843297223
"syn_01817",533,1893.52046908542
"syn_01818",71,1325.41227516125
"syn_01818",96,1224.18894041376
"syn_01818",124,3467.5942231061
"syn_01818",144,500.038682435987
"syn_01818",247,1910.93888454376
"syn_01818",315,1144.08513212354
"syn_01818",404,604.351569289739
"syn_01818",453,2016.34196927475
"syn_01818",489,2242.12074810047
"syn_01818",523,1462.11195087313
"syn_01825",499,20.0889286057087
"syn_01826",80,31.8282450002129
"syn_01827",102,76.8761667865158
"syn_01828",272,49.8109328136594
"syn_01829",428,87.1065641641503
"syn_01830",88,52.713677726258
"syn_01831",538,194.744356169054
"syn_01832",69,180.041386941137
"syn_01833",465,799.42814160712
"syn_01834",339,188.316298382738
"syn_01835",266,252.428873681161
"syn_01836",85,215.509861706487
"syn_01837",219,722.043442139321
"syn_01838",252,1183.52070663361
"syn_01839",400,1337.92816930057
"syn_01840",267,2707.08698919861
"syn_01841",476,332.02296909442
"syn_01842",349,916.195091893547
"syn_01843",123,20.1367217665103
"syn_01843",307,56.5248927614105
"syn_01843",500,59.0878232319044
"syn_01843",533,18.1629776061626
"syn_01844",98,44.2441767631951
"syn_01844",288,26.451995138623
"syn_01844",443,42.4073860815501
"syn_01844",477,22.0163127445251
"syn_01845",202,30.4663250347941
"syn_01845",426,31.5266245725041
"syn_01845",447,44.7429131075134
"syn_01845",532,21.0708228902566
"syn_01846",176,125.892646274184
"syn_01846",295,61.7916520089862
"syn_01846",419,35.9751040911782
"syn_01846",475,201.093720362176
"syn_01847",65,25.9524269757395
"syn_01847",206,42.7183135125017
"syn_01847",275,51.7051912786332
"syn_01847",466,25.362527273914
"syn_01848",269,51.1202912384908
"syn_01848",297,63.1931684056053
"syn_01848",376,18.0733475473532
"syn_01848",500,42.6324505041799
"syn_01849",163,549.660440380967
"syn_01849",230,338.100746279374
"syn_01849",483,233.045132766716
"syn_01849",535,236.744663483965
"syn_01850",93,145.090716458283
"syn_01850",135,262.979754493744
"syn_01850",471,176.032294068951
"syn_01850",507,599.640821269088
"syn_01851",81,404.121728966752
"syn_01851",347,357.413680622438
"syn_01851",469,424.624245054213
"syn_01851",502,1146.54322575774
"syn_01852",144,195.332916294225
"syn_01852",300,313.44478569011
"syn_01852",339,268.040071239504
"syn_01852",502,283.034736840202
"syn_01853",164,407.020990993496
"syn_01853",369,211.39730929614
"syn_01853",441,564.940582460694
"syn_01853",473,184.964159238577
"syn_01854",252,359.081512137576
"syn_01854",309,369.399940949681
"syn_01854",426,171.954151499299
"syn_01854",496,385.219463766835
"syn_01855",127,2684.1865810014
"syn_01855",222,1677.01218418818
"syn_01855",401,693.894597166136
"syn_01855",477,1478.66874717383
"syn_01856",77,4369.33033025591
"syn_01856",138,952.992451115392
"syn_01856",233,2401.86340244916
"syn_01856",415,1283.42461137638
"syn_01857",112,908.579410994016
"syn_01857",226,1421.6459790242
"syn_01857",468,2089.15073271482
"syn_01857",517,1100.23325581707
"syn_01858",121,693.555386570141
"syn_01858",224,1595.4097869869
"syn_01858",323,1209.67770217461
"syn_01858",518,2460.16890908351
"syn_01859",117,777.761020320753
"syn_01859",229,877.058300880379
"syn_01859",382,1799.95602580285
"syn_01859",415,789.996349712989
"syn_01860",177,940.682156205785
"syn_01860",252,1515.08143452478
"syn_01860",302,1141.41151209264
"syn_01860",343,2855.23619814382
"syn_01861",103,31.6478848136234
"syn_01861",137,42.6583684223825
"syn_01861",206,109.791443922197
"syn_01861",228,27.3219583039504
"syn_01861",250,30.476513087222
"syn_01861",282,52.8339752330949
"syn_01861",313,34.0656529841366
"syn_01861",399,56.8574246375481
"syn_01861",436,47.9311940003331
"syn_01861",519,38.1682073824522
"syn_01862",116,78.4618026062356
"syn_01862",145,50.3435271229659
"syn_01862",205,79.3784714256243
"syn_01862",248,51.622504638639
"syn_01862",306,35.3507866767251
"syn_01862",343,23.3689701018294
"syn_01862",377,89.3667942760399
"syn_01862",409,29.4347701581514
"syn_01862",485,26.2556261981446
"syn_01862",525,35.326145188737
"syn_01863",130,106.052497884526
"syn_01863",184,55.9313282234688
"syn_01863",230,50.7434602923087
"syn_01863",281,28.7765056752497
"syn_01863",347,51.7647744834554
"syn_01863",376,33.9138122562569
"syn_01863",428,56.4975719749615
"syn_01863",450,20.4920653201965
"syn_01863",512,39.1732068314225
"syn_01863",533,55.2445166171062
"syn_01864",113,53.4958506331048
"syn_01864",169,37.556023834025
"syn_01864",204,29.7211192621091
"syn_01864",273,35.3219811339983
"syn_01864",343,38.3506771787957
"syn_01864",379,72.6025719030067
"syn_01864",405,31.3485436602664
"syn_01864",435,54.9712664345224
"syn_01864",489,56.3741037890986
"syn_01864",522,59.3333331481611
"syn_01865",82,31.5950880498735
"syn_01865",128,29.6610514114843
"syn_01865",154,25.8163181411513
"syn_01865",178,108.603923747159
"syn_01865",244,38.950432666556
"syn_01865",266,32.7308553540206
"syn_01865",287,45.5046768713751
"syn_01865",359,46.9207059748786
"syn_01865",512,38.6256901050924
"syn_01865",540,43.9680257663592
"syn_01866",71,34.6025606490824
"syn_01866",99,26.5612651153425
"syn_01866",124,48.1964962988634
"syn_01866",202,44.8712379975268
"syn_01866",255,49.5675257823021
"syn_01866",336,28.9313824895745
"syn_01866",390,53.6934096347758
"syn_01866",411,27.6509032427873
"syn_01866",456,31.5015737114459
"syn_01866",481,25.8617202960167
"syn_01867",111,198.493131336202
"syn_01867",183,354.882534982051
"syn_01867",206,296.464713831708
"syn_01867",257,292.003998794015
"syn_01867",291,411.065072688866
"syn_01867",313,70.3271051414185
"syn_01867",340,173.969901493677
"syn_01867",363,354.341466000012
"syn_01867",467,179.692324572578
"syn_01867",534,272.609551265887
"syn_01868",89,445.782812632293
"syn_01868",146,925.153031177253
"syn_01868",215,329.287288417122
"syn_01868",291,130.768047186053
"syn_01868",316,272.182714512998
"syn_01868",343,293.134584808589
"syn_01868",387,472.5520252433
"syn_01868",411,370.201781841059
"syn_01868",481,246.759953288756
"syn_01868",517,241.546861514604
"syn_01869",68,372.922389309521
"syn_01869",93,237.124245725912
"syn_01869",148,235.081994366009
"syn_01869",173,44.7509616812717
"syn_01869",195,176.034191667209
"syn_01869",258,261.072364301984
"syn_01869",286,277.720470006525
"syn_01869",394,232.931786047076
"syn_01869",418,261.946686077589
"syn_01869",454,428.706211116524
"syn_01870",77,219.433804699152
"syn_01870",116,109.712719056129
"syn_01870",157,172.712982980476
"syn_01870",188,130.384008514839
"syn_01870",215,277.149662297141
"syn_01870",253,217.5394759929
"syn_01870",296,433.913202000777
"syn_01870",337,191.101959862395
"syn_01870",463,280.789899155438
"syn_01870",526,433.783947263872
"syn_01871",63,543.011116445054
"syn_01871",103,455.546244220624
"syn_01871",149,229.981546462263
"syn_01871",192,141.535556471859
"syn_01871",231,226.066003082924
"syn_01871",331,227.257631387141
"syn_01871",368,207.488456527015
"syn_01871",409,381.36337818972
"syn_01871",459,208.878257867734
"syn_01871",505,180.450928682397
"syn_01872",135,235.338090848157
"syn_01872",164,85.2841101600167
"syn_01872",212,419.03953115265
"syn_01872",267,191.979825873891
"syn_01872",326,433.654007234745
"syn_01872",347,352.692678809636
"syn_01872",390,123.680360997233
"syn_01872",448,164.516899557556
"syn_01872",475,305.262591116511
"syn_01872",508,144.492192657705
"syn_01873",75,1421.33358646268
"syn_01873",96,743.713574550375
"syn_01873",129,2800.46109094477
"syn_01873",168,991.798743322945
"syn_01873",258,1052.61833888585
"syn_01873",293,828.503203368401
"syn_01873",329,1752.73441706979
"syn_01873",402,1933.22695076186
"syn_01873",441,1772.99628814694
"syn_01873",479,2602.18463510089
"syn_01874",92,939.303081000163
"syn_01874",113,2548.9806660422
"syn_01874",148,2362.15081286511
"syn_01874",198,1251.92498825951
"syn_01874",241,1264.04757286604
"syn_01874",300,483.630109724453
"syn_01874",324,631.600771799097
"syn_01874",394,451.732270819681
"syn_01874",463,1756.94011781011
"syn_01874",494,1077.70785034095
"syn_01875",87,2213.04394516093
"syn_01875",135,1319.66509051979
"syn_01875",187,2257.89755745898
"syn_01875",243,440.876956995628
"syn_01875",266,382.53107593167
"syn_01875",357,941.756179910615
"syn_01875",392,2060.08712478801
"syn_01875",449,726.387739423548
"syn_01875",480,1037.06231980263
"syn_01875",531,1565.15122407979
"syn_01876",87,1162.94161527724
"syn_01876",109,3020.02576758141
"syn_01876",165,2725.17210655467
"syn_01876",244,1659.76017948254
"syn_01876",270,2656.0446965022
"syn_01876",321,829.954293940585
"syn_01876",407,1675.51086859198
"syn_01876",428,1661.46106166543
"syn_01876",494,1018.06315522747
"syn_01876",522,1202.65075152284
"syn_01877",122,997.064931597234
"syn_01877",143,1534.19808137699
"syn_01877",188,2167.64608554936
"syn_01877",239,1358.41725922575
"syn_01877",333,982.714038352677
"syn_01877",376,843.434146876901
"syn_01877",399,576.317744947983
"syn_01877",469,775.65996393315
"syn_01877",489,2022.45826090284
"syn_01877",535,1656.34176723508
"syn_01878",69,4373.85105795081
"syn_01878",96,856.232848741322
"syn_01878",124,877.272430797454
"syn_01878",166,1176.64174392396
"syn_01878",207,1019.97571739006
"syn_01878",254,1280.09131094363
"syn_01878",302,1992.19276002157
"syn_01878",471,1056.6434166985
"syn_01878",506,995.983308500925
"syn_01878",539,942.537416536462
"syn_01879",530,38.324018136737
"syn_01880",84,56.1908869365212
"syn_01881",438,110.813923379768
"syn_01882",310,35.5500356540699
"syn_01883",200,71.3126339052891
"syn_01884",406,50.9685943138666
"syn_01885",181,449.159217504076
"syn_01886",353,243.331606013388
"syn_01887",523,303.119863440173
"syn_01888",171,305.387708052338
"syn_01889",285,366.962757257907
"syn_01890",503,148.482981366666
"syn_01891",382,624.573412795463
"syn_01892",422,906.999773021829
"syn_01893",193,1104.62610251371
"syn_01894",539,600.111134747677
"syn_01895",228,1197.39360074877
"syn_01896",387,1392.58599903139
"syn_01897",196,52.8181162170921
"syn_01897",252,56.7396941844543
"syn_01897",408,77.7594692539194
"syn_01897",489,63.7370076072162
"syn_01898",188,15.9616931987974
"syn_01898",289,71.8834977584226
"syn_01898",310,74.7413023190853
"syn_01898",455,46.32854703415
"syn_01899",128,63.3396466490065
"syn_01899",232,16.9049226415259
"syn_01899",316,70.6302307036051
"syn_01899",393,30.3735144160955
"syn_01900",178,107.595144814134
"syn_01900",272,93.0691443311493
"syn_01900",444,57.3005045947012
"syn_01900",495,70.4722057928441
"syn_01901",78,19.0983777697713
"syn_01901",275,101.746779122462
"syn_01901",408,70.3914994016081
"syn_01901",525,40.2534719481582
"syn_01902",323,52.1972900721859
"syn_01902",386,27.1187845166551
"syn_01902",447,87.9399459266107
"syn_01902",494,28.1653443575756
"syn_01903",147,201.834335495623
"syn_01903",191,598.703727466736
"syn_01903",509,336.653659692536
"syn_01903",530,216.764107123299
"syn_01904",186,234.916474954754
"syn_01904",335,222.716997829174
"syn_01904",374,215.967944074142
"syn_01904",396,351.194986493895
"syn_01905",100,397.009802510739
"syn_01905",232,391.246409159956
"syn_01905",256,219.584489651183
"syn_01905",387,324.435981274871
"syn_01906",199,159.078802048696
"syn_01906",261,72.1282469459057
"syn_01906",405,485.828655156503
"syn_01906",519,294.267431109488
"syn_01907",193,231.765092712037
"syn_01907",235,238.909532617401
"syn_01907",321,329.393629311159
"syn_01907",386,354.071360566693
"syn_01908",93,99.1243893364794
"syn_01908",174,282.096055838936
"syn_01908",239,365.284567169586
"syn_01908",275,215.66590518702
"syn_01909",96,1222.34291444069
"syn_01909",273,4428.13423116243
"syn_01909",321,2308.14692836069
"syn_01909",411,1528.18832239613
"syn_01910",183,988.130617434823
"syn_01910",222,1051.34544342029
"syn_01910",249,488.142099498875
"syn_01910",480,1725.98494413627
"syn_01911",108,1057.56440030397
"syn_01911",223,1014.23076908906
"syn_01911",326,3113.50692594316
"syn_01911",531,1052.01737165651
"syn_01912",137,1825.33651916351
"syn_01912",171,1301.34352858899
"syn_01912",335,1662.59535040144
"syn_01912",524,663.235971017079
"syn_01913",298,3480.6945256282
"syn_01913",418,1751.1870282888
"syn_01913",453,1427.92795543933
"syn_01913",511,1128.20797147297
"syn_01914",107,830.393259944266
"syn_01914",170,2128.10396016968
"syn_01914",330,928.26561019289
"syn_01914",397,1055.86830580483
"syn_01915",64,43.8784962497102
"syn_01915",102,58.9751636388662
"syn_01915",175,68.5983223779078
"syn_01915",195,44.5317881786908
"syn_01915",249,64.8685853897142
"syn_01915",336,38.2840625637647
"syn_01915",384,23.9192258670016
"syn_01915",418,30.1443930522886
"syn_01915",513,31.1003276397893
"syn_01915",539,92.0857716851841
"syn_01916",82,111.863496351267
"syn_01916",126,42.7815068705026
"syn_01916",229,51.4909161797154
"syn_01916",255,53.2216691069299
"syn_01916",296,21.7449818399844
"syn_01916",347,62.9276187380224
"syn_01916",369,18.136705449729
"syn_01916",481,32.889238969325
"syn_01916",508,37.4510378661698
"syn_01916",531,47.6256079762544
"syn_01917",79,38.8304265259599
"syn_01917",129,45.8944259804755
"syn_01917",163,72.9916633395698
"syn_01917",226,37.5423105036321
"syn_01917",254,23.2393976442382
"syn_01917",274,27.3483090530826
"syn_01917",303,35.6572149820934
"syn_01917",399,46.2613097351896
"syn_01917",459,26.3373075815725
"syn_01917",496,39.9970022569275
"syn_01918",85,88.2164047625797
"syn_01918",173,48.1651673431465
"syn_01918",238,46.0496013536813
"syn_01918",303,97.0808193280251
"syn_01918",355,46.3524506661598
"syn_01918",393,123.944612244671
"syn_01918",422,31.5947685819666
"syn_01918",467,60.1708610967969
"syn_01918",494,12.5502941065391
"syn_01918",514,31.7745907007156
"syn_01919",65,92.5065435178296
"syn_01919",146,36.2536039752724
"syn_01919",216,27.1787539231956
"syn_01919",237,35.2612139955792
"syn_01919",274,29.3296474914249
"syn_01919",300,25.7471155051152
"syn_01919",326,58.5685509354115
"syn_01919",356,16.3963135164181
"syn_01919",382,26.8239789871868
"syn_01919",463,52.1375419798774
"syn_01920",174,67.8980158725238
"syn_01920",216,108.572913991337
"syn_01920",259,65.9939216744263
"syn_01920",287,62.4851646104083
"syn_01920",351,53.5262366396509
"syn_01920",390,35.2486858043615
"syn_01920",427,64.474348738582
"syn_01920",457,50.9182729761106
"syn_01920",480,72.8033877848671
"syn_01920",504,16.3980618136486
"syn_01921",65,186.085272456507
"syn_01921",120,188.565283375018
"syn_01921",141,294.70860323509
"syn_01921",164,410.440140295516
"syn_01921",192,324.043952896802
"syn_01921",218,350.337137725518
"syn_01921",273,345.658899530657
"syn_01921",356,397.653229037715
"syn_01921",395,204.180160950894
"syn_01921",483,118.255411068667
"syn_01922",68,383.864238895931
"syn_01922",94,154.631516554278
"syn_01922",196,276.064386673095
"syn_01922",220,199.553063243386
"syn_01922",275,244.204699750673
"syn_01922",364,384.217220358734
"syn_01922",399,210.440993376135
"syn_01922",431,97.0217220687039
"syn_01922",466,517.008058842626
"syn_01922",502,221.792234824749
"syn_01923",64,367.681906820134
"syn_01923",94,290.066017640652
"syn_01923",115,105.810456859632
"syn_01923",144,302.421205957487
"syn_01923",174,331.379389643592
"syn_01923",203,199.909072794108
"syn_01923",325,401.587991304968
"syn_01923",354,385.509620523955
"syn_01923",400,167.900894942686
"syn_01923",510,139.552440294628
"syn_01924",74,475.293721864916
"syn_01924",112,330.972456389382
"syn_01924",214,204.630884397395
"syn_01924",249,318.541885810212
"syn_01924",280,275.69722694198
"syn_01924",346,194.527955411676
"syn_01924",377,337.287489345077
"syn_01924",400,466.588523414501
"syn_01924",429,191.801823141483
"syn_01924",494,178.985753410308
"syn_01925",71,229.353802986566
"syn_01925",93,163.005265379661
"syn_01925",163,439.180241507033
"syn_01925",184,222.280139628478
"syn_01925",290,1035.89151813621
"syn_01925",341,306.847221621076
"syn_01925",389,182.19383061554
"syn_01925",417,164.256404777346
"syn_01925",481,175.835411170163
"syn_01925",513,222.089287592827
"syn_01926",71,330.989221386549
"syn_01926",100,328.606739537738
"syn_01926",156,289.385657210523
"syn_01926",178,229.24533911029
"syn_01926",213,408.677966112037
"syn_01926",242,243.111521484375
"syn_01926",285,97.8841954319957
"syn_01926",321,177.429486136505
"syn_01926",353,212.586808632334
"syn_01926",513,208.312946503897
"syn_01927",62,911.561084856992
"syn_01927",129,648.348061810549
"syn_01927",177,299.997851018943
"syn_01927",212,1257.88328176469
"syn_01927",269,2232.27599046126
"syn_01927",297,1659.06909739299
"syn_01927",318,583.259651829516
"syn_01927",390,1937.32244175319
"syn_01927",436,894.379047720571
"syn_01927",526,1149.43383246596
"syn_01928",86,1208.05379343984
"syn_01928",149,401.408260768069
"syn_01928",248,776.149833824094
"syn_01928",270,835.827662765644
"syn_01928",327,1472.44953822978
"syn_01928",371,778.902746857588
"syn_01928",432,637.67762392961
"syn_01928",466,1109.39718762594
"syn_01928",508,1398.33248651954
"syn_01928",540,1795.32318411511
"syn_01929",76,1035.84415081567
"syn_01929",117,1530.70081452813
"syn_01929",142,2687.64336365677
"syn_01929",206,1901.28256475219
"syn_01929",233,692.151765882437
"syn_01929",335,861.436588930027
"syn_01929",396,2973.09911500146
"syn_01929",439,952.24987777479
"syn_01929",466,1641.64240958258
"syn_01929",539,1364.9244422495
"syn_01930",87,992.39295211789
"syn_01930",154,1326.11896163042
"syn_01930",178,899.769948590383
"syn_01930",210,1247.39910056695
"syn_01930",252,1223.4664954458
"syn_01930",278,1226.67784776415
"syn_01930",394,1094.75283656448
"syn_01930",432,963.642050671855
"syn_01930",506,1100.72381949571
"syn_01930",535,1925.26227296202
"syn_01931",81,1519.71572319871
"syn_01931",104,2319.21278132453
"syn_01931",136,607.135826200547
"syn_01931",168,2408.4422295505
"syn_01931",217,834.804177189519
"syn_01931",254,1338.32819660022
"syn_01931",317,1026.78326879191
"syn_01931",367,1016.06785598672
"syn_01931",429,1215.59331439213
"syn_01931",482,1782.61082086896
"syn_01932",67,574.0394136548
"syn_01932",128,1364.48281608235
"syn_01932",184,2599.97031150618
"syn_01932",240,1616.81604825522
"syn_01932",266,984.002950067831
"syn_01932",358,2016.21853517843
"syn_01932",429,1714.33418765577
"syn_01932",451,1294.15702244358
"syn_01932",494,2900.76150768466
"syn_01932",518,2427.46144436831
"syn_01939",171,33.1721175502063
"syn_01940",458,58.4522671147971
"syn_01941",367,50.4719436305454
"syn_01942",380,127.611041361404
"syn_01943",99,13.2852231767705
"syn_01944",343,72.2151040475038
"syn_01945",125,138.093830109633
"syn_01946",291,396.294579083818
"syn_01947",257,880.437003668349
"syn_01948",483,285.10888897087
"syn_01949",409,443.273841618162
"syn_01950",513,393.28515557108
"syn_01951",261,606.140821845642
"syn_01952",381,1828.34338120829
"syn_01953",479,1571.01519250068
"syn_01954",453,926.590863633928
"syn_01955",492,1537.12536624993
"syn_01956",509,1109.16627815483
"syn_01957",107,39.7382908597161
"syn_01957",204,70.7263120365263
"syn_01957",237,120.066167514737
"syn_01957",517,44.8427755343003
"syn_01958",117,51.2709885073276
"syn_01958",245,81.1537236446484
"syn_01958",284,59.3092955128035
"syn_01958",507,24.1108341682869
"syn_01959",106,73.1133969823089
"syn_01959",158,38.6346656727028
"syn_01959",189,52.6433211455063
"syn_01959",356,62.6263346311779
"syn_01960",73,99.7557460825395
"syn_01960",111,57.9638534774492
"syn_01960",138,71.2523683793944
"syn_01960",302,40.5388012166424
"syn_01961",121,39.7603660134877
"syn_01961",214,82.699311227953
"syn_01961",370,18.6118303748938
"syn_01961",413,96.1769303569117
"syn_01962",161,37.947204701796
"syn_01962",245,55.4814229139932
"syn_01962",274,80.3192954149638
"syn_01962",344,69.8248454145882
"syn_01963",111,320.273903821899
"syn_01963",164,212.168492230508
"syn_01963",184,342.534833432121
"syn_01963",534,353.784457027781
"syn_01964",197,341.666618544981
"syn_01964",273,287.992936867618
"syn_01964",410,510.049086076675
"syn_01964",440,144.046431152562
"syn_01965",222,257.220588644824
"syn_01965",271,127.350485213482
"syn_01965",344,118.988417315152
"syn_01965",534,148.324611068612
"syn_01966",122,130.792973320909
"syn_01966",279,274.741198673486
"syn_01966",347,313.90818689742
"syn_01966",476,323.161409066015
"syn_01967",151,231.98918363775
"syn_01967",185,432.127961317192
"syn_01967",401,317.4062415997
"syn_01967",425,427.279564893232
"syn_01968",98,360.357213908018
"syn_01968",139,371.223482811691
"syn_01968",170,253.467422472882
"syn_01968",312,295.61859016241
"syn_01969",158,567.539328322201
"syn_01969",325,1610.19500995214
"syn_01969",354,754.946236445877
"syn_01969",413,678.707068555667
"syn_01970",279,2251.77846317249
"syn_01970",351,1662.7626287733
"syn_01970",404,1575.79512380087
"syn_01970",432,1322.07330603097
"syn_01971",123,1452.58636236746
"syn_01971",388,839.694599494391
"syn_01971",460,1807.94722432212
"syn_01971",504,1700.14839499937
"syn_01972",62,3545.74643071143
"syn_01972",277,2897.44405081235
"syn_01972",415,1120.96876240222
"syn_01972",505,1752.82749272755
"syn_01973",268,1458.31632655111
"syn_01973",320,1141.6067623522
"syn_01973",415,2141.51396776377
"syn_01973",443,757.085754440416
"syn_01974",135,1717.01917601227
"syn_01974",206,794.307937106974
"syn_01974",226,1111.57108939456
"syn_01974",358,1805.59632367893
"syn_01975",94,34.8498156317906
"syn_01975",121,79.703523264467
"syn_01975",171,70.5900402130779
"syn_01975",226,24.7679947110691
"syn_01975",266,38.0271563135682
"syn_01975",389,52.3951988120802
"syn_01975",437,40.0906390514351
"syn_01975",460,70.7121816477478
"syn_01975",493,10.1050517713997
"syn_01975",527,40.6814468472342
"syn_01976",81,42.4343364510652
"syn_01976",116,30.6576866461124
"syn_01976",161,84.5905815766971
"syn_01976",198,37.2065077566694
"syn_01976",285,36.0295476612344
"syn_01976",374,54.7480555661747
"syn_01976",394,47.9209208367964
"syn_01976",427,61.9913105510865
"syn_01976",457,42.4993156287946
"syn_01976",492,52.7580583699765
"syn_01977",94,47.6260054020835
"syn_01977",119,35.0616321423517
"syn_01977",165,87.4974618444229
"syn_01977",200,41.8972271828256
"syn_01977",237,62.1999842024324
"syn_01977",270,86.7761449893465
"syn_01977",303,41.4445034305851
"syn_01977",359,28.6559528980033
"syn_01977",400,42.7560012987111
"syn_01977",452,43.7344192049556
"syn_01978",65,60.1876420344563
"syn_01978",110,37.3325722003739
"syn_01978",152,105.634698324024
"syn_01978",173,56.1152975275966
"syn_01978",220,15.7650439234784
"syn_01978",259,27.4979570109924
"syn_01978",371,123.577638091253
"syn_01978",397,49.4641541781175
"syn_01978",467,39.4020778800954
"syn_01978",493,34.7267437975672
"syn_01979",65,39.3104530860481
"syn_01979",100,120.806113214336
"syn_01979",141,34.5137131658147
"syn_01979",217,34.6130403117413
"syn_01979",247,33.1499097055145
"syn_01979",295,36.526181430114
"syn_01979",429,48.0837469677066
"syn_01979",472,31.5781609328884
"syn_01979",498,102.942931523011
"syn_01979",523,17.577212772167
"syn_01980",105,89.058076198061
"syn_01980",145,66.4844080004421
"syn_01980",171,63.6235032170598
"syn_01980",216,66.6244427769102
"syn_01980",238,63.3269037213967
"syn_01980",261,75.5614024309828
"syn_01980",338,36.0736119991642
"syn_01980",461,35.7131478419835
"syn_01980",483,49.1467441311356
"syn_01980",507,20.0775034318862
"syn_01981",82,380.291983120769
"syn_01981",120,251.136028222135
"syn_01981",146,124.539768241217
"syn_01981",229,211.731346960084
"syn_01981",262,693.148211064559
"syn_01981",317,162.46932408002
"syn_01981",342,214.210634378613
"syn_01981",411,266.220115192411
"syn_01981",482,387.285891175231
"syn_01981",540,684.317401294917
"syn_01982",78,206.948900026276
"syn_01982",147,106.556423918389
"syn_01982",197,458.471289103174
"syn_01982",227,336.64989858415
"syn_01982",255,193.537774338801
"syn_01982",281,203.061278530757
"syn_01982",344,667.817157433075
"syn_01982",403,189.784872272658
"syn_01982",474,314.007563806436
"syn_01982",530,299.709101024667
"syn_01983",68,364.838088712525
"syn_01983",90,313.649589447184
"syn_01983",116,323.905035414204
"syn_01983",137,120.290902322047
"syn_01983",181,315.212627485369
"syn_01983",227,94.1459978379911
"syn_01983",334,267.776830103874
"syn_01983",398,189.922220024987
"syn_01983",418,115.780849762938
"syn_01983",533,348.778209012091
"syn_01984",81,387.807773681126
"syn_01984",109,200.549253991417
"syn_01984",142,177.785883787558
"syn_01984",229,436.530262938007
"syn_01984",250,613.769284756233
"syn_01984",326,148.889692400517
"syn_01984",421,451.409864345943
"syn_01984",451,297.136128725899
"syn_01984",474,286.348253708702
"syn_01984",522,942.825220141616
"syn_01985",67,577.61737402937
"syn_01985",121,161.652821191486
"syn_01985",176,471.881312906073
"syn_01985",205,142.776905196579
"syn_01985",233,291.467982420752
"syn_01985",281,199.292946361525
"syn_01985",324,262.383387513793
"syn_01985",355,120.964471787452
"syn_01985",438,802.980959191519
"syn_01985",499,233.588943975548
"syn_01986",116,539.107060512199
"syn_01986",137,337.488312541833
"syn_01986",172,207.003776524677
"syn_01986",233,217.282410222326
"syn_01986",256,389.310075187702
"syn_01986",278,135.958734314947
"syn_01986",352,201.86911131371
"syn_01986",417,305.039985021456
"syn_01986",442,583.001139607591
"syn_01986",521,172.423985318797
"syn_01987",80,981.993040734741
"syn_01987",108,1061.27602048885
"syn_01987",200,2139.11261831398
"syn_01987",230,1024.06317075789
"syn_01987",286,555.369879507726
"syn_01987",324,1195.37072796416
"syn_01987",350,1446.89541828796
"syn_01987",402,1480.50803522003
"syn_01987",432,2336.90394950809
"syn_01987",506,1516.89099206072
"syn_01988",64,1057.19603985121
"syn_01988",109,2618.08827171664
"syn_01988",135,1378.4200242553
"syn_01988",239,1523.91106898595
"syn_01988",279,1317.72604437715
"syn_01988",341,1500.63955698541
"syn_01988",362,2010.35710836019
"syn_01988",389,1364.22492830262
"syn_01988",518,2697.3612049046
"syn_01988",539,3899.8263674412
"syn_01989",64,675.148467692585
"syn_01989",186,1842.11623696818
"syn_01989",224,1385.49226824258
"syn_01989",258,1647.78458263696
"syn_01989",320,795.21315664177
"syn_01989",391,606.753140603969
"syn_01989",430,1545.96824422789
"syn_01989",460,922.913537579582
"syn_01989",494,2836.12347927248
"syn_01989",538,885.619061245735
"syn_01990",66,1298.88005236846
"syn_01990",100,2444.57539815298
"syn_01990",198,820.047506739813
"syn_01990",257,1383.84913413757
"syn_01990",319,3476.72528332122
"syn_01990",351,1302.10882560396
"syn_01990",375,1902.42183951992
"syn_01990",401,1520.58519474433
"syn_01990",464,494.72340323664
"syn_01990",529,2709.97260150644
"syn_01991",71,1489.3744262235
"syn_01991",110,622.46683933505
"syn_01991",138,2289.61119071032
"syn_01991",191,897.694668355981
"syn_01991",220,3784.26120601076
"syn_01991",247,514.852545861811
"syn_01991",269,776.889982035911
"syn_01991",304,1935.07146413988
"syn_01991",362,2106.72179790435
"syn_01991",478,999.889233450137
"syn_01992",128,440.294371604274
"syn_01992",173,1599.05248900423
"syn_01992",200,911.038989568578
"syn_01992",232,2418.3246895656
"syn_01992",281,2703.76727517622
"syn_01992",308,769.269091045922
"syn_01992",372,1761.02991418634
"syn_01992",419,1610.22348085138
"syn_01992",497,610.071210758811
"syn_01992",531,1061.04224068309
"syn_01993",444,38.9835883313025
"syn_01994",350,29.3751421918156
"syn_01995",293,36.774140491596
"syn_01996",92,99.8871177172405
"syn_01997",413,24.7705685411745
"syn_01998",130,24.0941675653228
"syn_01999",485,505.888179639235
"syn_02000",69,363.237678096637
"syn_02001",487,346.657919482842
"syn_02002",383,367.951379635137
"syn_02003",319,258.900866604362
"syn_02004",468,117.216077790337
"syn_02005",276,936.241758350878
"syn_02006",219,512.96221146377
"syn_02007",350,1207.39726103191
"syn_02008",63,1490.6802232814
"syn_02009",422,780.974648620672
"syn_02010",162,1259.99784987424
"syn_02011",153,48.4667517788614
"syn_02011",273,31.7190326971139
"syn_02011",332,53.5592760963139
"syn_02011",513,59.828763405204
"syn_02012",210,28.9699485479315
"syn_02012",308,21.1211678649225
"syn_02012",332,65.9518925604947
"syn_02012",492,131.065225984439
"syn_02013",278,46.741535303281
"syn_02013",369,66.8456212755517
"syn_02013",406,72.0604978932318
"syn_02013",483,27.6220096711261
"syn_02014",207,60.9849299539917
"syn_02014",302,91.7635384510219
"syn_02014",339,44.5012156258347
"syn_02014",378,84.4294144642585
"syn_02015",180,75.0921346078439
"syn_02015",250,23.0652144853315
"syn_02015",313,24.355817593452
"syn_02015",434,50.2832792185836
"syn_02016",115,20.8807656025498
"syn_02016",201,33.984137615658
"syn_02016",380,37.2261684170457
"syn_02016",438,42.585929796159
"syn_02017",160,188.833699283072
"syn_02017",188,221.707308020307
"syn_02017",393,318.318536575171
"syn_02017",468,329.000345237861
"syn_02018",87,196.647799977577
"syn_02018",332,292.094052739687
"syn_02018",369,492.107674673479
"syn_02018",461,250.402544823139
"syn_02019",203,809.668955322005
"syn_02019",245,238.247135811652
"syn_02019",403,291.477882124554
"syn_02019",431,234.759297753007
"syn_02020",103,175.024318705505
"syn_02020",138,381.175891523193
"syn_02020",230,261.737881710361
"syn_02020",504,238.84384690803
"syn_02021",96,176.53428173146
"syn_02021",146,214.035068848223
"syn_02021",306,159.409015340075
"syn_02021",391,147.194573797146
"syn_02022",267,232.094787297227
"syn_02022",405,808.504024409559
"syn_02022",445,450.770951096152
"syn_02022",482,796.162280553453
"syn_02023",286,922.790161345895
"syn_02023",310,937.98094383394
"syn_02023",385,823.4205927294
"syn_02023",448,781.26718948211
"syn_02024",80,1412.48583854083
"syn_02024",124,1371.44780410892
"syn_02024",335,1815.84412298231
"syn_02024",397,824.550877168048
"syn_02025",190,1351.60138750966
"syn_02025",215,2136.55336117509
"syn_02025",301,1195.50953558921
"syn_02025",459,1384.89282872015
"syn_02026",232,2191.80594433929
"syn_02026",254,781.251260894094
"syn_02026",321,632.71441244684
"syn_02026",521,2529.9167217294
"syn_02027",171,4042.97690641195
"syn_02027",339,1474.50508677688
"syn_02027",381,2292.12019852578
"syn_02027",536,1253.42942745164
"syn_02028",87,778.851942844257
"syn_02028",144,796.631702069962
"syn_02028",310,1409.85681082827
"syn_02028",406,2093.54961981719
"syn_02029",62,68.648914180984
"syn_02029",91,39.1201199720893
"syn_02029",120,96.4224932554983
"syn_02029",191,114.736356702697
"syn_02029",311,43.2070197832648
"syn_02029",410,47.2616657756836
"syn_02029",436,80.0265466599885
"syn_02029",479,23.1005864054028
"syn_02029",503,54.1677836110007
"syn_02029",535,35.0271775774812
"syn_02030",70,11.7713747819794
"syn_02030",113,90.8980812487397
"syn_02030",137,64.4166636912369
"syn_02030",163,47.4605698839218
"syn_02030",240,59.1534206631798
"syn_02030",312,20.1890063442681
"syn_02030",341,52.0419657999599
"syn_02030",367,30.782419140856
"syn_02030",471,74.7396403552942
"syn_02030",537,23.1067989729406
"syn_02031",73,23.0617419904045
"syn_02031",120,35.1465913275111
"syn_02031",143,49.1232714640896
"syn_02031",169,46.8733797410542
"syn_02031",271,70.5794490844266
"syn_02031",299,64.8019968802077
"syn_02031",324,9.92878035122819
"syn_02031",412,54.3252077171427
"syn_02031",444,49.4493039433839
"syn_02031",520,77.9691503563093
"syn_02032",179,56.0636901697805
"syn_02032",214,16.1402088540713
"syn_02032",251,104.338720917256
"syn_02032",285,39.8338791053352
"syn_02032",339,79.7375324031918
"syn_02032",365,127.594542663786
"syn_02032",390,37.0249062903881
"syn_02032",417,64.8713194267183
"syn_02032",466,64.9726758026729
"syn_02032",508,84.4156581831249
"syn_02033",87,193.625958295948
"syn_02033",147,47.8667516364703
"syn_02033",175,66.8972221377822
"syn_02033",226,116.538429047094
"syn_02033",248,41.3476740569399
"syn_02033",295,28.4710681625989
"syn_02033",326,33.8398959031452
"syn_02033",407,18.2464031482154
"syn_02033",474,102.247048521368
"syn_02033",525,47.7076344526177
"syn_02034",69,24.448753390068
"syn_02034",107,62.7037337693252
"syn_02034",166,41.5788324705084
"syn_02034",194,20.4110372245256
"syn_02034",224,54.0778929323965
"syn_02034",249,25.3032011970699
"syn_02034",311,49.6595064873782
"syn_02034",342,57.0720435431146
"syn_02034",426,59.1752487924335
"syn_02034",494,51.6868964853989
"syn_02035",77,194.309308708425
"syn_02035",111,146.42782203914
"syn_02035",164,204.529907148403
"syn_02035",203,151.783128841633
"syn_02035",229,378.203662977825
"syn_02035",253,290.334591962872
"syn_02035",306,138.842942917709
"syn_02035",359,325.943682744735
"syn_02035",489,451.96266302794
"syn_02035",516,84.3276721867156
"syn_02036",118,287.753456533346
"syn_02036",138,127.492474127673
"syn_02036",169,348.502270668732
"syn_02036",193,117.225346867959
"syn_02036",230,278.024918282132
"syn_02036",320,511.202988845607
"syn_02036",348,249.639637097582
"syn_02036",375,357.865498426459
"syn_02036",458,325.813724626229
"syn_02036",480,315.558048942195
"syn_02037",88,149.69392237428
"syn_02037",192,252.289752211838
"syn_02037",233,179.336882465682
"syn_02037",257,393.919502153742
"syn_02037",292,287.379727207958
"syn_02037",373,393.312219335642
"syn_02037",433,392.628470029052
"syn_02037",480,511.769752245807
"syn_02037",509,146.565269662315
"syn_02037",537,190.873485808813
"syn_02038",96,204.206928103557
"syn_02038",135,129.399000564288
"syn_02038",158,277.831954507195
"syn_02038",184,101.24181413269
"syn_02038",204,238.769124503538
"syn_02038",312,132.528800526419
"syn_02038",342,659.564563429224
"syn_02038",436,312.578150932521
"syn_02038",464,228.095366892001
"syn_02038",503,282.786837982975
"syn_02039",94,377.933617613469
"syn_02039",125,288.522726484534
"syn_02039",167,302.442970743076
"syn_02039",197,211.923392188567
"syn_02039",253,211.591989878633
"syn_02039",300,182.896003244172
"syn_02039",342,144.628892169029
"syn_02039",400,281.693018174208
"syn_02039",440,114.376171075593
"syn_02039",472,321.549975458112
"syn_02040",131,275.207676406996
"syn_02040",192,222.252289789698
"syn_02040",233,178.900003352382
"syn_02040",281,417.128263923296
"syn_02040",319,257.191654066434
"syn_02040",343,401.623681464555
"syn_02040",386,641.795319638884
"syn_02040",455,305.333554559782
"syn_02040",485,256.517589772114
"syn_02040",519,165.918421806259
"syn_02041",178,488.587286201706
"syn_02041",261,970.805540313936
"syn_02041",282,535.173723669805
"syn_02041",341,867.20252463469
"syn_02041",363,1996.86087256281
"syn_02041",394,888.730785134553
"syn_02041",421,1248.72434736442
"syn_02041",453,743.486790596949
"syn_02041",482,3155.54688398581
"syn_02041",531,447.520740373952
"syn_02042",70,1257.43306136425
"syn_02042",93,867.385367570669
"syn_02042",170,1376.26564153595
"syn_02042",208,1664.62949726799
"syn_02042",235,913.507679912682
"syn_02042",278,1392.14536518855
"syn_02042",303,2577.82321099981
"syn_02042",323,770.233974061262
"syn_02042",366,891.58007296652
"syn_02042",521,2270.8032136435
"syn_02043",69,577.34360590532
"syn_02043",165,1456.05022403774
"syn_02043",195,851.800833373154
"syn_02043",241,1058.09853713171
"syn_02043",325,1473.6073734997
"syn_02043",365,709.2721282122
"syn_02043",408,742.710761993947
"syn_02043",464,1280.82212233186
"syn_02043",486,2372.27999846658
"syn_02043",538,1593.63491886144
"syn_02044",112,2309.49356971745
"syn_02044",138,2093.05214085653
"syn_02044",182,1596.89530605265
"syn_02044",220,1545.93881853628
"syn_02044",317,1271.86006922705
"syn_02044",344,545.538273745769
"syn_02044",401,1935.76794650898
"syn_02044",435,1567.22642760384
"syn_02044",504,2573.5589351372
"syn_02044",532,1049.48866542434
"syn_02045",122,3025.55848464939
"syn_02045",147,1784.25575118727
"syn_02045",275,1073.42383439086
"syn_02045",301,1771.11483350486
"syn_02045",335,4744.87792692553
"syn_02045",373,756.125441316381
"syn_02045",405,749.773543376389
"syn_02045",445,967.147743873065
"syn_02045",476,699.032713102228
"syn_02045",504,2814.01069500913
"syn_02046",82,764.04062681678
"syn_02046",129,929.297234686988
"syn_02046",189,1189.83103712703
"syn_02046",215,1700.13023310859
"syn_02046",270,1986.28117817936
"syn_02046",297,434.439200997082
"syn_02046",352,935.921390637827
"syn_02046",386,817.570576059328
"syn_02046",408,2548.62698075329
"syn_02046",533,1177.88180742265
"syn_02053",145,27.2649220830782
"syn_02054",376,57.6760964025218
"syn_02055",518,50.258724423172
"syn_02056",113,68.3241540364456
"syn_02057",379,48.2688524804319
"syn_02058",68,50.9615186828264
"syn_02059",464,319.274520092364
"syn_02060",500,365.424234556402
"syn_02061",155,193.450733385119
"syn_02062",167,250.274320357323
"syn_02063",133,229.762388806735
"syn_02064",429,154.468540750307
"syn_02065",474,1089.36583942153
"syn_02066",287,1835.67608330538
"syn_02067",69,4089.39838754523
"syn_02068",121,442.361321712606
"syn_02069",335,2268.84568359711
"syn_02070",540,802.346756414331
"syn_02071",110,46.3185243999008
"syn_02071",133,26.326892861289
"syn_02071",223,41.3359932845416
"syn_02071",447,69.9003039303916
"syn_02072",95,36.9218330081509
"syn_02072",201,57.0938402485104
"syn_02072",381,64.7269257389651
"syn_02072",443,24.4416251714989
"syn_02073",84,49.3448980893665
"syn_02073",353,35.3065469218219
"syn_02073",471,21.0760181840536
"syn_02073",494,32.4775331045499
"syn_02074",248,163.797971567538
"syn_02074",302,48.0860883037637
"syn_02074",376,19.8806051895686
"syn_02074",505,56.4405519499102
"syn_02075",185,89.7831351516031
"syn_02075",296,54.7554891198684
"syn_02075",486,79.4461306102221
"syn_02075",513,41.5652430598207
"syn_02076",63,27.7792897129057
"syn_02076",142,41.535034263951
"syn_02076",345,50.8364084931036
"syn_02076",461,27.2162262412889
"syn_02077",138,393.749940620956
"syn_02077",230,198.359230013666
"syn_02077",270,319.406256841731
"syn_02077",476,220.988587063548
"syn_02078",95,257.519542811282
"syn_02078",275,292.79450179609
"syn_02078",340,89.7527241535217
"syn_02078",485,639.684656571832
"syn_02079",222,151.778673910495
"syn_02079",243,887.165546268341
"syn_02079",343,204.277150385486
"syn_02079",444,130.340401556499
"syn_02080",182,186.627356399103
"syn_02080",218,100.692791633799
"syn_02080",360,300.639505593408
"syn_02080",395,615.832113987593
"syn_02081",216,69.3070760782436
"syn_02081",304,261.061703243202
"syn_02081",452,503.362646879847
"syn_02081",491,163.664642386485
"syn_02082",66,353.78437857512
"syn_02082",192,353.295538840911
"syn_02082",333,166.010032116193
"syn_02082",440,185.252079293128
"syn_02083",234,1204.80025141232
"syn_02083",256,637.421312810367
"syn_02083",381,2000.68238807374
"syn_02083",419,1239.2111702576
"syn_02084",163,689.769139501933
"syn_02084",294,1741.57790301862
"syn_02084",476,787.892638552944
"syn_02084",536,911.996134274945
"syn_02085",150,4694.61817124829
"syn_02085",195,1859.24631960014
"syn_02085",262,586.712898156267
"syn_02085",389,2413.36349483029
"syn_02086",334,984.425889553516
"syn_02086",398,1831.27320571746
"syn_02086",476,899.880887584184
"syn_02086",504,928.625688966385
"syn_02087",111,1088.58620993882
"syn_02087",370,1502.60403512109
"syn_02087",390,2608.67377181112
"syn_02087",443,873.112033988399
"syn_02088",87,679.570198013551
"syn_02088",114,3330.44101030496
"syn_02088",183,927.22358490303
"syn_02088",215,1342.11389692093
"syn_02089",90,37.8296753443146
"syn_02089",165,56.5227745612047
"syn_02089",229,68.2147228308613
"syn_02089",264,49.5436743157704
"syn_02089",306,35.2038710461587
"syn_02089",340,54.7760024893116
"syn_02089",440,62.8539092540772
"syn_02089",476,34.9428161970897
"syn_02089",504,18.2290341584104
"syn_02089",532,64.8180768667343
"syn_02090",145,48.2394804008429
"syn_02090",196,50.6710652804167
"syn_02090",226,54.4859680396467
"syn_02090",264,60.0701944951631
"syn_02090",303,33.2879946954928
"syn_02090",339,89.574290373448
"syn_02090",437,62.5107718381031
"syn_02090",471,17.1165613846111
"syn_02090",499,12.6532420917813
"syn_02090",524,54.2547840726414
"syn_02091",83,46.7016424090145
"syn_02091",103,52.8112667293508
"syn_02091",144,32.9923651328039
"syn_02091",302,37.1643122021457
"syn_02091",326,36.0706993831472
"syn_02091",364,10.8844374934056
"syn_02091",390,35.1183717468308
"syn_02091",433,78.5603097251157
"syn_02091",482,52.9479271269961
"syn_02091",512,79.9589605654734
"syn_02092",115,73.0875028314531
"syn_02092",160,42.3659980953007
"syn_02092",227,49.0169989070012
"syn_02092",257,64.1680426165483
"syn_02092",292,61.4638714880279
"syn_02092",373,60.6442789601962
"syn_02092",406,43.6550035777697
"syn_02092",448,138.082281763485
"syn_02092",496,57.7685054941803
"syn_02092",520,33.4282267018886
"syn_02093",68,37.2793372212304
"syn_02093",98,51.6384031587005
"syn_02093",198,70.5059389351098
"syn_02093",223,53.1010069904133
"syn_02093",280,55.6257355909665
"syn_02093",307,124.930327052049
"syn_02093",372,34.2295086807104
"syn_02093",403,43.5697753844155
"syn_02093",432,26.0806041100511
"syn_02093",453,41.0314679841808
"syn_02094",63,37.4211335318684
"syn_02094",91,28.9751879857657
"syn_02094",174,26.3203879807249
"syn_02094",199,15.9914497848218
"syn_02094",221,38.9143904840049
"syn_02094",310,52.1314025622761
"syn_02094",341,28.0661357219894
"syn_02094",405,31.0502662179728
"syn_02094",483,47.5241442400757
"syn_02094",532,25.7552465928301
"syn_02095",82,534.322215142019
"syn_02095",121,172.452472806785
"syn_02095",162,337.945965340578
"syn_02095",204,184.083683134774
"syn_02095",225,169.682675540617
"syn_02095",266,561.789621928346
"syn_02095",331,312.564904298979
"syn_02095",376,241.562532315033
"syn_02095",396,241.949803982229
"syn_02095",446,344.854015864182
"syn_02096",74,256.816948094208
"syn_02096",104,267.842614528635
"syn_02096",153,371.549642920145
"syn_02096",183,360.966279834192
"syn_02096",230,237.838330759304
"syn_02096",377,369.506863047772
"syn_02096",423,147.816082589382
"syn_02096",479,301.164961705023
"syn_02096",513,298.677145629349
"syn_02096",537,172.261419456422
"syn_02097",79,152.058154064277
"syn_02097",127,240.096770862459
"syn_02097",157,189.873034854329
"syn_02097",202,361.042305838449
"syn_02097",224,149.083735627878
"syn_02097",279,523.729252974287
"syn_02097",300,219.512147057983
"syn_02097",458,449.436666771523
"syn_02097",481,179.297426674537
"syn_02097",522,335.792778790972
"syn_02098",99,185.109746980291
"syn_02098",127,237.216366588849
"syn_02098",149,245.357863545963
"syn_02098",169,292.649134920702
"syn_02098",196,210.929779099833
"syn_02098",278,324.177710597473
"syn_02098",376,263.601197371069
"syn_02098",423,286.240309025233
"syn_02098",448,400.291618474077
"syn_02098",523,150.466745845392
"syn_02099",87,258.901310053144
"syn_02099",137,246.706333408293
"syn_02099",183,218.220007779927
"syn_02099",366,234.420064539949
"syn_02099",389,396.816357443335
"syn_02099",411,213.025931382655
"syn_02099",440,219.471822092673
"syn_02099",460,154.933332362289
"syn_02099",486,300.379073179543
"syn_02099",537,159.465792892583
"syn_02100",104,273.00140665803
"syn_02100",150,174.951740375207
"syn_02100",172,226.128863528702
"syn_02100",198,235.696652560372
"syn_02100",243,271.45052692744
"syn_02100",270,146.513747068826
"syn_02100",308,205.568178323453
"syn_02100",421,292.044487305891
"syn_02100",504,270.372667053482
"syn_02100",533,308.524033422003
"syn_02101",161,2536.87000841039
"syn_02101",248,1184.24605392999
"syn_02101",278,1696.93506088156
"syn_02101",300,1827.8170407177
"syn_02101",322,1789.95019054896
"syn_02101",351,1002.12245891083
"syn_02101",371,1293.96146284016
"syn_02101",478,1187.44644073936
"syn_02101",507,1857.31253361588
"syn_02101",531,1244.75849155625
"syn_02102",78,921.187599485951
"syn_02102",120,2652.12661814944
"syn_02102",164,684.682480287752
"syn_02102",185,849.241873661342
"syn_02102",249,777.038582941432
"syn_02102",325,1220.89191528165
"syn_02102",359,1804.13566044325
"syn_02102",422,2929.3825363894
"syn_02102",481,1243.64644786895
"syn_02102",522,2205.57732243878
"syn_02103",89,1130.94778208019
"syn_02103",144,815.942540240278
"syn_02103",190,1193.25677497758
"syn_02103",263,959.323043937793
"syn_02103",293,790.001644062496
"syn_02103",316,590.928354650663
"syn_02103",375,554.729487810389
"syn_02103",397,904.560763978648
"syn_02103",452,1261.94004675705
"syn_02103",513,795.392305748378
"syn_02104",71,3312.87546088057
"syn_02104",131,781.641690192456
"syn_02104",186,1968.6493903389
"syn_02104",234,930.235639141188
"syn_02104",288,1543.45410893887
"syn_02104",310,1322.0411953391
"syn_02104",353,552.952806420652
"syn_02104",415,1506.83751379571
"syn_02104",474,2307.29283653913
"syn_02104",509,1316.55820304564
"syn_02105",78,1209.3633716291
"syn_02105",142,1832.97950694268
"syn_02105",192,1037.89720042881
"syn_02105",233,2001.87303986843
"syn_02105",278,1270.36059188932
"syn_02105",311,844.212582214455
"syn_02105",419,407.536645869289
"syn_02105",445,320.00714900328
"syn_02105",466,2611.98669531826
"syn_02105",529,840.111450902695
"syn_02106",76,739.943172890726
"syn_02106",110,1152.88029418063
"syn_02106",197,727.004649824936
"syn_02106",243,1868.09996998664
"syn_02106",275,2149.52792745641
"syn_02106",314,1228.59124731246
"syn_02106",410,2432.52503858468
"syn_02106",433,820.427531689693
"syn_02106",459,1972.24448128068
"syn_02106",499,1011.15252127033
"syn_02107",278,32.3620632401164
"syn_02108",165,42.2351720988637
"syn_02109",207,52.6521086330636
"syn_02110",187,34.2767633474217
"syn_02111",492,106.404220073974
"syn_02112",168,88.0467693392237
"syn_02113",336,236.751604901148
"syn_02114",332,217.704405964023
"syn_02115",288,401.946693197247
"syn_02116",172,294.310106012075
"syn_02117",407,374.689596342742
"syn_02118",88,130.987500997931
"syn_02119",183,472.268668852721
"syn_02120",448,2686.14784072798
"syn_02121",182,909.859934968919
"syn_02122",339,802.327133454213
"syn_02123",281,1084.71281553747
"syn_02124",320,3046.89736918233
"syn_02125",64,22.7736648530754
"syn_02125",282,28.0973047804108
"syn_02125",413,79.7098980162961
"syn_02125",491,44.9976527138987
"syn_02126",286,46.2273912707038
"syn_02126",334,42.1311088321677
"syn_02126",398,24.474427338725
"syn_02126",479,105.093233819956
"syn_02127",99,41.8375985183596
"syn_02127",119,47.9530402976082
"syn_02127",174,41.0211837081878
"syn_02127",402,22.2285456944158
"syn_02128",129,25.9221685225698
"syn_02128",214,39.7468193362844
"syn_02128",263,31.6393734232295
"syn_02128",390,69.3836246640031
"syn_02129",154,31.705152176
"syn_02129",294,56.8957217460901
"syn_02129",372,53.0790734040628
"syn_02129",453,39.6272797412656
"syn_02130",238,66.9685191869266
"syn_02130",400,100.393140571829
"syn_02130",426,39.5697916430755
"syn_02130",486,50.028690220574
"syn_02131",101,294.757483767697
"syn_02131",170,266.559819652047
"syn_02131",370,126.822137043209
"syn_02131",454,278.114153376726
"syn_02132",109,432.417337436388
"syn_02132",202,133.987969298689
"syn_02132",229,195.29567644409
"syn_02132",407,317.581456591592
"syn_02133",79,154.204174014545
"syn_02133",202,545.509460798922
"syn_02133",310,275.978223379658
"syn_02133",486,299.202288510805
"syn_02134",141,187.188354055113
"syn_02134",206,290.01343507718
"syn_02134",308,202.466471541959
"syn_02134",382,255.473005182058
"syn_02135",84,354.416501282717
"syn_02135",209,194.74377992642
"syn_02135",411,267.130826229025
"syn_02135",459,337.115660571375
"syn_02136",122,567.122385167189
"syn_02136",186,422.470196134455
"syn_02136",217,139.956719427406
"syn_02136",358,318.784827370337
"syn_02137",177,754.24599013752
"syn_02137",339,2508.64370839803
"syn_02137",397,821.680263610041
"syn_02137",464,1094.8265506665
"syn_02138",180,1482.85450837433
"syn_02138",244,2305.50318480782
"syn_02138",303,2338.21471517128
"syn_02138",396,1986.41229892663
"syn_02139",71,2767.88309771118
"syn_02139",254,1923.70807402851
"syn_02139",376,1120.76761539383
"syn_02139",416,929.373033140721
"syn_02140",76,980.028193269455
"syn_02140",144,2648.63442237847
"syn_02140",347,1554.66720826982
"syn_02140",468,872.169628297042
"syn_02141",73,1018.11203335664
"syn_02141",169,1151.58420636901
"syn_02141",202,2479.50917687027
"syn_02141",313,2552.57402992461
"syn_02142",109,4824.91140600266
"syn_02142",168,1012.10355880788
"syn_02142",227,1213.69061086524
"syn_02142",325,2610.96577299061
"syn_02143",77,130.875627597205
"syn_02143",101,35.9947812538677
"syn_02143",125,28.5529645448232
"syn_02143",202,44.6924402852913
"syn_02143",236,33.4719076431165
"syn_02143",345,73.6133288589624
"syn_02143",393,109.008652591454
"syn_02143",413,52.9824313584732
"syn_02143",459,28.3018198962145
"syn_02143",495,34.9147738134249
"syn_02144",120,37.9052190050504
"syn_02144",150,43.0992921667456
"syn_02144",215,39.185247722821
"syn_02144",262,20.783281286254
"syn_02144",323,35.0238940960769
"syn_02144",382,39.3787912487266
"syn_02144",413,87.0511920889433
"syn_02144",434,45.6978595782044
"syn_02144",489,52.1310608535847
"syn_02144",527,37.8855694007211
"syn_02145",88,30.5906651205359
"syn_02145",119,30.785363516155
"syn_02145",160,60.2455279161965
"syn_02145",196,78.9509609025671
"syn_02145",344,112.449702574257
"syn_02145",366,61.2282547309719
"syn_02145",387,33.1490093528609
"syn_02145",472,31.6072099473288
"syn_02145",507,26.9903814573447
"syn_02145",538,34.1528830715008
"syn_02146",110,19.7756728740044
"syn_02146",142,116.242747158167
"syn_02146",202,15.361897278576
"syn_02146",230,32.2030685157379
"syn_02146",259,34.6527386918242
"syn_02146",281,51.4493292984942
"syn_02146",308,16.6713794690832
"syn_02146",379,41.8277029223557
"syn_02146",399,56.5927517060021
"syn_02146",438,83.9936114340449
"syn_02147",108,51.5956014424561
"syn_02147",128,26.2488485061793
"syn_02147",150,80.6729089644314
"syn_02147",179,37.0561011075435
"syn_02147",208,18.7531746549329
"syn_02147",318,23.89080164027
"syn_02147",358,138.202847697027
"syn_02147",392,50.0583073558917
"syn_02147",464,33.8914656249637
"syn_02147",488,39.9649337625586
"syn_02148",76,68.4212305161664
"syn_02148",123,37.5456604667155
"syn_02148",149,48.7580984572787
"syn_02148",213,24.6737922135982
"syn_02148",236,36.9997763362564
"syn_02148",302,86.4254711998938
"syn_02148",331,43.9717383148857
"syn_02148",380,66.219971619011
"syn_02148",409,56.1511373405874
"syn_02148",527,21.4072866461301
"syn_02149",76,251.089588861189
"syn_02149",100,432.928261521423
"syn_02149",134,356.266110275839
"syn_02149",204,224.630988403453
"syn_02149",291,245.572494414842
"syn_02149",360,523.50023023603
"syn_02149",394,245.442698547747
"syn_02149",463,212.252835954421
"syn_02149",509,481.047468874479
"syn_02149",531,93.1990665426813
"syn_02150",64,306.159073148031
"syn_02150",123,867.302765123399
"syn_02150",188,179.476689163058
"syn_02150",208,273.536809545603
"syn_02150",228,730.470381572393
"syn_02150",346,127.758944550566
"syn_02150",388,418.396631338691
"syn_02150",417,189.787653788727
"syn_02150",440,522.87692754531
"syn_02150",477,429.454932520352
"syn_02151",76,203.752859255295
"syn_02151",195,433.576660761371
"syn_02151",232,272.880988185838
"syn_02151",274,185.474105992887
"syn_02151",340,299.521443187967
"syn_02151",395,219.979626191294
"syn_02151",420,288.755905072809
"syn_02151",452,763.414552262041
"syn_02151",486,249.636224833814
"syn_02151",526,441.881258834848
"syn_02152",64,486.371279060784
"syn_02152",110,178.505881516688
"syn_02152",175,290.50851195688
"syn_02152",216,253.592941749082
"syn_02152",344,746.759931889451
"syn_02152",388,218.618243329805
"syn_02152",423,254.313490777624
"syn_02152",476,192.260750902333
"syn_02152",510,214.851229699846
"syn_02152",534,207.232128761703
"syn_02153",118,568.407755701223
"syn_02153",185,303.211194146512
"syn_02153",232,258.675701131896
"syn_02153",261,210.426311187965
"syn_02153",294,126.654418008185
"syn_02153",404,151.739756668866
"syn_02153",439,677.013988469018
"syn_02153",467,266.168919728403
"syn_02153",495,203.970305838476
"syn_02153",539,458.862436481316
"syn_02154",154,223.685323428898
"syn_02154",208,163.29758370857
"syn_02154",272,209.450183884212
"syn_02154",295,390.628076463518
"syn_02154",336,158.59708693905
"syn_02154",368,175.826758866502
"syn_02154",395,332.007399212204
"syn_02154",421,185.847994792734
"syn_02154",478,214.873854801876
"syn_02154",523,422.56721064241
"syn_02155",107,4407.90060003568
"syn_02155",151,2379.42926153631
"syn_02155",175,926.322903813615
"syn_02155",255,1603.93943790632
"syn_02155",280,2102.34218842683
"syn_02155",352,1012.99859699659
"syn_02155",419,1068.38119185357
"syn_02155",486,3277.23219335677
"syn_02155",515,1117.30907891031
"syn_02155",535,2197.94763178579
"syn_02156",97,1599.71009434997
"syn_02156",231,2558.47938017022
"syn_02156",269,1368.87395293836
"syn_02156",337,2573.21867982211
"syn_02156",369,1452.64524531124
"syn_02156",412,1796.91792114112
"syn_02156",443,687.168871077424
"syn_02156",475,2764.55913268351
"syn_02156",496,1195.9066194451
"syn_02156",521,1485.33382893338
"syn_02157",87,1655.53742326963
"syn_02157",119,779.607156609147
"syn_02157",159,1216.56943948706
"syn_02157",191,2293.49074741439
"syn_02157",235,1316.99370443378
"syn_02157",371,768.554719907346
"syn_02157",421,1540.52635501383
"syn_02157",449,2770.10305970744
"syn_02157",487,902.49506055775
"syn_02157",513,902.878484397517
"syn_02158",61,1211.9845087847
"syn_02158",106,1300.49979334211
"syn_02158",160,1604.4993528114
"syn_02158",231,1743.66460615064
"syn_02158",295,1402.36556538728
"syn_02158",340,1383.00342195231
"syn_02158",363,1621.39425966606
"syn_02158",424,2760.67915695036
"syn_02158",448,552.571980604174
"syn_02158",490,891.592726447053
"syn_02159",65,1368.78539519154
"syn_02159",91,1508.71426196933
"syn_02159",148,936.09885903682
"syn_02159",223,1698.67403797857
"syn_02159",267,1262.61537203644
"syn_02159",306,695.861676970536
"syn_02159",332,1372.66639013295
"syn_02159",375,1346.61120358045
"syn_02159",441,1386.47406443508
"syn_02159",533,1049.3803385446
"syn_02160",88,2594.28983665138
"syn_02160",142,1033.59103980581
"syn_02160",186,1467.40923255509
"syn_02160",245,691.750093040571
"syn_02160",267,1633.326301173
"syn_02160",292,1202.44738914053
"syn_02160",313,1444.56559309474
"syn_02160",395,1053.26347006419
"syn_02160",420,1287.53576211423
"syn_02160",441,1202.69967632124
"syn_02167",209,46.1108687986963
"syn_02168",468,59.5854962668342
"syn_02169",93,42.6903591799805
"syn_02170",313,20.636368574032
"syn_02171",294,40.557756359196
"syn_02172",273,53.0350161451704
"syn_02173",496,473.402389262401
"syn_02174",536,151.041086798539
"syn_02175",374,266.191404081205
"syn_02176",361,242.932490672282
"syn_02177",216,131.608666697548
"syn_02178",223,145.652404389299
"syn_02179",203,1239.07251765221
"syn_02180",257,1759.86515636163
"syn_02181",158,1671.00837237859
"syn_02182",397,1542.27842727743
"syn_02183",126,757.936406184449
"syn_02184",78,2929.16601507068
"syn_02185",104,130.934866322824
"syn_02185",134,126.42937504622
"syn_02185",249,61.3065096126551
"syn_02185",467,30.5736930740256
"syn_02186",81,42.4933963881499
"syn_02186",192,71.9460292437553
"syn_02186",319,69.3109012786544
"syn_02186",410,38.2841054198319
"syn_02187",209,24.290744529609
"syn_02187",253,20.6143381784419
"syn_02187",366,73.0483826280993
"syn_02187",538,28.4631023355539
"syn_02188",161,42.500803020525
"syn_02188",341,44.3557923009458
"syn_02188",381,37.7973922368151
"syn_02188",511,108.951871652676
"syn_02189",126,113.648650792906
"syn_02189",155,47.6208530357158
"syn_02189",206,49.8159312950035
"syn_02189",285,36.5960631785166
"syn_02190",208,28.6984907921825
"syn_02190",336,37.6045457491927
"syn_02190",428,30.238302425643
"syn_02190",505,21.7984315675115
"syn_02191",165,153.359476044492
"syn_02191",305,501.107953434544
"syn_02191",402,478.195956251366
"syn_02191",461,172.669526280518
"syn_02192",104,245.648407917647
"syn_02192",174,165.13788836393
"syn_02192",216,208.28232460307
"syn_02192",254,420.00890303443
"syn_02193",174,306.941306236571
"syn_02193",248,232.815376645267
"syn_02193",359,407.326377198364
"syn_02193",483,321.239542397339
"syn_02194",158,336.073885435829
"syn_02194",324,358.743562902713
"syn_02194",411,268.513966516671
"syn_02194",467,181.19298177667
"syn_02195",70,301.43014859388
"syn_02195",146,997.274796292964
"syn_02195",360,197.566760801637
"syn_02195",418,444.886113165336
"syn_02196",78,1072.17744394111
"syn_02196",259,463.745766288105
"syn_02196",367,670.722530138574
"syn_02196",533,416.568121578394
"syn_02197",110,1473.66230469227
"syn_02197",251,1417.97437176134
"syn_02197",464,1819.83992596973
"syn_02197",498,3844.90012108571
"syn_02198",95,440.418729538901
"syn_02198",243,848.754033776622
"syn_02198",467,2472.96281991062
"syn_02198",504,1714.54600712275
"syn_02199",311,2656.78700817686
"syn_02199",380,802.909369328385
"syn_02199",433,1682.19770080787
"syn_02199",526,2874.28055468079
"syn_02200",266,2787.61465984064
"syn_02200",361,1085.01106434175
"syn_02200",438,1898.71471234183
"syn_02200",498,1336.41701002779
"syn_02201",139,2469.20401503153
"syn_02201",227,2828.84477055955
"syn_02201",337,1519.00873741908
"syn_02201",450,680.426184086787
"syn_02202",265,1840.17183295262
"syn_02202",304,2063.17195691354
"syn_02202",477,709.689795677343
"syn_02202",507,2864.33262367257
"syn_02203",60,38.7190055944713
"syn_02203",106,21.344852800479
"syn_02203",127,41.0092418172602
"syn_02203",176,44.6867717779881
"syn_02203",225,43.7496996430328
"syn_02203",246,33.89424810783
"syn_02203",288,38.1332299328967
"syn_02203",421,33.7714260224039
"syn_02203",474,13.7923277066413
"syn_02203",500,49.6196836740037
"syn_02204",64,57.9594997697077
"syn_02204",90,33.5274279330564
"syn_02204",149,28.7840826461984
"syn_02204",170,90.0380432241788
"syn_02204",199,19.1743546298058
"syn_02204",257,19.1703540116676
"syn_02204",382,44.2053239473504
"syn_02204",406,31.1755153058647
"syn_02204",430,24.5219092154102
"syn_02204",494,77.031602982109
"syn_02205",83,48.9174801493385
"syn_02205",136,47.578995963004
"syn_02205",177,50.2162684598167
"syn_02205",275,59.7511250635285
"syn_02205",326,17.232638236995
"syn_02205",378,37.4497278827295
"syn_02205",400,94.9385617621631
"syn_02205",431,28.1740016150948
"syn_02205",458,57.7229994551027
"syn_02205",498,106.994369264251
"syn_02206",70,23.133519888762
"syn_02206",104,26.7779922854381
"syn_02206",167,59.76953195398
"syn_02206",231,32.6196861048208
"syn_02206",315,34.5918269634994
"syn_02206",364,30.0618576758378
"syn_02206",388,51.6748967465533
"syn_02206",414,69.1242893786599
"syn_02206",443,60.9488596548717
"syn_02206",478,48.7215356666764
"syn_02207",110,72.8340355272209
"syn_02207",185,84.3570474746921
"syn_02207",213,95.1988877629244
"syn_02207",262,43.6643200502545
"syn_02207",300,20.7358328799482
"syn_02207",328,56.6261821213865
"syn_02207",369,64.8766923724034
"syn_02207",406,89.2293123025719
"syn_02207",467,79.6730061088957
"syn_02207",538,57.2786435543803
"syn_02208",72,49.3053879021079
"syn_02208",192,36.3673617753113
"syn_02208",301,34.7665863065212
"syn_02208",327,116.469197924787
"syn_02208",375,15.0239185586188
"syn_02208",421,61.5531019628649
"syn_02208",447,31.5362900374461
"syn_02208",469,26.5870282345066
"syn_02208",496,27.1557078996702
"syn_02208",536,43.5196861157112
"syn_02209",90,410.755673106756
"syn_02209",173,187.323434852931
"syn_02209",242,437.209419777741
"syn_02209",286,235.010623635617
"syn_02209",308,469.927217176149
"syn_02209",334,162.870351051287
"syn_02209",358,452.99305955019
"syn_02209",382,405.783766748221
"syn_02209",450,200.607766127832
"syn_02209",538,115.059578995693
"syn_02210",63,461.244174279805
"syn_02210",100,162.326368731253
"syn_02210",155,334.880158400147
"syn_02210",223,159.252512662151
"syn_02210",299,389.752047895838
"syn_02210",340,205.449780888282
"syn_02210",414,280.902633398817
"syn_02210",446,369.202717584057
"syn_02210",474,279.055123201167
"syn_02210",514,225.869395426264
"syn_02211",160,200.618327433735
"syn_02211",183,577.83122140665
"syn_02211",253,129.487200783739
"syn_02211",279,280.380224452342
"syn_02211",310,185.492955289005
"syn_02211",343,150.187321678999
"syn_02211",390,260.132487695646
"syn_02211",443,162.480354806389
"syn_02211",509,142.834157381161
"syn_02211",538,239.722534885728
"syn_02212",103,234.791988968841
"syn_02212",132,143.831716012109
"syn_02212",174,283.560274529218
"syn_02212",281,236.975441862422
"syn_02212",306,213.629516462458
"syn_02212",344,299.215934779438
"syn_02212",433,212.505079620385
"syn_02212",454,312.492758141109
"syn_02212",488,411.978531202926
"syn_02212",512,274.544296807192
"syn_02213",81,336.200465470961
"syn_02213",102,353.833390755864
"syn_02213",142,123.720220118739
"syn_02213",168,158.872004924988
"syn_02213",192,277.381741994748
"syn_02213",234,215.038652307717
"syn_02213",262,83.099782352209
"syn_02213",291,233.90876229491
"syn_02213",409,211.769941119771
"syn_02213",456,113.795504971566
"syn_02214",66,430.60094388546
"syn_02214",88,105.799360434785
"syn_02214",121,361.278021370878
"syn_02214",172,239.395666578061
"syn_02214",205,244.959134890054
"syn_02214",238,300.791513717829
"syn_02214",339,213.624320769221
"syn_02214",438,235.775250122754
"syn_02214",501,247.07667155529
"syn_02214",528,247.899921448245
"syn_02215",74,1523.19642511362
"syn_02215",131,1626.7812314261
"syn_02215",172,1492.85208291774
"syn_02215",199,1006.10319830244
"syn_02215",261,2316.9794257406
"syn_02215",287,869.277283296173
"syn_02215",326,832.594500165588
"syn_02215",352,251.467676976323
"syn_02215",378,1764.79003917606
"syn_02215",449,889.895994158801
"syn_02216",65,1967.00473209381
"syn_02216",115,3543.16958984516
"syn_02216",156,1600.16947836877
"syn_02216",217,5513.47896608766
"syn_02216",262,1096.69817063225
"syn_02216",300,966.976011844238
"syn_02216",347,3043.99983700951
"syn_02216",385,1670.80006863699
"syn_02216",409,1615.80762630182
"syn_02216",536,861.936797506078
"syn_02217",73,1027.73198413145
"syn_02217",152,669.34271178227
"syn_02217",172,606.745396753546
"syn_02217",208,2106.03231278823
"syn_02217",232,1270.15519959759
"syn_02217",258,1856.43203685004
"syn_02217",316,933.620359596405
"syn_02217",396,931.326423861199
"syn_02217",479,1901.89481926637
"syn_02217",522,2221.24109692905
"syn_02218",87,1560.4794665813
"syn_02218",115,3500.26769300626
"syn_02218",190,1035.26376363596
"syn_02218",214,1549.58607075287
"syn_02218",297,1535.23956639054
"syn_02218",327,1231.12144192345
"syn_02218",351,1752.21715812766
"syn_02218",430,885.478490922304
"syn_02218",482,2605.38870425219
"syn_02218",509,4783.49627911384
"syn_02219",152,1084.68061448306
"syn_02219",194,799.793814275767
"syn_02219",215,1286.69381342879
"syn_02219",266,3447.9974599492
"syn_02219",289,1602.74452980901
"syn_02219",334,1655.44934802308
"syn_02219",368,1265.273628916
"syn_02219",434,1610.25427769516
"syn_02219",478,794.878270946794
"syn_02219",511,2401.47992762451
"syn_02220",80,1823.31606301336
"syn_02220",102,787.35656007393
"syn_02220",131,1434.98730921201
"syn_02220",183,817.488441337474
"syn_02220",211,749.994849455644
"syn_02220",252,995.284431640021
"syn_02220",355,1880.81090281293
"syn_02220",383,1246.24368318445
"syn_02220",414,1163.67302746917
"syn_02220",463,1002.96657717155
"syn_02221",438,40.8302612840415
"syn_02222",433,52.7370607047927
"syn_02223",166,71.9044039701355
"syn_02224",362,69.2673797314978
"syn_02225",405,40.9390846704118
"syn_02226",354,17.3145164806709
"syn_02227",71,199.706819415099
"syn_02228",225,206.803991874222
"syn_02229",440,240.739505286919
"syn_02230",418,315.941143932446
"syn_02231",441,291.723035567691
"syn_02232",434,108.723260056205
"syn_02233",333,703.235416308344
"syn_02234",369,2244.31566190655
"syn_02235",236,2916.05412164165
"syn_02236",421,3530.05312152274
"syn_02237",504,1586.6683614182
"syn_02238",337,542.311558724354
"syn_02239",221,20.7067858106078
"syn_02239",447,42.1328656130544
"syn_02239",475,72.5276638387065
"syn_02239",509,62.6294795702187
"syn_02240",94,131.291975799425
"syn_02240",230,52.3788705751726
"syn_02240",368,20.6424956174363
"syn_02240",537,69.1995573848977
"syn_02241",137,72.2777545960527
"syn_02241",248,27.4521385582142
"syn_02241",308,40.1437102704946
"syn_02241",526,34.7753076908238
"syn_02242",102,26.952705425246
"syn_02242",126,49.1277629480196
"syn_02242",324,52.272393529406
"syn_02242",465,57.7762931529511
"syn_02243",142,25.4639093347937
"syn_02243",166,61.5710308758255
"syn_02243",506,49.1667751798117
"syn_02243",532,90.7453954260344
"syn_02244",235,58.2024964913007
"syn_02244",259,54.4687604482761
"syn_02244",364,32.8082407155374
"syn_02244",531,19.2257304684299
"syn_02245",203,433.226136928542
"syn_02245",238,133.800869822307
"syn_02245",297,304.844657585863
"syn_02245",469,250.196618633338
"syn_02246",295,520.018002917417
"syn_02246",355,107.625727230473
"syn_02246",402,287.606840941478
"syn_02246",447,267.786242127794
"syn_02247",155,249.914890037633
"syn_02247",239,308.717868210206
"syn_02247",338,314.760497545656
"syn_02247",501,171.311392504558
"syn_02248",121,256.72970343859
"syn_02248",142,317.188800970215
"syn_02248",248,191.381960764498
"syn_02248",439,91.4166145300621
"syn_02249",115,319.064888355086
"syn_02249",202,175.11463430438
"syn_02249",438,230.653370700183
"syn_02249",477,256.034460824837
"syn_02250",78,413.004390223866
"syn_02250",110,334.673556037828
"syn_02250",255,341.746702462653
"syn_02250",395,172.016534463467
"syn_02251",119,4660.77883361188
"syn_02251",208,589.272256923335
"syn_02251",366,1390.66880075281
"syn_02251",437,1110.06032369644
"syn_02252",169,709.406659667787
"syn_02252",216,768.140516975831
"syn_02252",302,606.069094373449
"syn_02252",438,640.544785401216
"syn_02253",116,981.125181474972
"syn_02253",261,1575.75908762804
"syn_02253",301,1735.24790682606
"syn_02253",510,1161.7247918375
"syn_02254",149,1205.47423635755
"syn_02254",258,1216.45121144372
"syn_02254",325,1328.68289979606
"syn_02254",490,712.35453358664
"syn_02255",62,1162.07564884175
"syn_02255",335,2170.41852717878
"syn_02255",428,1396.00036237325
"syn_02255",463,3109.8372029836
"syn_02256",105,893.187302448995
"syn_02256",257,1988.02771997853
"syn_02256",346,1011.22373737482
"syn_02256",368,606.173181829209
"syn_02257",73,80.9365054478393
"syn_02257",126,45.2733670236248
"syn_02257",154,28.7109692648228
"syn_02257",184,28.8643290366474
"syn_02257",231,60.6735548798727
"syn_02257",319,41.9554155423054
"syn_02257",342,41.1307936853274
"syn_02257",370,77.6894820225141
"syn_02257",414,87.4012191668457
"syn_02257",497,49.7085192755301
"syn_02258",83,82.2636910366641
"syn_02258",129,26.5153711318866
"syn_02258",209,25.3409912990562
"syn_02258",265,51.5196372410352
"syn_02258",299,25.2440980286308
"syn_02258",342,37.6014236571804
"syn_02258",376,44.5258169153134
"syn_02258",436,47.8040164536108
"syn_02258",463,40.376242512391
"syn_02258",487,19.3864350041575
"syn_02259",123,55.6436248475012
"syn_02259",152,28.78448794415
"syn_02259",222,69.9260570264962
"syn_02259",268,38.7592270145261
"syn_02259",288,77.4937189305477
"syn_02259",322,104.047912277855
"syn_02259",350,39.295946680044
"syn_02259",399,15.7598655042927
"syn_02259",480,34.9216552042807
"syn_02259",510,41.3135735890913
"syn_02260",115,51.2794491007906
"syn_02260",136,49.8647634877236
"syn_02260",173,14.4675309616178
"syn_02260",213,8.69567927172524
"syn_02260",269,24.4966381575471
"syn_02260",313,49.2975908080483
"syn_02260",340,27.350587098163
"syn_02260",392,27.704756918785
"syn_02260",431,31.1517821084853
"syn_02260",454,34.8714655013485
"syn_02261",90,49.0742574397914
"syn_02261",118,37.4950552414589
"syn_02261",188,76.3520203725651
"syn_02261",247,61.7116513004219
"syn_02261",308,28.4281511231172
"syn_02261",365,50.0151802558982
"syn_02261",392,48.0670709446747
"syn_02261",422,39.3653207771935
"syn_02261",480,37.408764979163
"syn_02261",538,22.821878113051
"syn_02262",78,18.4348234587406
"syn_02262",144,59.0677711157436
"syn_02262",174,53.4344335073947
"syn_02262",203,20.621451285476
"syn_02262",336,66.5252110472068
"syn_02262",372,107.038863778755
"syn_02262",395,79.8817997275521
"syn_02262",416,17.2189257103156
"syn_02262",451,38.8572857586919
"syn_02262",471,52.2259261554719
"syn_02263",71,195.722534177919
"syn_02263",105,117.593137594453
"syn_02263",145,400.372834057979
"syn_02263",171,93.7756830573601
"syn_02263",212,242.120656593304
"syn_02263",330,112.982517852285
"syn_02263",357,286.497786841823
"syn_02263",381,223.532049592996
"syn_02263",449,276.025806822985
"syn_02263",507,175.156946745588
"syn_02264",67,301.48352507788
"syn_02264",87,178.837247481778
"syn_02264",142,180.894349419491
"syn_02264",257,349.787393068056
"syn_02264",307,199.426174757972
"syn_02264",357,253.151163280053
"syn_02264",414,234.271769178088
"syn_02264",461,234.163049271249
"syn_02264",511,380.248304156517
"syn_02264",533,119.131510714564
"syn_02265",77,386.666830231845
"syn_02265",110,394.330494544622
"syn_02265",186,242.479966693779
"syn_02265",216,232.606650362075
"syn_02265",316,166.020722307778
"syn_02265",337,455.282944661785
"syn_02265",399,211.463114617367
"syn_02265",428,511.8560514202
"syn_02265",451,233.342461286107
"syn_02265",509,332.518001635653
"syn_02266",104,263.360923898909
"syn_02266",127,245.183588642822
"syn_02266",159,260.712921544657
"syn_02266",207,434.513752162923
"syn_02266",315,186.423187155981
"syn_02266",341,208.426164992796
"syn_02266",363,160.398696798836
"syn_02266",386,392.498954426103
"syn_02266",432,182.567017182614
"syn_02266",535,744.719727172733
"syn_02267",85,87.6306056713904
"syn_02267",114,386.918263563957
"syn_02267",165,349.606434511952
"syn_02267",226,198.551804468569
"syn_02267",252,488.409790760702
"syn_02267",312,240.367804805627
"syn_02267",405,176.46134267298
"syn_02267",445,285.037889127145
"syn_02267",470,159.318047923354
"syn_02267",537,358.112024420544
"syn_02268",115,221.407026373597
"syn_02268",206,565.357833870578
"syn_02268",244,167.511856373358
"syn_02268",291,318.369973096295
"syn_02268",324,513.776721213603
"syn_02268",352,170.495398002691
"syn_02268",438,168.314076188176
"syn_02268",459,146.642970926857
"syn_02268",491,584.205884820699
"syn_02268",521,187.129000688419
"syn_02269",97,5318.38611489094
"syn_02269",187,977.463320439349
"syn_02269",219,623.836352539962
"syn_02269",246,2527.21531143162
"syn_02269",273,1005.11847590676
"syn_02269",338,613.485371984992
"syn_02269",384,1174.8410304239
"syn_02269",404,652.128526730239
"syn_02269",459,1520.35585558527
"syn_02269",502,1480.51242901236
"syn_02270",78,1070.74799808026
"syn_02270",123,1924.59401487542
"syn_02270",233,1439.85434898619
"syn_02270",312,2939.68925456685
"syn_02270",334,724.481219955633
"syn_02270",371,2086.41379126967
"syn_02270",418,1174.29362069543
"syn_02270",446,759.143942740854
"syn_02270",474,1250.76259173282
"syn_02270",505,2003.94408578752
"syn_02271",84,326.178604338007
"syn_02271",124,1366.80848655156
"syn_02271",173,2254.15548106179
"syn_02271",212,1117.22170634233
"syn_02271",303,886.902086097924
"syn_02271",357,954.31323136499
"syn_02271",377,935.204136065562
"syn_02271",436,935.864486668597
"syn_02271",469,1847.60111032823
"syn_02271",517,1165.07476488247
"syn_02272",62,1257.46597571271
"syn_02272",93,1502.84839571879
"syn_02272",160,1922.00868644869
"syn_02272",204,921.441745626767
"syn_02272",265,992.074031062495
"syn_02272",346,4581.33956177791
"syn_02272",368,1524.14301334429
"syn_02272",416,897.790667489868
"syn_02272",443,1299.7147729378
"syn_02272",506,2856.25001466857
"syn_02273",65,689.784161195332
"syn_02273",126,1586.70247232119
"syn_02273",181,2144.46697284072
"syn_02273",206,1808.71983055601
"syn_02273",254,5636.94238300642
"syn_02273",286,2464.63121114428
"syn_02273",435,1023.00100178118
"syn_02273",467,1175.88979283179
"syn_02273",491,868.903316764767
"syn_02273",525,3557.28990678482
"syn_02274",101,2255.75458790138
"syn_02274",128,1831.43727308162
"syn_02274",156,2752.88896790867
"syn_02274",251,1404.87940358057
"syn_02274",292,2044.63315874517
"syn_02274",323,2413.35244114754
"syn_02274",392,688.950691071753
"syn_02274",460,1797.36795158656
"syn_02274",484,2004.6805316602
"syn_02274",504,2133.71858617363
"syn_02281",483,58.8563011958789
"syn_02282",506,37.2040956107264
"syn_02283",329,41.5444943627587
"syn_02284",332,82.982391817219
"syn_02285",514,117.425499177736
"syn_02286",245,26.2882208500327
"syn_02287",191,412.978196095204
"syn_02288",324,163.577327136816
"syn_02289",480,647.463978257532
"syn_02290",277,634.840305352356
"syn_02291",478,557.086657572943
"syn_02292",185,134.11767707125
"syn_02293",374,1182.11621696477
"syn_02294",152,834.006379795084
"syn_02295",340,1128.85338556982
"syn_02296",194,1159.40253715488
"syn_02297",97,535.639917009399
"syn_02298",170,1561.53686012642
"syn_02299",91,75.5312511852327
"syn_02299",177,52.4911380740274
"syn_02299",278,31.9656695248585
"syn_02299",490,146.709825567434
"syn_02300",150,43.271564702963
"syn_02300",227,83.767462738631
"syn_02300",261,16.1362349000282
"syn_02300",468,57.3315612514441
"syn_02301",148,23.0928142033867
"syn_02301",199,73.8544337435466
"syn_02301",473,44.8497991491743
"syn_02301",533,38.568747489744
"syn_02302",104,25.7481315704075
"syn_02302",271,22.3688528001677
"syn_02302",354,53.758505800968
"syn_02302",532,51.4547242678341
"syn_02303",115,38.4097267487552
"syn_02303",145,40.6424683418381
"syn_02303",256,23.0197998874615
"syn_02303",479,70.755485357759
"syn_02304",129,64.5906994995347
"syn_02304",274,42.3299029244911
"syn_02304",317,56.5646645155024
"syn_02304",465,26.4947479126591
"syn_02305",98,415.940086080185
"syn_02305",289,279.824122690372
"syn_02305",345,185.453368991557
"syn_02305",401,449.153521228514
"syn_02306",65,433.229711823201
"syn_02306",346,515.562251069398
"syn_02306",375,170.989306388772
"syn_02306",448,72.1136679811433
"syn_02307",83,434.035909185173
"syn_02307",133,494.902574210357
"syn_02307",239,283.346737132852
"syn_02307",415,308.668662570901
"syn_02308",413,254.380076105229
"syn_02308",442,654.808303537215
"syn_02308",466,215.339082325413
"syn_02308",505,531.093151927386
"syn_02309",162,399.386160630621
"syn_02309",195,355.439723071772
"syn_02309",475,195.886436807415
"syn_02309",501,266.241376546821
"syn_02310",263,129.684948202777
"syn_02310",389,189.73067206779
"syn_02310",424,450.132474620972
"syn_02310",485,405.001891200498
"syn_02311",105,1291.7000759436
"syn_02311",237,733.355479359941
"syn_02311",306,1991.54782418052
"syn_02311",422,759.762481300846
"syn_02312",101,1270.4761287384
"syn_02312",137,1098.91517046541
"syn_02312",205,1967.92412298984
"syn_02312",312,766.959431513223
"syn_02313",273,1790.62211333504
"syn_02313",296,1643.84017201556
"syn_02313",349,917.894614888126
"syn_02313",497,1938.98367611066
"syn_02314",104,859.329683269207
"syn_02314",297,1959.17491932745
"syn_02314",350,1400.30867273689
"syn_02314",470,1072.71561434724
"syn_02315",131,1894.5830110112
"syn_02315",342,1915.6873152528
"syn_02315",475,1642.27463822834
"syn_02315",514,3504.95960253041
"syn_02316",141,1792.27754501719
"syn_02316",233,662.770349342196
"syn_02316",324,2021.95917590035
"syn_02316",376,1386.18231603726
"syn_02317",111,29.9414745599775
"syn_02317",150,62.6986021536668
"syn_02317",181,18.1427369713243
"syn_02317",217,31.2744620929342
"syn_02317",238,114.117882121802
"syn_02317",279,28.1422160156645
"syn_02317",307,36.9030091361097
"syn_02317",413,49.8165542148726
"syn_02317",451,25.3572058376467
"syn_02317",537,20.5152695575453
"syn_02318",94,41.0415111687581
"syn_02318",149,34.5663364809902
"syn_02318",195,34.7353837109628
"syn_02318",228,52.9676558069388
"syn_02318",319,58.7598380034868
"syn_02318",390,45.7932505967363
"syn_02318",425,38.8370852009083
"syn_02318",445,16.8386893531084
"syn_02318",473,22.7527528834963
"syn_02318",539,35.5286031918199
"syn_02319",67,33.1853778130258
"syn_02319",103,30.0782596110893
"syn_02319",137,72.1231567103072
"syn_02319",223,70.8793911149312
"syn_02319",284,45.4848088079136
"syn_02319",309,86.3398614714398
"syn_02319",346,23.9784417253238
"syn_02319",401,33.7028457417225
"syn_02319",422,118.19347111357
"syn_02319",464,41.3669012789857
"syn_02320",73,58.7293642706669
"syn_02320",130,24.9450301552916
"syn_02320",196,27.8306751805175
"syn_02320",233,31.8276342791334
"syn_02320",270,49.7701745876377
"syn_02320",345,68.9931507357323
"syn_02320",387,14.5031682079713
"syn_02320",447,22.4910334190818
"syn_02320",471,125.968959159599
"syn_02320",531,89.5109846932064
"syn_02321",82,40.3567877134015
"syn_02321",125,30.2854326674929
"syn_02321",153,85.2512062512664
"syn_02321",238,57.7214953262397
"syn_02321",277,45.9557782213792
"syn_02321",355,101.376315265174
"syn_02321",419,28.0203928010757
"syn_02321",478,50.4143335492195
"syn_02321",508,26.8203422176091
"syn_02321",539,59.138694342761
"syn_02322",93,47.3353182559994
"syn_02322",154,30.6007107033005
"syn_02322",175,61.7485727186466
"syn_02322",197,41.9056669400791
"syn_02322",225,78.0077882305254
"syn_02322",274,31.4489377792006
"syn_02322",310,20.7192864062031
"syn_02322",447,104.709703682677
"syn_02322",480,63.8041918638376
"syn_02322",503,27.2186674023769
"syn_02323",71,292.107505877344
"syn_02323",108,329.310278667905
"syn_02323",134,487.549504092869
"syn_02323",163,510.668616903286
"syn_02323",258,169.617244642147
"syn_02323",308,204.761097051486
"syn_02323",330,582.619627825502
"syn_02323",378,329.585377491262
"syn_02323",450,385.627756644438
"syn_02323",505,261.190627008623
"syn_02324",87,297.85996454233
"syn_02324",109,284.750800955377
"syn_02324",144,127.626557157594
"syn_02324",228,291.020937240244
"syn_02324",248,308.842962930915
"syn_02324",326,342.297869743978
"syn_02324",350,662.453674369531
"syn_02324",397,635.670149199279
"syn_02324",490,430.321001175524
"syn_02324",522,379.882193923907
"syn_02325",149,354.862496804932
"syn_02325",228,784.795811949189
"syn_02325",294,126.147908106317
"syn_02325",332,373.29865049829
"syn_02325",381,659.269840961015
"syn_02325",417,254.156116592821
"syn_02325",437,163.464240964037
"syn_02325",461,139.909799443196
"syn_02325",503,306.327832796741
"syn_02325",525,244.973341686331
"syn_02326",71,171.593657097047
"syn_02326",105,340.804897613928
"syn_02326",216,278.504922474172
"syn_02326",256,79.5185376243746
"syn_02326",278,619.575925117084
"syn_02326",326,187.781166453087
"syn_02326",351,248.892671726626
"syn_02326",405,398.058600993986
"syn_02326",453,223.851347265945
"syn_02326",523,120.201340914561
"syn_02327",62,317.193134858342
"syn_02327",102,134.338295840009
"syn_02327",132,319.985718508165
"syn_02327",209,203.790908916409
"syn_02327",253,339.010256520099
"syn_02327",287,216.406920269579
"syn_02327",335,241.17963853564
"syn_02327",417,187.670776563557
"syn_02327",458,677.621442038169
"syn_02327",488,216.341350517574
"syn_02328",82,239.523591835345
"syn_02328",103,582.488014795305
"syn_02328",141,248.620769137052
"syn_02328",188,232.586408018621
"syn_02328",225,452.843901728435
"syn_02328",288,178.010917277999
"syn_02328",327,453.135146508014
"syn_02328",363,210.535203868706
"syn_02328",420,358.54816747929
"syn_02328",480,616.206756152117
"syn_02329",76,1457.41640883257
"syn_02329",96,855.019594796804
"syn_02329",124,1702.60315317706
"syn_02329",177,1817.46200667349
"syn_02329",220,1283.73742349922
"syn_02329",260,2176.75010686601
"syn_02329",335,1420.25436160845
"syn_02329",390,2195.4840611268
"syn_02329",420,606.108291679315
"syn_02329",487,950.30115153891
"syn_02330",60,988.120173492828
"syn_02330",120,1582.18788336606
"syn_02330",207,1297.44430998863
"syn_02330",263,862.004288371271
"syn_02330",294,1151.5741139893
"syn_02330",346,2300.4303386654
"syn_02330",413,659.506973676321
"syn_02330",475,1937.56409271699
"syn_02330",506,719.232768270834
"syn_02330",527,907.579488971364
"syn_02331",70,1131.29917550343
"syn_02331",90,1125.70676011234
"syn_02331",181,1544.48330984013
"syn_02331",233,1472.65512285762
"syn_02331",313,1055.94234608777
"syn_02331",372,1464.2391742804
"syn_02331",411,734.094771161971
"syn_02331",452,2040.46624826154
"syn_02331",509,1443.63106778362
"syn_02331",535,1347.77111883113
"syn_02332",78,627.340485045348
"syn_02332",104,3142.66791905508
"syn_02332",128,528.310265609238
"syn_02332",168,914.561059172015
"syn_02332",197,2401.18982481506
"syn_02332",219,1276.98231481192
"syn_02332",367,2130.01947811913
"syn_02332",398,1700.34667384378
"syn_02332",466,906.452658552742
"syn_02332",527,601.08349484987
"syn_02333",132,714.482202896543
"syn_02333",159,1434.0768402432
"syn_02333",181,3710.85733050052
"syn_02333",256,1408.10898916634
"syn_02333",276,1929.58055934807
"syn_02333",324,1036.09536017696
"syn_02333",352,1924.35020242347
"syn_02333",397,1885.77860394164
"syn_02333",511,885.130985264134
"syn_02333",537,1192.71913149962
"syn_02334",72,1134.09552813934
"syn_02334",145,574.110757833173
"syn_02334",165,2648.27952780946
"syn_02334",231,5405.98689620922
"syn_02334",281,959.498562731566
"syn_02334",352,2069.05803691512
"syn_02334",412,4494.8874407478
"syn_02334",453,1129.99009978662
"syn_02334",487,1319.31435714389
"syn_02334",512,2850.42818038741
"syn_02335",228,24.9636993872589
"syn_02336",463,148.429901109451
"syn_02337",448,23.8675869586368
"syn_02338",452,50.0260762707585
"syn_02339",86,92.6354286890343
"syn_02340",90,85.9837214565112
"syn_02341",531,385.460764299506
"syn_02342",486,226.582121690061
"syn_02343",275,274.825099811048
"syn_02344",77,215.519091731345
"syn_02345",338,487.520449720369
"syn_02346",113,352.621562603986
"syn_02347",446,844.015696097293
"syn_02348",85,900.570611668239
"syn_02349",78,1380.77628948455
"syn_02350",305,1013.50667510555
"syn_02351",294,869.070128282636
"syn_02352",296,954.860698799298
"syn_02353",126,9.4016160214987
"syn_02353",405,88.8663618198476
"syn_02353",441,50.2937995815678
"syn_02353",510,57.8526092518117
"syn_02354",117,51.2028071019163
"syn_02354",315,39.9459243037561
"syn_02354",483,43.5781628313599
"syn_02354",516,40.4535783273212
"syn_02355",87,37.4901675160535
"syn_02355",133,30.5248454722756
"syn_02355",236,28.4468400019896
"syn_02355",366,46.8667607627493
"syn_02356",113,35.3993896681713
"syn_02356",181,52.327394544324
"syn_02356",288,29.8740164276231
"syn_02356",433,29.5374755573884
"syn_02357",72,26.9920989954877
"syn_02357",94,25.4071902956519
"syn_02357",166,43.6979842672075
"syn_02357",219,21.5749865335677
"syn_02358",146,26.4854002114548
"syn_02358",339,21.0209648018265
"syn_02358",360,40.2022114413117
"syn_02358",381,16.5853581560937
"syn_02359",259,191.012630663568
"syn_02359",290,278.598558535092
"syn_02359",405,288.653067021988
"syn_02359",512,113.102975465684
"syn_02360",131,166.741719532909
"syn_02360",256,347.764040740726
"syn_02360",281,259.75709446568
"syn_02360",481,468.283885280034
"syn_02361",193,383.898994300414
"syn_02361",459,180.27225768877
"syn_02361",482,264.680802897705
"syn_02361",527,120.451740668731
"syn_02362",61,155.019609324348
"syn_02362",107,257.617146432575
"syn_02362",376,163.344794669592
"syn_02362",427,268.025645953156
"syn_02363",109,273.979724627255
"syn_02363",135,165.834557010567
"syn_02363",266,571.310808205252
"syn_02363",395,293.28779507706
"syn_02364",173,537.429290581656
"syn_02364",346,239.353032607703
"syn_02364",498,138.768125445022
"syn_02364",519,248.452190160128
"syn_02365",93,1388.71447600566
"syn_02365",237,1758.80838690209
"syn_02365",407,608.298114688566
"syn_02365",508,1994.97975891176
"syn_02366",99,5365.03468842135
"syn_02366",268,974.015480154047
"syn_02366",301,1350.37932621251
"syn_02366",477,1074.56306066889
"syn_02367",197,2006.14404286143
"syn_02367",222,2776.11438453178
"syn_02367",257,1333.27188858234
"syn_02367",324,1721.75017677145
"syn_02368",89,1772.5649313993
"syn_02368",141,1208.18241786378
"syn_02368",353,1846.20948423605
"syn_02368",454,3207.99149735254
"syn_02369",128,1365.97411424497
"syn_02369",213,2364.33184538039
"syn_02369",384,747.10748638432
"syn_02369",476,1355.34181107938
"syn_02370",102,1560.57358196317
"syn_02370",225,1151.62430448397
"syn_02370",430,332.500851327604
"syn_02370",497,1566.16969055094
"syn_02371",161,35.7435514754475
"syn_02371",187,18.9935754301904
"syn_02371",223,49.5989932699896
"syn_02371",272,45.2341820617196
"syn_02371",307,22.7186666460905
"syn_02371",349,48.2889859090529
"syn_02371",391,47.0906875466216
"syn_02371",442,26.6304910832495
"syn_02371",465,108.624858007417
"syn_02371",525,39.3197324986018
"syn_02372",62,51.5830798546038
"syn_02372",132,117.287006336974
"syn_02372",161,30.5895814154439
"syn_02372",185,34.6782806917759
"syn_02372",280,37.8136574609378
"syn_02372",300,47.4368522603075
"syn_02372",365,126.569454286162
"syn_02372",394,48.4852979286834
"syn_02372",474,37.0142515509268
"syn_02372",529,70.2858041023935
"syn_02373",96,16.9582984834966
"syn_02373",151,62.9737361671782
"syn_02373",215,110.456643018662
"syn_02373",279,63.263401823348
"syn_02373",374,30.3523915253539
"syn_02373",399,79.8780516300598
"syn_02373",422,62.5427234227222
"syn_02373",479,41.4532265073597
"syn_02373",506,63.5958063124981
"syn_02373",539,54.2508480895825
"syn_02374",72,36.8991963484135
"syn_02374",105,123.246854129188
"syn_02374",130,55.1644175116741
"syn_02374",173,25.0128029453154
"syn_02374",200,70.4199475909869
"syn_02374",253,46.4833649189991
"syn_02374",291,31.2892839726337
"syn_02374",396,86.6964366783197
"syn_02374",445,90.2859905630678
"syn_02374",516,34.547457677867
"syn_02375",146,63.1585100357307
"syn_02375",173,41.4279148500682
"syn_02375",219,31.3745378646158
"syn_02375",272,100.295192469401
"syn_02375",301,40.8077036903107
"syn_02375",327,37.0383935792275
"syn_02375",400,71.891992271555
"syn_02375",434,45.6337618257798
"syn_02375",477,42.7064367210139
"syn_02375",501,33.4104134008953
"syn_02376",73,53.5893454100553
"syn_02376",93,84.6971658278069
"syn_02376",217,60.7138953003036
"syn_02376",266,48.7546916519347
"syn_02376",296,50.8152442669486
"syn_02376",351,31.2438890529269
"syn_02376",387,25.7392891799051
"syn_02376",420,65.322528083023
"syn_02376",455,14.8830508119539
"syn_02376",529,63.3078158172006
"syn_02377",99,84.6409177790377
"syn_02377",130,474.026826480165
"syn_02377",159,275.969612817473
"syn_02377",197,212.895908755349
"syn_02377",254,169.08491746388
"syn_02377",301,113.729679613952
"syn_02377",324,397.713190351523
"syn_02377",395,221.726442857017
"syn_02377",429,293.197308619094
"syn_02377",469,142.485160566939
"syn_02378",154,746.174356617241
"syn_02378",213,212.689842845907
"syn_02378",255,186.609573699353
"syn_02378",282,425.716783862693
"syn_02378",306,569.813048779466
"syn_02378",338,289.708288311334
"syn_02378",363,207.257684820981
"syn_02378",397,197.485747423446
"syn_02378",468,95.1934535260292
"syn_02378",515,389.923970304865
"syn_02379",69,119.264813834244
"syn_02379",113,185.298720525283
"syn_02379",164,380.362681685915
"syn_02379",206,378.422575656125
"syn_02379",312,255.777659379544
"syn_02379",336,284.741967664531
"syn_02379",369,325.377659994151
"syn_02379",428,281.242958945192
"syn_02379",502,162.780452381569
"syn_02379",531,372.7751936542
"syn_02380",66,218.751163349306
"syn_02380",106,241.624288997446
"syn_02380",183,155.836783505069
"syn_02380",229,378.671510964539
"syn_02380",252,148.260054253344
"syn_02380",277,258.54771155362
"syn_02380",304,438.61032094122
"syn_02380",344,473.932958909319
"syn_02380",374,429.011515435131
"syn_02380",434,373.943039443488
"syn_02381",90,331.492459830512
"syn_02381",150,210.74373625441
"syn_02381",194,126.851939003942
"syn_02381",226,227.449293839618
"syn_02381",260,165.381311446497
"syn_02381",281,435.889626636281
"syn_02381",321,264.113087488191
"syn_02381",421,195.975622259693
"syn_02381",466,180.921867384288
"syn_02381",517,148.313411021581
"syn_02382",75,494.217329278308
"syn_02382",146,442.560369223109
"syn_02382",178,129.428410951289
"syn_02382",320,288.426586432518
"syn_02382",341,431.756452712665
"syn_02382",369,138.716836291154
"syn_02382",390,200.010483759019
"syn_02382",410,316.491957411505
"syn_02382",455,502.007535821526
"syn_02382",478,475.97970398726
"syn_02383",77,1491.55959498934
"syn_02383",121,2456.44147922454
"syn_02383",152,1373.52344277893
"syn_02383",186,1558.66545721353
"syn_02383",276,1199.62161298997
"syn_02383",298,2064.06931398352
"syn_02383",344,901.570968516415
"syn_02383",368,1190.71714698245
"syn_02383",394,1499.84831065604
"syn_02383",428,974.885509674078
"syn_02384",119,1852.35430433231
"syn_02384",169,941.646367746074
"syn_02384",243,995.218779910559
"syn_02384",285,444.828152111495
"syn_02384",307,1532.24694825482
"syn_02384",348,1441.99610760502
"syn_02384",380,1057.01542365429
"syn_02384",432,1430.04260122073
"syn_02384",489,3291.87653162979
"syn_02384",528,896.444002883035
"syn_02385",86,1531.63336777076
"syn_02385",134,693.515699279483
"syn_02385",223,1281.97936395407
"syn_02385",249,1695.55586957669
"syn_02385",302,2023.14217614332
"syn_02385",336,1415.48568124467
"syn_02385",380,795.999918350976
"syn_02385",435,2255.17720646476
"syn_02385",462,1289.38994822818
"syn_02385",518,1378.29939284265
"syn_02386",73,1463.65381275636
"syn_02386",170,1132.05590388048
"syn_02386",201,1864.98794497717
"syn_02386",230,1059.35719738697
"syn_02386",363,1065.26762926491
"syn_02386",402,2170.80327571068
"syn_02386",422,1330.158778976
"syn_02386",477,494.025073300791
"syn_02386",498,1358.78755762695
"syn_02386",530,1168.27101481411
"syn_02387",60,2855.11433426796
"syn_02387",84,1127.2552615231
"syn_02387",119,2858.50008867379
"syn_02387",171,1771.01954780269
"syn_02387",230,1655.60414664544
"syn_02387",265,2312.65277627322
"syn_02387",334,454.150352893988
"syn_02387",430,1670.90062970704
"syn_02387",468,961.995730478182
"syn_02387",492,1145.971048879
"syn_02388",72,580.754713170877
"syn_02388",97,1641.09160455812
"syn_02388",156,1615.97080581126
"syn_02388",185,2022.05134617961
"syn_02388",210,1389.58482562164
"syn_02388",309,1129.44614919973
"syn_02388",358,775.183059512507
"syn_02388",414,985.205217609548
"syn_02388",458,733.48825664592
"syn_02388",478,1137.01054731131
"syn_02395",238,23.8399293319489
"syn_02396",153,63.2387709767707
"syn_02397",160,9.28810298221567
"syn_02398",306,43.5817508584264
"syn_02399",196,81.8811145605215
"syn_02400",396,24.2524747401084
"syn_02401",527,386.439028558047
"syn_02402",167,601.200910009819
"syn_02403",452,288.387811854875
"syn_02404",384,407.731929722068
"syn_02405",141,259.421853249424
"syn_02406",272,313.31007603369
"syn_02407",222,1196.8170554313
"syn_02408",145,482.25766788279
"syn_02409",143,950.898502196926
"syn_02410",476,1189.43682125126
"syn_02411",284,1484.6544092989
"syn_02412",504,2088.08927941753
"syn_02413",119,34.4662835851125
"syn_02413",318,44.3151411963496
"syn_02413",487,98.5017220476394
"syn_02413",537,49.3934979781864
"syn_02414",370,51.2174665900786
"syn_02414",424,19.3271674983047
"syn_02414",444,89.5960294726992
"syn_02414",517,46.4417575316978
"syn_02415",157,24.5175429928985
"syn_02415",191,32.6227602238907
"syn_02415",215,57.6475060834015
"syn_02415",287,66.8759619085927
"syn_02416",74,19.4536075394015
"syn_02416",259,61.1315517270463
"syn_02416",331,49.7988590132288
"syn_02416",438,42.3824161830763
"syn_02417",109,35.6327104320834
"syn_02417",259,87.0488971170924
"syn_02417",357,45.4544261208251
"syn_02417",463,18.7711269475629
"syn_02418",185,47.3972963148715
"syn_02418",355,46.6116939802601
"syn_02418",384,24.1565223940116
"syn_02418",455,39.1789126643507
"syn_02419",204,339.794098587584
"syn_02419",428,259.038134243668
"syn_02419",495,309.118464579263
"syn_02419",518,187.700852268674
"syn_02420",60,313.618406737447
"syn_02420",192,409.55272718765
"syn_02420",384,354.310570213193
"syn_02420",447,479.937191483629
"syn_02421",107,218.468814689348
"syn_02421",133,385.760676891393
"syn_02421",355,269.152770007867
"syn_02421",487,1107.21228848539
"syn_02422",126,295.523669358872
"syn_02422",189,213.053250667104
"syn_02422",245,437.526686522088
"syn_02422",515,178.013154352865
"syn_02423",238,341.653151339642
"syn_02423",309,274.625070484857
"syn_02423",461,404.331515998698
"syn_02423",487,562.744177410841
"syn_02424",109,409.469837389292
"syn_02424",221,184.509877569706
"syn_02424",457,334.782321737866
"syn_02424",525,220.143554177459
"syn_02425",138,1403.73217610827
"syn_02425",195,2364.70288734733
"syn_02425",236,1122.43823526918
"syn_02425",289,2260.04864416622
"syn_02426",112,2571.33053176427
"syn_02426",152,3330.02223219543
"syn_02426",464,1435.88667562901
"syn_02426",497,894.396895733442
"syn_02427",252,1779.33329767956
"syn_02427",306,1534.25056202051
"syn_02427",408,1372.7728193441
"syn_02427",465,1356.34380601653
"syn_02428",111,699.158641433185
"syn_02428",146,603.167165588725
"syn_02428",281,1144.75894898745
"syn_02428",475,1349.81099873824
"syn_02429",145,2544.62158874551
"syn_02429",257,1202.78996896705
"syn_02429",302,849.98973526719
"syn_02429",345,3359.86429253392
"syn_02430",109,1471.40759338685
"syn_02430",131,788.901785265278
"syn_02430",305,2041.61876900261
"syn_02430",489,1365.9502029227
"syn_02431",68,29.7717847524824
"syn_02431",147,66.5468344781098
"syn_02431",172,25.107615420449
"syn_02431",195,26.3420016877917
"syn_02431",216,54.1928709403872
"syn_02431",328,33.5552044026883
"syn_02431",350,43.5614252191293
"syn_02431",370,38.5176257142082
"syn_02431",411,26.1616697648794
"syn_02431",448,39.12447863238
"syn_02432",75,24.7195726059673
"syn_02432",141,43.3868450487236
"syn_02432",177,41.6346740146606
"syn_02432",211,55.3561898501382
"syn_02432",232,29.0376608989198
"syn_02432",259,27.0775382151179
"syn_02432",368,21.5513919849524
"syn_02432",426,45.2751760330347
"syn_02432",464,58.2956990919741
"syn_02432",486,26.6715765838684
"syn_02433",66,34.4411400880766
"syn_02433",133,30.1175023983509
"syn_02433",164,31.7818565916628
"syn_02433",210,16.7262651572588
"syn_02433",262,38.6727571702531
"syn_02433",290,119.335628169123
"syn_02433",313,36.5387418682385
"syn_02433",335,17.6728548051852
"syn_02433",424,28.4675882101464
"syn_02433",524,32.6205217010414
"syn_02434",77,46.0741940089707
"syn_02434",138,76.267339547136
"syn_02434",168,68.4106625323734
"syn_02434",220,49.3090565493
"syn_02434",280,82.3962954595738
"syn_02434",321,59.8306571592907
"syn_02434",342,26.5561562079407
"syn_02434",409,69.8039563002142
"syn_02434",429,27.1630374194455
"syn_02434",449,75.2016848712585
"syn_02435",72,67.5678923781392
"syn_02435",111,34.2551733217758
"syn_02435",154,55.9494523210156
"syn_02435",183,33.4802390597897
"syn_02435",220,41.0032425363595
"syn_02435",250,41.2965811481107
"syn_02435",278,24.2368080668885
"syn_02435",371,56.3778216169318
"syn_02435",430,75.4060710891809
"syn_02435",466,34.9805343389885
"syn_02436",63,35.458017443713
"syn_02436",134,78.6115932412706
"syn_02436",275,37.7066639267916
"syn_02436",301,35.7723654244277
"syn_02436",324,21.8423974483598
"syn_02436",370,19.8167157718379
"syn_02436",393,39.8332870715588
"syn_02436",451,37.1235406038956
"syn_02436",490,25.8698136168247
"syn_02436",522,26.5943388059615
"syn_02437",103,226.239344787515
"syn_02437",205,201.770288438014
"syn_02437",228,521.81933261016
"syn_02437",257,470.666995343751
"syn_02437",318,197.023199602568
"syn_02437",341,115.006361076841
"syn_02437",405,541.032514318493
"syn_02437",437,297.330472513982
"syn_02437",473,305.870550722699
"syn_02437",498,318.417147479729
"syn_02438",80,317.635839785762
"syn_02438",129,275.71543781677
"syn_02438",200,208.420299665456
"syn_02438",226,176.161631569735
"syn_02438",256,192.575012169412
"syn_02438",329,238.278307895777
"syn_02438",377,181.310581825606
"syn_02438",465,403.579215515474
"syn_02438",510,418.011587928867
"syn_02438",536,219.885829072546
"syn_02439",123,321.351831710639
"syn_02439",150,348.256129238226
"syn_02439",206,443.636164775241
"syn_02439",229,159.533211802565
"syn_02439",268,264.134420891633
"syn_02439",304,414.506984143403
"syn_02439",325,419.972118420113
"syn_02439",395,300.937216540988
"syn_02439",493,272.884297647727
"syn_02439",522,180.884317715394
"syn_02440",66,190.721766260346
"syn_02440",94,435.632636256018
"syn_02440",141,571.856636880989
"syn_02440",201,303.481100762537
"syn_02440",252,222.15805120355
"syn_02440",305,253.75467176248
"syn_02440",365,219.74885027937
"syn_02440",392,323.627700777649
"syn_02440",510,193.940971877956
"syn_02440",539,149.994443407094
"syn_02441",62,282.337583165196
"syn_02441",82,478.570310745473
"syn_02441",160,260.80078977773
"syn_02441",194,345.056326691962
"syn_02441",227,275.55647322908
"syn_02441",258,489.799541490976
"syn_02441",298,331.780200359968
"syn_02441",347,129.86373416138
"syn_02441",370,433.317264890595
"syn_02441",514,438.237733259338
"syn_02442",63,322.870588667154
"syn_02442",148,251.58527711821
"syn_02442",229,180.070545871594
"syn_02442",254,486.846837025402
"syn_02442",316,449.982748419871
"syn_02442",360,237.938115646342
"syn_02442",413,258.80461753401
"syn_02442",440,138.730851690587
"syn_02442",482,295.429751359016
"syn_02442",513,336.95436829094
"syn_02443",64,1567.74289925194
"syn_02443",136,1151.33121026861
"syn_02443",160,3029.64270112571
"syn_02443",195,946.245433094674
"syn_02443",229,2422.94869329613
"syn_02443",266,1218.10358989673
"syn_02443",293,1761.88351373955
"syn_02443",353,1693.872127961
"syn_02443",380,834.189911404116
"syn_02443",411,2825.05891161236
"syn_02444",76,1205.63136776919
"syn_02444",102,663.440820299364
"syn_02444",142,2639.62989698878
"syn_02444",211,913.272099621042
"syn_02444",308,1429.66794385639
"syn_02444",357,1903.41640317977
"syn_02444",415,717.474062965303
"syn_02444",450,1661.64698038706
"syn_02444",477,1532.4929384291
"syn_02444",535,1975.53540110097
"syn_02445",105,1786.52098752767
"syn_02445",129,718.242146158974
"syn_02445",165,1916.40550283935
"syn_02445",240,620.315689037137
"syn_02445",263,1115.87891565309
"syn_02445",292,1825.28145549469
"syn_02445",348,1821.01401173517
"syn_02445",389,2357.22681984023
"syn_02445",421,1088.30962996877
"syn_02445",505,1209.64650722714
"syn_02446",67,2784.6421840958
"syn_02446",100,1928.54909001431
"syn_02446",128,878.625083345563
"syn_02446",179,2247.60710040761
"syn_02446",204,2848.22785583035
"syn_02446",281,465.466422595077
"syn_02446",386,863.77526466842
"syn_02446",425,2133.82692125213
"syn_02446",451,771.45819868902
"syn_02446",509,1218.88049428237
"syn_02447",80,1002.51428231776
"syn_02447",101,3798.78888433047
"syn_02447",159,2455.72048571978
"syn_02447",236,1142.26351773081
"syn_02447",282,1421.15464692698
"syn_02447",321,1366.27421029977
"syn_02447",348,1697.22402767656
"syn_02447",448,2419.79926132618
"syn_02447",496,1679.51448094617
"syn_02447",531,1184.24661511533
"syn_02448",92,430.812805975428
"syn_02448",143,877.893333202631
"syn_02448",186,663.369838739958
"syn_02448",206,1155.15590039904
"syn_02448",234,1572.74328350601
"syn_02448",359,1428.94215233421
"syn_02448",409,2287.49390355021
"syn_02448",456,590.542362940478
"syn_02448",482,1749.33159935984
"syn_02448",525,302.522043542517
"syn_02449",388,59.506229661887
"syn_02450",144,33.1619527276804
"syn_02451",355,133.119237302091
"syn_02452",75,71.9870852961816
"syn_02453",160,45.6633838856723
"syn_02454",357,156.01863826671
"syn_02455",262,537.057378886086
"syn_02456",461,352.086864152175
"syn_02457",507,419.330650172665
"syn_02458",106,214.956111451873
"syn_02459",255,364.674620457517
"syn_02460",367,151.024618342458
"syn_02461",522,860.915833839382
"syn_02462",472,1003.13403264919
"syn_02463",273,836.215468790858
"syn_02464",539,1896.86151964905
"syn_02465",497,1408.5074196278
"syn_02466",306,1275.23185749019
"syn_02467",63,35.8523838164525
"syn_02467",123,29.9279424924845
"syn_02467",244,71.7214818817899
"syn_02467",278,68.3289656815151
"syn_02468",113,27.2960911490461
"syn_02468",174,101.389070702991
"syn_02468",259,41.4368416711356
"syn_02468",279,30.5777654481052
"syn_02469",147,91.7337404190713
"syn_02469",318,40.8739864706689
"syn_02469",353,97.9198937495664
"syn_02469",380,47.1496355235042
"syn_02470",310,40.5354580800538
"syn_02470",330,44.5495511171463
"syn_02470",457,39.3554306272995
"syn_02470",523,16.4007999461938
"syn_02471",177,59.5034158127207
"syn_02471",217,58.5710951221225
"syn_02471",246,150.144551293985
"syn_02471",527,35.2922950424127
"syn_02472",95,30.3778718114867
"syn_02472",118,80.8935940979861
"syn_02472",212,29.7927230787076
"syn_02472",510,30.4664858617411
"syn_02473",182,184.756814794001
"syn_02473",304,241.479867298219
"syn_02473",384,588.839213812132
"syn_02473",474,184.952202623955
"syn_02474",184,317.71163473215
"syn_02474",377,471.743560663694
"syn_02474",499,422.899450346997
"syn_02474",520,330.994621149472
"syn_02475",81,385.915961024363
"syn_02475",359,325.718178836135
"syn_02475",420,246.239891472136
"syn_02475",475,460.599341939162
"syn_02476",89,273.609127698108
"syn_02476",307,311.331823418868
"syn_02476",493,208.538574935295
"syn_02476",536,201.288668482219
"syn_02477",65,341.078696540767
"syn_02477",111,580.586137889569
"syn_02477",316,256.430333856399
"syn_02477",398,160.320558597359
"syn_02478",86,333.876097729234
"syn_02478",132,928.962953801302
"syn_02478",206,417.742676650003
"syn_02478",389,208.712533016306
"syn_02479",102,2132.84082767915
"syn_02479",179,1445.43527187602
"syn_02479",250,848.075392565151
"syn_02479",506,3415.61465359673
"syn_02480",123,1424.41820792069
"syn_02480",309,623.353606259205
"syn_02480",360,455.911362795027
"syn_02480",431,1924.37303671465
"syn_02481",69,1022.95319515574
"syn_02481",234,2257.05922983389
"syn_02481",358,1220.21530206767
"syn_02481",478,2073.87339646719
"syn_02482",109,468.13143754373
"syn_02482",261,1790.00386896099
"syn_02482",429,1610.14360598272
"syn_02482",502,571.098952572292
"syn_02483",124,705.765398547438
"syn_02483",235,2039.47005787817
"syn_02483",328,873.43540164956
"syn_02483",400,1426.96724845298
"syn_02484",75,949.821456757699
"syn_02484",160,781.740173881741
"syn_02484",437,1193.573144651
"syn_02484",524,1889.66479768286
"syn_02485",161,38.3867354031149
"syn_02485",210,54.220016449675
"syn_02485",274,114.799342659266
"syn_02485",298,24.5481067815287
"syn_02485",355,47.0540160956545
"syn_02485",387,24.5695965197852
"syn_02485",436,63.7800443433099
"syn_02485",459,45.427302211106
"syn_02485",480,22.4029062704588
"syn_02485",539,63.443061333985
"syn_02486",169,51.4489202397307
"syn_02486",226,35.6632478100454
"syn_02486",261,46.6649203491643
"syn_02486",291,48.0502956471994
"syn_02486",313,56.4247474286555
"syn_02486",384,26.5470348600246
"syn_02486",404,40.8568201262275
"syn_02486",436,57.5001763567324
"syn_02486",509,33.372640085044
"syn_02486",531,54.8390880887475
"syn_02487",80,39.7096426277668
"syn_02487",106,24.6451180070169
"syn_02487",134,15.4135401905489
"syn_02487",219,65.196423541232
"syn_02487",263,56.878950042813
"syn_02487",298,38.8505098934473
"syn_02487",331,45.2431475980468
"syn_02487",458,52.2669626277297
"syn_02487",509,147.299104752136
"syn_02487",536,21.1372691200282
"syn_02488",100,59.9925304581323
"syn_02488",132,54.1055947904187
"syn_02488",185,33.0498680050352
"syn_02488",212,15.7810293421709
"syn_02488",237,66.395212676538
"syn_02488",301,97.1083698733817
"syn_02488",328,56.7266500598451
"syn_02488",359,25.2106908502035
"syn_02488",388,43.1615012880604
"syn_02488",470,32.7598164532777
"syn_02489",89,46.3790963221418
"syn_02489",111,114.902094283075
"syn_02489",162,26.5621514264244
"syn_02489",186,27.2066224338231
"syn_02489",245,35.8504476916307
"syn_02489",270,25.2112208276174
"syn_02489",319,38.2828816895977
"syn_02489",388,37.5827193190489
"syn_02489",417,52.0522844515431
"syn_02489",468,38.44891288067
"syn_02490",79,44.0546711082905
"syn_02490",102,66.3202318539055
"syn_02490",139,21.7880367412796
"syn_02490",185,49.5406806511811
"syn_02490",210,57.4235889111756
"syn_02490",257,70.4652710783606
"syn_02490",300,24.1334187421189
"syn_02490",389,49.2857405015232
"syn_02490",409,47.4638456161951
"syn_02490",466,46.3658503182729
"syn_02491",72,461.621532150028
"syn_02491",113,109.596980267823
"syn_02491",133,458.615502351112
"syn_02491",199,318.150924236022
"syn_02491",254,151.577415911495
"syn_02491",318,218.593829354245
"syn_02491",348,229.435758113554
"syn_02491",391,155.913211615942
"syn_02491",470,149.879584129354
"syn_02491",524,265.26159639695
"syn_02492",64,288.647678227842
"syn_02492",87,309.830743155038
"syn_02492",153,219.251403788017
"syn_02492",258,110.609308989042
"syn_02492",291,122.395352239151
"syn_02492",313,256.733213922573
"syn_02492",385,496.092860096046
"syn_02492",406,564.514180363796
"syn_02492",463,364.160334371125
"syn_02492",540,209.784957356539
"syn_02493",87,235.019575720083
"syn_02493",150,172.874249329694
"syn_02493",172,231.107789384969
"syn_02493",239,299.844903642407
"syn_02493",272,181.666434106964
"syn_02493",307,343.13747608464
"syn_02493",434,370.253860951428
"syn_02493",476,264.101931887657
"syn_02493",513,249.613542064904
"syn_02493",539,260.547899322715
"syn_02494",87,202.117605915007
"syn_02494",174,291.592526746044
"syn_02494",204,225.397202168053
"syn_02494",241,107.085260212138
"syn_02494",305,228.511781562813
"syn_02494",357,342.608849604806
"syn_02494",390,349.262331591246
"syn_02494",412,643.917331410452
"syn_02494",501,253.172835635934
"syn_02494",522,219.839908944215
"syn_02495",132,128.58829560591
"syn_02495",196,406.670915090934
"syn_02495",261,94.4957673089819
"syn_02495",292,148.750330650179
"syn_02495",326,226.438171567879
"syn_02495",375,377.126197684858
"syn_02495",439,208.108074179549
"syn_02495",466,342.428364936288
"syn_02495",495,221.692633832526
"syn_02495",525,355.410338161789
"syn_02496",98,188.336095771825
"syn_02496",129,236.492807747185
"syn_02496",160,806.451495498445
"syn_02496",195,733.496684233903
"syn_02496",258,180.454236241366
"syn_02496",305,349.439693453386
"syn_02496",325,174.009127124136
"syn_02496",406,314.554967309522
"syn_02496",428,154.525877129559
"syn_02496",452,161.105731370874
"syn_02497",142,2198.79423634212
"syn_02497",177,1179.33553916665
"syn_02497",213,1038.00597047473
"syn_02497",264,3475.88919403861
"syn_02497",285,1431.97019655366
"syn_02497",309,1503.64826584202
"syn_02497",358,1151.95511166215
"syn_02497",402,2721.02743021532
"syn_02497",425,1562.18156605861
"syn_02497",537,1707.75523277811
"syn_02498",89,974.212934964377
"syn_02498",138,1038.47742373417
"syn_02498",172,1586.27615779361
"syn_02498",199,2050.88202695119
"syn_02498",230,1256.30612327809
"syn_02498",252,2985.95778021072
"syn_02498",334,623.032578925171
"syn_02498",372,3103.68134056863
"syn_02498",449,1398.90369925766
"syn_02498",482,738.014710448322
"syn_02499",102,1160.98904126056
"syn_02499",175,1804.4814859749
"syn_02499",254,1998.77005440948
"syn_02499",274,424.143098475855
"syn_02499",301,1273.40340421112
"syn_02499",348,940.894531132832
"syn_02499",407,1960.98012291722
"syn_02499",433,3293.69107905414
"syn_02499",460,696.015077832283
"syn_02499",538,464.972335330128
"syn_02500",63,1060.54691405767
"syn_02500",123,1136.65182634943
"syn_02500",143,997.424867022851
"syn_02500",180,1430.72837094576
"syn_02500",241,1467.17275307729
"syn_02500",291,2368.51177666224
"syn_02500",351,3010.83842241295
"syn_02500",382,1101.71333586599
"syn_02500",427,1811.25456679245
"syn_02500",528,1451.27628165407
"syn_02501",77,1772.54279507827
"syn_02501",128,1094.26470832702
"syn_02501",160,1297.58484916272
"syn_02501",266,905.430132213262
"syn_02501",327,1497.98731665233
"syn_02501",385,1529.73563065147
"syn_02501",426,1228.26550852287
"syn_02501",447,407.12118500152
"syn_02501",472,1577.0000478843
"syn_02501",511,800.756257145627
"syn_02502",64,1113.86131654238
"syn_02502",124,1479.94711462057
"syn_02502",162,2109.7781969149
"syn_02502",220,1512.45690660769
"syn_02502",285,1057.90761557398
"syn_02502",331,871.373511112112
"syn_02502",377,1153.49426063164
"syn_02502",419,2257.45299749827
"syn_02502",481,1821.51358579649
"syn_02502",511,1698.58646335586
"syn_02509",302,45.2821917595324
"syn_02510",422,35.1825020148117
"syn_02511",490,49.3981932076489
"syn_02512",213,21.5452987773618
"syn_02513",108,106.509796150134
"syn_02514",312,49.6028205943565
"syn_02515",126,143.327074342746
"syn_02516",536,151.214890323318
"syn_02517",255,334.581413125369
"syn_02518",222,160.349863849755
"syn_02519",175,111.460878498292
"syn_02520",376,124.770701382155
"syn_02521",253,1580.02751667186
"syn_02522",522,1276.58337514467
"syn_02523",340,487.608875095273
"syn_02524",430,1323.05394096579
"syn_02525",379,1081.45586237003
"syn_02526",343,4639.22028838839
"syn_02527",65,28.1458402852087
"syn_02527",132,69.4729946147287
"syn_02527",178,113.627622796845
"syn_02527",289,42.9547176584253
"syn_02528",69,54.5176752308412
"syn_02528",116,36.875828359742
"syn_02528",350,86.6249208394241
"syn_02528",475,72.7249103648936
"syn_02529",358,53.9793415644002
"syn_02529",378,67.313761162521
"syn_02529",398,23.7628636643327
"syn_02529",500,51.2260841100242
"syn_02530",60,71.446747180428
"syn_02530",431,26.8473373155425
"syn_02530",464,24.4196355283492
"syn_02530",499,68.0233317382495
"syn_02531",228,63.0854041525281
"syn_02531",338,58.6535387433032
"syn_02531",471,48.0183766453098
"syn_02531",533,62.5746895188837
"syn_02532",407,127.026285161888
"syn_02532",475,30.7952566903906
"syn_02532",506,28.3472758864784
"syn_02532",530,50.1323094933125
"syn_02533",87,499.23781314552
"syn_02533",254,228.53492456513
"syn_02533",307,786.671976086892
"syn_02533",343,347.24149883601
"syn_02534",114,276.94799657374
"syn_02534",178,125.811486346692
"syn_02534",236,253.098478107202
"syn_02534",468,210.541663474224
"syn_02535",62,437.0347634981
"syn_02535",186,241.1572865734
"syn_02535",308,263.74003737041
"syn_02535",343,249.482225776299
"syn_02536",127,309.775132450902
"syn_02536",206,442.962991989725
"syn_02536",377,273.777051869315
"syn_02536",501,344.955583927079
"syn_02537",182,132.109870219421
"syn_02537",227,384.342678857126
"syn_02537",320,179.689187767648
"syn_02537",444,467.230321650427
"syn_02538",86,745.094105633644
"syn_02538",110,124.439904664517
"syn_02538",325,238.70319258307
"syn_02538",356,152.666941441285
"syn_02539",140,806.118218811604
"syn_02539",244,2282.36560510068
"syn_02539",309,814.65189768634
"syn_02539",528,1817.2475120591
"syn_02540",81,1514.99028268742
"syn_02540",116,780.698789254522
"syn_02540",485,1139.30668792537
"syn_02540",511,960.812867906247
"syn_02541",105,1199.4060221627
"syn_02541",265,1118.48031705725
"syn_02541",327,1709.55009983841
"syn_02541",368,3398.99825297125
"syn_02542",77,1420.20328277048
"syn_02542",196,1763.89681421449
"syn_02542",339,782.355666918117
"syn_02542",480,1431.74639080918
"syn_02543",132,2000.38415195908
"syn_02543",201,2014.51507374574
"syn_02543",387,1641.95894566273
"syn_02543",519,1275.54904469405
"syn_02544",94,1321.6843281352
"syn_02544",237,1176.80499096865
"syn_02544",273,1285.09903633254
"syn_02544",482,1854.35175107035
"syn_02545",145,112.570198348361
"syn_02545",176,29.6397382034932
"syn_02545",213,39.2041271562078
"syn_02545",277,45.2621670380169
"syn_02545",299,36.0732537068738
"syn_02545",324,41.4473114450367
"syn_02545",351,20.1678537601469
"syn_02545",375,26.7075495895432
"syn_02545",424,16.0861947678863
"syn_02545",515,29.6617866382925
"syn_02546",109,84.6369541508737
"syn_02546",156,37.9858521678581
"syn_02546",204,59.8419655479378
"syn_02546",238,29.895861842604
"syn_02546",286,40.6456440994021
"syn_02546",329,72.3790357073453
"syn_02546",362,42.8572595228164
"syn_02546",421,72.0936535646576
"syn_02546",459,34.9972211799807
"syn_02546",536,44.8870736073631
"syn_02547",63,71.6778460869143
"syn_02547",88,60.8183881493041
"syn_02547",147,35.1549202358415
"syn_02547",195,59.0532827484052
"syn_02547",218,114.133334325531
"syn_02547",238,51.5719419202257
"syn_02547",391,73.750193421986
"syn_02547",457,130.772884112673
"syn_02547",485,44.2714114415933
"syn_02547",536,40.2676102849724
"syn_02548",88,23.2337907224183
"syn_02548",144,69.1539361837263
"syn_02548",179,134.983062183427
"syn_02548",218,35.3148258751933
"syn_02548",242,46.1165149599554
"syn_02548",307,53.3429914234779
"syn_02548",342,33.8300293841625
"syn_02548",407,66.0629195271975
"syn_02548",484,69.7782761768476
"syn_02548",513,31.4142920751239
"syn_02549",60,27.5377908326656
"syn_02549",103,52.7302425203149
"syn_02549",123,27.8641537954193
"syn_02549",157,35.2885342889637
"syn_02549",197,30.9898653399965
"syn_02549",229,39.8404554479345
"syn_02549",277,119.84164635158
"syn_02549",331,86.4851496492865
"syn_02549",504,36.2210137520161
"syn_02549",533,30.5749776251023
"syn_02550",105,38.1002623704258
"syn_02550",166,100.141416702003
"syn_02550",237,69.7536329830323
"syn_02550",296,33.3410874759396
"syn_02550",320,71.5745406764669
"syn_02550",347,49.5047214061368
"syn_02550",397,71.9949542790291
"syn_02550",453,54.339247744886
"syn_02550",492,46.0677358568259
"syn_02550",520,7.58341712143807
"syn_02551",120,370.226323009024
"syn_02551",219,276.758297119357
"syn_02551",243,580.247811506472
"syn_02551",293,256.071109125999
"syn_02551",315,121.708927134857
"syn_02551",343,196.208376329443
"syn_02551",364,220.759787266953
"syn_02551",388,348.716919690644
"syn_02551",422,234.607808309801
"syn_02551",448,425.457754733743
"syn_02552",68,219.312149761522
"syn_02552",134,183.381621904186
"syn_02552",184,178.207813586828
"syn_02552",322,270.412235194297
"syn_02552",348,503.71185740378
"syn_02552",374,366.569016089707
"syn_02552",425,285.414592864118
"syn_02552",454,55.9629872616815
"syn_02552",511,198.362617913412
"syn_02552",532,311.778736766719
"syn_02553",108,352.315227222174
"syn_02553",185,192.471282413432
"syn_02553",226,563.853507535712
"syn_02553",291,236.938461174818
"syn_02553",323,239.548872975198
"syn_02553",358,219.812115179356
"syn_02553",403,590.408637012327
"syn_02553",433,305.905918797363
"syn_02553",484,332.388927748187
"syn_02553",507,523.380752600488
"syn_02554",76,296.548954309602
"syn_02554",113,207.659968251393
"syn_02554",160,380.565870727421
"syn_02554",200,118.045012870084
"syn_02554",287,342.565110925346
"syn_02554",335,275.723919821976
"syn_02554",358,154.880185272812
"syn_02554",425,274.935413771532
"syn_02554",451,190.383205918073
"syn_02554",508,145.31207005413
"syn_02555",128,520.639617009705
"syn_02555",161,258.120270201867
"syn_02555",191,171.65028930191
"syn_02555",226,788.393722262341
"syn_02555",281,434.296595520965
"syn_02555",308,186.943793673003
"syn_02555",350,171.110884147305
"syn_02555",393,212.78978809722
"syn_02555",469,525.628426985694
"syn_02555",495,329.06671028576
"syn_02556",110,108.655476717949
"syn_02556",136,269.973310327595
"syn_02556",159,257.383523519465
"syn_02556",197,135.118750575343
"syn_02556",217,158.59874248198
"syn_02556",278,429.481140684838
"syn_02556",332,466.001514924149
"syn_02556",453,301.506338623262
"syn_02556",478,231.267553477482
"syn_02556",535,321.570679406619
"syn_02557",76,1073.17890573592
"syn_02557",125,1813.1283109975
"syn_02557",159,1064.68112456633
"syn_02557",206,1061.2136443314
"syn_02557",233,668.123195057599
"syn_02557",277,1123.7908125259
"syn_02557",306,1056.4126369554
"syn_02557",357,1729.83178216444
"syn_02557",437,1090.598922953
"syn_02557",507,639.316595907583
"syn_02558",66,885.424723818433
"syn_02558",113,2668.54662204306
"syn_02558",145,2017.47561861173
"syn_02558",185,1292.18460906147
"syn_02558",251,1060.33245707631
"syn_02558",342,526.529616886488
"syn_02558",387,1125.06245988896
"syn_02558",414,824.955693302963
"syn_02558",488,581.185898343354
"syn_02558",514,997.442885089685
"syn_02559",96,360.209678162279
"syn_02559",122,927.933757709696
"syn_02559",263,1429.32685369999
"syn_02559",286,758.912630914103
"syn_02559",349,1386.34002232655
"syn_02559",371,827.162651480273
"syn_02559",391,1439.93687942046
"syn_02559",423,2306.12123669829
"syn_02559",444,3063.79331524835
"syn_02559",520,1543.73124794391
"syn_02560",152,890.700583071364
"syn_02560",193,729.639454958934
"syn_02560",215,1040.1495154425
"syn_02560",266,1937.18086950906
"syn_02560",311,1279.78762047483
"syn_02560",378,2096.78867529411
"syn_02560",420,2018.69915760813
"syn_02560",469,1652.59729413964
"syn_02560",504,881.975310830413
"syn_02560",527,1377.64556488007
"syn_02561",64,1422.26990601959
"syn_02561",128,582.252337010369
"syn_02561",190,1378.52137834867
"syn_02561",210,1044.71373992853
"syn_02561",242,1413.91419619003
"syn_02561",318,1007.47320145714
"syn_02561",357,2357.1647179598
"syn_02561",446,3398.9522080197
"syn_02561",469,1771.77971206251
"syn_02561",508,1374.29280470039
"syn_02562",70,1489.93222154664
"syn_02562",127,590.944053549323
"syn_02562",149,1414.68186765615
"syn_02562",193,1268.50351618509
"syn_02562",229,1171.36927740641
"syn_02562",271,1952.06837610297
"syn_02562",317,589.371579295886
"syn_02562",346,970.215044395037
"syn_02562",367,981.874294402131
"syn_02562",436,2435.28873312058
"syn_02563",425,62.078921636994
"syn_02564",227,97.5976399433503
"syn_02565",426,118.088887580427
"syn_02566",480,21.3175276555346
"syn_02567",121,35.6854288619288
"syn_02568",82,100.360638699893
"syn_02569",112,343.839696934141
"syn_02570",209,400.401947957326
"syn_02571",347,346.964267222448
"syn_02572",484,399.084947423951
"syn_02573",237,316.031807603577
"syn_02574",407,272.913023599854
"syn_02575",124,963.511220305476
"syn_02576",270,1319.15416461263
"syn_02577",383,1645.42824554256
"syn_02578",244,1225.80107393563
"syn_02579",333,1826.21647507434
"syn_02580",104,2329.65996160784
"syn_02581",100,67.8966485210037
"syn_02581",241,42.2455258885055
"syn_02581",423,15.4755467398065
"syn_02581",469,51.7834576973016
"syn_02582",154,36.4790051151929
"syn_02582",229,80.8027971916106
"syn_02582",322,42.6607132299735
"syn_02582",406,30.9889980800612
"syn_02583",102,64.7365108778203
"syn_02583",126,23.3195990566934
"syn_02583",212,33.1382597480163
"syn_02583",341,43.2404502539977
"syn_02584",234,21.7143330359923
"syn_02584",302,46.1811325785777
"syn_02584",365,90.8077263019633
"syn_02584",401,15.0501207872172
"syn_02585",236,41.1811292993229
"syn_02585",261,85.904307973034
"syn_02585",450,128.096993171572
"syn_02585",494,40.2509589884513
"syn_02586",298,42.1841906794673
"syn_02586",343,26.9616594241415
"syn_02586",439,34.1810520813925
"syn_02586",484,34.076617826126
"syn_02587",72,327.803786409564
"syn_02587",332,233.444911657618
"syn_02587",407,244.917352654388
"syn_02587",433,413.737502174234
"syn_02588",86,298.467287291829
"syn_02588",332,291.274839778655
"syn_02588",397,206.811579493347
"syn_02588",529,117.200192768977
"syn_02589",192,203.7783118402
"syn_02589",300,155.543052509581
"syn_02589",438,251.068573188058
"syn_02589",510,192.212520181913
"syn_02590",107,216.671703554543
"syn_02590",181,286.48190204749
"syn_02590",238,302.577354024125
"syn_02590",280,466.931850097685
"syn_02591",104,412.412872760302
"syn_02591",227,238.967986372517
"syn_02591",324,253.579941785995
"syn_02591",377,72.5643907111462
"syn_02592",92,289.238451616923
"syn_02592",206,381.176419302399
"syn_02592",261,398.185789644514
"syn_02592",460,206.906193459603
"syn_02593",123,1393.89053008362
"syn_02593",257,1260.65773343718
"syn_02593",343,451.989376184067
"syn_02593",529,1077.46236808575
"syn_02594",99,1449.93155060331
"syn_02594",153,715.409138557653
"syn_02594",403,928.505467874176
"syn_02594",455,1261.67486556452
"syn_02595",119,969.658080989498
"syn_02595",366,427.79279869421
"syn_02595",468,1321.96409147268
"syn_02595",538,782.541387517858
"syn_02596",62,631.038729259325
"syn_02596",334,1441.03383518785
"syn_02596",454,1542.56610691938
"syn_02596",503,707.171724780604
"syn_02597",63,1234.87904017575
"syn_02597",236,1225.4218396022
"syn_02597",326,2044.80985378053
"syn_02597",401,2036.38683169881
"syn_02598",189,2178.49732004006
"syn_02598",305,2353.41509286986
"syn_02598",476,523.615952164543
"syn_02598",538,603.32887711442
"syn_02599",68,31.1844311675495
"syn_02599",98,38.3757916541452
"syn_02599",198,55.1787326613313
"syn_02599",280,79.7578443249784
"syn_02599",308,36.1943317153868
"syn_02599",336,118.612178094085
"syn_02599",423,26.9884772372041
"syn_02599",452,40.3728983525718
"syn_02599",478,49.3298947444434
"syn_02599",498,82.4606622117046
"syn_02600",80,139.178166538057
"syn_02600",108,101.555490804076
"syn_02600",182,62.66774723906
"syn_02600",266,42.985963565587
"syn_02600",286,58.5365236573024
"syn_02600",363,86.597926395683
"syn_02600",390,15.5550934513941
"syn_02600",429,38.8214957544186
"syn_02600",494,26.2979305666469
"syn_02600",519,49.5042462297089
"syn_02601",115,49.2964551798807
"syn_02601",148,45.8054300685478
"syn_02601",232,39.3437931345353
"syn_02601",271,43.8093241077644
"syn_02601",296,32.8458444961022
"syn_02601",339,28.6129750680039
"syn_02601",386,47.1410856776594
"syn_02601",445,32.0874562797335
"syn_02601",466,158.256643398935
"syn_02601",512,30.6611320534273
"syn_02602",118,18.5046929400185
"syn_02602",217,24.6721922375733
"syn_02602",296,28.8846783693979
"syn_02602",349,24.3281177561476
"syn_02602",388,33.72217573141
"syn_02602",408,65.4166410663345
"syn_02602",446,71.5686018697034
"syn_02602",487,21.4806713143039
"syn_02602",517,73.0338558350686
"syn_02602",537,93.7693290445466
"syn_02603",80,47.1539732137362
"syn_02603",109,31.794588062764
"syn_02603",176,18.3456938494413
"syn_02603",255,40.4513330928109
"syn_02603",289,30.7903378036325
"syn_02603",384,15.1745120840544
"syn_02603",411,18.4705524209777
"syn_02603",439,96.8335057294494
"syn_02603",470,83.9358331462481
"syn_02603",505,64.8653041470587
"syn_02604",77,74.3970799484347
"syn_02604",214,39.4715656711536
"syn_02604",281,29.7660696339749
"syn_02604",321,37.2409306591843
"syn_02604",343,41.9803251511165
"syn_02604",365,25.6454976358111
"syn_02604",402,15.5532316741198
"syn_02604",443,40.2550730496182
"syn_02604",487,33.8337941844842
"syn_02604",535,186.504768704699
"syn_02605",74,334.291151828499
"syn_02605",119,158.879447913751
"syn_02605",157,262.974679282716
"syn_02605",185,296.221074216534
"syn_02605",267,92.6549539594936
"syn_02605",289,245.693862917678
"syn_02605",330,368.500450723637
"syn_02605",351,142.346350977978
"syn_02605",443,400.696380030198
"syn_02605",516,602.05943226384
"syn_02606",158,288.955471438739
"syn_02606",184,385.513555122322
"syn_02606",225,225.593514242848
"syn_02606",272,438.530914417802
"syn_02606",323,149.363325522172
"syn_02606",358,870.156597331969
"syn_02606",405,353.449047428665
"syn_02606",427,424.027157369494
"syn_02606",486,451.790900791285
"syn_02606",535,188.661065654045
"syn_02607",98,351.47789104115
"syn_02607",124,373.008245664157
"syn_02607",190,166.892665130741
"syn_02607",217,270.630723397011
"syn_02607",296,273.522011143601
"syn_02607",316,262.752261136238
"syn_02607",381,234.395913607702
"syn_02607",431,541.747559705903
"syn_02607",466,249.196169521124
"syn_02607",539,401.255122640606
"syn_02608",106,285.650048028166
"syn_02608",154,221.975904111482
"syn_02608",205,337.092804588828
"syn_02608",239,528.142167317208
"syn_02608",264,152.980026175156
"syn_02608",423,119.788344583501
"syn_02608",444,236.535300068891
"syn_02608",465,345.852795235527
"syn_02608",489,498.869644875009
"syn_02608",524,188.731458972901
"syn_02609",79,415.339978882986
"syn_02609",125,241.623822556685
"syn_02609",163,269.499537444428
"syn_02609",222,248.865869623592
"syn_02609",267,282.967892110163
"syn_02609",301,268.246005800372
"syn_02609",371,451.352844694066
"syn_02609",453,289.426855137465
"syn_02609",480,265.327206698652
"syn_02609",525,425.077635033481
"syn_02610",63,182.262573705491
"syn_02610",85,248.457765517383
"syn_02610",128,120.946011241724
"syn_02610",157,435.86452225612
"syn_02610",215,182.824805626552
"syn_02610",272,151.009051760966
"syn_02610",305,308.03698811738
"syn_02610",358,523.437456921557
"syn_02610",450,194.07529131319
"syn_02610",495,404.462196874841
"syn_02611",120,1727.48615676661
"syn_02611",186,1757.43208817014
"syn_02611",221,1402.60472172138
"syn_02611",261,870.245266480877
"syn_02611",301,1310.26896102221
"syn_02611",341,1572.96464350416
"syn_02611",401,3193.38940670857
"syn_02611",441,1089.74766343286
"syn_02611",463,1996.05270146237
"syn_02611",486,1834.98566413099
"syn_02612",95,698.456390067196
"syn_02612",134,919.423861374084
"syn_02612",224,2079.6049192597
"syn_02612",260,1425.82706105938
"syn_02612",310,1194.91470114936
"syn_02612",392,629.389422976655
"syn_02612",430,629.994034795046
"syn_02612",460,581.218071093159
"syn_02612",484,1910.89636488377
"syn_02612",522,1706.49646724289
"syn_02613",97,2030.26000003704
"syn_02613",197,2156.61880342805
"syn_02613",232,863.504569778038
"syn_02613",294,2855.7781177597
"syn_02613",326,1092.3521260892
"syn_02613",371,3101.22287504676
"syn_02613",418,1033.30867473065
"syn_02613",440,410.831974515207
"syn_02613",469,2227.81683899754
"syn_02613",503,1111.48087560236
"syn_02614",62,619.483173602655
"syn_02614",94,650.198256815473
"syn_02614",187,1184.32833134188
"syn_02614",242,1566.55542419732
"syn_02614",262,1495.23205307863
"syn_02614",323,878.286039621385
"syn_02614",346,1390.87826329382
"syn_02614",373,1317.32790592976
"syn_02614",411,868.316716161523
"syn_02614",462,833.970447756936
"syn_02615",68,631.586272479259
"syn_02615",159,2406.37323310348
"syn_02615",219,1386.06422900042
"syn_02615",301,2933.98024965202
"syn_02615",369,3268.13279450725
"syn_02615",406,367.766812802204
"syn_02615",432,3459.85958023803
"syn_02615",452,910.541457414696
"syn_02615",472,1044.44420709529
"syn_02615",517,2015.39946004162
"syn_02616",65,743.063117094668
"syn_02616",106,958.457776638828
"syn_02616",129,1634.56517805989
"syn_02616",211,3098.52526195979
"syn_02616",285,2128.0923855114
"syn_02616",325,836.035413787984
"syn_02616",364,2200.44032478819
"syn_02616",436,2989.6347715087
"syn_02616",500,2211.67831337927
"syn_02616",533,1236.6340755536
"syn_02623",153,69.9654949475678
"syn_02624",524,30.9831004193904
"syn_02625",517,34.9632385659642
"syn_02626",86,69.0564175869601
"syn_02627",360,22.5583094613901
"syn_02628",229,65.9396073557033
"syn_02629",284,111.077741039237
"syn_02630",429,733.237811063048
"syn_02631",416,240.275771201161
"syn_02632",130,349.989868573638
"syn_02633",302,220.671979920582
"syn_02634",514,156.366117698934
"syn_02635",353,727.928755154251
"syn_02636",201,714.466478582608
"syn_02637",72,1230.96242215669
"syn_02638",173,1566.07676051238
"syn_02639",173,1082.33836495612
"syn_02640",243,873.63466954
"syn_02641",87,56.648346044701
"syn_02641",212,47.1149228519806
"syn_02641",259,38.9678945205458
"syn_02641",326,65.6657600466
"syn_02642",200,17.1884840705204
"syn_02642",230,79.2559608477138
"syn_02642",285,74.4659390132703
"syn_02642",389,62.3031928813949
"syn_02643",361,73.0741932400627
"syn_02643",416,30.2986704005399
"syn_02643",445,36.4069891237906
"syn_02643",527,33.6727585179435
"syn_02644",227,81.3599940665716
"syn_02644",363,21.7917002149534
"syn_02644",416,58.9274133772013
"syn_02644",492,51.2206836252395
"syn_02645",79,23.2357551485761
"syn_02645",104,68.955406142042
"syn_02645",198,46.4257683492143
"syn_02645",441,20.7554039860228
"syn_02646",62,33.0015586268424
"syn_02646",304,25.821337382334
"syn_02646",415,24.4385595379062
"syn_02646",436,78.3324749075606
"syn_02647",102,253.000308828719
"syn_02647",162,252.807841681499
"syn_02647",230,258.106342738847
"syn_02647",484,169.7623133768
"syn_02648",107,564.173141785839
"syn_02648",135,317.911590503911
"syn_02648",314,132.925956396296
"syn_02648",362,329.90278687109
"syn_02649",76,348.496852001828
"syn_02649",166,215.515116155685
"syn_02649",241,199.76843080102
"syn_02649",413,275.564042527412
"syn_02650",88,200.46755778075
"syn_02650",179,332.410813330148
"syn_02650",404,238.352400558993
"syn_02650",469,231.93397799293
"syn_02651",131,328.697323132364
"syn_02651",215,200.052201527734
"syn_02651",262,249.573219476597
"syn_02651",513,300.779905986153
"syn_02652",121,133.198068407407
"syn_02652",159,147.033399250961
"syn_02652",227,444.121101784248
"syn_02652",315,152.750563321473
"syn_02653",176,1107.32160553111
"syn_02653",217,1548.79473613288
"syn_02653",252,4034.45608364925
"syn_02653",379,980.046946453547
"syn_02654",107,1430.65671255612
"syn_02654",206,2568.5152974242
"syn_02654",362,1516.44109577351
"syn_02654",411,1448.71242735783
"syn_02655",172,1614.90789553551
"syn_02655",225,1560.35145356154
"syn_02655",254,1315.09483567863
"syn_02655",287,3081.35699290612
"syn_02656",225,1411.36786205088
"syn_02656",259,890.900562322664
"syn_02656",292,1984.23794790676
"syn_02656",448,2436.754419597
"syn_02657",65,1040.11779044043
"syn_02657",196,1994.84959128542
"syn_02657",332,2516.24483637514
"syn_02657",472,1026.14106848578
"syn_02658",231,1061.92953871413
"syn_02658",304,1646.39463056187
"syn_02658",342,566.712327248723
"syn_02658",533,1322.05860575424
"syn_02659",65,87.6166971103818
"syn_02659",118,11.7577453853678
"syn_02659",174,58.4528889133336
"syn_02659",202,42.730530088253
"syn_02659",299,52.0218236969907
"syn_02659",325,75.5303312011203
"syn_02659",373,21.1700245046312
"syn_02659",406,65.6457193920604
"syn_02659",442,32.762962207308
"syn_02659",504,27.6066901149833
"syn_02660",86,29.0133080498953
"syn_02660",111,90.2797937809154
"syn_02660",163,26.259626518403
"syn_02660",227,42.9255585225922
"syn_02660",285,24.9580435082659
"syn_02660",343,51.1331549389875
"syn_02660",437,39.0535187834302
"syn_02660",477,12.0442236435662
"syn_02660",511,30.1012252407329
"syn_02660",538,30.3532020990877
"syn_02661",93,41.7884180330141
"syn_02661",140,27.9759556736792
"syn_02661",209,22.995952848041
"syn_02661",233,34.9819759842554
"syn_02661",299,44.9236719646117
"syn_02661",332,36.6192832060748
"syn_02661",453,38.1817566097229
"syn_02661",477,79.4742985428087
"syn_02661",498,45.9734063970793
"syn_02661",522,43.2357250976371
"syn_02662",111,14.6625640208653
"syn_02662",139,29.8569133141304
"syn_02662",171,29.8411174557194
"syn_02662",231,71.1339519960178
"syn_02662",304,37.0702945450476
"syn_02662",347,46.3817742373066
"syn_02662",368,15.205106168363
"syn_02662",460,63.4411223032508
"syn_02662",506,87.0357042893187
"syn_02662",532,140.518770912274
"syn_02663",178,47.5428432007632
"syn_02663",213,36.5457059998797
"syn_02663",266,35.4541361922983
"syn_02663",308,45.3292670655996
"syn_02663",338,49.659690366375
"syn_02663",387,28.9909827647816
"syn_02663",422,26.6937674431302
"syn_02663",461,37.0881030099198
"syn_02663",509,65.0549887777727
"syn_02663",533,19.8900767121736
"syn_02664",78,39.9847873162288
"syn_02664",110,30.5101128122688
"syn_02664",143,41.1800304343261
"syn_02664",224,24.2131790351946
"syn_02664",285,59.578931482149
"syn_02664",314,48.0819868422423
"syn_02664",349,56.271893519324
"syn_02664",377,39.5305785563505
"syn_02664",438,27.4223977138239
"syn_02664",482,57.735708363021
"syn_02665",101,289.301168031154
"syn_02665",181,213.883050749435
"syn_02665",203,270.829410841573
"syn_02665",278,492.039081606485
"syn_02665",323,151.906821520547
"syn_02665",380,306.258600472295
"syn_02665",414,593.093356199791
"syn_02665",456,432.755901817372
"syn_02665",481,308.427809527714
"syn_02665",534,411.667657124949
"syn_02666",107,657.935648859618
"syn_02666",166,138.911538402872
"syn_02666",191,320.432190328419
"syn_02666",212,125.080679529169
"syn_02666",257,253.412694405078
"syn_02666",315,200.571037817242
"syn_02666",391,444.610733650233
"syn_02666",412,217.89418501461
"syn_02666",475,450.822904766797
"syn_02666",518,543.478800310495
"syn_02667",66,195.695882831364
"syn_02667",121,136.597543853497
"syn_02667",221,268.846689210642
"syn_02667",251,266.360425593935
"syn_02667",290,278.299572713448
"syn_02667",322,655.882595790573
"syn_02667",356,212.635646067916
"syn_02667",397,269.603984803118
"syn_02667",446,362.474757375041
"syn_02667",482,285.392524634568
"syn_02668",62,162.859627985191
"syn_02668",84,209.034428679648
"syn_02668",202,391.490720735671
"syn_02668",223,495.391704120636
"syn_02668",271,181.21087449215
"syn_02668",326,292.894874933688
"syn_02668",356,620.275773386889
"syn_02668",415,495.118177935472
"syn_02668",503,277.157259984557
"syn_02668",535,402.935995506779
"syn_02669",106,655.505956782704
"syn_02669",170,477.356186147839
"syn_02669",274,400.592850456183
"syn_02669",308,87.0686520601844
"syn_02669",352,86.2332353025576
"syn_02669",377,86.4700735848141
"syn_02669",413,418.437395370799
"syn_02669",435,223.373632349897
"syn_02669",469,185.34701218188
"syn_02669",538,289.608292518687
"syn_02670",78,128.409187460503
"syn_02670",124,308.050724083555
"syn_02670",149,472.379178263541
"syn_02670",181,269.640317218437
"syn_02670",248,166.938082551103
"syn_02670",298,99.268853481839
"syn_02670",331,147.535878268427
"syn_02670",378,513.058559564553
"syn_02670",464,426.388093866768
"syn_02670",535,811.773030891559
"syn_02671",125,1054.43277555911
"syn_02671",149,3350.87337999225
"syn_02671",200,987.900168103101
"syn_02671",254,793.09207393808
"syn_02671",345,1743.60836722092
"syn_02671",371,1617.48707360025
"syn_02671",402,1018.79923409447
"syn_02671",449,1673.11235738002
"syn_02671",506,1115.47989951758
"syn_02671",533,1474.61941977892
"syn_02672",75,1512.59217241845
"syn_02672",150,625.759556957527
"syn_02672",195,3363.60249955802
"syn_02672",257,706.247395904222
"syn_02672",326,1710.01474265979
"syn_02672",358,1746.61924241095
"syn_02672",396,1930.42951793493
"syn_02672",423,3178.65056654636
"syn_02672",462,1464.64674349499
"syn_02672",507,897.419023470275
"syn_02673",63,1728.10253776735
"syn_02673",93,955.497116818677
"syn_02673",188,2787.35166350225
"syn_02673",219,611.212757107724
"syn_02673",264,744.361514059613
"syn_02673",345,3197.4040878606
"syn_02673",417,1346.20039670013
"syn_02673",452,1812.69835597967
"syn_02673",493,1755.40425881521
"syn_02673",528,644.529424478395
"syn_02674",86,1620.32556024008
"syn_02674",155,1772.6731309977
"syn_02674",202,1566.43266835509
"syn_02674",226,1671.43415088212
"syn_02674",254,502.151583406266
"syn_02674",277,1057.83007915749
"syn_02674",319,829.433291410916
"syn_02674",408,1283.75845942235
"syn_02674",486,1540.53875014715
"syn_02674",526,648.288544102807
"syn_02675",86,2229.11812483314
"syn_02675",111,852.105800119457
"syn_02675",147,2223.49919764115
"syn_02675",244,1533.95424008063
"syn_02675",264,588.045046709028
"syn_02675",307,887.780394645869
"syn_02675",329,619.157710738378
"syn_02675",444,675.724419595988
"syn_02675",484,2504.25297697372
"syn_02675",523,708.674287224387
"syn_02676",65,4015.05134555553
"syn_02676",104,1477.8005140228
"syn_02676",132,3818.20718566809
"syn_02676",168,1822.63027096195
"syn_02676",194,2030.8876545524
"syn_02676",245,996.164608802816
"syn_02676",276,991.851945141644
"syn_02676",381,2560.36925159268
"syn_02676",409,1302.95180999277
"syn_02676",472,1172.50576214471
"syn_02677",454,46.1283897458193
"syn_02678",148,51.1327227027935
"syn_02679",515,101.973118242417
"syn_02680",84,102.810751313831
"syn_02681",215,77.8248655022112
"syn_02682",233,21.3302958540327
"syn_02683",301,275.134571981677
"syn_02684",222,309.570586594351
"syn_02685",135,204.026643017015
"syn_02686",284,163.318130102472
"syn_02687",243,230.566709424011
"syn_02688",142,495.361587660457
"syn_02689",539,1097.64189523745
"syn_02690",114,1345.42050014726
"syn_02691",297,1770.00680855425
"syn_02692",222,2389.20344107696
"syn_02693",424,924.652029832062
"syn_02694",187,2690.33965098727
"syn_02695",127,57.9997426247134
"syn_02695",177,142.968623210029
"syn_02695",219,80.1255443167293
"syn_02695",518,41.8069875970462
"syn_02696",102,69.7343803961255
"syn_02696",412,275.807459172265
"syn_02696",462,32.8601511000964
"syn_02696",485,37.9917928481064
"syn_02697",251,32.2090597467948
"syn_02697",389,29.1932490433469
"syn_02697",486,14.1490000776203
"syn_02697",519,46.6221178733186
"syn_02698",181,35.0642667107438
"syn_02698",235,42.6530128672075
"syn_02698",500,45.798493242289
"syn_02698",522,86.5013411808964
"syn_02699",82,39.3880804733537
"syn_02699",281,22.8763170765284
"syn_02699",405,26.8785946685156
"syn_02699",502,50.3504140518311
"syn_02700",253,74.9414433010442
"syn_02700",367,33.0219236859421
"syn_02700",400,47.7979889019302
"syn_02700",515,78.6439343038569
"syn_02701",179,335.902805615997
"syn_02701",259,258.189390302801
"syn_02701",404,207.81394470584
"syn_02701",470,1003.83972279793
"syn_02702",78,371.632901838552
"syn_02702",193,145.967231365116
"syn_02702",283,366.860084379215
"syn_02702",522,288.165877954394
"syn_02703",120,329.257755146613
"syn_02703",197,152.923858478962
"syn_02703",233,135.753435562672
"syn_02703",291,508.506596120319
"syn_02704",264,349.799890532004
"syn_02704",305,290.742468475988
"syn_02704",410,321.267557342687
"syn_02704",520,160.374436594526
"syn_02705",114,418.29690534676
"syn_02705",143,331.516174076638
"syn_02705",180,213.402653164325
"syn_02705",232,286.377160735467
"syn_02706",274,555.16041688759
"syn_02706",410,233.331669999072
"syn_02706",442,423.642098758989
"syn_02706",530,284.856137076141
"syn_02707",190,1413.41456807449
"syn_02707",337,749.763854089428
"syn_02707",468,389.271972144467
"syn_02707",504,1575.68244640001
"syn_02708",197,1628.58035160893
"syn_02708",363,1759.95941262311
"syn_02708",431,1188.54310226471
"syn_02708",455,1580.0003384161
"syn_02709",141,1141.97221471502
"syn_02709",332,1065.10275154639
"syn_02709",428,841.841424202918
"syn_02709",515,1447.69260706652
"syn_02710",104,2877.35762689714
"syn_02710",129,1233.82921848155
"syn_02710",242,1845.43569708505
"syn_02710",467,453.734391074502
"syn_02711",127,1674.02995075314
"syn_02711",262,1264.60471663872
"syn_02711",342,797.127364725309
"syn_02711",439,753.479920908753
"syn_02712",150,2172.48232642243
"syn_02712",282,2295.69713312965
"syn_02712",383,1110.22548869598
"syn_02712",539,2452.4086474014
"syn_02713",60,35.8633999916387
"syn_02713",117,54.5042295380282
"syn_02713",157,93.8149382336432
"syn_02713",192,22.3356728611665
"syn_02713",270,67.8497382240915
"syn_02713",321,32.200771934776
"syn_02713",355,27.1955774663625
"syn_02713",419,43.2766683982087
"syn_02713",457,18.4953407692915
"syn_02713",488,15.93469376912
"syn_02714",64,58.5778869014402
"syn_02714",118,63.5531174150412
"syn_02714",245,58.9165333083207
"syn_02714",280,76.0857448367266
"syn_02714",366,73.335307765512
"syn_02714",407,77.4372616774916
"syn_02714",431,90.2704499950259
"syn_02714",460,105.610701868021
"syn_02714",487,45.0887848342322
"syn_02714",525,57.210875016488
"syn_02715",75,44.8576141795096
"syn_02715",105,48.7513871801271
"syn_02715",139,41.6430137015074
"syn_02715",217,44.1156314034873
"syn_02715",240,59.0341576109821
"syn_02715",316,55.1639391315891
"syn_02715",363,24.0482578365582
"syn_02715",398,50.884488483716
"syn_02715",486,30.1324453466699
"syn_02715",524,19.0815342385708
"syn_02716",80,95.3087154069197
"syn_02716",100,20.5941523061899
"syn_02716",188,42.5850944905604
"syn_02716",265,108.772288613648
"syn_02716",343,78.3714616441756
"syn_02716",366,21.8532414423426
"syn_02716",402,25.5918886763826
"syn_02716",422,52.4351425056257
"syn_02716",475,48.0033216293874
"syn_02716",503,21.7407454674393
"syn_02717",71,49.8414337062054
"syn_02717",98,84.6058582098131
"syn_02717",137,35.1157930486075
"syn_02717",181,80.2417868785661
"syn_02717",233,43.9468221340127
"syn_02717",266,47.7974770555307
"syn_02717",306,28.8973344378694
"syn_02717",330,45.0319876608468
"syn_02717",453,78.9334631172954
"syn_02717",487,55.6918130298675
"syn_02718",65,25.2523490148488
"syn_02718",95,37.3133065791537
"syn_02718",141,35.9631891258167
"syn_02718",205,142.896194813826
"syn_02718",229,64.6500796730332
"syn_02718",345,204.908293825423
"syn_02718",394,56.2838671230551
"syn_02718",420,57.4377418446242
"syn_02718",446,41.9195923759692
"syn_02718",528,20.6501957886043
"syn_02719",86,181.19522159695
"syn_02719",131,574.945337844957
"syn_02719",168,200.978868384989
"syn_02719",195,415.536725437408
"syn_02719",238,246.156350881952
"syn_02719",260,280.271197685837
"syn_02719",412,274.577188914366
"syn_02719",441,340.146785120981
"syn_02719",467,337.147160269536
"syn_02719",513,251.532239456867
"syn_02720",77,442.609992437928
"syn_02720",119,188.337871140184
"syn_02720",183,97.241285873797
"syn_02720",219,233.898371026737
"syn_02720",267,411.063005037508
"syn_02720",289,72.5346760433853
"syn_02720",321,274.73822173823
"syn_02720",350,226.695334512083
"syn_02720",429,534.522271676593
"syn_02720",472,277.418465821401
"syn_02721",88,122.527352824993
"syn_02721",169,395.172483855875
"syn_02721",201,494.483237226219
"syn_02721",240,243.993455578209
"syn_02721",286,497.962491569868
"syn_02721",326,148.655555125222
"syn_02721",384,298.064650064804
"syn_02721",410,272.968291013012
"syn_02721",447,709.361151867819
"syn_02721",467,493.093514565619
"syn_02722",66,226.234565051823
"syn_02722",87,382.464112622439
"syn_02722",132,439.3245144576
"syn_02722",154,209.755461159798
"syn_02722",209,507.329352127327
"syn_02722",248,217.372412124428
"syn_02722",285,667.560151674008
"syn_02722",362,204.231561632572
"syn_02722",451,613.056520379489
"syn_02722",478,506.360826295882
"syn_02723",61,216.498904258562
"syn_02723",97,273.468827875571
"syn_02723",231,162.328132123351
"syn_02723",261,312.068046490565
"syn_02723",338,337.359255985473
"syn_02723",367,478.590449857073
"syn_02723",416,276.687844013393
"syn_02723",446,218.925483410892
"syn_02723",477,375.985516786292
"syn_02723",498,380.055295884107
"syn_02724",127,545.49673145327
"syn_02724",193,78.6334117729845
"syn_02724",232,382.919642362441
"syn_02724",262,307.771863835253
"syn_02724",291,235.837787338929
"syn_02724",365,318.316276016115
"syn_02724",438,108.849127292271
"syn_02724",480,160.679903643576
"syn_02724",510,362.418745151765
"syn_02724",532,87.4283374235944
"syn_02725",159,3734.64593490544
"syn_02725",192,1222.72654288542
"syn_02725",231,1629.72959128448
"syn_02725",257,1168.49267422221
"syn_02725",283,1038.50047575238
"syn_02725",340,886.593181144494
"syn_02725",376,1343.51935781807
"syn_02725",407,811.72623126845
"syn_02725",434,3393.36184838911
"syn_02725",467,1570.14536401003
"syn_02726",68,2433.71572225949
"syn_02726",130,1066.03555138505
"syn_02726",177,1890.30042003547
"syn_02726",255,2265.69712313253
"syn_02726",314,1087.34821428428
"syn_02726",336,1573.43087061327
"syn_02726",373,3801.17932145242
"syn_02726",414,1887.2432418367
"syn_02726",466,786.687576118752
"syn_02726",499,1570.95772766578
"syn_02727",108,1280.41158855057
"syn_02727",135,1500.2904614841
"syn_02727",159,1069.99035400281
"syn_02727",255,5130.1806162758
"syn_02727",290,694.857563361111
"syn_02727",375,771.692202205984
"syn_02727",412,876.372176301812
"syn_02727",459,1408.69645909865
"syn_02727",480,2227.0816894538
"syn_02727",538,2367.37078827229
"syn_02728",61,1101.18978243257
"syn_02728",97,984.114912102155
"syn_02728",155,1511.56078175558
"syn_02728",205,647.329768502383
"syn_02728",254,1073.19149428748
"syn_02728",314,818.168835663695
"syn_02728",371,723.819307864595
"syn_02728",443,1724.92351002263
"syn_02728",477,816.914736877755
"syn_02728",536,1072.858560096
"syn_02729",87,2858.01466177522
"syn_02729",107,1310.2687920805
"syn_02729",216,814.336799976361
"syn_02729",268,568.562072612377
"syn_02729",364,2490.06172282051
"syn_02729",385,1231.60633180078
"syn_02729",415,3157.59148260373
"syn_02729",470,518.775151369194
"syn_02729",494,633.885012295098
"syn_02729",515,2220.03119981465
"syn_02730",108,2799.094284338
"syn_02730",147,1170.23090102959
"syn_02730",173,1721.42552113516
"syn_02730",208,1522.89109091051
"syn_02730",228,740.029818798028
"syn_02730",263,1339.70107629861
"syn_02730",385,1221.50837972389
"syn_02730",427,788.946411135378
"syn_02730",463,880.172919732223
"syn_02730",496,1586.02031760921
"syn_02737",379,123.469097114135
"syn_02738",308,133.263913037571
"syn_02739",142,39.3414508280566
"syn_02740",412,34.6543314389437
"syn_02741",154,39.0170334767716
"syn_02742",62,33.2691189418969
"syn_02743",445,177.990109335599
"syn_02744",515,379.95854704511
"syn_02745",301,299.589294002557
"syn_02746",455,218.02915322808
"syn_02747",391,240.813114458596
"syn_02748",71,187.485894930973
"syn_02749",148,1461.57859146087
"syn_02750",280,1799.37165403061
"syn_02751",308,1354.35878309435
"syn_02752",493,907.278939527229
"syn_02753",138,1489.14505343487
"syn_02754",465,1944.92646029461
"syn_02755",119,26.6781742198458
"syn_02755",222,17.7762550722911
"syn_02755",347,45.0215431472422
"syn_02755",442,43.4656469789846
"syn_02756",92,32.1351136035656
"syn_02756",129,18.0569287814494
"syn_02756",431,16.3878434743783
"syn_02756",498,21.1772431398023
"syn_02757",143,115.706107230092
"syn_02757",250,105.189509921403
"syn_02757",489,54.7439007984036
"syn_02757",538,16.5716221175285
"syn_02758",224,16.1797603908743
"syn_02758",368,333.766463435161
"syn_02758",414,42.0504488166878
"syn_02758",467,40.174419663274
"syn_02759",98,35.9670957752844
"syn_02759",173,65.4455390096787
"syn_02759",340,35.8052342005317
"syn_02759",427,31.1917738198901
"syn_02760",91,38.4196052472819
"syn_02760",145,60.5665754797867
"syn_02760",365,17.5173061515162
"syn_02760",434,25.6076145704879
"syn_02761",121,125.885017102434
"syn_02761",169,306.308470585726
"syn_02761",229,208.457882528876
"syn_02761",441,304.959452400938
"syn_02762",72,158.578251687058
"syn_02762",99,574.407871637155
"syn_02762",420,193.876734826212
"syn_02762",476,238.774948892801
"syn_02763",172,142.208153896032
"syn_02763",244,228.911315682083
"syn_02763",306,350.607202508993
"syn_02763",474,131.357094181668
"syn_02764",114,329.560786091451
"syn_02764",277,481.470193518311
"syn_02764",368,160.073977942617
"syn_02764",436,729.912522230276
"syn_02765",70,399.081602518374
"syn_02765",98,547.853266759996
"syn_02765",371,317.785385541465
"syn_02765",440,235.458363246933
"syn_02766",70,240.373481593442
"syn_02766",146,136.39608209585
"syn_02766",476,229.543579209149
"syn_02766",531,467.193171270891
"syn_02767",172,1057.45208276682
"syn_02767",254,1859.20435426386
"syn_02767",457,1557.62366485575
"syn_02767",511,803.491239439641
"syn_02768",188,564.823859635939
"syn_02768",263,400.226675161921
"syn_02768",348,1100.26176425017
"syn_02768",376,936.027762415064
"syn_02769",197,1353.29806307113
"syn_02769",343,1086.45562833795
"syn_02769",396,1467.65671971012
"syn_02769",496,1879.42869529208
"syn_02770",86,1045.70925908442
"syn_02770",227,1731.10321941126
"syn_02770",451,1492.8362376355
"syn_02770",489,1242.7121736381
"syn_02771",87,1720.56735330804
"syn_02771",168,654.027054654283
"syn_02771",212,1685.39007397163
"syn_02771",490,2000.54786930425
"syn_02772",163,1144.11424833786
"syn_02772",299,2968.57122761745
"syn_02772",366,2455.58843861781
"syn_02772",446,1940.24607338206
"syn_02773",79,42.9798133081069
"syn_02773",106,46.6729156685573
"syn_02773",166,45.4575146318487
"syn_02773",222,73.417808195373
"syn_02773",242,18.7700586354963
"syn_02773",269,43.7547103802346
"syn_02773",332,33.8518749553575
"syn_02773",396,56.122721357651
"syn_02773",422,54.9941264669511
"syn_02773",525,68.0358791067763
"syn_02774",73,43.5301569749311
"syn_02774",261,56.1034228374385
"syn_02774",288,73.8716419839177
"syn_02774",322,48.5071462792997
"syn_02774",354,25.0476357968417
"syn_02774",376,21.8646866388513
"syn_02774",406,63.2747973392664
"syn_02774",458,104.401395589355
"syn_02774",494,81.2002190002368
"syn_02774",518,81.0286800333592
"syn_02775",63,47.8231102477684
"syn_02775",137,65.9717942475757
"syn_02775",184,38.491903303499
"syn_02775",221,52.908857511934
"syn_02775",274,52.939658463142
"syn_02775",320,36.2031691806423
"syn_02775",366,18.3150110931814
"syn_02775",389,110.656104335487
"syn_02775",437,33.8713813437896
"syn_02775",463,39.8288657330565
"syn_02776",73,33.4142099910763
"syn_02776",93,100.345464946721
"syn_02776",116,17.6520374068917
"syn_02776",138,24.5044061442231
"syn_02776",176,49.6389578558938
"syn_02776",333,26.0519585726307
"syn_02776",379,53.7973438273781
"syn_02776",426,28.1187076341013
"syn_02776",456,42.1990770380391
"syn_02776",514,24.5911272347576
"syn_02777",67,49.2351931189265
"syn_02777",113,114.268725021257
"syn_02777",178,34.1901897610721
"syn_02777",215,40.6051473366414
"syn_02777",313,64.4846086338978
"syn_02777",342,39.9990791613641
"syn_02777",366,29.1504918340538
"syn_02777",398,79.0226119788203
"syn_02777",439,14.6102617534654
"syn_02777",502,33.0272484877003
"syn_02778",69,58.4780249316784
"syn_02778",101,24.4262043108026
"syn_02778",146,33.3442341221765
"syn_02778",219,99.4050530837836
"syn_02778",264,49.6387903583181
"syn_02778",297,49.3545157084067
"syn_02778",338,73.4965859836521
"syn_02778",379,138.083968965503
"syn_02778",431,43.7594005896735
"syn_02778",527,36.4560626965565
"syn_02779",99,207.262726350445
"syn_02779",119,329.491836823311
"syn_02779",142,176.543897964707
"syn_02779",225,205.563967873077
"syn_02779",251,190.138066987622
"syn_02779",320,171.266530771966
"syn_02779",383,433.436228166311
"syn_02779",408,207.624265992547
"syn_02779",463,319.66008673734
"syn_02779",500,129.525057928826
"syn_02780",78,98.0321852737174
"syn_02780",132,169.297733415456
"syn_02780",158,316.193199839458
"syn_02780",184,256.533178411052
"syn_02780",225,146.167312051615
"syn_02780",263,206.499647602271
"syn_02780",381,134.167965271209
"syn_02780",442,277.512945724715
"syn_02780",467,657.703188680649
"syn_02780",507,429.185864221995
"syn_02781",73,126.445320597583
"syn_02781",100,198.233776879057
"syn_02781",120,366.973743061183
"syn_02781",182,451.887166878568
"syn_02781",230,196.214020540235
"syn_02781",270,442.633001965413
"syn_02781",299,256.565522961225
"syn_02781",337,103.593375451844
"syn_02781",408,91.9381537937917
"syn_02781",530,174.755206781394
"syn_02782",73,179.709389668607
"syn_02782",104,98.6431073459469
"syn_02782",141,156.20919706497
"syn_02782",176,266.508894373983
"syn_02782",198,333.059321252412
"syn_02782",230,184.830853411803
"syn_02782",257,229.498408209941
"syn_02782",346,427.743706400373
"syn_02782",449,257.518481015435
"syn_02782",538,1009.84863032631
"syn_02783",149,258.821613932411
"syn_02783",209,546.801725436054
"syn_02783",234,807.2823874278
"syn_02783",279,305.195999415282
"syn_02783",308,161.542196099361
"syn_02783",370,142.939011256513
"syn_02783",433,115.686168521255
"syn_02783",456,235.952579174491
"syn_02783",501,426.142985630768
"syn_02783",526,201.241014634883
"syn_02784",75,428.930964122779
"syn_02784",199,282.708622541496
"syn_02784",242,1022.12329825447
"syn_02784",340,533.973957844344
"syn_02784",368,277.371458971689
"syn_02784",391,203.638262362838
"syn_02784",417,369.64700518108
"syn_02784",457,230.329940925998
"syn_02784",500,96.5986236509866
"syn_02784",539,215.682588567827
"syn_02785",69,1076.81419355217
"syn_02785",99,981.469681422265
"syn_02785",199,954.919394703296
"syn_02785",235,759.84643474813
"syn_02785",255,6077.96891676939
"syn_02785",283,742.483181529086
"syn_02785",309,1381.84412176622
"syn_02785",376,520.968028614165
"syn_02785",448,296.960636454141
"syn_02785",532,1877.42077206501
"syn_02786",83,1064.95202202597
"syn_02786",113,1307.79718343703
"syn_02786",137,2435.26313123783
"syn_02786",186,563.785348854009
"syn_02786",221,2877.95258555439
"syn_02786",392,2879.2051075874
"syn_02786",425,496.723799432149
"syn_02786",470,1765.64338856976
"syn_02786",496,866.779331704888
"syn_02786",535,2328.56363999417
"syn_02787",132,1521.72704520684
"syn_02787",194,617.238331265098
"syn_02787",228,1031.13903319476
"syn_02787",272,689.415088490915
"syn_02787",304,4929.47765632881
"syn_02787",324,1616.40714280264
"syn_02787",384,1175.48358725599
"syn_02787",492,1032.39568235084
"syn_02787",517,1688.60131069632
"syn_02787",538,1402.98272904661
"syn_02788",144,1073.59260681868
"syn_02788",192,2884.55030031099
"syn_02788",222,2725.77435445084
"syn_02788",245,4126.71982167544
"syn_02788",331,625.950113312501
"syn_02788",363,2913.99308077555
"syn_02788",395,843.235538170154
"syn_02788",415,878.96574894718
"syn_02788",449,852.354675088958
"syn_02788",511,1704.38057579391
"syn_02789",65,1747.8015662908
"syn_02789",132,1669.42653701706
"syn_02789",155,931.820183725908
"syn_02789",193,1183.08628238066
"syn_02789",262,1956.08032981968
"syn_02789",301,765.889429775519
"syn_02789",322,1995.12919833747
"syn_02789",364,947.729611663024
"syn_02789",406,1030.87199202865
"syn_02789",458,1745.53825650848
"syn_02790",124,1664.90242306951
"syn_02790",175,1784.05924355856
"syn_02790",205,865.3281549538
"syn_02790",246,1681.95351172941
"syn_02790",273,884.902315410979
"syn_02790",423,392.668306299707
"syn_02790",445,1531.79477700322
"syn_02790",479,728.656970979115
"syn_02790",499,1218.10466192577
"syn_02790",531,2281.75945897256
"syn_02791",169,38.8962223025828
"syn_02792",235,56.6705706972729
"syn_02793",331,66.4147728592163
"syn_02794",398,49.8526639666623
"syn_02795",427,34.3969192169383
"syn_02796",387,46.4705619963686
"syn_02797",357,149.65592457962
"syn_02798",91,540.874046910286
"syn_02799",414,177.3747066596
"syn_02800",128,241.939196181099
"syn_02801",537,148.371556480881
"syn_02802",417,450.982192223353
"syn_02803",368,1620.16920498581
"syn_02804",492,744.740436494781
"syn_02805",197,1959.35148833279
"syn_02806",449,2851.09627620769
"syn_02807",414,803.587100942343
"syn_02808",274,2077.16114833738
"syn_02809",79,16.6575508849951
"syn_02809",325,49.4655858048284
"syn_02809",462,65.0681429005277
"syn_02809",537,45.6172423534261
"syn_02810",95,41.7621959398525
"syn_02810",129,82.9971416317195
"syn_02810",269,16.1732158655053
"syn_02810",297,56.1160253254857
"syn_02811",61,76.5911610283032
"syn_02811",149,81.4202912158636
"syn_02811",367,42.221403141425
"syn_02811",427,12.6280922721216
"syn_02812",149,60.2735753422673
"syn_02812",179,155.423069474764
"syn_02812",321,27.5477746790965
"syn_02812",446,47.4879370849917
"syn_02813",113,59.0802109911786
"syn_02813",137,51.3304963016955
"syn_02813",157,19.7866466474271
"syn_02813",480,45.7984808487535
"syn_02814",116,55.0304114569191
"syn_02814",136,151.290515690754
"syn_02814",423,39.4906282169937
"syn_02814",459,92.0558910162741
"syn_02815",134,243.438192433003
"syn_02815",291,485.531727983508
"syn_02815",361,388.661216366763
"syn_02815",526,655.674733594625
"syn_02816",139,318.427086498518
"syn_02816",185,140.49380560609
"syn_02816",225,826.243729575951
"syn_02816",351,229.385373440203
"syn_02817",136,417.488673942654
"syn_02817",174,337.250545626059
"syn_02817",289,125.955161988225
"syn_02817",347,312.935453357161
"syn_02818",69,146.132331245659
"syn_02818",222,337.081517854866
"syn_02818",246,190.930161551099
"syn_02818",375,338.013654654828
"syn_02819",171,303.644055844461
"syn_02819",287,320.900107751678
"syn_02819",311,451.973915270666
"syn_02819",389,191.426377551477
"syn_02820",244,119.580032413355
"syn_02820",296,414.167675416033
"syn_02820",318,208.475427812979
"syn_02820",492,142.202252663112
"syn_02821",72,1739.96784091388
"syn_02821",207,1988.23367989571
"syn_02821",284,917.551818702912
"syn_02821",458,592.515556597964
"syn_02822",100,1721.47433774502
"syn_02822",165,1333.43250307463
"syn_02822",237,1682.38229713974
"syn_02822",455,537.767433694911
"syn_02823",69,1521.60994692663
"syn_02823",184,1464.94645370538
"syn_02823",445,1670.94174485911
"syn_02823",469,1846.70998799397
"syn_02824",89,1532.02518139976
"syn_02824",313,1318.53279265422
"syn_02824",358,1708.46105025604
"syn_02824",452,853.608929992147
"syn_02825",121,1883.64628398781
"syn_02825",243,1395.40964011228
"syn_02825",404,1083.379025696
"syn_02825",498,1885.6988348725
"syn_02826",131,533.993328745557
"syn_02826",165,328.348281783623
"syn_02826",317,1876.76031773575
"syn_02826",348,1166.9816491621
"syn_02827",139,57.7714282926763
"syn_02827",245,52.0401863066079
"syn_02827",287,33.6498469018787
"syn_02827",332,64.4797743081791
"syn_02827",358,26.0956348459304
"syn_02827",379,38.4290592224762
"syn_02827",409,25.6795291917099
"syn_02827",450,71.3320121805852
"syn_02827",504,58.7412420685833
"syn_02827",533,35.79819259972
"syn_02828",91,22.4148485002892
"syn_02828",219,20.504648619892
"syn_02828",261,86.270528991568
"syn_02828",340,19.2278446800011
"syn_02828",369,50.405041620709
"syn_02828",402,69.9176055802133
"syn_02828",422,37.7537864986521
"syn_02828",462,30.9923302352046
"syn_02828",485,46.3656858409852
"syn_02828",522,58.4950386036225
"syn_02829",62,60.8058060128808
"syn_02829",89,50.2124025225436
"syn_02829",110,87.7900023550914
"syn_02829",178,36.8656500185411
"syn_02829",234,61.9443185256971
"syn_02829",286,54.385446244826
"syn_02829",355,85.1705013093036
"syn_02829",383,33.2691221005465
"syn_02829",471,29.5625307841502
"syn_02829",500,25.6882911431469
"syn_02830",155,33.2475650502189
"syn_02830",198,60.3398294814205
"syn_02830",219,52.5668690808755
"syn_02830",271,18.2113922223724
"syn_02830",335,23.8516364790454
"syn_02830",374,26.8704914615488
"syn_02830",400,49.0348525836433
"syn_02830",451,55.5660666515431
"syn_02830",493,124.39513832119
"syn_02830",534,24.2477085556816
"syn_02831",76,36.8279069625296
"syn_02831",106,56.3331630944487
"syn_02831",184,118.539351436766
"syn_02831",240,33.1549067379136
"syn_02831",276,80.2034314342856
"syn_02831",315,61.877705073247
"syn_02831",353,138.612554196304
"syn_02831",393,55.185793522302
"syn_02831",422,90.5229288650225
"syn_02831",480,44.4152970097494
"syn_02832",101,19.0257580212548
"syn_02832",130,45.8766782568526
"syn_02832",228,18.6628047053922
"syn_02832",250,25.3475220984746
"syn_02832",278,33.2010782310984
"syn_02832",299,45.5694090992917
"syn_02832",337,54.3625989740465
"syn_02832",357,32.790035958731
"syn_02832",478,40.4599864547301
"syn_02832",512,35.0155207598925
"syn_02833",60,374.146316542814
"syn_02833",101,316.857289915182
"syn_02833",140,400.423560240396
"syn_02833",178,71.4115706430128
"syn_02833",228,241.162698365477
"syn_02833",369,399.765138104796
"syn_02833",402,316.332271352
"syn_02833",426,224.578184322889
"syn_02833",501,172.070030318855
"syn_02833",532,421.595986057073
"syn_02834",109,252.74362640141
"syn_02834",186,318.776239429493
"syn_02834",231,216.802733332149
"syn_02834",307,252.281445726049
"syn_02834",340,185.797071576638
"syn_02834",383,326.210474571691
"syn_02834",455,210.087725898436
"syn_02834",481,727.02635196451
"syn_02834",505,143.202790080299
"syn_02834",534,302.042846422801
"syn_02835",68,359.285776954287
"syn_02835",91,269.357941038668
"syn_02835",126,210.950393495169
"syn_02835",171,212.389960249094
"syn_02835",225,190.065070005076
"syn_02835",277,198.841668454499
"syn_02835",346,302.088191538344
"syn_02835",416,318.30018942072
"syn_02835",446,328.224734244664
"syn_02835",523,242.46500895682
"syn_02836",73,406.058705487766
"syn_02836",150,155.811402375107
"syn_02836",180,470.901102744805
"syn_02836",260,194.368774420178
"syn_02836",319,280.48923172292
"syn_02836",369,193.821323914804
"syn_02836",396,211.333528878436
"syn_02836",460,271.58942617337
"syn_02836",504,362.661807631331
"syn_02836",534,149.118540873215
"syn_02837",69,346.875285135595
"syn_02837",92,153.238142151407
"syn_02837",147,410.789854979004
"syn_02837",172,284.57683450925
"syn_02837",242,350.328940011746
"syn_02837",350,192.308357950439
"syn_02837",380,176.582753336552
"syn_02837",433,386.616212989339
"syn_02837",467,162.769687261794
"syn_02837",517,352.162865271512
"syn_02838",78,371.699010137456
"syn_02838",128,222.474155901446
"syn_02838",152,201.018388826131
"syn_02838",212,250.200104355617
"syn_02838",239,308.708155037864
"syn_02838",262,231.952952535906
"syn_02838",322,297.427883135746
"syn_02838",403,418.814439374825
"syn_02838",430,120.370289069599
"syn_02838",456,629.249992983109
"syn_02839",66,651.141600737714
"syn_02839",87,423.244685341529
"syn_02839",211,941.089027257606
"syn_02839",236,2039.75390509931
"syn_02839",328,1414.22317656015
"syn_02839",356,1585.82741022146
"syn_02839",382,849.221510106783
"syn_02839",406,2400.20033746748
"syn_02839",447,1682.17510218122
"syn_02839",535,1199.47685367003
"syn_02840",63,765.861812361236
"syn_02840",84,601.673550463792
"syn_02840",239,1205.3248802306
"syn_02840",325,1692.57439192879
"syn_02840",370,5123.19318473149
"syn_02840",400,2705.34000962299
"syn_02840",420,1006.92270514329
"syn_02840",456,687.394129753858
"syn_02840",510,1278.31502795291
"syn_02840",534,1186.69256651835
"syn_02841",94,2058.86563922441
"syn_02841",126,836.212700625337
"syn_02841",182,1352.66143893107
"syn_02841",240,872.763969603353
"syn_02841",268,1827.17991772406
"syn_02841",303,1049.01543058556
"syn_02841",411,1034.33982895178
"syn_02841",438,1950.08064717957
"syn_02841",489,1183.26815565335
"syn_02841",509,1305.54789039772
"syn_02842",64,1226.15399359979
"syn_02842",121,1814.73670703005
"syn_02842",156,769.754681831178
"syn_02842",210,2164.13121680841
"syn_02842",264,1096.73409577829
"syn_02842",309,3444.73804746812
"syn_02842",387,1721.85692402644
"syn_02842",411,1659.41535550952
"syn_02842",476,1842.91971708294
"syn_02842",499,772.789450056174
"syn_02843",70,1046.71996269361
"syn_02843",170,1787.92510866869
"syn_02843",239,926.775990063812
"syn_02843",284,1461.22355351072
"syn_02843",336,1895.33168249306
"syn_02843",376,1181.1595858671
"syn_02843",402,895.063377646215
"syn_02843",422,1270.63575359273
"syn_02843",487,2289.36471003533
"syn_02843",530,979.09714265274
"syn_02844",63,1454.32198135487
"syn_02844",88,1065.6107732589
"syn_02844",132,1026.83543170899
"syn_02844",194,920.870179966307
"syn_02844",235,1479.76761055128
"syn_02844",266,1487.24016300801
"syn_02844",397,721.975665725312
"syn_02844",462,1327.60513100595
"syn_02844",483,1974.06176153724
"syn_02844",532,1255.96940091422
"syn_02851",528,27.4721210216804
"syn_02852",372,40.7521630661067
"syn_02853",282,89.8484076543985
"syn_02854",158,33.2538507563026
"syn_02855",320,74.0260745234174
"syn_02856",124,30.5066678475302
"syn_02857",298,297.408737411539
"syn_02858",439,469.054367236535
"syn_02859",224,161.323640014485
"syn_02860",493,331.419062735688
"syn_02861",128,325.325906424173
"syn_02862",332,350.984189569645
"syn_02863",299,1034.9987644023
"syn_02864",498,2831.91564702122
"syn_02865",101,955.054162261699
"syn_02866",354,1053.59824191634
"syn_02867",164,1418.44002379168
"syn_02868",486,653.638423176796
"syn_02869",233,52.6623510490293
"syn_02869",309,70.3585062562803
"syn_02869",360,47.7626608304425
"syn_02869",440,22.3649102243972
"syn_02870",244,39.4329336355873
"syn_02870",389,81.2317314518589
"syn_02870",505,29.2758061533545
"syn_02870",532,19.8575802541687
"syn_02871",65,69.7697133451945
"syn_02871",270,25.5887556941537
"syn_02871",368,49.0344744144294
"syn_02871",534,51.8481174078736
"syn_02872",90,46.5196677719632
"syn_02872",234,43.5919574702336
"syn_02872",405,15.9319403957751
"syn_02872",489,12.1685345874928
"syn_02873",208,54.2279624495032
"syn_02873",309,25.4025412507743
"syn_02873",345,38.0971640333404
"syn_02873",421,49.8802651459236
"syn_02874",198,34.7399037819166
"syn_02874",292,52.506078368049
"syn_02874",334,76.2897511690522
"syn_02874",512,45.1994566169677
"syn_02875",228,226.872492973992
"syn_02875",321,133.622274275319
"syn_02875",428,289.885174685488
"syn_02875",459,519.536623736033
"syn_02876",129,228.054535109323
"syn_02876",236,431.966127657205
"syn_02876",304,170.173709373755
"syn_02876",331,406.430278767124
"syn_02877",61,130.482302411205
"syn_02877",243,194.107130398244
"syn_02877",278,529.36194109368
"syn_02877",523,338.676329626418
"syn_02878",86,306.908090211852
"syn_02878",401,545.688138478129
"syn_02878",459,170.610339858296
"syn_02878",480,295.452149419329
"syn_02879",101,171.47576503214
"syn_02879",236,183.831987019402
"syn_02879",266,324.343345064497
"syn_02879",308,277.856197281749
"syn_02880",85,265.432523644185
"syn_02880",239,435.191217740864
"syn_02880",282,226.470204206639
"syn_02880",473,99.7947787627219
"syn_02881",112,1223.51195030066
"syn_02881",192,1027.24139701921
"syn_02881",213,1635.65756287448
"syn_02881",371,530.656059223175
"syn_02882",223,1222.22818541221
"syn_02882",267,746.790515197417
"syn_02882",295,2782.30624382599
"syn_02882",340,857.600544012241
"syn_02883",302,1424.74899542055
"syn_02883",458,3704.01221147435
"syn_02883",484,512.772464132671
"syn_02883",504,682.120766416056
"syn_02884",204,1675.38585726208
"syn_02884",402,1377.9106536319
"syn_02884",494,1136.30136377653
"syn_02884",528,1011.35434572598
"syn_02885",258,1070.32088184212
"syn_02885",321,1163.33798010384
"syn_02885",406,802.52033388382
"syn_02885",443,1114.63804146375
"syn_02886",141,1291.14832405441
"syn_02886",203,2312.0788875287
"syn_02886",239,2303.59777340519
"syn_02886",393,1585.5947738618
"syn_02887",81,31.1144720137678
"syn_02887",123,31.8173462222941
"syn_02887",158,54.5658897545283
"syn_02887",192,39.1553414600557
"syn_02887",329,34.9420919977972
"syn_02887",383,35.0870846689468
"syn_02887",405,88.1054418231562
"syn_02887",441,33.5958720185425
"syn_02887",478,179.142369582312
"syn_02887",522,46.5799458474818
"syn_02888",87,47.8440821658343
"syn_02888",117,84.2838670571553
"syn_02888",155,46.6138640379355
"syn_02888",184,33.5850976454087
"syn_02888",209,38.9027695528854
"syn_02888",240,75.5706858328949
"syn_02888",261,17.9376069041253
"syn_02888",299,88.762104431264
"syn_02888",322,47.6946953838363
"syn_02888",394,47.5095444400512
"syn_02889",114,81.5337475988304
"syn_02889",146,80.3392569071789
"syn_02889",186,35.1603121239251
"syn_02889",220,26.5774016892368
"syn_02889",242,47.836822420936
"syn_02889",296,32.3531902761437
"syn_02889",362,46.1019378023401
"syn_02889",420,50.0374314660256
"syn_02889",494,49.3990551123364
"syn_02889",517,50.4276138335627
"syn_02890",69,73.6079563256228
"syn_02890",90,32.0228031532647
"syn_02890",126,27.8778903771253
"syn_02890",150,21.8903351805895
"syn_02890",170,55.5282688876271
"syn_02890",212,95.1702653448048
"syn_02890",239,54.3308404396401
"syn_02890",296,37.6908199053907
"syn_02890",348,29.1952941422685
"syn_02890",411,27.7319656901506
"syn_02891",80,97.2627309073846
"syn_02891",129,37.7031797605361
"syn_02891",155,53.7323101343169
"syn_02891",231,95.470404410899
"syn_02891",253,18.6037285093052
"syn_02891",277,40.5452211572483
"syn_02891",404,54.5182048763178
"syn_02891",424,78.9602084422459
"syn_02891",456,65.4616109292617
"syn_02891",525,37.6409407567501
"syn_02892",103,27.0067001591043
"syn_02892",142,55.6519750991907
"syn_02892",178,95.0600977385835
"syn_02892",226,73.5794508534977
"syn_02892",324,58.9427646632513
"syn_02892",348,26.2146884473657
"syn_02892",428,22.8281539077817
"syn_02892",465,54.0674500461028
"syn_02892",486,57.5430079209125
"syn_02892",519,36.1715497837826
"syn_02893",75,447.861776695355
"syn_02893",173,198.359738371692
"syn_02893",208,159.810633666828
"syn_02893",242,202.497122910965
"syn_02893",300,157.435414515152
"syn_02893",389,354.410305858281
"syn_02893",412,926.228622527596
"syn_02893",472,340.91394761235
"syn_02893",497,623.537846176663
"syn_02893",523,100.749271124339
"syn_02894",71,207.90598666722
"syn_02894",101,169.537497554897
"syn_02894",159,282.364581442282
"syn_02894",183,504.424880331284
"syn_02894",219,266.154750313731
"syn_02894",266,349.230871683201
"syn_02894",320,344.800742580417
"syn_02894",385,212.743788372848
"syn_02894",485,209.699242986118
"syn_02894",527,168.620103195653
"syn_02895",74,194.384502578023
"syn_02895",109,520.249194853439
"syn_02895",157,260.22244322604
"syn_02895",196,297.893796511764
"syn_02895",247,303.569900810915
"syn_02895",369,116.532781018229
"syn_02895",401,189.871277030177
"syn_02895",426,522.257014748096
"syn_02895",471,433.862743441657
"syn_02895",512,170.882152751755
"syn_02896",115,256.707114741817
"syn_02896",189,200.04579241439
"syn_02896",213,177.799126917457
"syn_02896",327,297.366066344778
"syn_02896",392,227.562654945287
"syn_02896",414,166.240172094319
"syn_02896",434,359.273871520851
"syn_02896",470,334.667191256312
"syn_02896",492,309.633207021352
"syn_02896",539,378.170027345824
"syn_02897",83,508.981864701657
"syn_02897",153,165.285591911401
"syn_02897",190,238.626966980497
"syn_02897",217,272.101583798947
"syn_02897",303,344.98798187009
"syn_02897",375,314.903711625091
"syn_02897",405,285.37583467806
"syn_02897",456,364.01819888693
"syn_02897",499,237.536789118471
"syn_02897",523,153.486369624187
"syn_02898",99,234.983896175723
"syn_02898",130,414.177583708292
"syn_02898",170,290.615440926806
"syn_02898",207,474.601188780731
"syn_02898",250,426.971929146905
"syn_02898",287,382.871629398604
"syn_02898",337,234.136047755625
"syn_02898",385,290.654894357642
"syn_02898",422,229.142575735401
"syn_02898",515,290.692565632026
"syn_02899",72,1255.80456693751
"syn_02899",102,1193.30051803698
"syn_02899",146,2319.34558233171
"syn_02899",183,1023.84578210151
"syn_02899",207,3216.62616364117
"syn_02899",382,3124.04357883588
"syn_02899",412,1743.87976705023
"syn_02899",454,3479.28794144404
"syn_02899",479,2380.34940148404
"syn_02899",508,618.236961467347
"syn_02900",86,2497.36318341491
"syn_02900",116,1117.37759402028
"syn_02900",142,1947.69872205797
"syn_02900",190,1898.76159518821
"syn_02900",280,1208.50628215054
"syn_02900",337,714.967587882844
"syn_02900",360,1417.11908961866
"syn_02900",408,892.699108822086
"syn_02900",445,708.382479660518
"syn_02900",508,897.13173681958
"syn_02901",82,1280.14694936099
"syn_02901",104,907.919193416569
"syn_02901",132,1363.8533989135
"syn_02901",154,2372.46682322548
"syn_02901",176,1962.82750517404
"syn_02901",273,1332.12979103012
"syn_02901",296,1239.62718899616
"syn_02901",350,775.788241642993
"syn_02901",440,706.495051989746
"syn_02901",492,1173.60370716073
"syn_02902",130,950.053002139583
"syn_02902",156,621.737927146828
"syn_02902",237,1834.71652748124
"syn_02902",266,2270.50398137735
"syn_02902",336,1037.99601566375
"syn_02902",367,2303.33946808518
"syn_02902",407,1016.77855017024
"syn_02902",438,1615.04208365911
"syn_02902",467,1005.48774585788
"syn_02902",505,2839.29584762901
"syn_02903",61,749.024658506437
"syn_02903",102,1407.45121107381
"syn_02903",126,1671.83593689748
"syn_02903",184,1053.22990539547
"syn_02903",207,1848.6724383271
"syn_02903",233,1465.44471302257
"syn_02903",267,2263.46801597317
"syn_02903",369,1229.05360800904
"syn_02903",390,812.949248171961
"syn_02903",494,1115.94699536469
"syn_02904",83,873.462728447115
"syn_02904",105,1053.55185020829
"syn_02904",149,1458.68877779377
"syn_02904",204,1779.51380897906
"syn_02904",224,1416.14542118985
"syn_02904",259,1214.18929396529
"syn_02904",395,2461.69171217437
"syn_02904",423,1975.29074011251
"syn_02904",510,1283.92524581958
"syn_02904",539,2029.35011122955
"syn_02905",183,37.2774156987605
"syn_02906",510,54.8664704449646
"syn_02907",142,24.4411137703522
"syn_02908",309,39.4930811221672
"syn_02909",386,18.6734055341204
"syn_02910",525,31.6106214906155
"syn_02911",517,338.460428380077
"syn_02912",502,756.533215362897
"syn_02913",411,306.731613717736
"syn_02914",404,271.921271126029
"syn_02915",514,569.316710007525
"syn_02916",184,102.483000991007
"syn_02917",480,1404.44574086398
"syn_02918",152,1380.78168047476
"syn_02919",453,1332.03220846249
"syn_02920",277,998.967967510403
"syn_02921",378,1962.11953632757
"syn_02922",377,917.687566808843
"syn_02923",114,34.7928741625668
"syn_02923",205,28.4357094462792
"syn_02923",254,21.8876191769809
"syn_02923",281,79.7851951932349
"syn_02924",126,43.1307964767357
"syn_02924",175,19.5811373798395
"syn_02924",211,34.9720036526084
"syn_02924",354,43.6418875842687
"syn_02925",84,38.9996095274755
"syn_02925",203,93.854498666596
"syn_02925",292,85.0409751545877
"syn_02925",470,25.3919018966715
"syn_02926",70,72.4494209361784
"syn_02926",173,66.9586355220203
"syn_02926",308,29.372150083227
"syn_02926",389,24.3936708728082
"syn_02927",246,54.783439196273
"syn_02927",281,104.653766077426
"syn_02927",304,58.9466750795084
"syn_02927",495,93.8954220123876
"syn_02928",123,70.7981264122312
"syn_02928",173,40.8696258016714
"syn_02928",356,24.0620485186997
"syn_02928",460,22.1796571349943
"syn_02929",73,161.326789297205
"syn_02929",121,281.406413555366
"syn_02929",215,337.652256427613
"syn_02929",502,383.646875042815
"syn_02930",75,81.1011967599713
"syn_02930",131,284.615996444435
"syn_02930",160,298.871581161004
"syn_02930",530,367.897948414709
"syn_02931",82,203.053099807403
"syn_02931",136,252.188060469764
"syn_02931",276,524.857548311827
"syn_02931",491,212.328134826241
"syn_02932",223,258.414753247772
"syn_02932",380,233.398024979629
"syn_02932",407,313.157329480231
"syn_02932",530,306.193587982118
"syn_02933",75,206.424488634385
"syn_02933",305,406.769620909594
"syn_02933",355,360.597991926727
"syn_02933",475,231.234303482296
"syn_02934",91,254.46997314774
"syn_02934",346,337.610675466132
"syn_02934",372,304.05576160693
"syn_02934",450,204.310412013484
"syn_02935",209,1813.72242877837
"syn_02935",275,1257.3114436167
"syn_02935",487,838.836345360111
"syn_02935",535,760.074740379741
"syn_02936",64,941.260534378103
"syn_02936",135,1296.2248726403
"syn_02936",181,1179.69416304202
"syn_02936",423,780.56406067524
"syn_02937",266,870.902889009037
"syn_02937",303,793.609609249261
"syn_02937",331,1252.23570697868
"syn_02937",474,683.945747726535
"syn_02938",61,1388.01952252426
"syn_02938",157,1360.9888158936
"syn_02938",414,888.303299390879
"syn_02938",454,3113.01045067732
"syn_02939",146,986.648379626321
"syn_02939",284,714.491110884025
"syn_02939",309,1921.61526025965
"syn_02939",514,1233.23192105602
"syn_02940",104,2188.59309536815
"syn_02940",249,1096.3193469568
"syn_02940",289,3788.04197486265
"syn_02940",531,2656.6200959236
"syn_02941",72,70.1951325862625
"syn_02941",116,62.296025968501
"syn_02941",150,59.7218459244073
"syn_02941",250,71.115384877691
"syn_02941",302,9.98775120532701
"syn_02941",327,23.7084436105305
"syn_02941",390,23.0023313308783
"syn_02941",414,38.9907685295305
"syn_02941",487,71.515822429552
"syn_02941",535,19.0338867271499
"syn_02942",72,79.9113343655629
"syn_02942",144,63.3669963227657
"syn_02942",184,58.1410538631497
"syn_02942",265,28.9170174435995
"syn_02942",340,60.4499205745494
"syn_02942",370,17.7662416274495
"syn_02942",404,30.6182202067547
"syn_02942",426,44.780046246904
"syn_02942",483,27.4212866361022
"syn_02942",520,43.1910751517608
"syn_02943",63,22.6951529519405
"syn_02943",130,37.443216907142
"syn_02943",156,33.5316154865827
"syn_02943",183,109.206637644583
"syn_02943",215,35.0898667841141
"syn_02943",280,39.0186263062588
"syn_02943",321,114.659437700473
"syn_02943",422,37.5545203860544
"syn_02943",472,24.5498474603431
"syn_02943",512,58.6887151134335
"syn_02944",84,57.8586034382798
"syn_02944",114,83.6579496961753
"syn_02944",134,83.5226845002891
"syn_02944",249,33.7630169885507
"syn_02944",273,43.389303523881
"syn_02944",307,50.188011013385
"syn_02944",390,37.1660315700849
"syn_02944",480,47.159582600044
"syn_02944",506,23.6354327155436
"syn_02944",537,46.4645643965457
"syn_02945",85,64.1063349902843
"syn_02945",120,19.1823188438099
"syn_02945",141,28.7606311106745
"syn_02945",207,109.974256273039
"syn_02945",252,99.8826131586096
"syn_02945",276,115.661998200236
"syn_02945",306,29.6513655758095
"syn_02945",339,21.3789734660921
"syn_02945",504,73.5493893382058
"syn_02945",535,37.6148010886375
"syn_02946",82,65.0626678354312
"syn_02946",114,34.249191733425
"syn_02946",194,32.0031686456439
"syn_02946",217,67.212492746027
"syn_02946",268,111.050298297385
"syn_02946",334,58.497081963279
"syn_02946",401,24.8202254122089
"syn_02946",422,41.2353324402656
"syn_02946",466,61.7241810915757
"syn_02946",488,57.402972908432
"syn_02947",62,496.226649452105
"syn_02947",94,232.731866470832
"syn_02947",148,263.831619007764
"syn_02947",172,451.75017969519
"syn_02947",193,400.256667720553
"syn_02947",215,603.27922851231
"syn_02947",243,225.357777646696
"syn_02947",390,176.363894905796
"syn_02947",456,177.297787728767
"syn_02947",513,299.655493866451
"syn_02948",82,182.219087227596
"syn_02948",130,322.271365918633
"syn_02948",171,261.343076480269
"syn_02948",191,277.203681992226
"syn_02948",212,355.745600129906
"syn_02948",277,183.032151419551
"syn_02948",301,131.114710877713
"syn_02948",329,277.633808474922
"syn_02948",396,242.296178304924
"syn_02948",442,207.388781684294
"syn_02949",78,376.626507651024
"syn_02949",110,333.120730312337
"syn_02949",163,543.672073932613
"syn_02949",200,87.2948263848125
"syn_02949",233,184.189310930865
"syn_02949",259,315.376225062465
"syn_02949",280,193.543172147088
"syn_02949",401,448.952657027175
"syn_02949",432,391.868701942193
"syn_02949",539,164.808198799656
"syn_02950",95,462.259808732205
"syn_02950",139,449.596525965879
"syn_02950",163,283.833556225928
"syn_02950",195,269.320810571402
"syn_02950",260,210.922431599984
"syn_02950",290,71.75893381939
"syn_02950",338,337.268389282326
"syn_02950",396,203.990962392112
"syn_02950",436,143.587785159644
"syn_02950",518,218.606215166568
"syn_02951",83,634.061752557997
"syn_02951",177,389.274736788249
"syn_02951",219,176.344515058162
"syn_02951",255,411.252030089421
"syn_02951",289,250.379422135635
"syn_02951",367,149.548443568454
"syn_02951",410,131.497805741032
"syn_02951",464,367.932399442326
"syn_02951",498,143.482386341481
"syn_02951",520,381.345652441188
"syn_02952",107,325.910976952032
"syn_02952",141,381.51320446441
"syn_02952",300,352.077425089668
"syn_02952",337,138.933115536971
"syn_02952",368,452.146319614626
"syn_02952",426,273.770407170176
"syn_02952",462,183.049665652781
"syn_02952",489,225.161091820257
"syn_02952",512,99.9169385064823
"syn_02952",537,191.761760706483
"syn_02953",109,2267.81409327473
"syn_02953",152,2277.85468606602
"syn_02953",249,490.797968370532
"syn_02953",296,963.304933991988
"syn_02953",335,2082.04438224414
"syn_02953",365,2710.10378795902
"syn_02953",400,1547.79335871063
"syn_02953",449,1212.98899238565
"syn_02953",483,1124.9436631527
"syn_02953",527,2317.98549720347
"syn_02954",101,577.367846384487
"syn_02954",160,1844.73915871303
"syn_02954",186,3028.9590556661
"syn_02954",230,845.111836504873
"syn_02954",283,1487.27116467367
"syn_02954",306,2612.30634744062
"syn_02954",342,571.210415443241
"syn_02954",412,1889.72209915765
"syn_02954",485,994.761389173986
"syn_02954",512,713.950442613561
"syn_02955",79,2544.35130008026
"syn_02955",100,1137.29273720808
"syn_02955",151,1090.67805333968
"syn_02955",205,1270.11215001886
"syn_02955",267,1474.38198940008
"syn_02955",310,1382.26744796546
"syn_02955",330,2172.81661481635
"syn_02955",360,2337.89471198569
"syn_02955",447,1946.99981025006
"syn_02955",520,2166.88031330758
"syn_02956",77,1294.88360473665
"syn_02956",149,1628.8303446108
"syn_02956",210,2906.68934928698
"syn_02956",244,2590.89009860218
"syn_02956",289,1378.37550460604
"syn_02956",317,1362.5330688575
"syn_02956",342,445.102107720469
"syn_02956",423,465.162885304907
"syn_02956",448,1876.56248598156
"syn_02956",509,1947.28468401271
"syn_02957",80,1463.93537176752
"syn_02957",107,1993.04278974368
"syn_02957",149,1919.16999452371
"syn_02957",193,567.440610462715
"syn_02957",259,1062.48007727929
"syn_02957",348,2776.49730317992
"syn_02957",410,2644.03534614266
"syn_02957",457,938.007712553718
"syn_02957",493,673.567589859195
"syn_02957",538,3006.48191567436
"syn_02958",160,3230.4936853899
"syn_02958",294,833.555566152176
"syn_02958",318,1471.41016985611
"syn_02958",373,1146.40180564281
"syn_02958",395,580.07059744628
"syn_02958",418,2109.07825625498
"syn_02958",444,1490.02317662548
"syn_02958",471,1036.83002705958
"syn_02958",496,2747.11849678559
"syn_02958",533,1451.03587075808
"syn_02965",426,25.1588411325061
"syn_02966",532,32.7053030764681
"syn_02967",379,26.9112083883378
"syn_02968",145,35.1745057014136
"syn_02969",166,35.2752716084178
"syn_02970",234,65.065499309925
"syn_02971",435,459.304177074141
"syn_02972",245,115.937973000016
"syn_02973",370,128.509146725704
"syn_02974",480,121.224649173037
"syn_02975",299,193.741314004526
"syn_02976",336,333.32202844722
"syn_02977",122,1745.31795671839
"syn_02978",502,1396.48191749404
"syn_02979",263,969.513463232972
"syn_02980",455,814.565774985282
"syn_02981",186,1873.04643353154
"syn_02982",236,728.040029511327
"syn_02983",165,49.1004415845378
"syn_02983",300,39.5126008147446
"syn_02983",358,26.0962599842313
"syn_02983",460,52.060637710475
"syn_02984",93,24.0184243399182
"syn_02984",245,53.5136359357935
"syn_02984",511,37.6058791073576
"syn_02984",532,67.1182539055157
"syn_02985",147,22.4918096165188
"syn_02985",172,42.4004085173985
"syn_02985",245,48.9543146177943
"syn_02985",370,21.4925083597626
"syn_02986",182,25.9745157811259
"syn_02986",410,19.7734039280133
"syn_02986",441,30.6339416039219
"syn_02986",519,42.9599136447416
"syn_02987",308,36.4812331703703
"syn_02987",425,53.3866715079304
"syn_02987",451,49.3656421031394
"syn_02987",477,25.0069619035897
"syn_02988",190,31.3771649978722
"syn_02988",303,19.3393365972744
"syn_02988",394,55.9258731083919
"syn_02988",504,36.3128779212776
"syn_02989",111,176.482262745969
"syn_02989",231,408.309159377225
"syn_02989",256,439.729422401003
"syn_02989",357,155.095094298844
"syn_02990",175,238.372691269108
"syn_02990",240,104.046638304734
"syn_02990",398,316.394094250172
"syn_02990",514,432.948485779696
"syn_02991",84,325.750379008353
"syn_02991",280,656.143858194424
"syn_02991",442,642.439587426764
"syn_02991",462,321.934318744315
"syn_02992",235,102.32776504027
"syn_02992",314,183.88213410382
"syn_02992",408,245.775894295523
"syn_02992",445,138.975321771851
"syn_02993",75,449.359570662008
"syn_02993",159,563.715098417916
"syn_02993",288,252.259476690335
"syn_02993",365,132.978775272674
"syn_02994",210,249.800939354342
"syn_02994",278,464.204492303217
"syn_02994",372,323.227071046386
"syn_02994",511,327.702719476003
"syn_02995",101,1090.59242624181
"syn_02995",391,1110.61916243702
"syn_02995",494,1319.66571755786
"syn_02995",540,1720.58947802063
"syn_02996",101,1492.24667930225
"syn_02996",143,931.166283046315
"syn_02996",314,1357.06889933438
"syn_02996",472,615.741209308836
"syn_02997",76,1478.40204918419
"syn_02997",241,895.756807102932
"syn_02997",266,1787.6512646427
"syn_02997",365,876.858821232552
"syn_02998",126,1667.04031438158
"syn_02998",321,820.614968067301
"syn_02998",366,3448.97582016495
"syn_02998",402,1520.66927160438
"syn_02999",69,1052.40849186026
"syn_02999",165,1152.07079625825
"syn_02999",453,1429.14379714474
"syn_02999",518,1061.5665828292
"syn_03000",204,1089.46247993364
"syn_03000",317,863.376871078484
"syn_03000",350,1314.39775761109
"syn_03000",392,1760.60661715743
"syn_03001",94,51.3717749574745
"syn_03001",124,57.898590743218
"syn_03001",195,29.7434667994494
"syn_03001",219,36.6764809285744
"syn_03001",269,18.1517144661773
"syn_03001",300,90.0532390320741
"syn_03001",408,75.1612822359145
"syn_03001",455,43.3355749823685
"syn_03001",505,49.0430569962753
"syn_03001",528,20.8530991591651
"syn_03002",106,22.4608934806488
"syn_03002",198,46.7092349725306
"syn_03002",262,23.6952221345815
"syn_03002",287,13.1887850560209
"syn_03002",309,46.1090364684556
"syn_03002",337,75.0085220090818
"syn_03002",363,89.9439629135645
"syn_03002",463,47.0847669536227
"syn_03002",494,70.8057354373773
"syn_03002",521,70.1051838981332
"syn_03003",106,41.4872779960875
"syn_03003",150,42.7198601670819
"syn_03003",228,72.2677506098542
"syn_03003",272,50.773875643596
"syn_03003",304,64.177586340206
"syn_03003",376,38.1946848702977
"syn_03003",401,33.7816950413706
"syn_03003",452,70.6814269078551
"syn_03003",493,41.0935818445927
"syn_03003",524,47.0119501760171
"syn_03004",61,33.9945879821646
"syn_03004",106,21.0157314683582
"syn_03004",134,83.5276002067827
"syn_03004",158,39.206936603109
"syn_03004",196,99.5074433923009
"syn_03004",232,27.2083128281452
"syn_03004",269,20.9906450262095
"syn_03004",317,24.3151451609129
"syn_03004",392,52.4211287038691
"syn_03004",489,42.1457547981055
"syn_03005",99,49.3861790163454
"syn_03005",178,31.9251165117078
"syn_03005",207,54.9782989249045
"syn_03005",251,141.777584158251
"syn_03005",340,35.8804459224141
"syn_03005",422,114.941424428346
"syn_03005",445,46.0561374497115
"syn_03005",467,53.0984896321422
"syn_03005",512,49.9608864648579
"syn_03005",532,69.6497959704797
"syn_03006",65,28.6860215077802
"syn_03006",92,59.0990291218424
"syn_03006",122,38.4827000615886
"syn_03006",160,31.3910144929813
"syn_03006",185,71.2679864350867
"syn_03006",256,86.5171933554321
"syn_03006",325,59.4233878994776
"syn_03006",352,97.6439127012459
"syn_03006",405,46.016025561125
"syn_03006",536,18.6484522429123
"syn_03007",71,219.832117136019
"syn_03007",92,223.177649319911
"syn_03007",126,369.032014162013
"syn_03007",207,158.4252492024
"syn_03007",252,216.29668174887
"syn_03007",291,437.122570719945
"syn_03007",311,202.559661117406
"syn_03007",357,379.699646387101
"syn_03007",425,508.743701007688
"syn_03007",448,191.996744565194
"syn_03008",67,212.225361727433
"syn_03008",106,1072.14532695908
"syn_03008",158,200.147855034573
"syn_03008",196,190.488691575976
"syn_03008",239,160.999731672268
"syn_03008",263,302.599521948776
"syn_03008",291,321.218449363019
"syn_03008",427,181.711869710832
"syn_03008",462,197.287571475047
"syn_03008",514,169.631680907789
"syn_03009",89,214.136306702953
"syn_03009",112,206.186707768086
"syn_03009",146,280.037759998808
"syn_03009",224,779.466437359997
"syn_03009",255,198.569190706084
"syn_03009",291,340.75790429066
"syn_03009",322,192.454319074012
"syn_03009",371,514.706985526397
"syn_03009",429,97.694284378162
"syn_03009",502,268.15458000193
"syn_03010",66,428.546666638078
"syn_03010",88,379.969286053865
"syn_03010",140,233.749167677212
"syn_03010",167,494.745906789576
"syn_03010",192,212.288121899322
"syn_03010",256,408.892830896902
"syn_03010",291,396.193050682948
"syn_03010",388,337.348132363723
"syn_03010",485,360.689145294446
"syn_03010",513,480.332169912213
"syn_03011",67,170.846633614708
"syn_03011",109,166.703616037275
"syn_03011",153,188.060649654772
"syn_03011",192,260.843609373128
"syn_03011",219,381.497720649252
"syn_03011",262,419.663808527513
"syn_03011",334,217.742875174405
"syn_03011",396,244.734088348907
"syn_03011",422,186.064578026793
"syn_03011",455,126.638174820212
"syn_03012",97,210.978642479389
"syn_03012",121,280.387595100715
"syn_03012",247,404.68992666828
"syn_03012",279,205.931612406677
"syn_03012",307,167.503121188686
"syn_03012",347,233.878021416829
"syn_03012",372,234.099774117063
"syn_03012",415,163.70517646771
"syn_03012",445,403.937109110483
"syn_03012",499,449.645749579227
"syn_03013",66,845.306446848891
"syn_03013",112,1181.67994913177
"syn_03013",178,1712.93575094225
"syn_03013",201,3302.15835397975
"syn_03013",240,1144.62296285696
"syn_03013",272,994.365543454153
"syn_03013",321,2258.55837655937
"syn_03013",400,1049.67824895489
"syn_03013",430,1455.49864938337
"syn_03013",499,542.578364826041
"syn_03014",71,836.16767896881
"syn_03014",103,543.720570468676
"syn_03014",126,1440.80993720983
"syn_03014",157,1146.79610370006
"syn_03014",200,1935.91165664603
"syn_03014",220,2628.76833145962
"syn_03014",270,1135.69386127744
"syn_03014",326,1207.22952726442
"syn_03014",352,1517.35113304555
"syn_03014",507,2083.21049420752
"syn_03015",77,2322.07957544505
"syn_03015",111,1699.41415890859
"syn_03015",164,1578.4204774824
"syn_03015",224,1604.47188714811
"syn_03015",256,1353.02153611317
"syn_03015",304,1656.62343580573
"syn_03015",329,3553.93077100592
"syn_03015",438,2166.32804650403
"syn_03015",501,1063.91019438134
"syn_03015",527,1142.78372769099
"syn_03016",85,1752.05960187551
"syn_03016",136,980.084694135436
"syn_03016",178,861.996851219987
"syn_03016",204,793.806272435009
"syn_03016",224,325.920033670928
"syn_03016",257,3963.68290099394
"syn_03016",277,1032.81871695037
"syn_03016",305,1610.3304063867
"syn_03016",362,2556.73359809114
"syn_03016",452,859.089838629844
"syn_03017",142,712.954099306377
"syn_03017",188,1886.33375485415
"syn_03017",213,2124.00774769971
"syn_03017",260,1930.46059594108
"syn_03017",287,1087.63590597322
"syn_03017",354,1702.35490486458
"syn_03017",401,2085.04234949889
"syn_03017",430,700.213384199873
"syn_03017",454,1387.2714027328
"syn_03017",534,1210.27894660778
"syn_03018",102,1603.86658383159
"syn_03018",128,1890.43947040091
"syn_03018",220,2262.13786165086
"syn_03018",258,813.665867372433
"syn_03018",279,1414.59624551031
"syn_03018",312,1485.8232745917
"syn_03018",347,567.014950617199
"syn_03018",368,1186.96526318702
"syn_03018",401,739.152756622169
"syn_03018",537,2106.67313894092
"syn_03019",235,39.309001025054
"syn_03020",537,82.9111274235316
"syn_03021",169,31.8874619582037
"syn_03022",345,42.9067912329118
"syn_03023",116,52.1134731244099
"syn_03024",182,40.8174352133974
"syn_03025",439,611.115979638654
"syn_03026",239,359.754413496788
"syn_03027",145,108.770378412639
"syn_03028",256,385.587853909062
"syn_03029",142,231.785548799918
"syn_03030",225,114.414584228258
"syn_03031",476,1424.06183487253
"syn_03032",383,1139.75739653061
"syn_03033",125,1663.43929708611
"syn_03034",78,1330.04760511553
"syn_03035",485,1030.39397157403
"syn_03036",479,784.901891279631
"syn_03037",155,18.5241506786995
"syn_03037",292,67.4071667715202
"syn_03037",348,42.663550566659
"syn_03037",395,36.6794935433322
"syn_03038",133,26.2812717777778
"syn_03038",380,51.8417433027569
"syn_03038",442,18.5861336330119
"syn_03038",511,36.5568071639202
"syn_03039",135,19.9483717115688
"syn_03039",309,75.3734124555662
"syn_03039",402,44.6137480528764
"syn_03039",538,25.7701549251237
"syn_03040",195,93.790064265137
"syn_03040",262,37.8053911244725
"syn_03040",335,12.2726443897938
"syn_03040",381,16.5681575483848
"syn_03041",121,16.8176047989951
"syn_03041",169,29.0807925113622
"syn_03041",338,36.9060673824135
"syn_03041",446,74.6535158479558
"syn_03042",220,70.0950335086636
"syn_03042",283,78.6285366832069
"syn_03042",424,11.8656296373767
"syn_03042",492,23.5305600266433
"syn_03043",111,135.958566950968
"syn_03043",273,795.999685233603
"syn_03043",358,150.68106101606
"syn_03043",457,299.579396099517
"syn_03044",198,196.796205846571
"syn_03044",272,282.31833366469
"syn_03044",382,279.946898755643
"syn_03044",425,211.648856453225
"syn_03045",266,188.413207801678
"syn_03045",311,232.967350775603
"syn_03045",337,200.107116492656
"syn_03045",468,131.908330746319
"syn_03046",69,286.07966892222
"syn_03046",246,291.56743327086
"syn_03046",447,307.597615403588
"syn_03046",488,269.647178386861
"syn_03047",156,201.165052955469
"syn_03047",206,117.415110046034
"syn_03047",280,772.508020833916
"syn_03047",466,142.257870069949
"syn_03048",88,186.573339524202
"syn_03048",166,648.896728323365
"syn_03048",264,162.535220893973
"syn_03048",338,140.029170143614
"syn_03049",108,670.038894642111
"syn_03049",331,823.00123895101
"syn_03049",399,3076.11369143028
"syn_03049",511,974.955648740103
"syn_03050",87,2392.76842963202
"syn_03050",305,481.845010837998
"syn_03050",412,1277.67503922877
"syn_03050",473,1300.16082417364
"syn_03051",132,674.77129284097
"syn_03051",245,676.899651086253
"syn_03051",297,1476.33500796634
"syn_03051",353,1956.08077776438
"syn_03052",135,1682.56183558674
"syn_03052",309,2846.97937791429
"syn_03052",350,2938.9813396905
"syn_03052",492,582.011370451906
"syn_03053",71,783.992230373259
"syn_03053",113,1006.20902790103
"syn_03053",374,1071.53874795206
"syn_03053",509,652.207851685031
"syn_03054",65,1988.64874080376
"syn_03054",242,4499.92319786284
"syn_03054",308,3781.47160699686
"syn_03054",389,1714.03836709335
"syn_03055",77,19.763681230705
"syn_03055",142,41.28719551967
"syn_03055",169,52.4982446673283
"syn_03055",195,66.1105832731194
"syn_03055",222,58.0925721749234
"syn_03055",323,38.6178279350447
"syn_03055",352,76.8279027431604
"syn_03055",389,22.2716244992582
"syn_03055",430,41.1525441842642
"syn_03055",531,41.3934807194027
"syn_03056",72,41.1805174987001
"syn_03056",151,29.8272654797926
"syn_03056",195,20.3872814904774
"syn_03056",220,55.0991924454911
"syn_03056",278,39.4864706288067
"syn_03056",318,35.0971950432831
"syn_03056",348,36.0367790641089
"syn_03056",381,47.2866871743841
"syn_03056",425,49.3261837817842
"syn_03056",537,77.2354396670563
"syn_03057",61,133.59537143332
"syn_03057",94,50.5219388425457
"syn_03057",179,37.3941611443236
"syn_03057",339,56.9161064293622
"syn_03057",359,53.2933237807041
"syn_03057",394,50.4084659911359
"syn_03057",440,62.3262275294834
"syn_03057",464,19.6046862245254
"syn_03057",510,53.8647326979653
"syn_03057",533,115.082641207527
"syn_03058",66,33.0251566620631
"syn_03058",96,30.1970427379234
"syn_03058",127,35.6906578763876
"syn_03058",161,29.3557612556001
"syn_03058",202,19.7186503245995
"syn_03058",235,28.7986647557396
"syn_03058",257,57.2770536749978
"syn_03058",289,44.2008009641114
"syn_03058",410,111.746817992269
"syn_03058",444,29.0914500863964
"syn_03059",65,81.8049019781397
"syn_03059",88,54.1472043998999
"syn_03059",116,35.1463519128054
"syn_03059",171,35.9335790352615
"syn_03059",201,42.1604743871896
"syn_03059",253,28.6910865201879
"syn_03059",289,69.3791887171223
"syn_03059",311,24.6382824951118
"syn_03059",462,59.1279190221445
"syn_03059",511,39.2301039705806
"syn_03060",74,24.8870185329625
"syn_03060",122,67.4953762227991
"syn_03060",157,23.6257029965375
"syn_03060",245,83.1809757390617
"syn_03060",269,40.8412463840095
"syn_03060",320,29.4907457032696
"syn_03060",355,18.0591512104929
"syn_03060",387,46.0083072856681
"syn_03060",433,46.5581871262895
"syn_03060",457,26.4293770385066
"syn_03061",65,466.55015459481
"syn_03061",89,283.213851783035
"syn_03061",198,308.975983394484
"syn_03061",220,679.193164080625
"syn_03061",262,238.926593042677
"syn_03061",299,162.030491755337
"syn_03061",367,369.760840204093
"syn_03061",409,152.612815269222
"syn_03061",436,271.123243829698
"syn_03061",461,272.060473059386
"syn_03062",62,78.4251927666533
"syn_03062",134,398.490555552167
"syn_03062",156,436.302458503147
"syn_03062",190,92.0237209247148
"syn_03062",215,179.769036160059
"syn_03062",250,241.899757596218
"syn_03062",277,216.196592825489
"syn_03062",339,474.450606709557
"syn_03062",376,208.228578758635
"syn_03062",478,308.001388118562
"syn_03063",61,170.011946336905
"syn_03063",150,265.417165576043
"syn_03063",177,168.882362100972
"syn_03063",286,382.548786298718
"syn_03063",323,497.888775968549
"syn_03063",363,223.908680917216
"syn_03063",431,155.065144440611
"syn_03063",466,365.370296461519
"syn_03063",512,103.384549680499
"syn_03063",536,379.961187293845
"syn_03064",105,480.64788491784
"syn_03064",127,262.974675691204
"syn_03064",207,377.015662533871
"syn_03064",232,219.710797128577
"syn_03064",277,321.980722658767
"syn_03064",342,185.228793991934
"syn_03064",408,1275.3011124821
"syn_03064",478,174.602022410251
"syn_03064",498,245.293575768195
"syn_03064",518,514.570872526338
"syn_03065",115,217.999849456794
"syn_03065",195,224.578698838507
"syn_03065",266,802.609738208992
"syn_03065",300,83.1392546799032
"syn_03065",335,301.036309777376
"syn_03065",359,286.117060677282
"syn_03065",392,171.62867598487
"syn_03065",428,406.689274344033
"syn_03065",466,765.902200916964
"syn_03065",538,357.182619335961
"syn_03066",67,200.895573758832
"syn_03066",94,117.898137161899
"syn_03066",135,315.455138291397
"syn_03066",176,372.285023597944
"syn_03066",197,326.830108712668
"syn_03066",266,294.059394232109
"syn_03066",304,518.336262538253
"syn_03066",471,363.849877843135
"syn_03066",504,184.468330515708
"syn_03066",526,182.670691990842
"syn_03067",71,1688.4372954437
"syn_03067",106,1839.06675191126
"syn_03067",132,1376.28385825987
"syn_03067",255,931.909214541777
"syn_03067",285,1411.00252811775
"syn_03067",358,2035.65282083671
"syn_03067",381,1158.49705156826
"syn_03067",410,660.381447591998
"syn_03067",483,1022.05458946024
"syn_03067",513,1405.76751566644
"syn_03068",72,1470.67938545184
"syn_03068",108,1307.41050869912
"syn_03068",144,1832.5986308443
"syn_03068",221,1701.02762281463
"syn_03068",273,1612.26735807228
"syn_03068",328,1191.68925096171
"syn_03068",424,1166.39207694729
"syn_03068",460,2027.67684279333
"syn_03068",506,1419.97313354857
"syn_03068",537,980.214974350811
"syn_03069",111,1968.20039214271
"syn_03069",186,2585.13028297707
"syn_03069",217,2739.98839704302
"syn_03069",247,1392.15894630125
"syn_03069",281,1253.37111784838
"syn_03069",331,1857.3153811379
"syn_03069",378,1331.51616936218
"syn_03069",406,548.534324824685
"syn_03069",450,857.313661500413
"syn_03069",524,1830.35846000278
"syn_03070",69,890.037795393671
"syn_03070",134,1761.02716104861
"syn_03070",218,3715.03887487553
"syn_03070",243,1712.15506745083
"syn_03070",297,1380.95717282203
"syn_03070",319,476.051235791976
"syn_03070",341,1545.02941763599
"syn_03070",487,745.682428277671
"syn_03070",508,6285.86987313023
"syn_03070",534,1508.29028712606
"syn_03071",62,1042.04101345432
"syn_03071",123,1259.35244555197
"syn_03071",197,1658.22767966063
"syn_03071",241,1023.37044605136
"syn_03071",267,5389.99224929846
"syn_03071",291,1590.86602714699
"syn_03071",312,817.881409574047
"syn_03071",356,2575.69206829341
"syn_03071",451,858.105126634964
"syn_03071",539,976.014175423396
"syn_03072",76,2403.01009461853
"syn_03072",131,2171.34226303246
"syn_03072",169,1499.44782482144
"syn_03072",189,2411.09594936934
"syn_03072",249,1990.81849334962
"syn_03072",271,1701.83970327438
"syn_03072",348,1954.50320522654
"syn_03072",373,764.744882933557
"syn_03072",395,1141.8090422118
"syn_03072",527,1036.32367806355
"syn_03079",174,16.7441638214365
"syn_03080",396,73.7553856357774
"syn_03081",360,48.365217247702
"syn_03082",238,66.1410604665564
"syn_03083",482,47.572364767743
"syn_03084",200,39.9443294351604
"syn_03085",456,163.642772006492
"syn_03086",114,470.022742439533
"syn_03087",522,269.830359625247
"syn_03088",410,94.9091513928854
"syn_03089",75,511.619701641955
"syn_03090",71,271.899009496439
"syn_03091",417,2762.07748661144
"syn_03092",519,1652.31867848176
"syn_03093",179,1903.99696824269
"syn_03094",195,1911.66119353087
"syn_03095",473,618.721119002715
"syn_03096",227,2120.58075159946
"syn_03097",70,58.1184653722101
"syn_03097",149,39.0108297278798
"syn_03097",274,34.3769017621476
"syn_03097",494,31.2190043590642
"syn_03098",148,49.9295754723859
"syn_03098",172,67.7516396940916
"syn_03098",284,20.3306942340643
"syn_03098",343,33.0539485289864
"syn_03099",93,31.6153106119321
"syn_03099",187,21.8790815170451
"syn_03099",237,72.2501322023515
"syn_03099",462,29.2146753819371
"syn_03100",195,46.9676991267131
"syn_03100",265,64.2949140384033
"syn_03100",287,57.4074048690181
"syn_03100",467,30.0942011121844
"syn_03101",79,43.7460765803876
"syn_03101",124,51.0880141352536
"syn_03101",216,57.3084239403863
"syn_03101",304,15.8085832570622
"syn_03102",158,27.9955327365017
"syn_03102",187,44.994580228888
"syn_03102",253,37.7647958809945
"syn_03102",363,31.5684506534654
"syn_03103",104,671.089584998464
"syn_03103",293,129.128875268748
"syn_03103",416,173.618401768993
"syn_03103",498,230.098035243706
"syn_03104",218,289.036023221467
"syn_03104",421,256.842732368693
"syn_03104",465,242.553744657281
"syn_03104",502,351.746230647332
"syn_03105",257,625.331548677314
"syn_03105",434,288.317160541066
"syn_03105",484,687.542885708041
"syn_03105",519,838.25527279879
"syn_03106",163,519.947395970056
"syn_03106",194,182.98105894667
"syn_03106",323,239.20069821577
"syn_03106",445,393.950855402109
"syn_03107",254,168.096126529634
"syn_03107",375,255.831749398915
"syn_03107",517,272.424104216315
"syn_03107",540,420.723151159408
"syn_03108",109,251.10562937726
"syn_03108",190,255.337219547255
"syn_03108",220,206.743205649774
"syn_03108",314,204.548734207271
"syn_03109",66,2041.72100826036
"syn_03109",267,852.035086995555
"syn_03109",428,1482.08087407874
"syn_03109",525,1847.85686596726
"syn_03110",75,1895.10348830426
"syn_03110",146,1908.40206425327
"syn_03110",172,2249.60005022428
"syn_03110",340,681.444023248525
"syn_03111",171,1641.86476037032
"syn_03111",279,2353.50545158888
"syn_03111",403,1224.79606912602
"syn_03111",537,1472.86910727966
"syn_03112",231,3443.90762151936
"syn_03112",383,3234.96163278846
"syn_03112",404,2020.60955855495
"syn_03112",431,2933.23675480515
"syn_03113",174,701.212063580296
"syn_03113",220,1038.04723271783
"syn_03113",348,966.404841766398
"syn_03113",416,536.002927969072
"syn_03114",71,1425.10151855685
"syn_03114",150,1942.09533189109
"syn_03114",237,2049.96287933347
"syn_03114",319,897.554805013813
"syn_03115",76,37.1125940239674
"syn_03115",127,75.7603130688198
"syn_03115",179,54.7393832071839
"syn_03115",302,63.566965679613
"syn_03115",324,52.5300301661188
"syn_03115",405,18.436824751529
"syn_03115",425,86.7279129179581
"syn_03115",446,33.419753150837
"syn_03115",513,80.0507331631706
"syn_03115",533,33.2593077919894
"syn_03116",60,23.7573773944658
"syn_03116",148,83.7649573616113
"syn_03116",229,26.8492917251423
"syn_03116",295,52.8348741273386
"syn_03116",331,105.275345371339
"syn_03116",391,42.3290487281181
"syn_03116",449,50.2322813104941
"syn_03116",474,28.4756615437184
"syn_03116",513,27.2842194397267
"syn_03116",540,45.1581454806977
"syn_03117",79,69.4030696065263
"syn_03117",130,69.3999362248723
"syn_03117",175,48.4219447224342
"syn_03117",301,10.2272761421277
"syn_03117",335,97.1037037958715
"syn_03117",403,37.1629420307724
"syn_03117",426,31.2304052536972
"syn_03117",475,33.3894276323486
"syn_03117",513,39.1239274248087
"syn_03117",536,56.7810333364854
"syn_03118",86,33.2034388047475
"syn_03118",155,63.118640768642
"syn_03118",197,65.0586936804389
"syn_03118",227,56.141497039418
"syn_03118",308,80.9168027159146
"syn_03118",344,91.882497273125
"syn_03118",390,18.3216865062564
"syn_03118",431,56.2835530719833
"syn_03118",464,83.6259059746006
"syn_03118",507,79.687692244985
"syn_03119",96,41.0586456189503
"syn_03119",148,44.9958541719948
"syn_03119",202,28.038434277476
"syn_03119",270,23.2769912479696
"syn_03119",298,71.8114414446803
"syn_03119",318,37.2717768296375
"syn_03119",338,44.0937943020453
"syn_03119",406,25.5995569053836
"syn_03119",478,30.1245171978398
"syn_03119",516,22.7796985174921
"syn_03120",73,63.6229519078693
"syn_03120",94,8.3871795464755
"syn_03120",201,60.9910862716008
"syn_03120",260,24.6969505966077
"syn_03120",334,34.7444726437157
"syn_03120",356,46.851563398653
"syn_03120",395,35.3887326215076
"syn_03120",422,56.4345585453441
"syn_03120",457,11.4507777227981
"syn_03120",510,34.6443909165453
"syn_03121",158,864.226861805858
"syn_03121",179,224.219948645077
"syn_03121",223,423.131876512773
"syn_03121",289,419.130502354027
"syn_03121",328,260.691794561101
"syn_03121",406,649.260092665366
"syn_03121",436,348.826315343775
"syn_03121",460,406.845338148185
"syn_03121",501,188.324984614734
"syn_03121",529,211.257920037315
"syn_03122",60,231.574874427981
"syn_03122",201,251.194531573175
"syn_03122",228,113.11789947401
"syn_03122",363,1108.67263345398
"syn_03122",385,439.526432976335
"syn_03122",422,153.010595795426
"syn_03122",450,266.303369835429
"syn_03122",474,145.054951470046
"syn_03122",510,203.52805294634
"syn_03122",538,271.530575404575
"syn_03123",76,454.481298108222
"syn_03123",141,499.155353502874
"syn_03123",186,403.744014314622
"syn_03123",211,768.492831440779
"syn_03123",240,207.277614635543
"syn_03123",277,278.419284270174
"syn_03123",413,342.549957252442
"syn_03123",476,457.012515760746
"syn_03123",504,329.006133315336
"syn_03123",530,108.999237105697
"syn_03124",74,227.123682588494
"syn_03124",132,114.524835468433
"syn_03124",195,702.8235311754
"syn_03124",291,629.586973276593
"syn_03124",312,600.930149429024
"syn_03124",384,239.931210608122
"syn_03124",406,222.454317040739
"syn_03124",432,134.569157469099
"syn_03124",459,364.528491043681
"syn_03124",536,139.413249437527
"syn_03125",117,307.330962553304
"syn_03125",215,307.172425190468
"syn_03125",242,327.670971457196
"syn_03125",276,360.664361132983
"syn_03125",319,259.961460737449
"syn_03125",379,386.077618175035
"syn_03125",426,289.152793410455
"syn_03125",456,157.06331794488
"syn_03125",511,252.814138498993
"syn_03125",537,339.494071148843
"syn_03126",66,256.149737281638
"syn_03126",107,172.546550850198
"syn_03126",167,195.449838587662
"syn_03126",193,308.073436698741
"syn_03126",260,202.767267524233
"syn_03126",282,434.141351132687
"syn_03126",313,169.657901606045
"syn_03126",445,232.336193869646
"syn_03126",494,272.119599929814
"syn_03126",525,479.447114305187
"syn_03127",97,646.732896801765
"syn_03127",142,982.817352840246
"syn_03127",177,1338.64121234866
"syn_03127",230,1209.7414118419
"syn_03127",259,2215.7735613537
"syn_03127",329,1478.17224289014
"syn_03127",368,1113.70091232098
"syn_03127",390,812.60167719508
"syn_03127",478,1302.44831071963
"syn_03127",511,1540.699082323
"syn_03128",83,2001.6792819617
"syn_03128",104,577.990083768795
"syn_03128",127,2067.30398997785
"syn_03128",156,942.975425447528
"syn_03128",213,2739.390806924
"syn_03128",285,1514.29057907981
"syn_03128",310,1264.9591529612
"syn_03128",410,769.920196627114
"syn_03128",486,2073.79718380362
"syn_03128",513,1418.91479220999
"syn_03129",65,1298.41810116836
"syn_03129",111,1534.7855906905
"syn_03129",147,1334.23208735213
"syn_03129",181,2074.51578736057
"syn_03129",305,2218.1795846202
"syn_03129",369,816.939059426695
"syn_03129",434,1764.16052814493
"syn_03129",465,2880.75735633278
"syn_03129",491,1283.42267064407
"syn_03129",527,1428.39480141435
"syn_03130",73,1172.28195141135
"syn_03130",191,1157.03097863735
"syn_03130",229,816.20851495288
"syn_03130",269,1944.18939206616
"syn_03130",294,559.497789225595
"syn_03130",325,1966.70094980178
"syn_03130",395,1225.00380414448
"syn_03130",453,858.044840054445
"syn_03130",501,926.839206262538
"syn_03130",529,1459.64119757377
"syn_03131",114,719.44816944642
"syn_03131",208,1538.47016596362
"syn_03131",274,2290.77463085752
"syn_03131",308,1615.08013056872
"syn_03131",385,1170.10189977791
"syn_03131",429,1021.7987072786
"syn_03131",452,395.320122694245
"syn_03131",485,2503.12791127057
"syn_03131",505,1202.44964264545
"syn_03131",538,1072.79644825377
"syn_03132",62,1255.46362862342
"syn_03132",90,1328.72386244745
"syn_03132",209,496.859383005203
"syn_03132",273,2798.38565473658
"syn_03132",295,1761.11639900686
"syn_03132",316,2259.49751830424
"syn_03132",356,1824.69434066547
"syn_03132",388,1741.40797907111
"syn_03132",433,4862.92161968772
"syn_03132",535,1507.0863111744
"syn_03133",388,18.7937706013137
"syn_03134",245,30.9960970269429
"syn_03135",480,59.3690915342383
"syn_03136",433,73.1078544804995
"syn_03137",318,59.3579740904892
"syn_03138",170,67.8701443089903
"syn_03139",462,123.468546832269
"syn_03140",248,264.737149265884
"syn_03141",217,162.175695750644
"syn_03142",221,298.362405828699
"syn_03143",401,283.807930845124
"syn_03144",268,138.799931895558
"syn_03145",446,2802.74451140286
"syn_03146",474,1508.79178262704
"syn_03147",111,2772.61243782893
"syn_03148",287,1649.08997680575
"syn_03149",235,1139.85531340305
"syn_03150",492,1045.60391387811
"syn_03151",81,52.1608370267352
"syn_03151",123,25.5882134268144
"syn_03151",455,51.6946013397311
"syn_03151",475,42.5530232679764
"syn_03152",114,29.0671875321284
"syn_03152",354,46.8931139728058
"syn_03152",432,107.019840995104
"syn_03152",479,37.4776507237833
"syn_03153",114,20.093784330669
"syn_03153",142,98.9200096162403
"syn_03153",325,12.6816602122912
"syn_03153",410,55.7184773595074
"syn_03154",72,46.5470773837876
"syn_03154",130,24.6060310118724
"syn_03154",260,22.5243282356446
"syn_03154",307,41.1994572202351
"syn_03155",155,33.0331819489481
"syn_03155",253,44.0863683547824
"syn_03155",421,39.8527659022267
"syn_03155",528,71.2847654069831
"syn_03156",108,51.5137403664729
"syn_03156",152,50.10364662084
"syn_03156",216,71.1842089308192
"syn_03156",326,26.518261747848
"syn_03157",141,194.548815152252
"syn_03157",325,55.6606038639397
"syn_03157",439,139.8263071287
"syn_03157",535,560.336197972733
"syn_03158",361,215.450396135377
"syn_03158",419,782.470527867697
"syn_03158",493,261.272274819568
"syn_03158",527,419.010837873154
"syn_03159",127,233.700849471851
"syn_03159",232,215.033682336677
"syn_03159",339,208.335476613021
"syn_03159",385,726.195358086431
"syn_03160",244,116.624233254292
"syn_03160",277,312.098546452617
"syn_03160",298,276.572596500162
"syn_03160",341,612.98518209528
"syn_03161",296,180.834436938048
"syn_03161",403,131.257843070248
"syn_03161",465,225.925345236951
"syn_03161",506,256.062804235317
"syn_03162",160,196.920178773472
"syn_03162",258,371.654551989346
"syn_03162",357,560.424700463417
"syn_03162",406,308.792236563477
"syn_03163",145,753.720048894154
"syn_03163",210,729.993167394515
"syn_03163",279,1289.36968903358
"syn_03163",467,2353.2385546178
"syn_03164",135,517.94739560235
"syn_03164",188,1050.89846619451
"syn_03164",302,777.65361617512
"syn_03164",352,1167.39889983359
"syn_03165",149,1284.93639392127
"syn_03165",172,1515.08177566689
"syn_03165",359,2015.25746078533
"syn_03165",414,1407.32718627883
"syn_03166",176,945.475550506421
"syn_03166",255,1859.68356302655
"syn_03166",370,2066.21018585657
"syn_03166",415,1489.86332024053
"syn_03167",143,1251.78344205379
"syn_03167",356,3261.1553537996
"syn_03167",405,731.860144602097
"syn_03167",458,776.230510115126
"syn_03168",114,1574.84211352354
"syn_03168",161,2052.63857704917
"syn_03168",314,1103.13005655654
"syn_03168",396,2207.67176347226
"syn_03169",60,42.3346863162214
"syn_03169",135,58.1565000290675
"syn_03169",157,29.1819660836334
"syn_03169",205,32.9022877516147
"syn_03169",264,38.8432381927418
"syn_03169",300,56.5794345180794
"syn_03169",328,30.4240805556696
"syn_03169",352,46.181446712784
"syn_03169",385,48.4195425092182
"syn_03169",475,100.442127946397
"syn_03170",69,61.9614008485562
"syn_03170",179,47.456369183024
"syn_03170",230,101.536889128849
"syn_03170",280,25.8144468275606
"syn_03170",314,100.161096451634
"syn_03170",341,30.7485196449075
"syn_03170",427,28.5633884282211
"syn_03170",479,70.3884899720629
"syn_03170",510,39.2491710185933
"syn_03170",535,33.7281624632834
"syn_03171",71,28.3186969455256
"syn_03171",102,18.7225204066691
"syn_03171",179,25.7604287458538
"syn_03171",226,40.8361488537714
"syn_03171",342,19.8781660218625
"syn_03171",393,45.0728238328463
"syn_03171",429,42.9973722848923
"syn_03171",457,45.6895371339558
"syn_03171",485,24.6512232520743
"syn_03171",520,143.015409167411
"syn_03172",110,117.869927722779
"syn_03172",132,36.9636658937305
"syn_03172",165,39.1373100058934
"syn_03172",201,47.2583314806909
"syn_03172",224,59.4695124360068
"syn_03172",254,46.1373537686528
"syn_03172",332,76.0594541902496
"syn_03172",385,52.7713148281834
"syn_03172",486,67.6682424415336
"syn_03172",535,26.2693497943817
"syn_03173",60,42.6063281939715
"syn_03173",108,47.2661431819802
"syn_03173",144,101.239577241892
"syn_03173",176,50.146033901681
"syn_03173",338,24.4701529803503
"syn_03173",366,98.8695647586378
"syn_03173",391,68.5350789204141
"syn_03173",411,51.0671023302833
"syn_03173",458,52.055003457166
"syn_03173",501,21.5247130017417
"syn_03174",95,84.139577285736
"syn_03174",124,38.365407029409
"syn_03174",145,70.8686568891458
"syn_03174",193,34.7918291631255
"syn_03174",226,26.8615528932138
"syn_03174",347,39.2527458555129
"syn_03174",367,51.1270952806213
"syn_03174",387,29.0020937126191
"syn_03174",441,25.9167929821948
"syn_03174",506,55.0248316551501
"syn_03175",101,462.701538567056
"syn_03175",155,167.678304426065
"syn_03175",232,338.448871562088
"syn_03175",260,156.245245017325
"syn_03175",294,328.623688381756
"syn_03175",346,449.636312643151
"syn_03175",417,113.124086435753
"syn_03175",461,100.217414291791
"syn_03175",487,346.843951829829
"syn_03175",517,91.8971500734207
"syn_03176",63,586.284628575703
"syn_03176",95,219.66970406072
"syn_03176",136,222.618429008915
"syn_03176",198,378.692278600918
"syn_03176",293,132.119913525759
"syn_03176",344,258.454169286549
"syn_03176",419,172.388404637631
"syn_03176",445,505.072878781761
"syn_03176",472,455.244543224736
"syn_03176",493,169.950557533527
"syn_03177",69,409.014382519423
"syn_03177",95,261.799872618197
"syn_03177",141,221.619891440275
"syn_03177",175,366.741697053725
"syn_03177",202,304.368298669133
"syn_03177",288,269.225865015177
"syn_03177",324,281.456791943543
"syn_03177",359,230.172011938244
"syn_03177",435,175.697146361408
"syn_03177",490,432.949337204776
"syn_03178",62,410.704268279044
"syn_03178",128,275.760305301309
"syn_03178",198,325.624722443012
"syn_03178",228,319.497376393593
"syn_03178",375,217.302872221881
"syn_03178",395,752.526638702152
"syn_03178",426,246.13949398564
"syn_03178",460,158.659124816179
"syn_03178",505,213.951951567154
"syn_03178",528,147.405734965789
"syn_03179",79,554.504374559906
"syn_03179",123,138.674616450539
"syn_03179",184,305.496402972368
"syn_03179",215,349.717709631926
"syn_03179",254,462.542341995166
"syn_03179",348,174.878744172019
"syn_03179",397,279.496555140476
"syn_03179",427,747.193149973921
"syn_03179",453,61.2088828912123
"syn_03179",506,102.498635975145
"syn_03180",136,468.722117303933
"syn_03180",163,193.360250060305
"syn_03180",188,154.739989733397
"syn_03180",218,583.619637056485
"syn_03180",238,205.243250794038
"syn_03180",263,164.930012437258
"syn_03180",302,144.920832187358
"syn_03180",338,215.100280790223
"syn_03180",400,293.052735311815
"syn_03180",464,502.0848124759
"syn_03181",105,1393.22798205221
"syn_03181",127,3036.75660993928
"syn_03181",151,1233.92097153489
"syn_03181",263,1320.76938349526
"syn_03181",376,988.496686408041
"syn_03181",419,3645.17857203675
"syn_03181",461,1752.37005809471
"syn_03181",481,1132.35224420136
"syn_03181",507,990.260352438265
"syn_03181",533,525.97661629604
"syn_03182",75,1056.96955474954
"syn_03182",110,1020.50232593638
"syn_03182",139,2176.740996859
"syn_03182",178,2523.32856920174
"syn_03182",216,1598.96913800293
"syn_03182",253,934.363680279366
"syn_03182",310,2170.76149014163
"syn_03182",364,1487.15007585297
"syn_03182",460,2779.19729617548
"syn_03182",501,1113.78905955745
"syn_03183",91,2144.26264194259
"syn_03183",140,2959.27705660821
"syn_03183",200,872.211832819397
"syn_03183",240,659.482427976802
"syn_03183",276,891.327885835349
"syn_03183",338,1255.74201295332
"syn_03183",379,1358.6024024955
"syn_03183",403,2443.46800105491
"syn_03183",448,1013.60922107797
"syn_03183",471,1052.21127975025
"syn_03184",88,1963.88946967667
"syn_03184",112,433.743871028976
"syn_03184",245,837.826430060976
"syn_03184",272,1425.54886634321
"syn_03184",301,1191.02282197506
"syn_03184",347,2070.67875992726
"syn_03184",388,1383.04851705358
"syn_03184",415,1000.3213077159
"syn_03184",476,3050.15144835861
"syn_03184",513,445.024454425158
"syn_03185",127,1335.60826606031
"syn_03185",177,979.594667058522
"syn_03185",212,1853.05559061696
"syn_03185",282,2844.68154769998
"syn_03185",335,1335.24623507178
"syn_03185",369,827.634189397732
"syn_03185",421,790.275237577853
"syn_03185",451,2214.2696579868
"syn_03185",500,1224.13301660824
"syn_03185",522,1582.54539163777
"syn_03186",127,1252.09150194266
"syn_03186",220,1604.06289634796
"syn_03186",240,1325.44662186816
"syn_03186",308,1060.34060963097
"syn_03186",343,1689.70486385238
"syn_03186",380,363.135867388855
"syn_03186",450,1306.46093103765
"syn_03186",491,1351.25355832287
"syn_03186",513,2461.94204334606
"syn_03186",534,1259.17643006403
"syn_03193",263,57.2413535322993
"syn_03194",146,38.4737514255125
"syn_03195",246,18.2665069820074
"syn_03196",127,28.7908543820477
"syn_03197",527,19.7624616226485
"syn_03198",405,41.526633107694
"syn_03199",387,249.567588394934
"syn_03200",431,214.6200124269
"syn_03201",228,313.714623996533
"syn_03202",324,346.245541413013
"syn_03203",221,510.314846503294
"syn_03204",155,1486.14323623869
"syn_03205",380,1882.30488134806
"syn_03206",86,3505.60806916204
"syn_03207",81,1131.37444980595
"syn_03208",453,381.27471173277
"syn_03209",436,1691.64928237816
"syn_03210",197,620.295598049954
"syn_03211",143,17.7346349946936
"syn_03211",219,63.6422559095873
"syn_03211",253,75.3154634495822
"syn_03211",475,88.866709765217
"syn_03212",77,34.9808923193292
"syn_03212",173,61.7133812588659
"syn_03212",341,32.6254807899975
"syn_03212",365,31.4933637317637
"syn_03213",98,47.7273373236333
"syn_03213",151,66.2874372295599
"syn_03213",204,34.5023095732932
"syn_03213",252,49.9937155809471
"syn_03214",82,24.3241696779959
"syn_03214",148,46.3907221714605
"syn_03214",332,81.9633449000959
"syn_03214",530,52.0242367173486
"syn_03215",170,55.7238157261794
"syn_03215",237,49.8662807189575
"syn_03215",292,27.5457804120309
"syn_03215",325,30.849512904224
"syn_03216",69,37.993712657007
"syn_03216",151,45.6699870403344
"syn_03216",428,27.2443786426808
"syn_03216",497,42.0673606456313
"syn_03217",196,443.856474417822
"syn_03217",287,359.645784493821
"syn_03217",308,169.068093998066
"syn_03217",436,276.743874746567
"syn_03218",148,588.865032052467
"syn_03218",187,172.639896272603
"syn_03218",287,231.848935173308
"syn_03218",446,258.202023543297
"syn_03219",103,359.782948184312
"syn_03219",155,295.789728459153
"syn_03219",211,120.142342109914
"syn_03219",404,407.251740747947
"syn_03220",220,305.32539556834
"syn_03220",409,715.530288641806
"syn_03220",447,151.821804396914
"syn_03220",487,211.947327947021
"syn_03221",67,209.209815612322
"syn_03221",156,281.478171937555
"syn_03221",198,164.101755171841
"syn_03221",311,157.661888712816
"syn_03222",97,500.112058112645
"syn_03222",136,357.381371430606
"syn_03222",402,431.914127962463
"syn_03222",533,446.664940825097
"syn_03223",177,1239.37784760315
"syn_03223",258,1663.93033661649
"syn_03223",302,888.308774047324
"syn_03223",332,1493.37653533035
"syn_03224",228,1066.10566001638
"syn_03224",323,1064.13581824302
"syn_03224",460,1460.36281294436
"syn_03224",525,712.509973072948
"syn_03225",61,1766.45058312036
"syn_03225",199,1541.73239942323
"syn_03225",241,1222.0560066332
"syn_03225",317,1739.06258957046
"syn_03226",324,3006.38494102472
"syn_03226",344,784.827220450696
"syn_03226",416,893.933700997383
"syn_03226",444,880.297930430139
"syn_03227",73,1137.08006040227
"syn_03227",147,1837.05043998944
"syn_03227",348,849.305400450546
"syn_03227",404,1503.21858930775
"syn_03228",63,773.106959715558
"syn_03228",147,1087.62246997184
"syn_03228",416,1110.85032095554
"syn_03228",518,2334.4395447762
"syn_03229",82,99.0686363605453
"syn_03229",104,21.7547832308463
"syn_03229",144,15.9200817809866
"syn_03229",203,35.8297131801225
"syn_03229",253,29.0722337837088
"syn_03229",299,136.115841814585
"syn_03229",323,31.1333970430664
"syn_03229",366,59.8894807890586
"syn_03229",452,51.3253816720334
"syn_03229",531,26.3380836919282
"syn_03230",67,77.1711371490871
"syn_03230",94,45.5563537266629
"syn_03230",123,63.3108297533244
"syn_03230",183,45.2579898611819
"syn_03230",218,16.3937211698374
"syn_03230",327,55.2191115532368
"syn_03230",375,45.3512865336886
"syn_03230",433,80.4794609947907
"syn_03230",479,57.6310487649311
"syn_03230",519,24.8145419797772
"syn_03231",76,15.7988936593856
"syn_03231",104,46.9686018763347
"syn_03231",167,36.6296243030364
"syn_03231",218,86.469298653542
"syn_03231",325,26.1158477873101
"syn_03231",373,60.9429612790358
"syn_03231",438,55.5588201538349
"syn_03231",463,253.900885159211
"syn_03231",489,46.5749772734217
"syn_03231",515,33.8984357389118
"syn_03232",86,87.2875209039087
"syn_03232",146,52.5585454452441
"syn_03232",225,53.2293162254175
"syn_03232",262,43.6246719942807
"syn_03232",301,21.8551476128547
"syn_03232",335,28.6188847964897
"syn_03232",361,111.810064573063
"syn_03232",405,58.8223641265938
"syn_03232",447,37.0437388665091
"syn_03232",490,25.8854098363539
"syn_03233",134,60.0711280792084
"syn_03233",166,83.7274459596756
"syn_03233",207,41.9290056243154
"syn_03233",230,74.028531475593
"syn_03233",280,13.8538430239011
"syn_03233",331,23.687492903522
"syn_03233",412,26.5853152057576
"syn_03233",458,34.7709494174158
"syn_03233",480,47.5303062490002
"syn_03233",506,31.298912161577
"syn_03234",77,64.4634981687552
"syn_03234",201,12.7766196803103
"syn_03234",236,53.884034715414
"syn_03234",269,16.1237154577996
"syn_03234",319,39.1499627151341
"syn_03234",361,48.4274402207428
"syn_03234",396,25.2406011244234
"syn_03234",475,22.1073624350172
"syn_03234",497,20.4351577669073
"syn_03234",538,35.5818505424412
"syn_03235",104,103.991285504131
"syn_03235",131,217.375497343955
"syn_03235",160,237.635091050379
"syn_03235",204,167.126191730911
"syn_03235",238,320.731768619222
"syn_03235",323,295.33201550156
"syn_03235",386,122.799475985367
"syn_03235",414,273.879235176279
"syn_03235",463,388.994414261101
"syn_03235",526,251.354728725078
"syn_03236",122,395.204095472036
"syn_03236",169,252.338208939558
"syn_03236",247,214.376393978396
"syn_03236",267,609.082810969955
"syn_03236",294,183.122991296895
"syn_03236",384,460.899159506125
"syn_03236",409,313.49355690378
"syn_03236",434,122.059812628607
"syn_03236",508,417.923270567392
"syn_03236",530,247.608985356099
"syn_03237",83,408.277819179316
"syn_03237",112,367.041553659172
"syn_03237",249,205.137914177971
"syn_03237",270,262.466760839016
"syn_03237",297,152.176797796554
"syn_03237",344,207.92230940031
"syn_03237",400,383.856530790195
"syn_03237",453,246.314675488941
"syn_03237",476,546.031930920219
"syn_03237",531,359.13410924973
"syn_03238",66,512.04180949259
"syn_03238",150,230.617178609327
"syn_03238",219,241.100997311718
"syn_03238",315,276.072683055089
"syn_03238",336,248.352043861258
"syn_03238",362,137.511161223946
"syn_03238",391,177.927208938655
"syn_03238",447,203.432636406291
"syn_03238",481,219.273324586562
"syn_03238",515,365.318578972439
"syn_03239",92,400.583939807785
"syn_03239",156,290.946924931585
"syn_03239",179,372.350942488717
"syn_03239",270,222.728664795377
"syn_03239",317,115.591295961223
"syn_03239",347,163.728413769825
"syn_03239",381,244.076242114081
"syn_03239",448,473.212581724007
"syn_03239",479,196.267227669428
"syn_03239",507,300.99068383332
"syn_03240",64,193.535649986192
"syn_03240",84,142.615874792867
"syn_03240",142,149.690493558854
"syn_03240",164,136.390201017676
"syn_03240",258,431.839771066864
"syn_03240",305,354.134034500672
"syn_03240",358,281.190497496078
"syn_03240",415,228.17695905652
"syn_03240",463,446.206619224893
"syn_03240",510,369.98476667868
"syn_03241",74,1117.21141385149
"syn_03241",98,1981.31883353244
"syn_03241",162,1311.55024237064
"syn_03241",186,1074.53016282797
"syn_03241",253,809.297287923006
"syn_03241",285,917.786331307384
"syn_03241",393,1470.14034743472
"syn_03241",466,1727.78873861655
"syn_03241",494,1028.5422808714
"syn_03241",515,584.405618701257
"syn_03242",108,1566.68230685904
"syn_03242",189,889.328154503553
"syn_03242",239,1538.98706303969
"syn_03242",261,1959.03579926618
"syn_03242",296,2997.78600741925
"syn_03242",331,1308.32794567135
"syn_03242",424,1537.55792038787
"syn_03242",460,996.606492650531
"syn_03242",481,1907.83319564215
"syn_03242",520,886.140978705606
"syn_03243",69,865.680683854732
"syn_03243",114,1086.9375687003
"syn_03243",135,1782.8885178477
"syn_03243",167,1938.47664859204
"syn_03243",192,2183.21900927107
"syn_03243",216,1082.04105294385
"syn_03243",309,1219.25109937801
"syn_03243",351,461.011678423931
"syn_03243",459,738.649187602618
"syn_03243",500,846.211243668743
"syn_03244",71,2122.08159098747
"syn_03244",96,1106.71503963191
"syn_03244",178,1318.81463838768
"syn_03244",231,846.500259176937
"syn_03244",260,770.445108456552
"syn_03244",375,2243.97475868747
"syn_03244",403,1359.79136714861
"syn_03244",451,2622.60595324012
"syn_03244",494,2948.92235862114
"syn_03244",524,2424.05499515663
"syn_03245",94,1484.00019472042
"syn_03245",190,1038.76851939405
"syn_03245",233,1685.79992703658
"syn_03245",279,1003.38032478603
"syn_03245",325,2932.81640802017
"syn_03245",368,1327.13341802805
"syn_03245",397,1710.44496294957
"syn_03245",421,2820.16879236638
"syn_03245",503,1248.67166816631
"syn_03245",527,900.61477649991
"syn_03246",98,1524.14034030824
"syn_03246",127,1680.32093390445
"syn_03246",211,2222.06884267991
"syn_03246",240,1518.26820536187
"syn_03246",264,1150.03330947443
"syn_03246",323,1348.75735167413
"syn_03246",386,1349.00100605514
"syn_03246",441,1410.08881046899
"syn_03246",477,2019.06780839548
"syn_03246",530,1858.38331661593
"syn_03247",238,29.9927446316481
"syn_03248",428,56.3481595175512
"syn_03249",161,35.0258244489566
"syn_03250",285,107.684128262899
"syn_03251",294,45.19805247544
"syn_03252",445,42.9043364368588
"syn_03253",67,262.647719715179
"syn_03254",405,216.182159345308
"syn_03255",361,1078.14034023731
"syn_03256",431,212.912916054289
"syn_03257",495,442.971238534407
"syn_03258",283,255.805576634831
"syn_03259",155,913.869936787341
"syn_03260",449,1117.22721814206
"syn_03261",132,2412.33301692791
"syn_03262",69,639.160759476844
"syn_03263",364,1305.57437286603
"syn_03264",468,2899.5726168547
"syn_03265",110,22.6036189345749
"syn_03265",356,95.6144289594401
"syn_03265",449,35.036099980028
"syn_03265",539,68.0839377020657
"syn_03266",184,97.8405328633341
"syn_03266",277,38.1837007389085
"syn_03266",309,34.5433560105958
"syn_03266",499,37.5058710742259
"syn_03267",195,95.9337248123292
"syn_03267",247,96.1690385522786
"syn_03267",490,38.2758586372213
"syn_03267",523,45.7486237030658
"syn_03268",160,63.17479871654
"syn_03268",400,55.9863580998832
"syn_03268",451,61.5158678089904
"syn_03268",522,69.1440144714942
"syn_03269",180,50.5400067010747
"syn_03269",216,148.583956915375
"syn_03269",303,56.3261548952372
"syn_03269",491,94.5971616950862
"syn_03270",123,20.4680248088996
"syn_03270",238,137.543963009678
"syn_03270",280,39.3935571727767
"syn_03270",403,44.0126658067084
"syn_03271",74,290.169550710183
"syn_03271",118,242.740948675797
"syn_03271",186,489.734156218023
"syn_03271",539,153.71030323368
"syn_03272",106,249.149180805886
"syn_03272",335,619.767542634064
"syn_03272",451,173.880775199481
"syn_03272",517,321.000950551939
"syn_03273",86,257.132731946273
"syn_03273",161,206.591885940609
"syn_03273",236,288.481758055513
"syn_03273",463,221.522408235494
"syn_03274",93,174.028834470425
"syn_03274",129,558.741598621888
"syn_03274",455,120.461888667611
"syn_03274",484,276.492687442807
"syn_03275",170,365.654826276199
"syn_03275",239,217.038952963878
"syn_03275",466,396.597330641291
"syn_03275",498,224.050658140696
"syn_03276",271,354.792320894903
"syn_03276",331,729.379981824449
"syn_03276",405,193.355743912956
"syn_03276",435,291.576664642678
"syn_03277",100,1533.97497281001
"syn_03277",138,1278.26246984691
"syn_03277",290,3088.11531434726
"syn_03277",501,635.009578442392
"syn_03278",98,3224.54098703402
"syn_03278",158,1339.97840354557
"syn_03278",320,1584.78588857392
"syn_03278",347,2001.45050615689
"syn_03279",117,1221.53689059317
"syn_03279",208,1031.95323369131
"syn_03279",305,888.748165560938
"syn_03279",360,1966.11208014697
"syn_03280",92,4718.52991862
"syn_03280",145,673.666999574786
"syn_03280",274,1446.07882943556
"syn_03280",382,2343.84443210627
"syn_03281",193,2455.69602421727
"syn_03281",355,2634.37399769412
"syn_03281",457,1391.37350900584
"syn_03281",517,3546.67826512033
"syn_03282",213,1802.95147949123
"syn_03282",301,2777.75378812629
"syn_03282",321,1118.19883027263
"syn_03282",371,1006.69823871336
"syn_03283",70,23.3181993688983
"syn_03283",116,40.5726191339463
"syn_03283",140,47.6877333619128
"syn_03283",189,50.039423928658
"syn_03283",214,46.3740817906816
"syn_03283",235,58.5335352382537
"syn_03283",331,44.1453377474917
"syn_03283",456,101.689147157825
"syn_03283",489,70.1207275586061
"syn_03283",511,105.716098273504
"syn_03284",134,12.970269549803
"syn_03284",154,29.3134171492338
"syn_03284",179,34.6790893578422
"syn_03284",265,48.5983193678776
"syn_03284",338,33.0176412024225
"syn_03284",362,31.9906461178771
"syn_03284",404,57.2519242716876
"syn_03284",458,67.8396757653106
"syn_03284",486,24.4037723928235
"syn_03284",515,14.7246494105435
"syn_03285",114,49.350990266901
"syn_03285",147,54.3602867570332
"syn_03285",182,30.79363521472
"syn_03285",204,13.8764999789835
"syn_03285",251,51.2790557319406
"syn_03285",354,65.6639924837802
"syn_03285",377,43.2710889408533
"syn_03285",405,63.2057658109333
"syn_03285",475,33.6749159433612
"syn_03285",507,40.1708109308682
"syn_03286",128,68.6154878033968
"syn_03286",150,52.5859667278826
"syn_03286",201,49.4687437392844
"syn_03286",255,82.7725665427392
"syn_03286",304,48.7049937746075
"syn_03286",329,22.0356800639178
"syn_03286",390,45.1082018601767
"syn_03286",455,37.502710943348
"syn_03286",481,53.7283411099298
"syn_03286",508,20.9182517152747
"syn_03287",128,49.2979174124325
"syn_03287",190,39.0368455244515
"syn_03287",275,67.5003847793056
"syn_03287",312,66.8927090362012
"syn_03287",384,69.953086747214
"syn_03287",410,25.0789317012682
"syn_03287",444,10.9023376794803
"syn_03287",477,25.2746147079388
"syn_03287",503,40.6821669569457
"syn_03287",530,23.6440635125799
"syn_03288",102,23.3714865006844
"syn_03288",148,25.6662225089853
"syn_03288",230,21.0609759060954
"syn_03288",263,113.130740410222
"syn_03288",289,43.526257334555
"syn_03288",353,17.9144812969121
"syn_03288",375,31.2524475668924
"syn_03288",396,37.8302359712993
"syn_03288",426,41.4675185406812
"syn_03288",525,33.8786871417624
"syn_03289",93,267.269203137757
"syn_03289",125,267.038512990891
"syn_03289",195,297.060975086103
"syn_03289",223,552.940142997101
"syn_03289",270,161.305310975297
"syn_03289",353,436.997996541895
"syn_03289",373,242.953978100395
"syn_03289",393,441.005846101221
"syn_03289",431,260.06502406774
"syn_03289",516,377.568969044515
"syn_03290",72,505.623451283065
"syn_03290",157,440.180167854676
"syn_03290",199,275.379781485696
"syn_03290",221,204.654150696545
"syn_03290",255,735.306612489415
"syn_03290",322,217.600776869412
"syn_03290",357,290.443371512243
"syn_03290",402,82.7852243434969
"syn_03290",447,580.809203072323
"syn_03290",496,423.323392934231
"syn_03291",89,277.925078614738
"syn_03291",144,764.7416420886
"syn_03291",205,167.430245251192
"syn_03291",257,319.729283104907
"syn_03291",277,77.2181412207951
"syn_03291",319,120.50854891029
"syn_03291",352,252.108530288531
"syn_03291",385,137.568661455453
"syn_03291",406,583.556979554441
"syn_03291",517,161.687861020715
"syn_03292",143,355.642036262864
"syn_03292",164,219.307646179945
"syn_03292",185,244.205355000198
"syn_03292",220,149.106222233162
"syn_03292",248,555.980695145172
"syn_03292",273,153.343949863776
"syn_03292",298,411.411963341851
"syn_03292",422,432.850919480641
"syn_03292",478,429.665746927614
"syn_03292",527,605.05833564592
"syn_03293",164,334.227674821906
"syn_03293",239,241.945736314472
"syn_03293",282,326.788742862327
"syn_03293",310,427.383318332095
"syn_03293",349,269.09897114188
"syn_03293",396,388.044001076237
"syn_03293",445,94.762781772524
"syn_03293",466,450.521539888433
"syn_03293",495,107.620637698106
"syn_03293",530,668.896934353115
"syn_03294",102,161.336925183347
"syn_03294",138,187.443531931577
"syn_03294",158,228.161829679227
"syn_03294",223,298.710618330722
"syn_03294",269,100.007274061459
"syn_03294",292,216.872550732576
"syn_03294",319,480.81170096755
"syn_03294",370,223.723720913797
"syn_03294",393,239.897695584839
"syn_03294",472,432.313554953886
"syn_03295",67,1972.88433411435
"syn_03295",121,1497.45579258044
"syn_03295",175,634.538205181347
"syn_03295",293,738.726884552838
"syn_03295",315,768.407461802208
"syn_03295",361,1302.52167693104
"syn_03295",381,3222.86610859092
"syn_03295",446,2140.00745695102
"syn_03295",491,1564.44457316836
"syn_03295",529,2835.11480371999
"syn_03296",74,4248.23188899622
"syn_03296",106,1019.68953378498
"syn_03296",129,1932.60226487934
"syn_03296",164,1688.99266033551
"syn_03296",217,619.39071727694
"syn_03296",380,1287.25300114319
"syn_03296",404,1508.324652339
"syn_03296",436,1389.6225272516
"syn_03296",467,1436.78671660039
"syn_03296",506,983.342175774092
"syn_03297",85,690.769882562489
"syn_03297",109,1056.88830230328
"syn_03297",134,967.786298839225
"syn_03297",163,1629.47978151683
"syn_03297",205,963.206505634155
"syn_03297",250,1413.57963511379
"syn_03297",303,772.011438720962
"syn_03297",323,778.360213803406
"syn_03297",358,5396.30589164197
"syn_03297",526,1996.37628068404
"syn_03298",63,1467.22147798673
"syn_03298",112,795.218655903179
"syn_03298",146,938.604682979816
"syn_03298",185,1966.1653585584
"syn_03298",289,2239.16442889749
"syn_03298",311,725.421467063193
"syn_03298",345,1809.20474742129
"syn_03298",425,873.446943679598
"syn_03298",472,2209.06445806906
"syn_03298",525,1502.52635874077
"syn_03299",115,1460.24008502269
"syn_03299",143,848.708124084777
"syn_03299",168,1439.00834363908
"syn_03299",239,921.950237290174
"syn_03299",289,3946.88197604743
"syn_03299",344,998.613098165791
"syn_03299",364,1313.58241759453
"syn_03299",443,1010.84393254966
"syn_03299",487,1762.31472969274
"syn_03299",521,786.619489657722
"syn_03300",89,1512.2183975539
"syn_03300",119,1488.89832822182
"syn_03300",148,2423.0211140515
"syn_03300",173,1189.68332084693
"syn_03300",247,1280.2408084504
"syn_03300",362,2060.63540389068
"syn_03300",408,2091.93212104692
"syn_03300",432,2097.34554507734
"syn_03300",483,590.288517226994
"syn_03300",532,1420.41338669315
"syn_03307",465,30.6900450953302
"syn_03308",119,94.0421867461868
"syn_03309",523,22.3513662972461
"syn_03310",274,47.6580553441555
"syn_03311",195,28.3195691562869
"syn_03312",252,31.4636817732263
"syn_03313",168,225.207056485317
"syn_03314",177,160.642173629847
"syn_03315",259,462.018437114847
"syn_03316",235,292.860321394121
"syn_03317",426,758.846979560448
"syn_03318",264,362.065802226191
"syn_03319",538,1284.94091406845
"syn_03320",343,1795.97571556265
"syn_03321",119,1028.08730935284
"syn_03322",487,494.508996017287
"syn_03323",100,267.686512943732
"syn_03324",164,2244.7004940202
"syn_03325",66,57.8933235533848
"syn_03325",176,22.3944096216941
"syn_03325",409,50.6131266148381
"syn_03325",530,38.6930789200095
"syn_03326",284,56.0202185578215
"syn_03326",314,66.2529612443483
"syn_03326",453,59.3546713587034
"syn_03326",488,24.5103653122814
"syn_03327",151,41.0527957970765
"syn_03327",315,37.5060301152787
"syn_03327",390,26.4244174131207
"syn_03327",526,59.4696697917328
"syn_03328",175,42.1670756748358
"syn_03328",242,102.142341041242
"syn_03328",361,26.9174179255447
"syn_03328",502,60.8220163098894
"syn_03329",314,27.4115536962039
"syn_03329",387,100.45417326774
"syn_03329",418,16.9002964647967
"syn_03329",534,43.3050323820314
"syn_03330",61,22.5543547145945
"syn_03330",91,46.3900732612671
"syn_03330",313,89.3270138594648
"syn_03330",380,43.6513202586017
"syn_03331",151,109.084683292748
"syn_03331",315,198.15617105412
"syn_03331",371,207.252973946131
"syn_03331",513,425.65050514213
"syn_03332",131,422.902199247585
"syn_03332",156,88.4018689468154
"syn_03332",286,136.583642299383
"syn_03332",423,595.428591427948
"syn_03333",66,567.694226467978
"syn_03333",114,342.927450136649
"syn_03333",136,108.382303926599
"syn_03333",310,299.730748017399
"syn_03334",148,350.143644833265
"syn_03334",208,165.058245889096
"syn_03334",347,524.482783046444
"syn_03334",492,353.438458731712
"syn_03335",90,1019.22552203162
"syn_03335",295,449.622580266327
"syn_03335",321,96.8930229039685
"syn_03335",438,211.601229760386
"syn_03336",130,248.821614812469
"syn_03336",234,280.92102490032
"syn_03336",371,120.322290806006
"syn_03336",479,273.137142053201
"syn_03337",81,1263.95431208952
"syn_03337",156,1065.2290991253
"syn_03337",436,1421.4500511621
"syn_03337",490,1189.58920701013
"syn_03338",88,1535.3387663933
"syn_03338",212,1344.13187659866
"syn_03338",467,849.371699939886
"syn_03338",487,1791.57758146298
"syn_03339",158,1031.55246759874
"syn_03339",240,2763.52765067274
"syn_03339",323,1638.07811895739
"syn_03339",452,2177.41530176009
"syn_03340",255,1772.18000565535
"syn_03340",289,1094.55343675554
"syn_03340",414,1917.56301539912
"syn_03340",478,941.734821646735
"syn_03341",66,1455.1895629302
"syn_03341",88,2047.32195935431
"syn_03341",252,908.525443984632
"syn_03341",323,2161.38819560066
"syn_03342",171,1433.31679040977
"syn_03342",207,2087.503310953
"syn_03342",335,1585.36039380343
"syn_03342",449,1009.64948687018
"syn_03343",78,17.5798465388462
"syn_03343",100,45.0885812081283
"syn_03343",145,68.8894777710742
"syn_03343",167,36.0261068239814
"syn_03343",220,55.7650382974365
"syn_03343",260,37.0699913172702
"syn_03343",333,10.2334975255627
"syn_03343",408,81.6229806674735
"syn_03343",477,29.0046743641563
"syn_03343",537,96.8960202834905
"syn_03344",126,58.4508836176689
"syn_03344",225,56.1737191264208
"syn_03344",263,71.1689578256644
"syn_03344",365,85.5648643960286
"syn_03344",392,77.7583918795659
"syn_03344",412,48.0134707364944
"syn_03344",434,25.5486702361055
"syn_03344",462,35.1393239527796
"syn_03344",491,46.7046599246995
"syn_03344",536,66.1856106224333
"syn_03345",97,47.0854083455671
"syn_03345",130,18.083869070265
"syn_03345",173,77.4749809422714
"syn_03345",194,36.4792409862392
"syn_03345",289,76.9468480909823
"syn_03345",327,28.5081712676843
"syn_03345",359,61.5466637880421
"syn_03345",389,94.7713055011941
"syn_03345",446,64.9685668103568
"syn_03345",494,59.6006011951488
"syn_03346",87,72.0721154571159
"syn_03346",134,54.8180247334788
"syn_03346",165,52.9282308289286
"syn_03346",228,97.4072858970585
"syn_03346",270,26.3428824937994
"syn_03346",290,50.2693443000583
"syn_03346",343,41.6092641325597
"syn_03346",393,21.2661970683397
"syn_03346",434,43.7603910948078
"syn_03346",473,57.1735000567647
"syn_03347",82,67.1962682115875
"syn_03347",129,30.9112557029451
"syn_03347",157,57.6809697627237
"syn_03347",185,101.788887876765
"syn_03347",295,29.6599867928065
"syn_03347",342,20.8318513088125
"syn_03347",411,21.4382119983684
"syn_03347",431,74.0432553527503
"syn_03347",457,54.8492150470213
"syn_03347",477,75.8843109867919
"syn_03348",89,58.350703266901
"syn_03348",124,35.6115087624576
"syn_03348",150,22.5204118752175
"syn_03348",217,39.7552836784552
"syn_03348",238,37.9566118673546
"syn_03348",335,68.5508462025178
"syn_03348",376,51.42798317675
"syn_03348",406,54.0428859808992
"syn_03348",457,67.2779317995369
"syn_03348",522,60.0967122801977
"syn_03349",88,274.684993874697
"syn_03349",111,230.388521668179
"syn_03349",137,307.13289832392
"syn_03349",227,391.632885018778
"syn_03349",332,135.447163369516
"syn_03349",378,203.469404641448
"syn_03349",414,574.976724199137
"syn_03349",466,272.978551429124
"syn_03349",491,137.818169986583
"syn_03349",517,117.337024114621
"syn_03350",70,190.869308883549
"syn_03350",106,466.726972484712
"syn_03350",126,344.515301737475
"syn_03350",180,555.650502967641
"syn_03350",256,134.09682892866
"syn_03350",301,477.025774004426
"syn_03350",346,170.22874609018
"syn_03350",391,380.799618184759
"syn_03350",473,317.356353352804
"syn_03350",499,100.919434165126
"syn_03351",69,293.755076604963
"syn_03351",146,416.878515756147
"syn_03351",179,207.982612119002
"syn_03351",223,264.618352994017
"syn_03351",284,276.416216650685
"syn_03351",332,331.397155431216
"syn_03351",395,405.28606922484
"syn_03351",415,459.236320854883
"syn_03351",471,440.301396624603
"syn_03351",504,327.833734053579
"syn_03352",116,230.033794429324
"syn_03352",147,113.50883951994
"syn_03352",195,255.372421864959
"syn_03352",287,451.009195224105
"syn_03352",313,199.5975609224
"syn_03352",350,321.821782020333
"syn_03352",404,289.620911452977
"syn_03352",450,422.507174896457
"syn_03352",486,199.616550396726
"syn_03352",506,674.917748499902
"syn_03353",116,221.070883939127
"syn_03353",150,268.785904133346
"syn_03353",177,252.81137844558
"syn_03353",223,162.381985662284
"syn_03353",262,249.692482346215
"syn_03353",291,226.11921500089
"syn_03353",319,385.142589588275
"syn_03353",347,255.279108744086
"syn_03353",431,236.091160434733
"syn_03353",530,222.371490430055
"syn_03354",78,822.786018607491
"syn_03354",138,398.606456027472
"syn_03354",241,167.824064271994
"syn_03354",280,170.592635506587
"syn_03354",307,1122.44865376162
"syn_03354",327,300.70208405689
"syn_03354",363,133.456649151727
"syn_03354",423,279.099963095843
"syn_03354",477,477.998192903312
"syn_03354",519,214.471836912389
"syn_03355",63,1479.68909577086
"syn_03355",95,1327.55638144955
"syn_03355",138,777.937777820401
"syn_03355",171,1255.82592571407
"syn_03355",316,1237.67944964108
"syn_03355",336,3455.00370254367
"syn_03355",367,812.023075897271
"syn_03355",415,1409.33148363551
"syn_03355",474,1189.84235343054
"syn_03355",513,1026.692977596
"syn_03356",81,874.926914609726
"syn_03356",111,1387.75624182989
"syn_03356",155,1139.04319494672
"syn_03356",270,3234.28559484038
"syn_03356",297,1259.94530138442
"syn_03356",331,874.554862827807
"syn_03356",402,659.924176347976
"syn_03356",433,2280.68069093017
"syn_03356",506,1465.21165507699
"syn_03356",526,2575.81776126351
"syn_03357",85,775.582756227771
"syn_03357",125,1565.36953914239
"syn_03357",172,1984.64860512556
"syn_03357",243,1242.16947812542
"syn_03357",299,1633.20653362194
"syn_03357",322,1543.56162179279
"syn_03357",399,3050.75627239509
"syn_03357",425,1009.83086124019
"syn_03357",478,1565.53920802741
"syn_03357",505,1107.80397172158
"syn_03358",65,4008.9909133549
"syn_03358",164,1541.05220968781
"syn_03358",236,1628.35745748537
"syn_03358",275,1368.03957500529
"syn_03358",377,1636.87992378292
"syn_03358",415,1325.90774700274
"syn_03358",451,1807.76384591181
"syn_03358",475,1036.13668312196
"syn_03358",508,1621.85092037095
"syn_03358",531,1376.05886629856
"syn_03359",65,1214.37810282929
"syn_03359",91,1071.44949829234
"syn_03359",144,809.653612637892
"syn_03359",231,966.161153353773
"syn_03359",259,1386.19780061569
"syn_03359",325,692.049473780987
"syn_03359",393,2066.53375547639
"syn_03359",430,624.675306208286
"syn_03359",466,1752.48029724871
"syn_03359",512,853.483862398388
"syn_03360",72,1325.18802475185
"syn_03360",114,2957.55632336877
"syn_03360",158,2116.10566007631
"syn_03360",208,1812.55911503164
"syn_03360",249,2864.32769363449
"syn_03360",353,1598.71807409737
"syn_03360",455,1621.27299271165
"syn_03360",481,804.37149419002
"syn_03360",505,1295.80416970467
"syn_03360",540,3647.79460647452
"syn_03361",128,53.9431713778319
"syn_03362",290,70.6369345890357
"syn_03363",183,44.1244683123296
"syn_03364",500,38.8393319326985
"syn_03365",259,31.6757931948023
"syn_03366",216,35.9071478854367
"syn_03367",345,244.849844136782
"syn_03368",181,181.280154016526
"syn_03369",96,431.820758698719
"syn_03370",468,464.625497778296
"syn_03371",102,207.775444273618
"syn_03372",72,347.653877488346
"syn_03373",77,868.721379967472
"syn_03374",230,1944.07861400029
"syn_03375",512,621.257162114635
"syn_03376",273,928.881986851914
"syn_03377",233,938.439202159664
"syn_03378",319,853.184625057307
"syn_03379",136,48.032680100111
"syn_03379",343,64.5029564811007
"syn_03379",363,38.4455134264279
"syn_03379",390,92.866334130871
"syn_03380",136,77.8607634069282
"syn_03380",158,17.2971187038451
"syn_03380",217,61.814405612049
"syn_03380",283,48.9526776551792
"syn_03381",145,26.3982511215638
"syn_03381",279,25.6505836265336
"syn_03381",355,28.0856476806685
"syn_03381",384,29.5893397207435
"syn_03382",318,50.5368835697065
"syn_03382",357,38.6241842477262
"syn_03382",417,27.7390513027377
"syn_03382",445,75.7847230592004
"syn_03383",108,99.0649309852901
"syn_03383",137,57.7065316347619
"syn_03383",194,47.3986443610635
"syn_03383",364,21.689295483253
"syn_03384",263,53.0144736484858
"syn_03384",345,21.5874206120148
"syn_03384",462,20.825306088533
"syn_03384",500,26.9486531189454
"syn_03385",135,765.134196600392
"syn_03385",194,244.46058019991
"syn_03385",231,183.270366250313
"syn_03385",413,340.745202255267
"syn_03386",83,295.260602647983
"syn_03386",108,205.018968499414
"syn_03386",247,315.813487878018
"syn_03386",388,420.976524798761
"syn_03387",200,129.739733106057
"syn_03387",248,139.540236510146
"syn_03387",384,122.929229238705
"syn_03387",484,369.518714651596
"syn_03388",139,422.336590497834
"syn_03388",179,351.532696141925
"syn_03388",235,323.393902227362
"syn_03388",486,348.5676930147
"syn_03389",310,242.934770961134
"syn_03389",351,193.995912122878
"syn_03389",418,206.056230710142
"syn_03389",522,203.089497134001
"syn_03390",131,1430.45305736893
"syn_03390",156,224.183748291801
"syn_03390",499,323.112612182751
"syn_03390",522,577.50837788735
"syn_03391",164,2422.33916647687
"syn_03391",348,1417.19458173178
"syn_03391",400,2805.00665917231
"syn_03391",530,1038.0660207845
"syn_03392",272,2458.37030281208
"syn_03392",373,1437.39271779348
"syn_03392",420,1184.45691681378
"syn_03392",499,705.192690122275
"syn_03393",88,2084.89062391656
"syn_03393",286,1336.38537968147
"syn_03393",364,1029.09726282645
"syn_03393",397,870.384446107725
"syn_03394",78,2564.93483838486
"syn_03394",154,723.593400730797
"syn_03394",275,544.83555103014
"syn_03394",346,1511.94074224876
"syn_03395",235,1998.59762047345
"syn_03395",337,2298.3692708383
"syn_03395",408,1318.4654060299
"syn_03395",463,873.269133415465
"syn_03396",206,1899.59478988047
"syn_03396",334,1820.36215653249
"syn_03396",376,404.220049549533
"syn_03396",510,807.419495649575
"syn_03397",63,19.5610761272578
"syn_03397",104,62.388992355461
"syn_03397",177,40.1814059772644
"syn_03397",201,73.6925609089725
"syn_03397",313,27.3271457070266
"syn_03397",378,72.9912397088414
"syn_03397",400,13.1683366482145
"syn_03397",474,77.6405547084668
"syn_03397",499,53.9191895802274
"syn_03397",522,15.6523110088012
"syn_03398",87,27.1705568473123
"syn_03398",145,25.2264951881131
"syn_03398",181,56.0715382199992
"syn_03398",211,32.5315443781155
"syn_03398",239,40.6619675649754
"syn_03398",269,37.8441824958225
"syn_03398",318,37.9135209177897
"syn_03398",365,47.5683245893554
"syn_03398",407,33.4117274109951
"syn_03398",443,42.8830724968103
"syn_03399",100,92.1742137643141
"syn_03399",124,39.6457397512527
"syn_03399",157,19.9597562748904
"syn_03399",180,39.4370885711994
"syn_03399",202,42.3872742408749
"syn_03399",223,51.929308317249
"syn_03399",243,42.4415569463938
"syn_03399",299,134.259662119871
"syn_03399",342,25.1673455386848
"syn_03399",530,22.6655463579648
"syn_03400",83,41.7657418131303
"syn_03400",109,55.3167373020811
"syn_03400",145,75.632299649553
"syn_03400",200,37.4225422337037
"syn_03400",222,45.9415739625278
"syn_03400",261,91.403310227828
"syn_03400",304,41.300477013461
"syn_03400",380,28.2360958227092
"syn_03400",449,22.2744814176075
"syn_03400",523,61.0405626797252
"syn_03401",75,34.0297689448189
"syn_03401",103,105.783141558879
"syn_03401",186,27.9526289967394
"syn_03401",245,99.4819663469895
"syn_03401",287,17.1043658081455
"syn_03401",391,36.6055224317081
"syn_03401",415,28.6182254031145
"syn_03401",449,42.0533326695833
"syn_03401",471,47.4594841662796
"syn_03401",494,34.2505906097092
"syn_03402",71,30.3842180709559
"syn_03402",145,49.7376626714134
"syn_03402",173,59.5516675207376
"syn_03402",250,19.5461858158897
"syn_03402",275,29.897185190765
"syn_03402",311,29.4915119661031
"syn_03402",341,36.8068923319563
"syn_03402",392,30.3545630712373
"syn_03402",510,49.9854692051346
"syn_03402",531,40.6127698852936
"syn_03403",97,290.125180286079
"syn_03403",143,275.073714113399
"syn_03403",185,233.884307249473
"syn_03403",205,494.686053683915
"syn_03403",243,247.149868491486
"syn_03403",283,526.587016989978
"syn_03403",308,283.861343042292
"syn_03403",330,120.632785696651
"syn_03403",367,190.95087612819
"syn_03403",408,470.391366477239
"syn_03404",91,267.176959771608
"syn_03404",139,56.0022060348822
"syn_03404",159,161.525817474692
"syn_03404",219,501.539290478074
"syn_03404",305,600.28467593104
"syn_03404",346,359.220718557175
"syn_03404",416,147.516064720102
"syn_03404",439,614.311971920581
"syn_03404",483,171.78299012909
"syn_03404",524,448.672238079219
"syn_03405",75,303.015685443428
"syn_03405",166,377.241168617769
"syn_03405",221,112.447409297532
"syn_03405",254,159.992318123841
"syn_03405",280,565.981161554414
"syn_03405",314,694.634215373131
"syn_03405",349,450.899525268492
"syn_03405",378,126.727944814515
"syn_03405",400,325.319292860552
"syn_03405",440,311.141010177899
"syn_03406",71,589.381036026346
"syn_03406",115,477.876994346393
"syn_03406",153,314.216034188941
"syn_03406",182,376.701638255438
"syn_03406",236,275.251355827786
"syn_03406",260,182.039968524962
"syn_03406",281,193.014962178118
"syn_03406",317,411.635218426822
"syn_03406",394,645.666441774024
"syn_03406",452,465.084813617616
"syn_03407",63,546.197313407187
"syn_03407",88,144.246209987685
"syn_03407",115,376.784518632172
"syn_03407",146,284.055500601956
"syn_03407",191,387.767222321049
"syn_03407",223,169.361046371858
"syn_03407",273,118.669849971807
"syn_03407",302,411.076104734131
"syn_03407",392,287.960237656465
"syn_03407",477,166.569917578155
"syn_03408",197,197.743661415203
"syn_03408",239,588.5577532905
"syn_03408",266,180.116899439888
"syn_03408",326,300.41545352034
"syn_03408",353,302.374178618684
"syn_03408",381,84.9132982569916
"syn_03408",412,173.737841810297
"syn_03408",445,113.763221338902
"syn_03408",488,88.2100962114859
"syn_03408",522,270.864821082844
"syn_03409",85,2464.76361937986
"syn_03409",150,1811.12933183043
"syn_03409",170,1366.01310950516
"syn_03409",232,1985.74843777905
"syn_03409",295,1245.92111092295
"syn_03409",344,1792.91621592946
"syn_03409",364,1636.61671497937
"syn_03409",476,811.662694631033
"syn_03409",500,1249.10387202363
"syn_03409",532,966.789474049133
"syn_03410",69,945.030433395059
"syn_03410",105,2385.97325058754
"syn_03410",125,550.773172632831
"syn_03410",149,1658.61809382408
"syn_03410",175,1205.7632154123
"syn_03410",247,1249.05182957102
"syn_03410",287,929.375816366614
"syn_03410",332,1664.67523730202
"syn_03410",447,2068.68633528676
"syn_03410",535,2374.63704378801
"syn_03411",118,1456.81977067923
"syn_03411",207,556.625702035757
"syn_03411",286,948.295187480341
"syn_03411",323,674.719718244734
"syn_03411",353,958.200234761813
"syn_03411",380,1253.40736920846
"syn_03411",423,578.860019277845
"syn_03411",443,876.381339726304
"syn_03411",473,806.359505428748
"syn_03411",521,977.487414604668
"syn_03412",128,997.611407809076
"syn_03412",185,852.528372826479
"syn_03412",205,1072.69956740879
"syn_03412",253,1101.24596444394
"syn_03412",280,794.704824734371
"syn_03412",321,1310.05345890204
"syn_03412",364,917.181241416131
"syn_03412",426,1443.09723913513
"syn_03412",450,538.909234201204
"syn_03412",487,2214.08620150569
"syn_03413",90,779.655180350224
"syn_03413",162,1906.61696863203
"syn_03413",195,1665.20049311429
"syn_03413",236,1910.38437939098
"syn_03413",260,1130.31055050549
"syn_03413",298,1860.58037989988
"syn_03413",339,1804.65968649302
"syn_03413",400,759.728255869429
"syn_03413",492,2625.02932170081
"syn_03413",532,1727.02250372403
"syn_03414",79,1253.31813647986
"syn_03414",106,1806.55974644279
"syn_03414",164,642.605170985393
"syn_03414",188,662.912191623029
"syn_03414",258,1082.66089035355
"syn_03414",309,573.799841283972
"syn_03414",335,2496.40499199125
"syn_03414",360,1167.9730824027
"syn_03414",476,2269.3430008447
"syn_03414",503,2816.47877044464
