"id","method","total","diffusive","ebullition","n_events","status","note","check","seconds"
"s1-ca-a1-1-o-d-08:48","goAquaFlux",NA,NA,0.944720748521252,2,"ok","",NA,0.120000000111759
"s1-ca-a1-1-o-d-08:48","goFlux_noSep",1.54893366489626,NA,NA,NA,"ok","",NA,0.0999999998603016
"s1-ca-a1-1-o-d-08:48","FS_default",1.27843590744815,1.27843590744815,0,0,"ok","",0,0.150000000139698
"s1-ca-a1-1-o-d-08:48","MSP",4.38436120675637,3.90579048442933,0.478570722327042,5,"ok","",NA,0.0200000000186265
"s1-ca-a1-1-o-d-08:48","endpoint",2.54675444825047,NA,NA,NA,"ok","",NA,0
"s1-ca-a1-11-o-d-11:34","goAquaFlux",1.30331791798316,1.22485568495751,0.0784622330256514,1,"ok","",NA,0.119999999878928
"s1-ca-a1-11-o-d-11:34","goFlux_noSep",0.430593690026995,NA,NA,NA,"ok","",NA,0.0800000000745058
"s1-ca-a1-11-o-d-11:34","FS_default",NA,NA,0,0,"ok","no diffusive segment accepted by FS",0,0.239999999990687
"s1-ca-a1-11-o-d-11:34","MSP",1.31649654954283,0.452298489477033,0.864198060065795,6,"ok","",NA,0.0100000000093132
"s1-ca-a1-11-o-d-11:34","endpoint",0.425572955252619,NA,NA,NA,"ok","",NA,0
"s1-ca-a1-14-o-d-12:17","goAquaFlux",0.151531735784104,0.151531735784104,0,0,"ok","",NA,0.139999999897555
"s1-ca-a1-14-o-d-12:17","goFlux_noSep",0.151531735784104,NA,NA,NA,"ok","",NA,0.100000000093132
"s1-ca-a1-14-o-d-12:17","FS_default",NA,NA,0,0,"ok","no diffusive segment accepted by FS",0,0.149999999906868
"s1-ca-a1-14-o-d-12:17","MSP",0.259896585834033,0.162564287784552,0.0973322980494812,7,"ok","",NA,0.0200000000186265
"s1-ca-a1-14-o-d-12:17","endpoint",0.167481423578264,NA,NA,NA,"ok","",NA,0
"s1-ca-a1-2-o-d-09:02","goAquaFlux",0.395768073631333,0.395768073631333,0,0,"ok","",NA,0.200000000186265
"s1-ca-a1-2-o-d-09:02","goFlux_noSep",0.395768073631333,NA,NA,NA,"ok","",NA,0.109999999869615
"s1-ca-a1-2-o-d-09:02","FS_default",NA,NA,0,0,"ok","no diffusive segment accepted by FS",0,0.159999999916181
"s1-ca-a1-2-o-d-09:02","MSP",0.494779798902667,0.387417111825965,0.107362687076703,4,"ok","",NA,0.0100000000093132
"s1-ca-a1-2-o-d-09:02","endpoint",0.400150429815688,NA,NA,NA,"ok","",NA,0
"s1-ca-a1-8-o-d-10:39","goAquaFlux",NA,NA,0.029142565502491,1,"ok","",NA,0.0300000000279397
"s1-ca-a1-8-o-d-10:39","goFlux_noSep",0.332329123129339,NA,NA,NA,"ok","",NA,0.100000000093132
"s1-ca-a1-8-o-d-10:39","FS_default",0.278091502531394,0.278091502531394,0,0,"ok","",0,0.169999999925494
"s1-ca-a1-8-o-d-10:39","MSP",0.690513898690614,0.653390167116881,0.0371237315737326,3,"ok","",NA,0.0100000000093132
"s1-ca-a1-8-o-d-10:39","endpoint",0.377042942305759,NA,NA,NA,"ok","",NA,0
"s1-ca-a1-9-o-d-11:00","goAquaFlux",2.95937976081055,2.85461684869019,0.104762912120364,1,"ok","",NA,0.270000000018626
"s1-ca-a1-9-o-d-11:00","goFlux_noSep",3.77323188911127,NA,NA,NA,"ok","",NA,0.0600000000558794
"s1-ca-a1-9-o-d-11:00","FS_default",2.10919772967857,2.10919772967857,0,0,"ok","",0,0.270000000018626
"s1-ca-a1-9-o-d-11:00","MSP",4.7550600462132,4.04900412291859,0.70605592329461,10,"ok","",NA,0.0300000000279397
"s1-ca-a1-9-o-d-11:00","endpoint",2.19780461536949,NA,NA,NA,"ok","",NA,0
"s1-ca-a2-11-o-d-12:50","goAquaFlux",3.68547555780177,3.68547555780177,0,0,"ok","",NA,0.189999999944121
"s1-ca-a2-11-o-d-12:50","goFlux_noSep",3.68547555780177,NA,NA,NA,"ok","",NA,0.119999999878928
"s1-ca-a2-11-o-d-12:50","FS_default",NA,NA,0,0,"ok","no diffusive segment accepted by FS",0,0.200000000186265
"s1-ca-a2-11-o-d-12:50","MSP",4.50122719905711,3.67717514630616,0.824052052750953,3,"ok","",NA,0
"s1-ca-a2-11-o-d-12:50","endpoint",3.61390797784052,NA,NA,NA,"ok","",NA,0
"s1-ca-a2-13-o-d-13:17","goAquaFlux",NA,NA,0.271256108266839,1,"ok","",NA,0.0599999998230487
"s1-ca-a2-13-o-d-13:17","goFlux_noSep",3.72367131956078,NA,NA,NA,"ok","",NA,0.0800000000745058
"s1-ca-a2-13-o-d-13:17","FS_default",NA,NA,0,0,"ok","no diffusive segment accepted by FS",0,0.169999999925494
"s1-ca-a2-13-o-d-13:17","MSP",1.83469323787557,1.47216876550947,0.3625244723661,2,"ok","",NA,0.0200000000186265
"s1-ca-a2-13-o-d-13:17","endpoint",2.02662150687,NA,NA,NA,"ok","",NA,0
"s1-ca-a2-15-o-d-13:43","goAquaFlux",7.69395252350567,7.54319687635382,0.150755647151852,2,"ok","",NA,0.199999999953434
"s1-ca-a2-15-o-d-13:43","goFlux_noSep",2.80939419341829,NA,NA,NA,"ok","",NA,0.100000000093132
"s1-ca-a2-15-o-d-13:43","FS_default",2.19389047029845,2.19389047029845,0,0,"ok","",0,0.179999999934807
"s1-ca-a2-15-o-d-13:43","MSP",3.65980607300204,3.29867268242067,0.361133390581368,6,"ok","",NA,0.0200000000186265
"s1-ca-a2-15-o-d-13:43","endpoint",2.88899397722769,NA,NA,NA,"ok","",NA,0
"s1-ca-a2-2-o-d-10:53","goAquaFlux",15.2926582446476,7.91836652331785,7.37429172132974,2,"ok","",NA,0.260000000009313
"s1-ca-a2-2-o-d-10:53","goFlux_noSep",26.0776638332133,NA,NA,NA,"ok","",NA,0.110000000102445
"s1-ca-a2-2-o-d-10:53","FS_default",36.8790750327245,36.8790750327245,0,0,"ok","",0,0.159999999916181
"s1-ca-a2-2-o-d-10:53","MSP",34.0923129688658,31.366163891557,2.72614907730889,4,"ok","",NA,0.0200000000186265
"s1-ca-a2-2-o-d-10:53","endpoint",22.6150974805385,NA,NA,NA,"ok","",NA,0
"s1-ca-a2-3-o-d-11:09","goAquaFlux",4.00588959382165,3.80212664496432,0.20376294885733,1,"ok","",NA,0.139999999897555
"s1-ca-a2-3-o-d-11:09","goFlux_noSep",7.93556321767215,NA,NA,NA,"ok","",NA,0.0700000000651926
"s1-ca-a2-3-o-d-11:09","FS_default",NA,NA,0,0,"ok","no diffusive segment accepted by FS",0,0.179999999934807
"s1-ca-a2-3-o-d-11:09","MSP",6.55272907949701,5.63288196967216,0.919847109824857,3,"ok","",NA,0
"s1-ca-a2-3-o-d-11:09","endpoint",6.13429318171341,NA,NA,NA,"ok","",NA,0
"s1-ca-a2-5-o-d-11:33","goAquaFlux",3.50312876973313,3.50312876973313,0,0,"ok","",NA,0.090000000083819
"s1-ca-a2-5-o-d-11:33","goFlux_noSep",3.50312876973313,NA,NA,NA,"ok","",NA,0.0800000000745058
"s1-ca-a2-5-o-d-11:33","FS_default",NA,NA,0,0,"ok","no diffusive segment accepted by FS",0,0.139999999897555
"s1-ca-a2-5-o-d-11:33","MSP",3.13039922970998,2.85723751817271,0.273161711537267,2,"ok","",NA,0.0100000000093132
"s1-ca-a2-5-o-d-11:33","endpoint",2.73895605642542,NA,NA,NA,"ok","",NA,0
"s1-ca-a2-8-o-d-12:12","goAquaFlux",NA,NA,0.0600545711586895,2,"ok","",NA,0.0400000000372529
"s1-ca-a2-8-o-d-12:12","goFlux_noSep",1.12418520862406,NA,NA,NA,"ok","",NA,0.100000000093132
"s1-ca-a2-8-o-d-12:12","FS_default",1.19522033206653,1.19522033206653,0,0,"ok","",0,0.189999999944121
"s1-ca-a2-8-o-d-12:12","MSP",1.18944821560704,1.12719157545518,0.0622566401518646,3,"ok","",NA,0.0200000000186265
"s1-ca-a2-8-o-d-12:12","endpoint",1.17021518859862,NA,NA,NA,"ok","",NA,0
"s1-ca-a2-9-o-d-12:27","goAquaFlux",NA,NA,4.17207787480649,1,"ok","",NA,0.0300000000279397
"s1-ca-a2-9-o-d-12:27","goFlux_noSep",8.93867142708987,NA,NA,NA,"ok","",NA,0.0599999998230487
"s1-ca-a2-9-o-d-12:27","FS_default",NA,NA,0,0,"ok","no diffusive segment accepted by FS",0,0.160000000149012
"s1-ca-a2-9-o-d-12:27","MSP",12.7340518913309,11.7372585529286,0.996793338402273,1,"ok","",NA,0.0100000000093132
"s1-ca-a2-9-o-d-12:27","endpoint",9.47986001870837,NA,NA,NA,"ok","",NA,0
"s1-ca-p1-1-o-d-09:25","goAquaFlux",0.0786217566831033,0.0786217566831033,0,0,"ok","",NA,0.0999999998603016
"s1-ca-p1-1-o-d-09:25","goFlux_noSep",0.0786217566831033,NA,NA,NA,"ok","",NA,0.090000000083819
"s1-ca-p1-1-o-d-09:25","FS_default",0.0149897317463006,0.0149897317463006,0,0,"ok","series regularized",0,0.169999999925494
"s1-ca-p1-1-o-d-09:25","MSP",0.210470681618583,0.119953768905988,0.0905169127125948,17,"ok","series regularized",NA,0.0200000000186265
"s1-ca-p1-1-o-d-09:25","endpoint",0.0987636285962742,NA,NA,NA,"ok","",NA,0
"s1-ca-p1-13-o-d-14:13","goAquaFlux",0.0189831534002499,0.0189831534002499,0,0,"ok","",NA,0.110000000102445
"s1-ca-p1-13-o-d-14:13","goFlux_noSep",0.0189831534002499,NA,NA,NA,"ok","",NA,0.0699999998323619
"s1-ca-p1-13-o-d-14:13","FS_default",0.00740444482823588,0.00740444482823588,0,0,"ok","series regularized",0,0.140000000130385
"s1-ca-p1-13-o-d-14:13","MSP",0.114935521216844,0.0589965278846943,0.0559389933321495,15,"ok","series regularized",NA,0.0400000000372529
"s1-ca-p1-13-o-d-14:13","endpoint",0.0090847409141072,NA,NA,NA,"ok","",NA,0
"s1-ca-p1-16-o-d-15:18","goAquaFlux",0.590194661214694,0.459654994956448,0.130539666258246,1,"ok","",NA,0.179999999934807
"s1-ca-p1-16-o-d-15:18","goFlux_noSep",0.581896967694043,NA,NA,NA,"ok","",NA,0.0600000000558794
"s1-ca-p1-16-o-d-15:18","FS_default",-1.33451750191058,-1.33451750191058,0,0,"ok","series regularized",0,0.169999999925494
"s1-ca-p1-16-o-d-15:18","MSP",NA,NA,11.7713160639672,5,"ok","no valid diffusive segment | series regularized",NA,0.0500000000465661
"s1-ca-p1-16-o-d-15:18","endpoint",0.194203434228571,NA,NA,NA,"ok","",NA,0
"s1-ca-p1-2-o-d-09:43","goAquaFlux",0.0330738412927831,0.0330738412927831,0,0,"ok","",NA,0.149999999906868
"s1-ca-p1-2-o-d-09:43","goFlux_noSep",0.0330738412927831,NA,NA,NA,"ok","",NA,0.100000000093132
"s1-ca-p1-2-o-d-09:43","FS_default",0.0237066815959461,0.0237066815959461,0,0,"ok","series regularized",0,0.139999999897555
"s1-ca-p1-2-o-d-09:43","MSP",0.142784740962055,0.0545274865516993,0.0882572544103555,11,"ok","series regularized",NA,0.0100000000093132
"s1-ca-p1-2-o-d-09:43","endpoint",0.0452650783172555,NA,NA,NA,"ok","",NA,0
"s1-ca-r1-1-o-d-08:41","goAquaFlux",0.0439028058094909,0.0439028058094909,0,0,"ok","",NA,0.160000000149012
"s1-ca-r1-1-o-d-08:41","goFlux_noSep",0.0439028058094909,NA,NA,NA,"ok","",NA,0.109999999869615
"s1-ca-r1-1-o-d-08:41","FS_default",0.0432748433195102,0.0432748433195102,0,0,"ok","",0,0.170000000158325
"s1-ca-r1-1-o-d-08:41","MSP",0.0698420785884649,0.0611758813327316,0.00866619725573328,9,"ok","",NA,0.0199999997857958
"s1-ca-r1-1-o-d-08:41","endpoint",0.0445088378283662,NA,NA,NA,"ok","",NA,0
"s1-ca-r1-11-o-d-11:34","goAquaFlux",0.550734898397657,0.550734898397657,0,0,"ok","",NA,0.090000000083819
"s1-ca-r1-11-o-d-11:34","goFlux_noSep",0.550734898397657,NA,NA,NA,"ok","",NA,0.0600000000558794
"s1-ca-r1-11-o-d-11:34","FS_default",NA,NA,0,0,"ok","no diffusive segment accepted by FS",0,0.159999999916181
"s1-ca-r1-11-o-d-11:34","MSP",0.404579119622166,0.226193667085549,0.178385452536617,6,"ok","",NA,0
"s1-ca-r1-11-o-d-11:34","endpoint",0.306877181455868,NA,NA,NA,"ok","",NA,0
"s1-ca-r1-12-o-d-11:45","goAquaFlux",0.379716158268954,0.248859569229682,0.130856589039272,1,"ok","",NA,0.110000000102445
"s1-ca-r1-12-o-d-11:45","goFlux_noSep",1.50330038991707,NA,NA,NA,"ok","",NA,0.0899999998509884
"s1-ca-r1-12-o-d-11:45","FS_default",NA,NA,0,0,"ok","no diffusive segment accepted by FS",0,0.160000000149012
"s1-ca-r1-12-o-d-11:45","MSP",0.796773853919139,0.619914130583777,0.176859723335362,3,"ok","",NA,0
"s1-ca-r1-12-o-d-11:45","endpoint",0.855990935271448,NA,NA,NA,"ok","",NA,0
"s1-ca-r1-13-o-d-11:55","goAquaFlux",2242.43429269022,2004.26731319572,238.166979494501,2,"ok","",NA,0.28000000002794
"s1-ca-r1-13-o-d-11:55","goFlux_noSep",3198.29550576349,NA,NA,NA,"ok","",NA,0.189999999944121
"s1-ca-r1-13-o-d-11:55","FS_default",NA,NA,1304.82753047724,1,"ok","diffusive_flux: [38;5;255m[36mℹ[38;5;255m In argument: `.data$term == ""time""`.[39m
[1mCaused by error in `.data$term`:[22m
[38;5;255m[33m![38;5;255m Column `term` not found in `.data`.[39m | no diffusive segment accepted by FS",0,0.28000000002794
"s1-ca-r1-13-o-d-11:55","MSP",5700.66853831776,5163.39250416642,537.276034151342,3,"ok","",NA,0.0300000000279397
"s1-ca-r1-13-o-d-11:55","endpoint",1308.32110085728,NA,NA,NA,"ok","",NA,0
"s1-ca-r1-15-o-d-12:15","goAquaFlux",-0.222840749595073,-0.222840749595073,0,0,"ok","",NA,0.119999999878928
"s1-ca-r1-15-o-d-12:15","goFlux_noSep",-0.222840749595073,NA,NA,NA,"ok","",NA,0.0800000000745058
"s1-ca-r1-15-o-d-12:15","FS_default",NA,NA,0,0,"ok","no diffusive segment accepted by FS",0,0.159999999916181
"s1-ca-r1-15-o-d-12:15","MSP",NA,NA,0.0499265356765152,5,"ok","no valid diffusive segment",NA,0.0300000000279397
"s1-ca-r1-15-o-d-12:15","endpoint",-0.172122524172324,NA,NA,NA,"ok","",NA,0
"s1-ca-r1-2-o-d-09:03","goAquaFlux",0.124319770255776,0.124319770255776,0,0,"ok","",NA,0.120000000111759
"s1-ca-r1-2-o-d-09:03","goFlux_noSep",0.124319770255776,NA,NA,NA,"ok","",NA,0.0799999998416752
"s1-ca-r1-2-o-d-09:03","FS_default",NA,NA,0,0,"ok","no diffusive segment accepted by FS",0,0.170000000158325
"s1-ca-r1-2-o-d-09:03","MSP",0.160178870151428,0.11469916486437,0.0454797052870576,5,"ok","",NA,0.0200000000186265
"s1-ca-r1-2-o-d-09:03","endpoint",0.100580281165054,NA,NA,NA,"ok","",NA,0
"s1-ca-r1-4-o-d-09:45","goAquaFlux",0.105854899628031,0.105854899628031,0,0,"ok","",NA,0.0899999998509884
"s1-ca-r1-4-o-d-09:45","goFlux_noSep",0.105854899628031,NA,NA,NA,"ok","",NA,0.0800000000745058
"s1-ca-r1-4-o-d-09:45","FS_default",NA,NA,0,0,"ok","no diffusive segment accepted by FS",0,0.189999999944121
"s1-ca-r1-4-o-d-09:45","MSP",0.135177870896371,0.113425976574794,0.021751894321577,3,"ok","",NA,0.0200000000186265
"s1-ca-r1-4-o-d-09:45","endpoint",0.0975132444902622,NA,NA,NA,"ok","",NA,0
"s1-ca-r1-6-o-d-10:17","goAquaFlux",0.0695224467082485,0.0695224467082485,0,0,"ok","",NA,0.139999999897555
"s1-ca-r1-6-o-d-10:17","goFlux_noSep",0.0695224467082485,NA,NA,NA,"ok","",NA,0.090000000083819
"s1-ca-r1-6-o-d-10:17","FS_default",0.054469653578709,0.054469653578709,0,0,"ok","",0,0.159999999916181
"s1-ca-r1-6-o-d-10:17","MSP",0.0521700154077168,0.0396299479901387,0.0125400674175782,10,"ok","",NA,0.0300000000279397
"s1-ca-r1-6-o-d-10:17","endpoint",0.0541909548637042,NA,NA,NA,"ok","",NA,0
"s1-ca-r1-7-o-d-10:38","goAquaFlux",0.195897341516027,0.195897341516027,0,0,"ok","",NA,0.140000000130385
"s1-ca-r1-7-o-d-10:38","goFlux_noSep",0.195897341516027,NA,NA,NA,"ok","",NA,0.0600000000558794
"s1-ca-r1-7-o-d-10:38","FS_default",NA,NA,0,0,"ok","no diffusive segment accepted by FS",0,0.169999999925494
"s1-ca-r1-7-o-d-10:38","MSP",0.178108981088755,0.156303926033262,0.0218050550554926,3,"ok","",NA,0.0200000000186265
"s1-ca-r1-7-o-d-10:38","endpoint",0.150890285555008,NA,NA,NA,"ok","",NA,0
"s1-cu-a1-1-o-d-07:10","goAquaFlux",4.07086614693806,4.07086614693806,0,0,"ok","",NA,0.0899999998509884
"s1-cu-a1-1-o-d-07:10","goFlux_noSep",4.07086614693806,NA,NA,NA,"ok","",NA,0.0600000000558794
"s1-cu-a1-1-o-d-07:10","FS_default",2.65865070753984,2.65865070753984,0,0,"ok","",0,0.189999999944121
"s1-cu-a1-1-o-d-07:10","MSP",2.8750286773342,2.59845038154916,0.276578295785032,6,"ok","",NA,0.0200000000186265
"s1-cu-a1-1-o-d-07:10","endpoint",2.9183335599504,NA,NA,NA,"ok","",NA,0
"s1-cu-a1-10-o-d-09:12","goAquaFlux",3.70106689467675,0.0391170190367222,3.66194987564002,2,"ok","",NA,0.140000000130385
"s1-cu-a1-10-o-d-09:12","goFlux_noSep",7.01188755417994,NA,NA,NA,"ok","",NA,0.0799999998416752
"s1-cu-a1-10-o-d-09:12","FS_default",4.20689111888906,4.20689111888906,0,0,"ok","",0,0.170000000158325
"s1-cu-a1-10-o-d-09:12","MSP",4.59231741041391,3.87923565160565,0.713081758808261,2,"ok","",NA,0
"s1-cu-a1-10-o-d-09:12","endpoint",5.49918504385445,NA,NA,NA,"ok","",NA,0
"s1-cu-a1-11-o-d-09:23","goAquaFlux",-0.325679283362636,-0.399388431343262,0.0737091479806253,1,"ok","",NA,0.109999999869615
"s1-cu-a1-11-o-d-09:23","goFlux_noSep",20.4636183459488,NA,NA,NA,"ok","",NA,0.120000000111759
"s1-cu-a1-11-o-d-09:23","FS_default",NA,NA,7.1484119774936,1,"ok","diffusive_flux: [38;5;255m[36mℹ[38;5;255m In argument: `.data$term == ""time""`.[39m
[1mCaused by error in `.data$term`:[22m
[38;5;255m[33m![38;5;255m Column `term` not found in `.data`.[39m | no diffusive segment accepted by FS",0,0.21999999997206
"s1-cu-a1-11-o-d-09:23","MSP",9.60670135081143,6.06656287973358,3.54013847107786,2,"ok","",NA,0
"s1-cu-a1-11-o-d-09:23","endpoint",11.3827152943791,NA,NA,NA,"ok","",NA,0
"s1-cu-a1-12-o-d-09:37","goAquaFlux",392.592933759489,383.381562417112,9.21137134237703,2,"ok","",NA,0.159999999916181
"s1-cu-a1-12-o-d-09:37","goFlux_noSep",8.57905463785134,NA,NA,NA,"ok","",NA,0.090000000083819
"s1-cu-a1-12-o-d-09:37","FS_default",NA,NA,29.2080207576989,1,"ok","diffusive_flux: [38;5;255m[36mℹ[38;5;255m In argument: `.data$term == ""time""`.[39m
[1mCaused by error in `.data$term`:[22m
[38;5;255m[33m![38;5;255m Column `term` not found in `.data`.[39m | no diffusive segment accepted by FS",0,0.239999999990687
"s1-cu-a1-12-o-d-09:37","MSP",NA,NA,290.46896871882,1,"ok","no valid diffusive segment",NA,0
"s1-cu-a1-12-o-d-09:37","endpoint",54.6279249918587,NA,NA,NA,"ok","",NA,0
"s1-cu-a1-2-o-d-07:28","goAquaFlux",-50.9767025718486,-50.9767025718486,0,0,"ok","",NA,0.129999999888241
"s1-cu-a1-2-o-d-07:28","goFlux_noSep",-50.9767025718486,NA,NA,NA,"ok","",NA,0.0700000000651926
"s1-cu-a1-2-o-d-07:28","FS_default",NA,NA,0,0,"ok","diffusive_flux: [38;5;255m[36mℹ[38;5;255m In argument: `.data$term == ""time""`.[39m
[1mCaused by error in `.data$term`:[22m
[38;5;255m[33m![38;5;255m Column `term` not found in `.data`.[39m | no diffusive segment accepted by FS",0,0.25
"s1-cu-a1-2-o-d-07:28","MSP",NA,NA,5.29546285117254,3,"ok","no valid diffusive segment",NA,0
"s1-cu-a1-2-o-d-07:28","endpoint",-29.2788492929426,NA,NA,NA,"ok","",NA,0
"s1-cu-a1-3-o-d-07:40","goAquaFlux",6.62418342928339,6.62418342928339,0,0,"ok","",NA,0.110000000102445
"s1-cu-a1-3-o-d-07:40","goFlux_noSep",6.62418342928339,NA,NA,NA,"ok","",NA,0.0799999998416752
"s1-cu-a1-3-o-d-07:40","FS_default",2.26686231817125,2.26686231817125,0,0,"ok","",0,0.160000000149012
"s1-cu-a1-3-o-d-07:40","MSP",4.36752179213021,3.66649664716481,0.701025144965399,7,"ok","",NA,0.0100000000093132
"s1-cu-a1-3-o-d-07:40","endpoint",3.66614733506216,NA,NA,NA,"ok","",NA,0
"s1-cu-a1-4-o-d-07:52","goAquaFlux",5.10165869183483,3.61544981769964,1.48620887413519,2,"ok","",NA,0.189999999944121
"s1-cu-a1-4-o-d-07:52","goFlux_noSep",3.1288745483232,NA,NA,NA,"ok","",NA,0.0800000000745058
"s1-cu-a1-4-o-d-07:52","FS_default",2.7211244495645,2.7211244495645,0,0,"ok","",0,0.159999999916181
"s1-cu-a1-4-o-d-07:52","MSP",5.16257297973802,4.8021415350677,0.36043144467032,3,"ok","",NA,0.0100000000093132
"s1-cu-a1-4-o-d-07:52","endpoint",3.74538701815066,NA,NA,NA,"ok","",NA,0
"s1-cu-a1-5-o-d-08:09","goAquaFlux",NA,NA,0.810241491016531,1,"ok","",NA,0.0800000000745058
"s1-cu-a1-5-o-d-08:09","goFlux_noSep",-0.912675045700106,NA,NA,NA,"ok","",NA,0.0799999998416752
"s1-cu-a1-5-o-d-08:09","FS_default",0.446199110352432,0.446199110352432,0,0,"ok","series regularized",0,0.170000000158325
"s1-cu-a1-5-o-d-08:09","MSP",NA,NA,6.95285949545602,1,"ok","no valid diffusive segment | series regularized",NA,0.0100000000093132
"s1-cu-a1-5-o-d-08:09","endpoint",4.60934288714022,NA,NA,NA,"ok","",NA,0
"s1-cu-a1-6-o-d-08:23","goAquaFlux",1.28092522849667,0.980261229442313,0.300663999054354,2,"ok","",NA,0.149999999906868
"s1-cu-a1-6-o-d-08:23","goFlux_noSep",1.51886929963666,NA,NA,NA,"ok","",NA,0.0700000000651926
"s1-cu-a1-6-o-d-08:23","FS_default",1.00466770606048,1.00466770606048,0,0,"ok","",0,0.159999999916181
"s1-cu-a1-6-o-d-08:23","MSP",1.180987426029,0.989229524351164,0.191757901677834,3,"ok","",NA,0.0200000000186265
"s1-cu-a1-6-o-d-08:23","endpoint",1.05669873389827,NA,NA,NA,"ok","",NA,0
"s1-cu-a1-7-o-d-08:35","goAquaFlux",6.58705950646852,4.94681782513253,1.64024168133599,3,"ok","",NA,0.25
"s1-cu-a1-7-o-d-08:35","goFlux_noSep",15.2932832545168,NA,NA,NA,"ok","",NA,0.0800000000745058
"s1-cu-a1-7-o-d-08:35","FS_default",7.15504927068261,7.15504927068261,0,0,"ok","",0,0.159999999916181
"s1-cu-a1-7-o-d-08:35","MSP",4.77646738135922,3.72556783804843,1.05089954331079,2,"ok","",NA,0.0100000000093132
"s1-cu-a1-7-o-d-08:35","endpoint",6.09108531587857,NA,NA,NA,"ok","",NA,0
"s1-cu-a1-8-o-d-08:50","goAquaFlux",4.16119515131707,2.73064610416612,1.43054904715095,2,"ok","",NA,0.159999999916181
"s1-cu-a1-8-o-d-08:50","goFlux_noSep",3.95593680798589,NA,NA,NA,"ok","",NA,0.120000000111759
"s1-cu-a1-8-o-d-08:50","FS_default",6.09270187119294,6.09270187119294,0,0,"ok","",0,0.189999999944121
"s1-cu-a1-8-o-d-08:50","MSP",4.74028757345866,4.27976213922558,0.460525434233079,3,"ok","",NA,0
"s1-cu-a1-8-o-d-08:50","endpoint",3.71097822072884,NA,NA,NA,"ok","",NA,0
"s1-cu-a1-9-o-d-09:01","goAquaFlux",4.17480316782162,4.17480316782162,0,0,"ok","",NA,0.100000000093132
"s1-cu-a1-9-o-d-09:01","goFlux_noSep",4.17480316782162,NA,NA,NA,"ok","",NA,0.0799999998416752
"s1-cu-a1-9-o-d-09:01","FS_default",2.53656742896152,2.53656742896152,0,0,"ok","",0,0.170000000158325
"s1-cu-a1-9-o-d-09:01","MSP",4.71908223647348,4.30540877629217,0.413673460181311,4,"ok","",NA,0.0200000000186265
"s1-cu-a1-9-o-d-09:01","endpoint",2.98263607487504,NA,NA,NA,"ok","",NA,0
"s1-cu-a2-1-o-d-06:36","goAquaFlux",101.74022285775,32.5279292604184,69.2122935973314,2,"ok","",NA,0.199999999953434
"s1-cu-a2-1-o-d-06:36","goFlux_noSep",307.534568673703,NA,NA,NA,"ok","",NA,0.0799999998416752
"s1-cu-a2-1-o-d-06:36","FS_default",NA,NA,134.258155541578,1,"ok","diffusive_flux: [38;5;255m[36mℹ[38;5;255m In argument: `.data$term == ""time""`.[39m
[1mCaused by error in `.data$term`:[22m
[38;5;255m[33m![38;5;255m Column `term` not found in `.data`.[39m | no diffusive segment accepted by FS",0,0.200000000186265
"s1-cu-a2-1-o-d-06:36","MSP",395.40767847535,183.897674135211,211.510004340138,1,"ok","",NA,0.0200000000186265
"s1-cu-a2-1-o-d-06:36","endpoint",145.699820071937,NA,NA,NA,"ok","",NA,0
"s1-cu-a2-13-o-d-11:15","goAquaFlux",110.161634388046,30.8719137323896,79.2897206556569,3,"ok","",NA,0.189999999944121
"s1-cu-a2-13-o-d-11:15","goFlux_noSep",176.775661234427,NA,NA,NA,"ok","",NA,0.109999999869615
"s1-cu-a2-13-o-d-11:15","FS_default",NA,NA,135.638328626426,2,"ok","diffusive_flux: [38;5;255m[36mℹ[38;5;255m In argument: `.data$term == ""time""`.[39m
[1mCaused by error in `.data$term`:[22m
[38;5;255m[33m![38;5;255m Column `term` not found in `.data`.[39m | no diffusive segment accepted by FS",0,0.21999999997206
"s1-cu-a2-13-o-d-11:15","MSP",95.0366272651125,20.5921502008542,74.4444770642583,4,"ok","",NA,0.0100000000093132
"s1-cu-a2-13-o-d-11:15","endpoint",153.238992374348,NA,NA,NA,"ok","",NA,0
"s1-cu-a2-14-o-d-11:32","goAquaFlux",154.654184852731,74.9901951017117,79.6639897510189,1,"ok","",NA,0.140000000130385
"s1-cu-a2-14-o-d-11:32","goFlux_noSep",221.321219146139,NA,NA,NA,"ok","",NA,0.0600000000558794
"s1-cu-a2-14-o-d-11:32","FS_default",NA,NA,154.527100187187,1,"ok","diffusive_flux: [38;5;255m[36mℹ[38;5;255m In argument: `.data$term == ""time""`.[39m
[1mCaused by error in `.data$term`:[22m
[38;5;255m[33m![38;5;255m Column `term` not found in `.data`.[39m | no diffusive segment accepted by FS",0,0.270000000018626
"s1-cu-a2-14-o-d-11:32","MSP",404.547930268095,228.113609550179,176.434320717917,3,"ok","",NA,0
"s1-cu-a2-14-o-d-11:32","endpoint",176.649958653383,NA,NA,NA,"ok","",NA,0
"s1-cu-a2-15-o-d-11:46","goAquaFlux",424.07590808052,305.435918939331,118.639989141189,2,"ok","",NA,0.159999999916181
"s1-cu-a2-15-o-d-11:46","goFlux_noSep",244.771406993819,NA,NA,NA,"ok","",NA,0.0600000000558794
"s1-cu-a2-15-o-d-11:46","FS_default",NA,NA,349.672403726317,1,"ok","diffusive_flux: [38;5;255m[36mℹ[38;5;255m In argument: `.data$term == ""time""`.[39m
[1mCaused by error in `.data$term`:[22m
[38;5;255m[33m![38;5;255m Column `term` not found in `.data`.[39m | no diffusive segment accepted by FS",0,0.25
"s1-cu-a2-15-o-d-11:46","MSP",1144.95984173255,313.672037397389,831.287804335162,3,"ok","",NA,0.0200000000186265
"s1-cu-a2-15-o-d-11:46","endpoint",328.725193505516,NA,NA,NA,"ok","",NA,0
"s1-cu-a2-16-o-d-11:58","goAquaFlux",68.8114591050254,16.3777318483197,52.4337272567057,4,"ok","",NA,0.199999999953434
"s1-cu-a2-16-o-d-11:58","goFlux_noSep",234.795781486908,NA,NA,NA,"ok","",NA,0.0799999998416752
"s1-cu-a2-16-o-d-11:58","FS_default",NA,NA,101.699352052276,1,"ok","diffusive_flux: [38;5;255m[36mℹ[38;5;255m In argument: `.data$term == ""time""`.[39m
[1mCaused by error in `.data$term`:[22m
[38;5;255m[33m![38;5;255m Column `term` not found in `.data`.[39m | no diffusive segment accepted by FS",0,0.220000000204891
"s1-cu-a2-16-o-d-11:58","MSP",180.620752563413,117.724284662298,62.8964679011157,2,"ok","",NA,0.0199999997857958
"s1-cu-a2-16-o-d-11:58","endpoint",105.288882433108,NA,NA,NA,"ok","",NA,0
"s1-cu-a2-2-o-d-06:52","goAquaFlux",2084.42437372768,2084.42437372768,0,0,"ok","",NA,0.150000000139698
"s1-cu-a2-2-o-d-06:52","goFlux_noSep",2084.42437372768,NA,NA,NA,"ok","",NA,0.0800000000745058
"s1-cu-a2-2-o-d-06:52","FS_default",NA,NA,991.82478063516,1,"ok","diffusive_flux: [38;5;255m[36mℹ[38;5;255m In argument: `.data$term == ""time""`.[39m
[1mCaused by error in `.data$term`:[22m
[38;5;255m[33m![38;5;255m Column `term` not found in `.data`.[39m | no diffusive segment accepted by FS",0,0.229999999981374
"s1-cu-a2-2-o-d-06:52","MSP",14892.5583788566,13349.2160953909,1543.34228346569,3,"ok","",NA,0
"s1-cu-a2-2-o-d-06:52","endpoint",979.816345184774,NA,NA,NA,"ok","",NA,0
"s1-cu-a2-3-o-d-06:59","goAquaFlux",396.718567947207,149.012324680339,247.706243266869,3,"ok","",NA,0.189999999944121
"s1-cu-a2-3-o-d-06:59","goFlux_noSep",344.220974835178,NA,NA,NA,"ok","",NA,0.0800000000745058
"s1-cu-a2-3-o-d-06:59","FS_default",NA,NA,357.491849293605,1,"ok","diffusive_flux: [38;5;255m[36mℹ[38;5;255m In argument: `.data$term == ""time""`.[39m
[1mCaused by error in `.data$term`:[22m
[38;5;255m[33m![38;5;255m Column `term` not found in `.data`.[39m | no diffusive segment accepted by FS",0,0.21999999997206
"s1-cu-a2-3-o-d-06:59","MSP",424.513065558002,92.1861855387805,332.326880019222,5,"ok","",NA,0
"s1-cu-a2-3-o-d-06:59","endpoint",367.622216334054,NA,NA,NA,"ok","",NA,0
"s1-cu-a2-4-o-d-07:53","goAquaFlux",-95.5529187700828,-126.8408774882,31.2879587181175,2,"ok","",NA,0.139999999897555
"s1-cu-a2-4-o-d-07:53","goFlux_noSep",125.061292139963,NA,NA,NA,"ok","",NA,0.090000000083819
"s1-cu-a2-4-o-d-07:53","FS_default",NA,NA,103.763554337662,1,"ok","diffusive_flux: [38;5;255m[36mℹ[38;5;255m In argument: `.data$term == ""time""`.[39m
[1mCaused by error in `.data$term`:[22m
[38;5;255m[33m![38;5;255m Column `term` not found in `.data`.[39m | no diffusive segment accepted by FS",0,0.270000000018626
"s1-cu-a2-4-o-d-07:53","MSP",965.500801201674,80.0647624246307,885.436038777043,3,"ok","",NA,0
"s1-cu-a2-4-o-d-07:53","endpoint",61.9771571433579,NA,NA,NA,"ok","",NA,0
"s1-cu-a2-5-o-d-08:02","goAquaFlux",55.8703381777081,8.93917612377992,46.9311620539281,3,"ok","",NA,0.199999999953434
"s1-cu-a2-5-o-d-08:02","goFlux_noSep",171.43428836376,NA,NA,NA,"ok","",NA,0.0800000000745058
"s1-cu-a2-5-o-d-08:02","FS_default",NA,NA,193.693003372186,2,"ok","diffusive_flux: [38;5;255m[36mℹ[38;5;255m In argument: `.data$term == ""time""`.[39m
[1mCaused by error in `.data$term`:[22m
[38;5;255m[33m![38;5;255m Column `term` not found in `.data`.[39m | no diffusive segment accepted by FS",0,0.279999999795109
"s1-cu-a2-5-o-d-08:02","MSP",534.783998099197,303.536131633661,231.247866465535,3,"ok","",NA,0
"s1-cu-a2-5-o-d-08:02","endpoint",170.701285017105,NA,NA,NA,"ok","",NA,0
"s1-cu-a2-6-o-d-08:12","goAquaFlux",69.6676808882731,6.33997308042761,63.3277078078455,1,"ok","",NA,0.150000000139698
"s1-cu-a2-6-o-d-08:12","goFlux_noSep",171.667135612294,NA,NA,NA,"ok","",NA,0.0999999998603016
"s1-cu-a2-6-o-d-08:12","FS_default",NA,NA,72.1263354658486,1,"ok","diffusive_flux: [38;5;255m[36mℹ[38;5;255m In argument: `.data$term == ""time""`.[39m
[1mCaused by error in `.data$term`:[22m
[38;5;255m[33m![38;5;255m Column `term` not found in `.data`.[39m | no diffusive segment accepted by FS",0,0.290000000037253
"s1-cu-a2-6-o-d-08:12","MSP",NA,NA,265.458098607443,1,"ok","no valid diffusive segment",NA,0
"s1-cu-a2-6-o-d-08:12","endpoint",76.5286701190938,NA,NA,NA,"ok","",NA,0
"s1-cu-a2-7-o-d-08:22","goAquaFlux",51.0362607689223,41.1783248238824,9.85793594503982,3,"ok","",NA,0.199999999953434
"s1-cu-a2-7-o-d-08:22","goFlux_noSep",62.6922395435453,NA,NA,NA,"ok","",NA,0.110000000102445
"s1-cu-a2-7-o-d-08:22","FS_default",NA,NA,47.1500261738002,2,"ok","diffusive_flux: [38;5;255m[36mℹ[38;5;255m In argument: `.data$term == ""time""`.[39m
[1mCaused by error in `.data$term`:[22m
[38;5;255m[33m![38;5;255m Column `term` not found in `.data`.[39m | no diffusive segment accepted by FS",1.81898940354586e-12,0.25
"s1-cu-a2-7-o-d-08:22","MSP",91.8590185875359,47.4377616229919,44.421256964544,5,"ok","",NA,0.0200000000186265
"s1-cu-a2-7-o-d-08:22","endpoint",63.8279320218799,NA,NA,NA,"ok","",NA,0
"s1-cu-a2-8-o-d-08:33","goAquaFlux",69.7496189050872,54.9747000313992,14.774918873688,1,"ok","",NA,0.109999999869615
"s1-cu-a2-8-o-d-08:33","goFlux_noSep",70.2117782712088,NA,NA,NA,"ok","",NA,0.120000000111759
"s1-cu-a2-8-o-d-08:33","FS_default",NA,NA,65.4363969496801,1,"ok","diffusive_flux: [38;5;255m[36mℹ[38;5;255m In argument: `.data$term == ""time""`.[39m
[1mCaused by error in `.data$term`:[22m
[38;5;255m[33m![38;5;255m Column `term` not found in `.data`.[39m | no diffusive segment accepted by FS",0,0.239999999990687
"s1-cu-a2-8-o-d-08:33","MSP",91.8544007632916,50.0298242960824,41.8245764672092,2,"ok","",NA,0.0100000000093132
"s1-cu-a2-8-o-d-08:33","endpoint",65.7454869062912,NA,NA,NA,"ok","",NA,0
"s1-cu-a2-9-o-d-08:41","goAquaFlux",55.502597159892,54.1914994301963,1.31109772969569,1,"ok","",NA,0.169999999925494
"s1-cu-a2-9-o-d-08:41","goFlux_noSep",96.5825293935168,NA,NA,NA,"ok","",NA,0.0800000000745058
"s1-cu-a2-9-o-d-08:41","FS_default",NA,NA,50.5916205019698,1,"ok","diffusive_flux: [38;5;255m[36mℹ[38;5;255m In argument: `.data$term == ""time""`.[39m
[1mCaused by error in `.data$term`:[22m
[38;5;255m[33m![38;5;255m Column `term` not found in `.data`.[39m | no diffusive segment accepted by FS",0,0.28000000002794
"s1-cu-a2-9-o-d-08:41","MSP",86.7789899758887,63.1222506188709,23.6567393570178,4,"ok","",NA,0.0100000000093132
"s1-cu-a2-9-o-d-08:41","endpoint",64.0442237516007,NA,NA,NA,"ok","",NA,0
"s1-cu-p1-1-o-d-07:51","goAquaFlux",20.5878840842725,20.2276316655334,0.360252418739018,1,"ok","",NA,0.189999999944121
"s1-cu-p1-1-o-d-07:51","goFlux_noSep",7.20370668030175,NA,NA,NA,"ok","",NA,0.0800000000745058
"s1-cu-p1-1-o-d-07:51","FS_default",1.65004591869508,1.65004591869508,0,0,"ok","",0,0.189999999944121
"s1-cu-p1-1-o-d-07:51","MSP",46.719680997354,45.2006090355446,1.51907196180941,3,"ok","",NA,0.0100000000093132
"s1-cu-p1-1-o-d-07:51","endpoint",5.35929231643045,NA,NA,NA,"ok","",NA,0
"s1-cu-p1-10-o-d-11:28","goAquaFlux",0.114492903981703,0.114492903981703,0,0,"ok","",NA,0.28000000002794
"s1-cu-p1-10-o-d-11:28","goFlux_noSep",0.114492903981703,NA,NA,NA,"ok","",NA,0.149999999906868
"s1-cu-p1-10-o-d-11:28","FS_default",-0.0547126596600458,-0.0547126596600458,0,0,"ok","",0,0.199999999953434
"s1-cu-p1-10-o-d-11:28","MSP",NA,NA,0.712349787449129,6,"ok","no valid diffusive segment",NA,0.0100000000093132
"s1-cu-p1-10-o-d-11:28","endpoint",-0.17354675887045,NA,NA,NA,"ok","",NA,0
"s1-cu-p1-11-o-d-11:45","goAquaFlux",2.88180565647823,0.764420569546381,2.11738508693185,3,"ok","",NA,0.290000000037253
"s1-cu-p1-11-o-d-11:45","goFlux_noSep",4.26428983425288,NA,NA,NA,"ok","",NA,0.0700000000651926
"s1-cu-p1-11-o-d-11:45","FS_default",5.08952807774908,5.08952807774908,0,0,"ok","",0,0.209999999962747
"s1-cu-p1-11-o-d-11:45","MSP",5.75696085298612,5.24635437733061,0.510606475655504,4,"ok","",NA,0.0300000000279397
"s1-cu-p1-11-o-d-11:45","endpoint",2.30985639177188,NA,NA,NA,"ok","",NA,0
"s1-cu-p1-12-o-d-12:04","goAquaFlux",-0.0573182956671747,-0.156842837397182,0.0995245417300075,1,"ok","",NA,0.119999999878928
"s1-cu-p1-12-o-d-12:04","goFlux_noSep",0.392159759960494,NA,NA,NA,"ok","",NA,0.130000000121072
"s1-cu-p1-12-o-d-12:04","FS_default",0.418328233809294,0.418328233809294,0,0,"ok","",0,0.21999999997206
"s1-cu-p1-12-o-d-12:04","MSP",0.925428517335177,0.629094237275621,0.296334280059556,8,"ok","",NA,0.0300000000279397
"s1-cu-p1-12-o-d-12:04","endpoint",0.293634349744462,NA,NA,NA,"ok","",NA,0
"s1-cu-p1-13-o-d-12:21","goAquaFlux",0.348598108299586,0.348598108299586,0,0,"ok","",NA,0.149999999906868
"s1-cu-p1-13-o-d-12:21","goFlux_noSep",0.348598108299586,NA,NA,NA,"ok","",NA,0.179999999934807
"s1-cu-p1-13-o-d-12:21","FS_default",0.345170706006349,0.345170706006349,0,0,"ok","",0,0.210000000195578
"s1-cu-p1-13-o-d-12:21","MSP",0.620863734604831,0.546664612963802,0.0741991216410284,5,"ok","",NA,0.0200000000186265
"s1-cu-p1-13-o-d-12:21","endpoint",0.347479896594913,NA,NA,NA,"ok","",NA,0
"s1-cu-p1-14-o-d-12:39","goAquaFlux",0.526011973183367,0.526011973183367,0,0,"ok","",NA,0.189999999944121
"s1-cu-p1-14-o-d-12:39","goFlux_noSep",0.526011973183367,NA,NA,NA,"ok","",NA,0.119999999878928
"s1-cu-p1-14-o-d-12:39","FS_default",0.59662815608666,0.59662815608666,0,0,"ok","",0,0.190000000176951
"s1-cu-p1-14-o-d-12:39","MSP",0.60757773466547,0.529440120397544,0.0781376142679258,5,"ok","",NA,0.0199999997857958
"s1-cu-p1-14-o-d-12:39","endpoint",0.448082642342557,NA,NA,NA,"ok","",NA,0
"s1-cu-p1-15-o-d-12:56","goAquaFlux",0.263196574048744,0.263196574048744,0,0,"ok","",NA,0.210000000195578
"s1-cu-p1-15-o-d-12:56","goFlux_noSep",0.263196574048744,NA,NA,NA,"ok","",NA,0.129999999888241
"s1-cu-p1-15-o-d-12:56","FS_default",0.284369810400761,0.284369810400761,0,0,"ok","",0,0.21999999997206
"s1-cu-p1-15-o-d-12:56","MSP",0.477148488582505,0.359192695101289,0.117955793481216,9,"ok","",NA,0
"s1-cu-p1-15-o-d-12:56","endpoint",0.218070247901986,NA,NA,NA,"ok","",NA,0
"s1-cu-p1-16-o-d-13:14","goAquaFlux",0.179865506504376,0.179865506504376,0,0,"ok","",NA,0.140000000130385
"s1-cu-p1-16-o-d-13:14","goFlux_noSep",0.179865506504376,NA,NA,NA,"ok","",NA,0.109999999869615
"s1-cu-p1-16-o-d-13:14","FS_default",0.195245308779272,0.195245308779272,0,0,"ok","",0,0.179999999934807
"s1-cu-p1-16-o-d-13:14","MSP",0.373405935357939,0.304292936153826,0.0691129992041123,7,"ok","",NA,0.0300000000279397
"s1-cu-p1-16-o-d-13:14","endpoint",0.166294288990869,NA,NA,NA,"ok","",NA,0
"s1-cu-p1-2-o-d-08:16","goAquaFlux",3.79420199317236,3.79420199317236,0,0,"ok","",NA,0.180000000167638
"s1-cu-p1-2-o-d-08:16","goFlux_noSep",3.79420199317236,NA,NA,NA,"ok","",NA,0.129999999888241
"s1-cu-p1-2-o-d-08:16","FS_default",2.71706297973655,2.71706297973655,0,0,"ok","",0,0.229999999981374
"s1-cu-p1-2-o-d-08:16","MSP",22.6052209050029,21.4451914598942,1.16002944510873,2,"ok","",NA,0
"s1-cu-p1-2-o-d-08:16","endpoint",7.7731726536802,NA,NA,NA,"ok","",NA,0
"s1-cu-p1-3-o-d-08:33","goAquaFlux",0.66671025153609,0.66671025153609,0,0,"ok","",NA,0.209999999962747
"s1-cu-p1-3-o-d-08:33","goFlux_noSep",0.66671025153609,NA,NA,NA,"ok","",NA,0.110000000102445
"s1-cu-p1-3-o-d-08:33","FS_default",0.691264508906257,0.691264508906257,0,0,"ok","",0,0.179999999934807
"s1-cu-p1-3-o-d-08:33","MSP",0.66977714076571,0.509122191259833,0.160654949505877,8,"ok","",NA,0.0200000000186265
"s1-cu-p1-3-o-d-08:33","endpoint",0.578387035316431,NA,NA,NA,"ok","",NA,0
"s1-cu-p1-4-o-d-08:50","goAquaFlux",4.70616503603457,4.70616503603457,0,0,"ok","",NA,0.120000000111759
"s1-cu-p1-4-o-d-08:50","goFlux_noSep",4.70616503603457,NA,NA,NA,"ok","",NA,0.0699999998323619
"s1-cu-p1-4-o-d-08:50","FS_default",3.40080833891028,3.40080833891028,0,0,"ok","",0,0.150000000139698
"s1-cu-p1-4-o-d-08:50","MSP",3.59451176827437,3.08914156773309,0.505370200541278,7,"ok","",NA,0.0200000000186265
"s1-cu-p1-4-o-d-08:50","endpoint",3.00683443360372,NA,NA,NA,"ok","",NA,0
"s1-cu-p1-5-o-d-09:09","goAquaFlux",2.30095812977553,2.30095812977553,0,0,"ok","",NA,0.21999999997206
"s1-cu-p1-5-o-d-09:09","goFlux_noSep",2.30095812977553,NA,NA,NA,"ok","",NA,0.109999999869615
"s1-cu-p1-5-o-d-09:09","FS_default",1.27476168287152,1.27476168287152,0,0,"ok","",0,0.200000000186265
"s1-cu-p1-5-o-d-09:09","MSP",1.52573211853923,1.17830034155068,0.347431776988549,9,"ok","",NA,0.0199999997857958
"s1-cu-p1-5-o-d-09:09","endpoint",1.38356538270173,NA,NA,NA,"ok","",NA,0
"s1-cu-p1-6-o-d-09:26","goAquaFlux",2.18053760993617,1.07667421816025,1.10386339177592,1,"ok","",NA,0.170000000158325
"s1-cu-p1-6-o-d-09:26","goFlux_noSep",2.88966887563265,NA,NA,NA,"ok","",NA,0.119999999878928
"s1-cu-p1-6-o-d-09:26","FS_default",4.40253860896837,4.40253860896837,0,0,"ok","",0,0.209999999962747
"s1-cu-p1-6-o-d-09:26","MSP",3.93991252988673,3.6382514249249,0.301661104961835,3,"ok","",NA,0.0300000000279397
"s1-cu-p1-6-o-d-09:26","endpoint",2.22135313058512,NA,NA,NA,"ok","",NA,0
"s1-cu-p1-7-o-d-09:43","goAquaFlux",1.42737710904018,1.42737710904018,0,0,"ok","",NA,0.140000000130385
"s1-cu-p1-7-o-d-09:43","goFlux_noSep",1.42737710904018,NA,NA,NA,"ok","",NA,0.119999999878928
"s1-cu-p1-7-o-d-09:43","FS_default",1.32394800331224,1.32394800331224,0,0,"ok","",0,0.190000000176951
"s1-cu-p1-7-o-d-09:43","MSP",1.53644682752342,1.25161928161899,0.284827545904426,8,"ok","",NA,0.0199999997857958
"s1-cu-p1-7-o-d-09:43","endpoint",1.45165813947279,NA,NA,NA,"ok","",NA,0
"s1-cu-p1-8-o-d-10:51","goAquaFlux",0.913454915620793,0.913454915620793,0,0,"ok","",NA,0.150000000139698
"s1-cu-p1-8-o-d-10:51","goFlux_noSep",0.913454915620793,NA,NA,NA,"ok","",NA,0.0800000000745058
"s1-cu-p1-8-o-d-10:51","FS_default",0.508119545382222,0.508119545382222,0,0,"ok","series regularized",0,0.159999999916181
"s1-cu-p1-8-o-d-10:51","MSP",0.593330379913838,0.505834381154312,0.0874959987595256,7,"ok","series regularized",NA,0.0300000000279397
"s1-cu-p1-8-o-d-10:51","endpoint",0.530764238521655,NA,NA,NA,"ok","",NA,0
"s1-cu-p1-9-o-d-11:09","goAquaFlux",0.0602973437211443,0.016283702351183,0.0440136413699613,1,"ok","",NA,0.109999999869615
"s1-cu-p1-9-o-d-11:09","goFlux_noSep",0.79797446795541,NA,NA,NA,"ok","",NA,0.110000000102445
"s1-cu-p1-9-o-d-11:09","FS_default",0.754255591395489,0.754255591395489,0,0,"ok","",0,0.21999999997206
"s1-cu-p1-9-o-d-11:09","MSP",1.41619768940317,1.25292124507775,0.163276444325416,8,"ok","",NA,0
"s1-cu-p1-9-o-d-11:09","endpoint",0.69636572539222,NA,NA,NA,"ok","",NA,0
"s1-cu-p2-1-o-d-08:35","goAquaFlux",NA,NA,0.0982280565606844,3,"ok","",NA,0.209999999962747
"s1-cu-p2-1-o-d-08:35","goFlux_noSep",1.27029550496263,NA,NA,NA,"ok","",NA,0.130000000121072
"s1-cu-p2-1-o-d-08:35","FS_default",0.965685657145957,0.965685657145957,0,0,"ok","",0,0.159999999916181
"s1-cu-p2-1-o-d-08:35","MSP",1.18838993465034,0.963200510682806,0.22518942396753,12,"ok","",NA,0.0300000000279397
"s1-cu-p2-1-o-d-08:35","endpoint",1.38230244606439,NA,NA,NA,"ok","",NA,0
"s1-cu-p2-10-o-d-11:56","goAquaFlux",1.28409682338804,1.28409682338804,0,0,"ok","",NA,0.169999999925494
"s1-cu-p2-10-o-d-11:56","goFlux_noSep",1.28409682338804,NA,NA,NA,"ok","",NA,0.110000000102445
"s1-cu-p2-10-o-d-11:56","FS_default",1.2712220373137,1.2712220373137,0,0,"ok","",0,0.189999999944121
"s1-cu-p2-10-o-d-11:56","MSP",1.18853849284308,1.02831006389244,0.160228428950641,7,"ok","",NA,0.0100000000093132
"s1-cu-p2-10-o-d-11:56","endpoint",1.18041037533149,NA,NA,NA,"ok","",NA,0
"s1-cu-p2-11-o-d-12:09","goAquaFlux",1.33701865738687,1.33701865738687,0,0,"ok","",NA,0.21999999997206
"s1-cu-p2-11-o-d-12:09","goFlux_noSep",1.33701865738687,NA,NA,NA,"ok","",NA,0.140000000130385
"s1-cu-p2-11-o-d-12:09","FS_default",1.53560736539268,1.53560736539268,0,0,"ok","",0,0.159999999916181
"s1-cu-p2-11-o-d-12:09","MSP",1.33841544780866,1.20003991135577,0.138375536452892,6,"ok","",NA,0.0100000000093132
"s1-cu-p2-11-o-d-12:09","endpoint",1.23918787095735,NA,NA,NA,"ok","",NA,0
"s1-cu-p2-12-o-d-12:22","goAquaFlux",1.0890004330835,1.0890004330835,0,0,"ok","",NA,0.139999999897555
"s1-cu-p2-12-o-d-12:22","goFlux_noSep",1.0890004330835,NA,NA,NA,"ok","",NA,0.100000000093132
"s1-cu-p2-12-o-d-12:22","FS_default",1.08643111069615,1.08643111069615,0,0,"ok","",0,0.159999999916181
"s1-cu-p2-12-o-d-12:22","MSP",1.02235089511438,0.792420992074133,0.22992990304025,14,"ok","",NA,0.0500000000465661
"s1-cu-p2-12-o-d-12:22","endpoint",0.995124361070765,NA,NA,NA,"ok","",NA,0
"s1-cu-p2-13-o-d-12:37","goAquaFlux",0.822481995422009,0.807372074791772,0.015109920630237,1,"ok","",NA,0.169999999925494
"s1-cu-p2-13-o-d-12:37","goFlux_noSep",0.996206085492234,NA,NA,NA,"ok","",NA,0.110000000102445
"s1-cu-p2-13-o-d-12:37","FS_default",1.09064014924778,1.09064014924778,0,0,"ok","",0,0.149999999906868
"s1-cu-p2-13-o-d-12:37","MSP",0.74074244487894,0.637572870299192,0.103169574579748,6,"ok","",NA,0.0200000000186265
"s1-cu-p2-13-o-d-12:37","endpoint",0.942261232631706,NA,NA,NA,"ok","",NA,0
"s1-cu-p2-2-o-d-09:05","goAquaFlux",1.08836539513506,1.08836539513506,0,0,"ok","",NA,0.150000000139698
"s1-cu-p2-2-o-d-09:05","goFlux_noSep",1.08836539513506,NA,NA,NA,"ok","",NA,0.0799999998416752
"s1-cu-p2-2-o-d-09:05","FS_default",0.792393486046663,0.792393486046663,0,0,"ok","",0,0.140000000130385
"s1-cu-p2-2-o-d-09:05","MSP",0.921564473235043,0.852995397447575,0.0685690757874679,5,"ok","",NA,0.0200000000186265
"s1-cu-p2-2-o-d-09:05","endpoint",0.878373721135222,NA,NA,NA,"ok","",NA,0
"s1-cu-p2-3-o-d-09:22","goAquaFlux",1.43813106607299,1.43813106607299,0,0,"ok","",NA,0.139999999897555
"s1-cu-p2-3-o-d-09:22","goFlux_noSep",1.43813106607299,NA,NA,NA,"ok","",NA,0.0600000000558794
"s1-cu-p2-3-o-d-09:22","FS_default",0.734896427496124,0.734896427496124,0,0,"ok","",0,0.169999999925494
"s1-cu-p2-3-o-d-09:22","MSP",1.10773878716466,0.828200805513704,0.27953798165096,7,"ok","",NA,0.0200000000186265
"s1-cu-p2-3-o-d-09:22","endpoint",0.903441355250337,NA,NA,NA,"ok","",NA,0
"s1-cu-p2-4-o-d-09:39","goAquaFlux",1.2093876606451,1.2093876606451,0,0,"ok","",NA,0.110000000102445
"s1-cu-p2-4-o-d-09:39","goFlux_noSep",1.2093876606451,NA,NA,NA,"ok","",NA,0.0799999998416752
"s1-cu-p2-4-o-d-09:39","FS_default",NA,NA,0,0,"ok","diffusive_flux: [38;5;255m[36mℹ[38;5;255m In argument: `.data$term == ""time""`.[39m
[1mCaused by error in `.data$term`:[22m
[38;5;255m[33m![38;5;255m Column `term` not found in `.data`.[39m | no diffusive segment accepted by FS",0,0.180000000167638
"s1-cu-p2-4-o-d-09:39","MSP",1.76914588235196,1.35289200643193,0.416253875920024,7,"ok","",NA,0.0200000000186265
"s1-cu-p2-4-o-d-09:39","endpoint",1.09384887433114,NA,NA,NA,"ok","",NA,0
"s1-cu-p2-5-o-d-09:55","goAquaFlux",1.36230219526008,1.33706382870041,0.0252383665596753,1,"ok","",NA,0.199999999953434
"s1-cu-p2-5-o-d-09:55","goFlux_noSep",1.83020950002496,NA,NA,NA,"ok","",NA,0.0999999998603016
"s1-cu-p2-5-o-d-09:55","FS_default",1.41525961546301,1.41525961546301,0,0,"ok","",0,0.200000000186265
"s1-cu-p2-5-o-d-09:55","MSP",1.39166768797722,1.28849996205542,0.103167725921801,5,"ok","",NA,0.0199999997857958
"s1-cu-p2-5-o-d-09:55","endpoint",1.60277218900111,NA,NA,NA,"ok","",NA,0
"s1-cu-p2-6-o-d-10:13","goAquaFlux",43.799510951481,43.799510951481,0,0,"ok","",NA,0.150000000139698
"s1-cu-p2-6-o-d-10:13","goFlux_noSep",43.799510951481,NA,NA,NA,"ok","",NA,0.0999999998603016
"s1-cu-p2-6-o-d-10:13","FS_default",NA,NA,53.806701272433,1,"ok","diffusive_flux: [38;5;255m[36mℹ[38;5;255m In argument: `.data$term == ""time""`.[39m
[1mCaused by error in `.data$term`:[22m
[38;5;255m[33m![38;5;255m Column `term` not found in `.data`.[39m | no diffusive segment accepted by FS",0,0.25
"s1-cu-p2-6-o-d-10:13","MSP",NA,NA,13.0996297800621,3,"ok","no valid diffusive segment",NA,0.0100000000093132
"s1-cu-p2-6-o-d-10:13","endpoint",44.8431846823266,NA,NA,NA,"ok","",NA,0
"s1-cu-p2-7-o-d-10:28","goAquaFlux",1.52907829286344,1.46515959687371,0.063918695989723,2,"ok","",NA,0.140000000130385
"s1-cu-p2-7-o-d-10:28","goFlux_noSep",1.94407296543859,NA,NA,NA,"ok","",NA,0.0999999998603016
"s1-cu-p2-7-o-d-10:28","FS_default",2.04769798592141,2.04769798592141,0,0,"ok","",0,0.200000000186265
"s1-cu-p2-7-o-d-10:28","MSP",1.9622397600526,1.77808569703493,0.184154063017665,5,"ok","",NA,0.0200000000186265
"s1-cu-p2-7-o-d-10:28","endpoint",1.83386566964516,NA,NA,NA,"ok","",NA,0
"s1-cu-p2-8-o-d-10:42","goAquaFlux",2.05123283911389,2.02967153468135,0.0215613044325481,1,"ok","",NA,0.159999999916181
"s1-cu-p2-8-o-d-10:42","goFlux_noSep",2.09053796988197,NA,NA,NA,"ok","",NA,0.0600000000558794
"s1-cu-p2-8-o-d-10:42","FS_default",0.969804652144118,0.969804652144118,0,0,"ok","",0,0.159999999916181
"s1-cu-p2-8-o-d-10:42","MSP",1.16803512275162,1.03112780119069,0.136907321560923,5,"ok","",NA,0.0200000000186265
"s1-cu-p2-8-o-d-10:42","endpoint",1.15394446994672,NA,NA,NA,"ok","",NA,0
"s1-cu-p2-9-o-d-10:56","goAquaFlux",1.35426498433504,1.35426498433504,0,0,"ok","",NA,0.149999999906868
"s1-cu-p2-9-o-d-10:56","goFlux_noSep",1.35426498433504,NA,NA,NA,"ok","",NA,0.100000000093132
"s1-cu-p2-9-o-d-10:56","FS_default",1.5372858769157,1.5372858769157,0,0,"ok","",0,0.149999999906868
"s1-cu-p2-9-o-d-10:56","MSP",1.39935614251095,1.18649877391078,0.212857368600176,7,"ok","",NA,0.0500000000465661
"s1-cu-p2-9-o-d-10:56","endpoint",1.25070777419534,NA,NA,NA,"ok","",NA,0
"s1-cu-r1-10-o-d-08:19","goAquaFlux",3.92532481052524,3.38843976331335,0.536885047211884,1,"ok","",NA,0.28000000002794
"s1-cu-r1-10-o-d-08:19","goFlux_noSep",3.53222776162798,NA,NA,NA,"ok","",NA,0.119999999878928
"s1-cu-r1-10-o-d-08:19","FS_default",NA,NA,0,0,"ok","no diffusive segment accepted by FS",0,0.310000000055879
"s1-cu-r1-10-o-d-08:19","MSP",2.50744138685386,2.11390175398751,0.393539632866357,3,"ok","",NA,0.0200000000186265
"s1-cu-r1-10-o-d-08:19","endpoint",2.07943625378604,NA,NA,NA,"ok","",NA,0
"s1-cu-r1-11-o-d-08:27","goAquaFlux",0.890160409749466,0.890160409749466,0,0,"ok","",NA,0.189999999944121
"s1-cu-r1-11-o-d-08:27","goFlux_noSep",0.890160409749466,NA,NA,NA,"ok","",NA,0.120000000111759
"s1-cu-r1-11-o-d-08:27","FS_default",NA,NA,0,0,"ok","no diffusive segment accepted by FS",0,0.209999999962747
"s1-cu-r1-11-o-d-08:27","MSP",1.34822836320806,1.24368960535125,0.104538757856819,2,"ok","",NA,0
"s1-cu-r1-11-o-d-08:27","endpoint",-0.0170301029992296,NA,NA,NA,"ok","",NA,0
"s1-cu-r1-12-o-d-08:35","goAquaFlux",2.28251615784626,2.28251615784626,0,0,"ok","",NA,0.139999999897555
"s1-cu-r1-12-o-d-08:35","goFlux_noSep",2.28251615784626,NA,NA,NA,"ok","",NA,0.140000000130385
"s1-cu-r1-12-o-d-08:35","FS_default",NA,NA,0,0,"ok","no diffusive segment accepted by FS",0,0.260000000009313
"s1-cu-r1-12-o-d-08:35","MSP",3.28025548304056,3.05502175617967,0.225233726860888,1,"ok","",NA,0
"s1-cu-r1-12-o-d-08:35","endpoint",0.213725869193635,NA,NA,NA,"ok","",NA,0
"s1-cu-r1-4-o-d-06:55","goAquaFlux",1.28326919039112,1.28326919039112,0,0,"ok","",NA,0.21999999997206
"s1-cu-r1-4-o-d-06:55","goFlux_noSep",1.28326919039112,NA,NA,NA,"ok","",NA,0.109999999869615
"s1-cu-r1-4-o-d-06:55","FS_default",1.3995219244728,1.3995219244728,0,0,"ok","",0,0.210000000195578
"s1-cu-r1-4-o-d-06:55","MSP",1.81961558387837,1.51886559757743,0.300749986300943,7,"ok","",NA,0.0200000000186265
"s1-cu-r1-4-o-d-06:55","endpoint",1.47616000579131,NA,NA,NA,"ok","",NA,0
"s1-cu-r1-5-o-d-07:22","goAquaFlux",0.260821121327319,0.260821121327319,0,0,"ok","",NA,0.129999999888241
"s1-cu-r1-5-o-d-07:22","goFlux_noSep",0.260821121327319,NA,NA,NA,"ok","",NA,0.120000000111759
"s1-cu-r1-5-o-d-07:22","FS_default",0.203666525021731,0.203666525021731,0,0,"ok","series regularized",0,0.199999999953434
"s1-cu-r1-5-o-d-07:22","MSP",0.282849923373107,0.271023289906604,0.0118266334665032,2,"ok","series regularized",NA,0.0200000000186265
"s1-cu-r1-5-o-d-07:22","endpoint",0.21956267221969,NA,NA,NA,"ok","",NA,0
"s1-cu-r1-6-o-d-07:39","goAquaFlux",0.656190557444464,0.656190557444464,0,0,"ok","",NA,0.159999999916181
"s1-cu-r1-6-o-d-07:39","goFlux_noSep",0.656190557444464,NA,NA,NA,"ok","",NA,0.120000000111759
"s1-cu-r1-6-o-d-07:39","FS_default",NA,NA,0,0,"ok","no diffusive segment accepted by FS",0,0.21999999997206
"s1-cu-r1-6-o-d-07:39","MSP",1.19849050863617,0.682430043726423,0.516060464909748,8,"ok","",NA,0.0100000000093132
"s1-cu-r1-6-o-d-07:39","endpoint",0.623264045459119,NA,NA,NA,"ok","",NA,0
"s1-cu-r1-7-o-d-07:48","goAquaFlux",1.12645226426171,1.12645226426171,0,0,"ok","",NA,0.159999999916181
"s1-cu-r1-7-o-d-07:48","goFlux_noSep",1.12645226426171,NA,NA,NA,"ok","",NA,0.090000000083819
"s1-cu-r1-7-o-d-07:48","FS_default",NA,NA,0,0,"ok","no diffusive segment accepted by FS",0,0.21999999997206
"s1-cu-r1-7-o-d-07:48","MSP",1.56156417983135,1.17220376187797,0.389360417953379,4,"ok","",NA,0
"s1-cu-r1-7-o-d-07:48","endpoint",1.08616390309985,NA,NA,NA,"ok","",NA,0
"s1-cu-r1-8-o-d-07:56","goAquaFlux",2.04929137169915,1.67363630762035,0.375655064078804,1,"ok","",NA,0.179999999934807
"s1-cu-r1-8-o-d-07:56","goFlux_noSep",1.06428248099765,NA,NA,NA,"ok","",NA,0.100000000093132
"s1-cu-r1-8-o-d-07:56","FS_default",NA,NA,0,0,"ok","no diffusive segment accepted by FS",0,0.209999999962747
"s1-cu-r1-8-o-d-07:56","MSP",1.71809690184652,1.02773376597802,0.690363135868496,6,"ok","",NA,0.0100000000093132
"s1-cu-r1-8-o-d-07:56","endpoint",1.24319859620855,NA,NA,NA,"ok","",NA,0
"s1-cu-r1-9-o-d-08:04","goAquaFlux",1.4288508588099,1.4288508588099,0,0,"ok","",NA,0.139999999897555
"s1-cu-r1-9-o-d-08:04","goFlux_noSep",1.4288508588099,NA,NA,NA,"ok","",NA,0.100000000093132
"s1-cu-r1-9-o-d-08:04","FS_default",1.45328454788026,1.45328454788026,0,0,"ok","",0,0.21999999997206
"s1-cu-r1-9-o-d-08:04","MSP",1.67924953492332,1.65673145677722,0.0225180781461002,1,"ok","",NA,0
"s1-cu-r1-9-o-d-08:04","endpoint",0.0548604151647897,NA,NA,NA,"ok","",NA,0
"s1-cu-r2-1-o-d-06:00","goAquaFlux",1.95534565365998,1.618744675479,0.336600978180987,1,"ok","",NA,0.119999999878928
"s1-cu-r2-1-o-d-06:00","goFlux_noSep",1.67834783541143,NA,NA,NA,"ok","",NA,0.110000000102445
"s1-cu-r2-1-o-d-06:00","FS_default",2.91310961663573,2.91310961663573,0,0,"ok","",0,0.139999999897555
"s1-cu-r2-1-o-d-06:00","MSP",1.94662492252574,1.3842587835269,0.562366138998839,3,"ok","",NA,0
"s1-cu-r2-1-o-d-06:00","endpoint",1.73408426986611,NA,NA,NA,"ok","",NA,0
"s1-cu-r2-10-o-d-08:05","goAquaFlux",2.65762910545903,2.53791850597287,0.119710599486163,1,"ok","",NA,0.220000000204891
"s1-cu-r2-10-o-d-08:05","goFlux_noSep",2.56794384060587,NA,NA,NA,"ok","",NA,0.109999999869615
"s1-cu-r2-10-o-d-08:05","FS_default",1.7903266529858,1.7903266529858,0,0,"ok","",0,0.199999999953434
"s1-cu-r2-10-o-d-08:05","MSP",2.04307779969638,1.84344808234331,0.199629717353074,6,"ok","",NA,0.0200000000186265
"s1-cu-r2-10-o-d-08:05","endpoint",1.83343503268316,NA,NA,NA,"ok","",NA,0
"s1-cu-r2-11-o-d-08:20","goAquaFlux",3.24537795355519,3.05859751648623,0.186780437068961,1,"ok","",NA,0.150000000139698
"s1-cu-r2-11-o-d-08:20","goFlux_noSep",2.36124182090699,NA,NA,NA,"ok","",NA,0.129999999888241
"s1-cu-r2-11-o-d-08:20","FS_default",2.71591584024652,2.71591584024652,0,0,"ok","",0,0.189999999944121
"s1-cu-r2-11-o-d-08:20","MSP",2.37442309290854,1.83516523983702,0.539257853071519,5,"ok","",NA,0.0100000000093132
"s1-cu-r2-11-o-d-08:20","endpoint",2.22830913673032,NA,NA,NA,"ok","",NA,0
"s1-cu-r2-12-o-d-08:34","goAquaFlux",2.66181917931305,2.66181917931305,0,0,"ok","",NA,0.160000000149012
"s1-cu-r2-12-o-d-08:34","goFlux_noSep",2.66181917931305,NA,NA,NA,"ok","",NA,0.109999999869615
"s1-cu-r2-12-o-d-08:34","FS_default",3.48453692901891,3.48453692901891,0,0,"ok","",0,0.150000000139698
"s1-cu-r2-12-o-d-08:34","MSP",2.87042296367392,2.45688700084857,0.413535962825349,6,"ok","",NA,0.0200000000186265
"s1-cu-r2-12-o-d-08:34","endpoint",2.51837229729901,NA,NA,NA,"ok","",NA,0
"s1-cu-r2-13-o-d-08:55","goAquaFlux",0.814503387406985,0.784614460775053,0.0298889266319324,1,"ok","",NA,0.169999999925494
"s1-cu-r2-13-o-d-08:55","goFlux_noSep",0.602102979655605,NA,NA,NA,"ok","",NA,0.0999999998603016
"s1-cu-r2-13-o-d-08:55","FS_default",0.380514791307559,0.380514791307559,0,0,"ok","",0,0.180000000167638
"s1-cu-r2-13-o-d-08:55","MSP",0.394992989549171,0.33614069882176,0.0588522907274106,5,"ok","",NA,0.0200000000186265
"s1-cu-r2-13-o-d-08:55","endpoint",0.403738236975067,NA,NA,NA,"ok","",NA,0
"s1-cu-r2-14-o-d-09:04","goAquaFlux",0.0975150791354632,0.0975150791354632,0,0,"ok","",NA,0.159999999916181
"s1-cu-r2-14-o-d-09:04","goFlux_noSep",0.0975150791354632,NA,NA,NA,"ok","",NA,0.199999999953434
"s1-cu-r2-14-o-d-09:04","FS_default",0.456776017270816,0.456776017270816,0,0,"ok","",0,0.150000000139698
"s1-cu-r2-14-o-d-09:04","MSP",2.73737120585918,0.311273064753187,2.42609814110599,3,"ok","",NA,0
"s1-cu-r2-14-o-d-09:04","endpoint",-0.145414269622526,NA,NA,NA,"ok","",NA,0
"s1-cu-r2-15-o-d-09:17","goAquaFlux",0.671534398603379,0.671534398603379,0,0,"ok","",NA,0.159999999916181
"s1-cu-r2-15-o-d-09:17","goFlux_noSep",0.671534398603379,NA,NA,NA,"ok","",NA,0.110000000102445
"s1-cu-r2-15-o-d-09:17","FS_default",0.713339146791375,0.713339146791375,0,0,"ok","",0,0.199999999953434
"s1-cu-r2-15-o-d-09:17","MSP",0.703798587912806,0.631156043244256,0.0726425446685503,5,"ok","",NA,0.0200000000186265
"s1-cu-r2-15-o-d-09:17","endpoint",0.595617606402432,NA,NA,NA,"ok","",NA,0
"s1-cu-r2-2-o-d-06:10","goAquaFlux",1.77377811279125,1.74234893184106,0.031429180950192,1,"ok","",NA,0.169999999925494
"s1-cu-r2-2-o-d-06:10","goFlux_noSep",1.65656372283826,NA,NA,NA,"ok","",NA,0.090000000083819
"s1-cu-r2-2-o-d-06:10","FS_default",1.72332301604925,1.72332301604925,0,0,"ok","",0,0.179999999934807
"s1-cu-r2-2-o-d-06:10","MSP",2.02190447634803,1.39512543856461,0.626779037783416,6,"ok","",NA,0
"s1-cu-r2-2-o-d-06:10","endpoint",1.61114361668687,NA,NA,NA,"ok","",NA,0
"s1-cu-r2-3-o-d-06:22","goAquaFlux",1.99230580992712,1.92437582340824,0.0679299865188851,2,"ok","",NA,0.179999999934807
"s1-cu-r2-3-o-d-06:22","goFlux_noSep",1.40825406949093,NA,NA,NA,"ok","",NA,0.160000000149012
"s1-cu-r2-3-o-d-06:22","FS_default",1.3806100250834,1.3806100250834,0,0,"ok","",0,0.159999999916181
"s1-cu-r2-3-o-d-06:22","MSP",1.53052989928689,1.32566407104766,0.204865828239227,7,"ok","",NA,0.0100000000093132
"s1-cu-r2-3-o-d-06:22","endpoint",1.54824167678343,NA,NA,NA,"ok","",NA,0
"s1-cu-r2-4-o-d-06:36","goAquaFlux",4.03176636321234,2.23429243643723,1.79747392677511,2,"ok","",NA,0.139999999897555
"s1-cu-r2-4-o-d-06:36","goFlux_noSep",3.85617535994179,NA,NA,NA,"ok","",NA,0.100000000093132
"s1-cu-r2-4-o-d-06:36","FS_default",6.26733853483457,6.26733853483457,0,0,"ok","",0,0.179999999934807
"s1-cu-r2-4-o-d-06:36","MSP",7.02119654068794,6.09361683572906,0.927579704958883,4,"ok","",NA,0
"s1-cu-r2-4-o-d-06:36","endpoint",3.46747300351641,NA,NA,NA,"ok","",NA,0
"s1-cu-r2-5-o-d-06:56","goAquaFlux",0.811602481037731,0.811602481037731,0,0,"ok","",NA,0.110000000102445
"s1-cu-r2-5-o-d-06:56","goFlux_noSep",0.811602481037731,NA,NA,NA,"ok","",NA,0.0799999998416752
"s1-cu-r2-5-o-d-06:56","FS_default",0.371300521641461,0.371300521641461,0,0,"ok","",0,0.190000000176951
"s1-cu-r2-5-o-d-06:56","MSP",0.52488872129087,0.419831329009786,0.105057392281084,6,"ok","",NA,0.0100000000093132
"s1-cu-r2-5-o-d-06:56","endpoint",0.49376083611619,NA,NA,NA,"ok","",NA,0
"s1-cu-r2-6-o-d-07:07","goAquaFlux",1.74400698845011,1.74400698845011,0,0,"ok","",NA,0.229999999981374
"s1-cu-r2-6-o-d-07:07","goFlux_noSep",1.74400698845011,NA,NA,NA,"ok","",NA,0.0999999998603016
"s1-cu-r2-6-o-d-07:07","FS_default",0.711064925977705,0.711064925977705,0,0,"ok","",0,0.25
"s1-cu-r2-6-o-d-07:07","MSP",11.4101540469455,9.57736861186748,1.83278543507805,2,"ok","",NA,0.0100000000093132
"s1-cu-r2-6-o-d-07:07","endpoint",2.53171192919645,NA,NA,NA,"ok","",NA,0
"s1-cu-r2-7-o-d-07:22","goAquaFlux",5.70850910323176,5.70850910323176,0,0,"ok","",NA,0.189999999944121
"s1-cu-r2-7-o-d-07:22","goFlux_noSep",5.70850910323176,NA,NA,NA,"ok","",NA,0.130000000121072
"s1-cu-r2-7-o-d-07:22","FS_default",2.82019823082393,2.82019823082393,0,0,"ok","",0,0.340000000083819
"s1-cu-r2-7-o-d-07:22","MSP",4.83342810948819,4.00716032545101,0.826267784037177,7,"ok","",NA,0.029999999795109
"s1-cu-r2-7-o-d-07:22","endpoint",3.52686826971356,NA,NA,NA,"ok","",NA,0
"s1-cu-r2-8-o-d-07:36","goAquaFlux",12.3273474619492,12.3273474619492,0,0,"ok","",NA,0.239999999990687
"s1-cu-r2-8-o-d-07:36","goFlux_noSep",12.3273474619492,NA,NA,NA,"ok","",NA,0.120000000111759
"s1-cu-r2-8-o-d-07:36","FS_default",NA,NA,16.3331117435231,1,"ok","diffusive_flux: [38;5;255m[36mℹ[38;5;255m In argument: `.data$term == ""time""`.[39m
[1mCaused by error in `.data$term`:[22m
[38;5;255m[33m![38;5;255m Column `term` not found in `.data`.[39m | no diffusive segment accepted by FS",0,0.310000000055879
"s1-cu-r2-8-o-d-07:36","MSP",NA,NA,32.9873933787633,4,"ok","no valid diffusive segment",NA,0.0100000000093132
"s1-cu-r2-8-o-d-07:36","endpoint",21.923233770178,NA,NA,NA,"ok","",NA,0
"s1-cu-r2-9-o-d-07:46","goAquaFlux",0.79155812100588,0.79155812100588,0,0,"ok","",NA,0.270000000018626
"s1-cu-r2-9-o-d-07:46","goFlux_noSep",0.79155812100588,NA,NA,NA,"ok","",NA,0.109999999869615
"s1-cu-r2-9-o-d-07:46","FS_default",0.415595150936721,0.415595150936721,0,0,"ok","",0,0.229999999981374
"s1-cu-r2-9-o-d-07:46","MSP",0.406768458031253,0.353921260889382,0.052847197141871,4,"ok","",NA,0.0200000000186265
"s1-cu-r2-9-o-d-07:46","endpoint",0.538350703120665,NA,NA,NA,"ok","",NA,0
"s1-da-a2-1-o-d-08:27","goAquaFlux",749.633993332978,345.629066332442,404.004927000536,2,"ok","",NA,0.209999999962747
"s1-da-a2-1-o-d-08:27","goFlux_noSep",556.900320467229,NA,NA,NA,"ok","",NA,0.189999999944121
"s1-da-a2-1-o-d-08:27","FS_default",NA,NA,640.217577936742,1,"ok","diffusive_flux: [38;5;255m[36mℹ[38;5;255m In argument: `.data$term == ""time""`.[39m
[1mCaused by error in `.data$term`:[22m
[38;5;255m[33m![38;5;255m Column `term` not found in `.data`.[39m | no diffusive segment accepted by FS",0,0.489999999990687
"s1-da-a2-1-o-d-08:27","MSP",NA,NA,482.97098175885,4,"ok","no valid diffusive segment",NA,0.0400000000372529
"s1-da-a2-1-o-d-08:27","endpoint",635.266217728598,NA,NA,NA,"ok","",NA,0
"s1-da-a2-10-o-d-10:46","goAquaFlux",111.781347466299,111.324395753361,0.456951712938269,1,"ok","",NA,0.170000000158325
"s1-da-a2-10-o-d-10:46","goFlux_noSep",14.4687203371025,NA,NA,NA,"ok","",NA,0.159999999916181
"s1-da-a2-10-o-d-10:46","FS_default",2.27297060844915,2.27297060844915,0,0,"ok","",0,0.270000000018626
"s1-da-a2-10-o-d-10:46","MSP",28.4364327286364,26.0365636009465,2.39986912768986,1,"ok","",NA,0.0100000000093132
"s1-da-a2-10-o-d-10:46","endpoint",18.4281892120024,NA,NA,NA,"ok","",NA,0
"s1-da-a2-2-o-d-08:40","goAquaFlux",13.2061754404495,9.23806670700824,3.96810873344126,1,"ok","",NA,0.21999999997206
"s1-da-a2-2-o-d-08:40","goFlux_noSep",9.43338418859247,NA,NA,NA,"ok","",NA,0.129999999888241
"s1-da-a2-2-o-d-08:40","FS_default",8.47861693625696,8.47861693625696,0,0,"ok","",0,0.340000000083819
"s1-da-a2-2-o-d-08:40","MSP",34.4361597433305,32.3974069993302,2.03875274400027,2,"ok","",NA,0.0200000000186265
"s1-da-a2-2-o-d-08:40","endpoint",14.0918047951404,NA,NA,NA,"ok","",NA,0
"s1-da-a2-3-o-d-08:57","goAquaFlux",18.0682237761375,11.6878128138411,6.38041096229634,1,"ok","",NA,0.28000000002794
"s1-da-a2-3-o-d-08:57","goFlux_noSep",71.0795880707754,NA,NA,NA,"ok","",NA,0.119999999878928
"s1-da-a2-3-o-d-08:57","FS_default",NA,NA,21.874053556168,1,"ok","diffusive_flux: [38;5;255m[36mℹ[38;5;255m In argument: `.data$term == ""time""`.[39m
[1mCaused by error in `.data$term`:[22m
[38;5;255m[33m![38;5;255m Column `term` not found in `.data`.[39m | no diffusive segment accepted by FS",0,0.310000000055879
"s1-da-a2-3-o-d-08:57","MSP",80.8979147838098,74.2753342921204,6.62258049168939,5,"ok","",NA,0.0400000000372529
"s1-da-a2-3-o-d-08:57","endpoint",28.2262976903349,NA,NA,NA,"ok","",NA,0
"s1-da-a2-4-o-d-09:13","goAquaFlux",2.81498173466924,2.69932947624713,0.115652258422108,2,"ok","",NA,0.25
"s1-da-a2-4-o-d-09:13","goFlux_noSep",3.76644367976493,NA,NA,NA,"ok","",NA,0.120000000111759
"s1-da-a2-4-o-d-09:13","FS_default",3.06377281850756,3.06377281850756,0,0,"ok","",0,0.25
"s1-da-a2-4-o-d-09:13","MSP",2.55857350065298,2.20657612233258,0.351997378320401,8,"ok","",NA,0.0499999998137355
"s1-da-a2-4-o-d-09:13","endpoint",3.05391125002724,NA,NA,NA,"ok","",NA,0
"s1-da-a2-5-o-d-09:29","goAquaFlux",NA,NA,0.0409084987816573,1,"ok","",NA,0.160000000149012
"s1-da-a2-5-o-d-09:29","goFlux_noSep",27.9393804326734,NA,NA,NA,"ok","",NA,0.109999999869615
"s1-da-a2-5-o-d-09:29","FS_default",NA,NA,25.0633023035933,2,"ok","diffusive_flux: [38;5;255m[36mℹ[38;5;255m In argument: `.data$term == ""time""`.[39m
[1mCaused by error in `.data$term`:[22m
[38;5;255m[33m![38;5;255m Column `term` not found in `.data`.[39m | no diffusive segment accepted by FS",1.81898940354586e-12,0.370000000111759
"s1-da-a2-5-o-d-09:29","MSP",44.1139472180095,37.333914522426,6.78003269558343,3,"ok","",NA,0.0200000000186265
"s1-da-a2-5-o-d-09:29","endpoint",32.1749777962768,NA,NA,NA,"ok","",NA,0
"s1-da-a2-6-o-d-09:47","goAquaFlux",4.513413798494,4.513413798494,0,0,"ok","",NA,0.229999999981374
"s1-da-a2-6-o-d-09:47","goFlux_noSep",4.513413798494,NA,NA,NA,"ok","",NA,0.139999999897555
"s1-da-a2-6-o-d-09:47","FS_default",4.24956752699687,4.24956752699687,0,0,"ok","",0,0.330000000074506
"s1-da-a2-6-o-d-09:47","MSP",4.54508450915626,3.94578247824467,0.599302030911592,6,"ok","",NA,0.0200000000186265
"s1-da-a2-6-o-d-09:47","endpoint",3.95424217401714,NA,NA,NA,"ok","",NA,0
"s1-da-a2-7-o-d-10:02","goAquaFlux",8.25879431285317,5.38103931102439,2.87775500182878,2,"ok","",NA,0.260000000009313
"s1-da-a2-7-o-d-10:02","goFlux_noSep",10.1980748415934,NA,NA,NA,"ok","",NA,0.139999999897555
"s1-da-a2-7-o-d-10:02","FS_default",5.89329047480752,5.89329047480752,0,0,"ok","",0,0.320000000065193
"s1-da-a2-7-o-d-10:02","MSP",NA,NA,0.935867774915771,3,"ok","no valid diffusive segment",NA,0.0100000000093132
"s1-da-a2-7-o-d-10:02","endpoint",6.47001757916621,NA,NA,NA,"ok","",NA,0
"s1-da-a2-8-o-d-10:22","goAquaFlux",2.38984472115965,2.38984472115965,0,0,"ok","",NA,0.189999999944121
"s1-da-a2-8-o-d-10:22","goFlux_noSep",2.38984472115965,NA,NA,NA,"ok","",NA,0.169999999925494
"s1-da-a2-8-o-d-10:22","FS_default",2.47711873271715,2.47711873271715,0,0,"ok","",0,0.390000000130385
"s1-da-a2-8-o-d-10:22","MSP",2.78560480554284,1.90942910912673,0.876175696416103,12,"ok","",NA,0.0300000000279397
"s1-da-a2-8-o-d-10:22","endpoint",2.17910239326755,NA,NA,NA,"ok","",NA,0
"s1-da-a2-9-o-d-10:35","goAquaFlux",1.85097938698829,1.79680547592609,0.054173911062197,1,"ok","",NA,0.25
"s1-da-a2-9-o-d-10:35","goFlux_noSep",1.81223713336878,NA,NA,NA,"ok","",NA,0.189999999944121
"s1-da-a2-9-o-d-10:35","FS_default",1.90679669044399,1.90679669044399,0,0,"ok","",0,0.340000000083819
"s1-da-a2-9-o-d-10:35","MSP",1.91682459079025,1.4705098024937,0.44631478829655,8,"ok","",NA,0.0399999998044223
"s1-da-a2-9-o-d-10:35","endpoint",1.66397345493313,NA,NA,NA,"ok","",NA,0
"s1-da-p1-1-o-d-08:39","goAquaFlux",6.01000398507457,5.54774294078457,0.462261044289999,3,"ok","",NA,0.400000000139698
"s1-da-p1-1-o-d-08:39","goFlux_noSep",6.44333087924014,NA,NA,NA,"ok","",NA,0.21999999997206
"s1-da-p1-1-o-d-08:39","FS_default",7.12462923181817,7.12462923181817,0,0,"ok","",0,0.310000000055879
"s1-da-p1-1-o-d-08:39","MSP",6.10737769716116,5.17940806325875,0.927969633902416,6,"ok","",NA,0.0100000000093132
"s1-da-p1-1-o-d-08:39","endpoint",6.06048261473394,NA,NA,NA,"ok","",NA,0
"s1-da-p1-10-o-d-10:34","goAquaFlux",6.66224263769784,6.17371708961937,0.488525548078469,2,"ok","",NA,0.21999999997206
"s1-da-p1-10-o-d-10:34","goFlux_noSep",6.38417505419948,NA,NA,NA,"ok","",NA,0.139999999897555
"s1-da-p1-10-o-d-10:34","FS_default",4.93644175342841,4.93644175342841,0,0,"ok","",0,0.270000000018626
"s1-da-p1-10-o-d-10:34","MSP",5.53607951436073,4.46413665613591,1.07194285822482,3,"ok","",NA,0.0200000000186265
"s1-da-p1-10-o-d-10:34","endpoint",5.1388177118983,NA,NA,NA,"ok","",NA,0
"s1-da-p1-11-o-d-10:46","goAquaFlux",3.28488128392278,3.28488128392278,0,0,"ok","",NA,0.199999999953434
"s1-da-p1-11-o-d-10:46","goFlux_noSep",3.28488128392278,NA,NA,NA,"ok","",NA,0.189999999944121
"s1-da-p1-11-o-d-10:46","FS_default",3.27325901942578,3.27325901942578,0,0,"ok","",0,0.360000000102445
"s1-da-p1-11-o-d-10:46","MSP",3.89499048696462,3.08956589618252,0.805424590782098,6,"ok","",NA,0.0100000000093132
"s1-da-p1-11-o-d-10:46","endpoint",3.29110925815463,NA,NA,NA,"ok","",NA,0
"s1-da-p1-12-o-d-10:57","goAquaFlux",2.40164062096724,2.40164062096724,0,0,"ok","",NA,0.21999999997206
"s1-da-p1-12-o-d-10:57","goFlux_noSep",2.40164062096724,NA,NA,NA,"ok","",NA,0.179999999934807
"s1-da-p1-12-o-d-10:57","FS_default",2.59449652368734,2.59449652368734,0,0,"ok","",0,0.21999999997206
"s1-da-p1-12-o-d-10:57","MSP",2.58671978028812,2.26848068300874,0.318239097279383,5,"ok","",NA,0.0300000000279397
"s1-da-p1-12-o-d-10:57","endpoint",2.48382314470204,NA,NA,NA,"ok","",NA,0
"s1-da-p1-2-o-d-08:54","goAquaFlux",1.18825933231141,1.18825933231141,0,0,"ok","",NA,0.330000000074506
"s1-da-p1-2-o-d-08:54","goFlux_noSep",1.18825933231141,NA,NA,NA,"ok","",NA,0.110000000102445
"s1-da-p1-2-o-d-08:54","FS_default",NA,NA,0,0,"ok","no diffusive segment accepted by FS",0,0.279999999795109
"s1-da-p1-2-o-d-08:54","MSP",15.622667554558,9.92615570159307,5.69651185296498,2,"ok","",NA,0
"s1-da-p1-2-o-d-08:54","endpoint",0.778150699204655,NA,NA,NA,"ok","",NA,0
"s1-da-p1-3-o-d-09:11","goAquaFlux",3.21091168352367,2.84072857962056,0.370183103903106,1,"ok","",NA,0.180000000167638
"s1-da-p1-3-o-d-09:11","goFlux_noSep",3.37392790241395,NA,NA,NA,"ok","",NA,0.209999999962747
"s1-da-p1-3-o-d-09:11","FS_default",5.15461686995225,5.15461686995225,0,0,"ok","",0,0.329999999841675
"s1-da-p1-3-o-d-09:11","MSP",3.88066338410375,3.33831922762289,0.542344156480854,3,"ok","",NA,0
"s1-da-p1-3-o-d-09:11","endpoint",3.19660158645008,NA,NA,NA,"ok","",NA,0
"s1-da-p1-4-o-d-09:22","goAquaFlux",4.04054603130459,3.78935369470519,0.2511923365994,1,"ok","",NA,0.170000000158325
"s1-da-p1-4-o-d-09:22","goFlux_noSep",4.98668600982056,NA,NA,NA,"ok","",NA,0.209999999962747
"s1-da-p1-4-o-d-09:22","FS_default",7.08366306800716,7.08366306800716,0,0,"ok","",0,0.21999999997206
"s1-da-p1-4-o-d-09:22","MSP",7.65522063142851,5.88361560349995,1.77160502792857,7,"ok","",NA,0.0100000000093132
"s1-da-p1-4-o-d-09:22","endpoint",5.34434844876731,NA,NA,NA,"ok","",NA,0
"s1-da-p1-5-o-d-09:33","goAquaFlux",3.93405243962587,3.93405243962587,0,0,"ok","",NA,0.300000000046566
"s1-da-p1-5-o-d-09:33","goFlux_noSep",3.93405243962587,NA,NA,NA,"ok","",NA,0.149999999906868
"s1-da-p1-5-o-d-09:33","FS_default",4.20508656112047,4.20508656112047,0,0,"ok","",0,0.290000000037253
"s1-da-p1-5-o-d-09:33","MSP",4.27076221093902,3.24947839716058,1.02128381377844,6,"ok","",NA,0.0300000000279397
"s1-da-p1-5-o-d-09:33","endpoint",3.76520819519775,NA,NA,NA,"ok","",NA,0
"s1-da-p1-6-o-d-09:43","goAquaFlux",2.34558677597246,2.34558677597246,0,0,"ok","",NA,0.169999999925494
"s1-da-p1-6-o-d-09:43","goFlux_noSep",2.34558677597246,NA,NA,NA,"ok","",NA,0.110000000102445
"s1-da-p1-6-o-d-09:43","FS_default",1.61581549803382,1.61581549803382,0,0,"ok","",0,0.369999999878928
"s1-da-p1-6-o-d-09:43","MSP",3.76764562500127,2.92007821233992,0.847567412661342,5,"ok","",NA,0.0200000000186265
"s1-da-p1-6-o-d-09:43","endpoint",2.46204809083779,NA,NA,NA,"ok","",NA,0
"s1-da-p1-7-o-d-09:54","goAquaFlux",3.16015995453939,3.16015995453939,0,0,"ok","",NA,0.25
"s1-da-p1-7-o-d-09:54","goFlux_noSep",3.16015995453939,NA,NA,NA,"ok","",NA,0.189999999944121
"s1-da-p1-7-o-d-09:54","FS_default",3.61733162745249,3.61733162745249,0,0,"ok","",0,0.290000000037253
"s1-da-p1-7-o-d-09:54","MSP",3.32061802244612,2.85583962420316,0.464778398242958,5,"ok","",NA,0.0200000000186265
"s1-da-p1-7-o-d-09:54","endpoint",2.78869004725209,NA,NA,NA,"ok","",NA,0
"s1-da-p1-8-o-d-10:05","goAquaFlux",NA,NA,2.97160261977883,2,"ok","",NA,0.170000000158325
"s1-da-p1-8-o-d-10:05","goFlux_noSep",8.45433370336932,NA,NA,NA,"ok","",NA,0.229999999981374
"s1-da-p1-8-o-d-10:05","FS_default",10.3242712798497,2.89266428461786,7.43160699523183,1,"ok","",0,0.25
"s1-da-p1-8-o-d-10:05","MSP",11.7339330767671,2.61073841933378,9.1231946574333,2,"ok","",NA,0.0200000000186265
"s1-da-p1-8-o-d-10:05","endpoint",6.95713811606212,NA,NA,NA,"ok","",NA,0
"s1-da-p1-9-o-d-10:17","goAquaFlux",2.89749388573763,2.64642361810388,0.251070267633758,1,"ok","",NA,0.199999999953434
"s1-da-p1-9-o-d-10:17","goFlux_noSep",2.90864146454088,NA,NA,NA,"ok","",NA,0.129999999888241
"s1-da-p1-9-o-d-10:17","FS_default",3.6080133411733,3.6080133411733,0,0,"ok","",0,0.28000000002794
"s1-da-p1-9-o-d-10:17","MSP",3.20067641720573,2.75494000270011,0.445736414505623,4,"ok","",NA,0.0300000000279397
"s1-da-p1-9-o-d-10:17","endpoint",2.80741743159018,NA,NA,NA,"ok","",NA,0
"s1-da-p2-10-o-d-12:29","goAquaFlux",2.9077722041684,2.9077722041684,0,0,"ok","",NA,0.199999999953434
"s1-da-p2-10-o-d-12:29","goFlux_noSep",2.9077722041684,NA,NA,NA,"ok","",NA,0.140000000130385
"s1-da-p2-10-o-d-12:29","FS_default",NA,NA,0,0,"ok","no diffusive segment accepted by FS",0,0.239999999990687
"s1-da-p2-10-o-d-12:29","MSP",4.90535368461146,2.33039120141827,2.57496248319318,7,"ok","",NA,0.0100000000093132
"s1-da-p2-10-o-d-12:29","endpoint",2.84487578404969,NA,NA,NA,"ok","",NA,0
"s1-da-p2-11-o-d-12:38","goAquaFlux",3.26044898229492,3.26044898229492,0,0,"ok","",NA,0.209999999962747
"s1-da-p2-11-o-d-12:38","goFlux_noSep",3.26044898229492,NA,NA,NA,"ok","",NA,0.139999999897555
"s1-da-p2-11-o-d-12:38","FS_default",NA,NA,0,0,"ok","no diffusive segment accepted by FS",0,0.25
"s1-da-p2-11-o-d-12:38","MSP",3.1299460903996,2.68176227276354,0.448183817636057,3,"ok","",NA,0
"s1-da-p2-11-o-d-12:38","endpoint",2.8464138402839,NA,NA,NA,"ok","",NA,0
"s1-da-p2-12-o-d-12:47","goAquaFlux",46.3965328237598,2.77387791078099,43.6226549129788,1,"ok","",NA,0.21999999997206
"s1-da-p2-12-o-d-12:47","goFlux_noSep",127.328656037895,NA,NA,NA,"ok","",NA,0.170000000158325
"s1-da-p2-12-o-d-12:47","FS_default",NA,NA,48.3763253989713,1,"ok","diffusive_flux: [38;5;255m[36mℹ[38;5;255m In argument: `.data$term == ""time""`.[39m
[1mCaused by error in `.data$term`:[22m
[38;5;255m[33m![38;5;255m Column `term` not found in `.data`.[39m | no diffusive segment accepted by FS",0,0.409999999916181
"s1-da-p2-12-o-d-12:47","MSP",NA,NA,30.5519429477294,1,"ok","no valid diffusive segment",NA,0
"s1-da-p2-12-o-d-12:47","endpoint",48.5472299904302,NA,NA,NA,"ok","",NA,0
"s1-da-p2-13-o-d-12:59","goAquaFlux",29.4147797217296,29.3889638871855,0.0258158345441179,1,"ok","",NA,0.429999999934807
"s1-da-p2-13-o-d-12:59","goFlux_noSep",6.39602179934892,NA,NA,NA,"ok","",NA,0.140000000130385
"s1-da-p2-13-o-d-12:59","FS_default",45.5093209584465,0.64584686553682,44.8634740929097,1,"ok","",0,0.319999999832362
"s1-da-p2-13-o-d-12:59","MSP",291.604712507209,279.905901383526,11.6988111236828,2,"ok","",NA,0.0600000000558794
"s1-da-p2-13-o-d-12:59","endpoint",39.9267985019329,NA,NA,NA,"ok","",NA,0
"s1-da-p2-14-o-d-13:15","goAquaFlux",2.22505654366011,2.22505654366011,0,0,"ok","",NA,0.189999999944121
"s1-da-p2-14-o-d-13:15","goFlux_noSep",2.22505654366011,NA,NA,NA,"ok","",NA,0.090000000083819
"s1-da-p2-14-o-d-13:15","FS_default",NA,NA,0,0,"ok","no diffusive segment accepted by FS",0,0.270000000018626
"s1-da-p2-14-o-d-13:15","MSP",3.33406578246659,2.61482437802896,0.719241404437633,2,"ok","",NA,0.0300000000279397
"s1-da-p2-14-o-d-13:15","endpoint",2.36959857028798,NA,NA,NA,"ok","",NA,0
"s1-da-p2-2-o-d-10:43","goAquaFlux",1.86612756135197,1.78794697091596,0.0781805904360017,1,"ok","",NA,0.199999999953434
"s1-da-p2-2-o-d-10:43","goFlux_noSep",1.79104481354525,NA,NA,NA,"ok","",NA,0.199999999953434
"s1-da-p2-2-o-d-10:43","FS_default",NA,NA,0,0,"ok","no diffusive segment accepted by FS",0,0.350000000093132
"s1-da-p2-2-o-d-10:43","MSP",2.34421916402347,1.79425925581843,0.549959908205039,4,"ok","",NA,0.0100000000093132
"s1-da-p2-2-o-d-10:43","endpoint",1.6237549618523,NA,NA,NA,"ok","",NA,0
"s1-da-p2-4-o-d-11:22","goAquaFlux",9.29293431028482,9.05400286268279,0.23893144760203,2,"ok","Inf replaced by maximum positive value",NA,0.28000000002794
"s1-da-p2-4-o-d-11:22","goFlux_noSep",6.25021511837694,NA,NA,NA,"ok","",NA,0.129999999888241
"s1-da-p2-4-o-d-11:22","FS_default",3.96132815302141,3.96132815302141,0,0,"ok","",0,0.260000000009313
"s1-da-p2-4-o-d-11:22","MSP",4.42927415102786,3.91984963812291,0.509424512904954,7,"ok","",NA,0.0400000000372529
"s1-da-p2-4-o-d-11:22","endpoint",4.17588629238467,NA,NA,NA,"ok","",NA,0
"s1-da-p2-5-o-d-11:37","goAquaFlux",3.95050057835433,3.95050057835433,0,0,"ok","",NA,0.209999999962747
"s1-da-p2-5-o-d-11:37","goFlux_noSep",3.95050057835433,NA,NA,NA,"ok","",NA,0.179999999934807
"s1-da-p2-5-o-d-11:37","FS_default",NA,NA,0,0,"ok","no diffusive segment accepted by FS",0,0.340000000083819
"s1-da-p2-5-o-d-11:37","MSP",4.92159324287667,3.55215952395067,1.369433718926,6,"ok","",NA,0.0200000000186265
"s1-da-p2-5-o-d-11:37","endpoint",3.77039301336122,NA,NA,NA,"ok","",NA,0
"s1-da-p2-6-o-d-11:45","goAquaFlux",NA,NA,0.347342022795137,1,"ok","",NA,0.100000000093132
"s1-da-p2-6-o-d-11:45","goFlux_noSep",2.78001227286302,NA,NA,NA,"ok","",NA,0.179999999934807
"s1-da-p2-6-o-d-11:45","FS_default",NA,NA,0,0,"ok","no diffusive segment accepted by FS",0,0.260000000009313
"s1-da-p2-6-o-d-11:45","MSP",4.24606378644085,2.78148825974285,1.464575526698,4,"ok","",NA,0.0200000000186265
"s1-da-p2-6-o-d-11:45","endpoint",2.74365937336211,NA,NA,NA,"ok","",NA,0
"s1-da-p2-7-o-d-11:54","goAquaFlux",NA,NA,0.17414356820291,1,"ok","",NA,0.0600000000558794
"s1-da-p2-7-o-d-11:54","goFlux_noSep",2.68577671263044,NA,NA,NA,"ok","",NA,0.159999999916181
"s1-da-p2-7-o-d-11:54","FS_default",NA,NA,0,0,"ok","no diffusive segment accepted by FS",0,0.260000000009313
"s1-da-p2-7-o-d-11:54","MSP",3.5261146070384,3.01764088007599,0.508473726962411,3,"ok","",NA,0.0200000000186265
"s1-da-p2-7-o-d-11:54","endpoint",2.64688705195745,NA,NA,NA,"ok","",NA,0
"s1-da-p2-8-o-d-12:04","goAquaFlux",NA,NA,1.62176828578708,2,"ok","",NA,0.0600000000558794
"s1-da-p2-8-o-d-12:04","goFlux_noSep",3.01178210221763,NA,NA,NA,"ok","",NA,0.169999999925494
"s1-da-p2-8-o-d-12:04","FS_default",NA,NA,0,0,"ok","no diffusive segment accepted by FS",0,0.300000000046566
"s1-da-p2-8-o-d-12:04","MSP",4.89565342935216,2.81871657003384,2.07693685931832,3,"ok","",NA,0.0100000000093132
"s1-da-p2-8-o-d-12:04","endpoint",3.67387890216171,NA,NA,NA,"ok","",NA,0
"s1-da-p2-9-o-d-12:13","goAquaFlux",3.01040979380402,2.98047599416808,0.0299337996359386,1,"ok","",NA,0.289999999804422
"s1-da-p2-9-o-d-12:13","goFlux_noSep",2.55337784790784,NA,NA,NA,"ok","",NA,0.110000000102445
"s1-da-p2-9-o-d-12:13","FS_default",1.27180508356389,1.27180508356389,0,0,"ok","",0,0.310000000055879
"s1-da-p2-9-o-d-12:13","MSP",3.15190466874091,2.79541464281906,0.356490025921857,8,"ok","",NA,0.0300000000279397
"s1-da-p2-9-o-d-12:13","endpoint",1.65294475924895,NA,NA,NA,"ok","",NA,0
"s1-da-r1-1-o-d-08:08","goAquaFlux",0.159578919413299,0.139615992818364,0.0199629265949357,1,"ok","",NA,0.139999999897555
"s1-da-r1-1-o-d-08:08","goFlux_noSep",0.0996693113807689,NA,NA,NA,"ok","",NA,0.110000000102445
"s1-da-r1-1-o-d-08:08","FS_default",0.0695796249382864,0.0695796249382864,0,0,"ok","",0,0.25
"s1-da-r1-1-o-d-08:08","MSP",0.24083727390435,0.137035943440192,0.103801330464158,14,"ok","",NA,0.029999999795109
"s1-da-r1-1-o-d-08:08","endpoint",0.10647335768701,NA,NA,NA,"ok","",NA,0
"s1-da-r1-10-o-d-10:29","goAquaFlux",0.328913873464787,0.328913873464787,0,0,"ok","",NA,0.200000000186265
"s1-da-r1-10-o-d-10:29","goFlux_noSep",0.328913873464787,NA,NA,NA,"ok","",NA,0.179999999934807
"s1-da-r1-10-o-d-10:29","FS_default",NA,NA,0,0,"ok","no diffusive segment accepted by FS",0,0.28000000002794
"s1-da-r1-10-o-d-10:29","MSP",1.30390049553741,0.937448247093837,0.366452248443573,7,"ok","",NA,0
"s1-da-r1-10-o-d-10:29","endpoint",0.290509037971373,NA,NA,NA,"ok","",NA,0
"s1-da-r1-11-o-d-10:38","goAquaFlux",0.493846129959843,0.493846129959843,0,0,"ok","",NA,0.139999999897555
"s1-da-r1-11-o-d-10:38","goFlux_noSep",0.493846129959843,NA,NA,NA,"ok","",NA,0.0800000000745058
"s1-da-r1-11-o-d-10:38","FS_default",NA,NA,0,0,"ok","no diffusive segment accepted by FS",0,0.25
"s1-da-r1-11-o-d-10:38","MSP",0.665440949093822,0.210749525312928,0.454691423780894,6,"ok","",NA,0
"s1-da-r1-11-o-d-10:38","endpoint",0.459734107407086,NA,NA,NA,"ok","",NA,0
"s1-da-r1-2-o-d-08:24","goAquaFlux",4.95287886710492,1.47307098256349,3.47980788454143,1,"ok","",NA,0.239999999990687
"s1-da-r1-2-o-d-08:24","goFlux_noSep",12.1475165048239,NA,NA,NA,"ok","",NA,0.090000000083819
"s1-da-r1-2-o-d-08:24","FS_default",NA,NA,0,0,"ok","no diffusive segment accepted by FS",0,0.229999999981374
"s1-da-r1-2-o-d-08:24","MSP",28.4874327314302,26.8072430961097,1.68018963532055,2,"ok","",NA,0.0200000000186265
"s1-da-r1-2-o-d-08:24","endpoint",11.1560802468746,NA,NA,NA,"ok","",NA,0
"s1-da-r1-4-o-d-08:56","goAquaFlux",0.347505856981994,0.2759662257148,0.0715396312671948,1,"ok","",NA,0.21999999997206
"s1-da-r1-4-o-d-08:56","goFlux_noSep",0.273632211846731,NA,NA,NA,"ok","",NA,0.159999999916181
"s1-da-r1-4-o-d-08:56","FS_default",NA,NA,0,0,"ok","no diffusive segment accepted by FS",0,0.310000000055879
"s1-da-r1-4-o-d-08:56","MSP",0.75911467363234,0.471281535103321,0.28783313852902,4,"ok","",NA,0
"s1-da-r1-4-o-d-08:56","endpoint",0.281707919160027,NA,NA,NA,"ok","",NA,0
"s1-da-r1-5-o-d-09:05","goAquaFlux",NA,NA,0.268735605150108,2,"ok","",NA,0.0400000000372529
"s1-da-r1-5-o-d-09:05","goFlux_noSep",0.407596554568651,NA,NA,NA,"ok","",NA,0.0999999998603016
"s1-da-r1-5-o-d-09:05","FS_default",NA,NA,0,0,"ok","no diffusive segment accepted by FS",0,0.310000000055879
"s1-da-r1-5-o-d-09:05","MSP",1.31843099260659,0.933781544682525,0.384649447924068,4,"ok","",NA,0.0200000000186265
"s1-da-r1-5-o-d-09:05","endpoint",0.502057394121475,NA,NA,NA,"ok","",NA,0
"s1-da-r1-6-o-d-09:19","goAquaFlux",0.640669042721298,0.640669042721298,0,0,"ok","",NA,0.139999999897555
"s1-da-r1-6-o-d-09:19","goFlux_noSep",0.640669042721298,NA,NA,NA,"ok","",NA,0.140000000130385
"s1-da-r1-6-o-d-09:19","FS_default",NA,NA,0,0,"ok","no diffusive segment accepted by FS",0,0.21999999997206
"s1-da-r1-6-o-d-09:19","MSP",NA,NA,0.310962388885779,3,"ok","no valid diffusive segment",NA,0.0100000000093132
"s1-da-r1-6-o-d-09:19","endpoint",0.433148634199969,NA,NA,NA,"ok","",NA,0
"s1-da-r1-7-o-d-09:31","goAquaFlux",0.58204826658352,0.58204826658352,0,0,"ok","",NA,0.349999999860302
"s1-da-r1-7-o-d-09:31","goFlux_noSep",0.58204826658352,NA,NA,NA,"ok","",NA,0.150000000139698
"s1-da-r1-7-o-d-09:31","FS_default",0.547228976899931,0.547228976899931,0,0,"ok","",0,0.300000000046566
"s1-da-r1-7-o-d-09:31","MSP",0.594861889175417,0.517506796075567,0.0773550930998498,5,"ok","",NA,0.0300000000279397
"s1-da-r1-7-o-d-09:31","endpoint",0.484401744253338,NA,NA,NA,"ok","",NA,0
"s1-da-r1-9-o-d-10:21","goAquaFlux",0.391764159464071,0.342503799959254,0.0492603595048167,1,"ok","",NA,0.25
"s1-da-r1-9-o-d-10:21","goFlux_noSep",0.716792396988958,NA,NA,NA,"ok","",NA,0.129999999888241
"s1-da-r1-9-o-d-10:21","FS_default",NA,NA,0,0,"ok","no diffusive segment accepted by FS",0,0.25
"s1-da-r1-9-o-d-10:21","MSP",0.885841630582876,0.497774477231168,0.388067153351708,2,"ok","",NA,0.0100000000093132
"s1-da-r1-9-o-d-10:21","endpoint",0.486929135053665,NA,NA,NA,"ok","",NA,0
"s1-da-r2-1-o-d-08:18","goAquaFlux",19.8480662558162,18.608207353457,1.23985890235926,2,"ok","",NA,0.28000000002794
"s1-da-r2-1-o-d-08:18","goFlux_noSep",27.4214329402097,NA,NA,NA,"ok","",NA,0.139999999897555
"s1-da-r2-1-o-d-08:18","FS_default",29.1506881391483,29.1506881391483,0,0,"ok","",0,0.21999999997206
"s1-da-r2-1-o-d-08:18","MSP",28.3546676489883,25.4915338820293,2.86313376695897,6,"ok","",NA,0.0200000000186265
"s1-da-r2-1-o-d-08:18","endpoint",26.4674471166886,NA,NA,NA,"ok","",NA,0
"s1-da-r2-10-o-d-10:42","goAquaFlux",2.23398556953202,2.0893739799989,0.144611589533121,1,"ok","",NA,0.140000000130385
"s1-da-r2-10-o-d-10:42","goFlux_noSep",1.35963320861556,NA,NA,NA,"ok","",NA,0.109999999869615
"s1-da-r2-10-o-d-10:42","FS_default",NA,NA,0,0,"ok","no diffusive segment accepted by FS",0,0.330000000074506
"s1-da-r2-10-o-d-10:42","MSP",2.10149338501648,1.32477095745653,0.776722427559944,8,"ok","",NA,0.0100000000093132
"s1-da-r2-10-o-d-10:42","endpoint",1.33237761271962,NA,NA,NA,"ok","",NA,0
"s1-da-r2-11-o-d-10:56","goAquaFlux",7.5698319254443,6.58138048104559,0.988451444398712,1,"ok","",NA,0.21999999997206
"s1-da-r2-11-o-d-10:56","goFlux_noSep",12.2903382749214,NA,NA,NA,"ok","",NA,0.169999999925494
"s1-da-r2-11-o-d-10:56","FS_default",NA,NA,0,0,"ok","no diffusive segment accepted by FS",0,0.28000000002794
"s1-da-r2-11-o-d-10:56","MSP",12.9113377256514,10.8621820685764,2.04915565707503,4,"ok","",NA,0.0200000000186265
"s1-da-r2-11-o-d-10:56","endpoint",11.0672498782197,NA,NA,NA,"ok","",NA,0
"s1-da-r2-3-o-d-08:56","goAquaFlux",34.9318206475512,34.1082416527402,0.823578994811002,1,"ok","",NA,0.310000000055879
"s1-da-r2-3-o-d-08:56","goFlux_noSep",31.298002356225,NA,NA,NA,"ok","",NA,0.110000000102445
"s1-da-r2-3-o-d-08:56","FS_default",NA,NA,0,0,"ok","no diffusive segment accepted by FS",0,0.269999999785796
"s1-da-r2-3-o-d-08:56","MSP",22.2738793647455,18.4098249658493,3.86405439889622,3,"ok","",NA,0.0100000000093132
"s1-da-r2-3-o-d-08:56","endpoint",22.897940527408,NA,NA,NA,"ok","",NA,0
"s1-da-r2-4-o-d-09:07","goAquaFlux",15.1637423714219,15.1637423714219,0,0,"ok","",NA,0.200000000186265
"s1-da-r2-4-o-d-09:07","goFlux_noSep",15.1637423714219,NA,NA,NA,"ok","",NA,0.179999999934807
"s1-da-r2-4-o-d-09:07","FS_default",NA,NA,0,0,"ok","no diffusive segment accepted by FS",0,0.28000000002794
"s1-da-r2-4-o-d-09:07","MSP",13.259522553116,11.9935115619425,1.26601099117347,2,"ok","",NA,0.0100000000093132
"s1-da-r2-4-o-d-09:07","endpoint",14.6817368181318,NA,NA,NA,"ok","",NA,0
"s1-da-r2-6-o-d-09:44","goAquaFlux",9.32917019542486,9.32917019542486,0,0,"ok","",NA,0.209999999962747
"s1-da-r2-6-o-d-09:44","goFlux_noSep",9.32917019542486,NA,NA,NA,"ok","",NA,0.169999999925494
"s1-da-r2-6-o-d-09:44","FS_default",9.5601460630238,9.5601460630238,0,0,"ok","",0,0.360000000102445
"s1-da-r2-6-o-d-09:44","MSP",8.06451261648054,7.27233928354945,0.792173332931091,6,"ok","",NA,0.0200000000186265
"s1-da-r2-6-o-d-09:44","endpoint",9.21489760074791,NA,NA,NA,"ok","",NA,0
"s1-da-r2-7-o-d-10:02","goAquaFlux",5.6511482072675,5.6511482072675,0,0,"ok","",NA,0.139999999897555
"s1-da-r2-7-o-d-10:02","goFlux_noSep",5.6511482072675,NA,NA,NA,"ok","",NA,0.159999999916181
"s1-da-r2-7-o-d-10:02","FS_default",NA,NA,0,0,"ok","no diffusive segment accepted by FS",0,0.290000000037253
"s1-da-r2-7-o-d-10:02","MSP",5.15571934976522,4.48835405774675,0.667365292018475,3,"ok","",NA,0
"s1-da-r2-7-o-d-10:02","endpoint",4.41080251612632,NA,NA,NA,"ok","",NA,0
"s1-da-r2-8-o-d-10:13","goAquaFlux",10.766646596371,10.766646596371,0,0,"ok","",NA,0.170000000158325
"s1-da-r2-8-o-d-10:13","goFlux_noSep",10.766646596371,NA,NA,NA,"ok","",NA,0.129999999888241
"s1-da-r2-8-o-d-10:13","FS_default",NA,NA,0,0,"ok","no diffusive segment accepted by FS",0,0.270000000018626
"s1-da-r2-8-o-d-10:13","MSP",12.2790502745869,10.6998046513056,1.57924562328131,3,"ok","",NA,0.0300000000279397
"s1-da-r2-8-o-d-10:13","endpoint",9.59354261521116,NA,NA,NA,"ok","",NA,0
"s1-da-r2-9-o-d-10:24","goAquaFlux",7.13948689189341,7.13948689189341,0,0,"ok","",NA,0.28000000002794
"s1-da-r2-9-o-d-10:24","goFlux_noSep",7.13948689189341,NA,NA,NA,"ok","",NA,0.129999999888241
"s1-da-r2-9-o-d-10:24","FS_default",3.89887482184764,3.89887482184764,0,0,"ok","",0,0.300000000046566
"s1-da-r2-9-o-d-10:24","MSP",5.01853300741325,4.67872432813488,0.33980867927837,5,"ok","",NA,0.0300000000279397
"s1-da-r2-9-o-d-10:24","endpoint",4.70001397987669,NA,NA,NA,"ok","",NA,0
"s1-du-a1-2-o-d-09:26","goAquaFlux",0.057230092966122,0.057230092966122,0,0,"ok","",NA,0.28000000002794
"s1-du-a1-2-o-d-09:26","goFlux_noSep",0.057230092966122,NA,NA,NA,"ok","",NA,0.809999999823049
"s1-du-a1-2-o-d-09:26","FS_default",0.0680263329727539,0.0680263329727539,0,0,"ok","",0,0.25
"s1-du-a1-2-o-d-09:26","MSP",0.0603466075513816,0.0428936599303621,0.0174529476210195,3,"ok","",NA,0.0200000000186265
"s1-du-a1-2-o-d-09:26","endpoint",0.0622577100993014,NA,NA,NA,"ok","",NA,0
"s1-du-a1-3-o-d-09:38","goAquaFlux",0.0496155970540538,0.0496155970540538,0,0,"ok","",NA,0.200000000186265
"s1-du-a1-3-o-d-09:38","goFlux_noSep",0.0496155970540538,NA,NA,NA,"ok","",NA,0.129999999888241
"s1-du-a1-3-o-d-09:38","FS_default",0.0413349056659153,0.0413349056659153,0,0,"ok","",0,0.28000000002794
"s1-du-a1-3-o-d-09:38","MSP",0.0512200156304872,0.0398641753945876,0.0113558402358996,7,"ok","",NA,0.0300000000279397
"s1-du-a1-3-o-d-09:38","endpoint",0.0433904590346194,NA,NA,NA,"ok","",NA,0
"s1-du-a1-4-o-d-09:50","goAquaFlux",0.0417888180869094,0.0417888180869094,0,0,"ok","",NA,0.169999999925494
"s1-du-a1-4-o-d-09:50","goFlux_noSep",0.0417888180869094,NA,NA,NA,"ok","",NA,0.120000000111759
"s1-du-a1-4-o-d-09:50","FS_default",0.0382876067517871,0.0382876067517871,0,0,"ok","",0,0.21999999997206
"s1-du-a1-4-o-d-09:50","MSP",0.128029357824172,0.123666967128727,0.00436239069544453,2,"ok","",NA,0
"s1-du-a1-4-o-d-09:50","endpoint",0.0548233027643246,NA,NA,NA,"ok","",NA,0
"s1-du-a2-1-o-d-07:10","goAquaFlux",0.145492853832155,0.145492853832155,0,0,"ok","",NA,0.389999999897555
"s1-du-a2-1-o-d-07:10","goFlux_noSep",0.145492853832155,NA,NA,NA,"ok","",NA,0.270000000018626
"s1-du-a2-1-o-d-07:10","FS_default",0.161954682578794,0.161954682578794,0,0,"ok","",0,0.310000000055879
"s1-du-a2-1-o-d-07:10","MSP",0.170435005872424,0.139685692957622,0.0307493129148022,5,"ok","",NA,0.0200000000186265
"s1-du-a2-1-o-d-07:10","endpoint",0.153892433745783,NA,NA,NA,"ok","",NA,0
"s1-du-a2-2-o-d-07:23","goAquaFlux",0.476867761357262,0.476867761357262,0,0,"ok","",NA,0.189999999944121
"s1-du-a2-2-o-d-07:23","goFlux_noSep",0.476867761357262,NA,NA,NA,"ok","",NA,0.139999999897555
"s1-du-a2-2-o-d-07:23","FS_default",0.389671105284773,0.389671105284773,0,0,"ok","",0,0.310000000055879
"s1-du-a2-2-o-d-07:23","MSP",0.482921022505042,0.34907716896769,0.133843853537352,8,"ok","",NA,0.0200000000186265
"s1-du-a2-2-o-d-07:23","endpoint",0.406909715914019,NA,NA,NA,"ok","",NA,0
"s1-du-a2-3-o-d-07:40","goAquaFlux",0.202011486937306,0.202011486937306,0,0,"ok","",NA,0.270000000018626
"s1-du-a2-3-o-d-07:40","goFlux_noSep",0.202011486937306,NA,NA,NA,"ok","",NA,0.100000000093132
"s1-du-a2-3-o-d-07:40","FS_default",0.198646327995112,0.198646327995112,0,0,"ok","",0,0.239999999990687
"s1-du-a2-3-o-d-07:40","MSP",0.237776072227875,0.174614436738883,0.0631616354889915,6,"ok","",NA,0.0100000000093132
"s1-du-a2-3-o-d-07:40","endpoint",0.19660697299908,NA,NA,NA,"ok","",NA,0
"s1-du-p1-1-o-d-08:11","goAquaFlux",0.016763848277304,0.016763848277304,0,0,"ok","",NA,0.329999999841675
"s1-du-p1-1-o-d-08:11","goFlux_noSep",0.016763848277304,NA,NA,NA,"ok","",NA,0.199999999953434
"s1-du-p1-1-o-d-08:11","FS_default",0.0162936875463811,0.0162936875463811,0,0,"ok","",0,0.310000000055879
"s1-du-p1-1-o-d-08:11","MSP",0.272952460338724,0.124997865127719,0.147954595211004,12,"ok","",NA,0.0400000000372529
"s1-du-p1-1-o-d-08:11","endpoint",0.0305823239223083,NA,NA,NA,"ok","",NA,0
"s1-du-p1-2-o-d-08:27","goAquaFlux",-0.0127714142639207,-0.0127714142639207,0,0,"ok","",NA,0.209999999962747
"s1-du-p1-2-o-d-08:27","goFlux_noSep",-0.0127714142639207,NA,NA,NA,"ok","",NA,0.179999999934807
"s1-du-p1-2-o-d-08:27","FS_default",-0.0377316965462083,-0.0377316965462083,0,0,"ok","",0,0.260000000009313
"s1-du-p1-2-o-d-08:27","MSP",0.59363382126823,0.408464192214518,0.185169629053712,9,"ok","",NA,0.0200000000186265
"s1-du-p1-2-o-d-08:27","endpoint",-0.0479218726195189,NA,NA,NA,"ok","",NA,0
"s1-du-p1-3-o-d-08:43","goAquaFlux",0.0450470075940641,0.0450470075940641,0,0,"ok","",NA,0.260000000009313
"s1-du-p1-3-o-d-08:43","goFlux_noSep",0.0450470075940641,NA,NA,NA,"ok","",NA,0.140000000130385
"s1-du-p1-3-o-d-08:43","FS_default",0.0431690672203143,0.0431690672203143,0,0,"ok","",0,0.25
"s1-du-p1-3-o-d-08:43","MSP",0.808038333945355,0.389644349645044,0.418393984300311,6,"ok","",NA,0.0100000000093132
"s1-du-p1-3-o-d-08:43","endpoint",0.0163050844113111,NA,NA,NA,"ok","",NA,0
"s1-du-p2-1-o-d-07:27","goAquaFlux",-0.0259346483433431,-0.0259346483433431,0,0,"ok","",NA,0.149999999906868
"s1-du-p2-1-o-d-07:27","goFlux_noSep",-0.0259346483433431,NA,NA,NA,"ok","",NA,0.090000000083819
"s1-du-p2-1-o-d-07:27","FS_default",-0.0130395226197208,-0.0130395226197208,0,0,"ok","",0,0.260000000009313
"s1-du-p2-1-o-d-07:27","MSP",NA,NA,3.87186812115502e-05,1,"ok","no valid diffusive segment",NA,0.0399999998044223
"s1-du-p2-1-o-d-07:27","endpoint",-0.04844215171321,NA,NA,NA,"ok","",NA,0
"s1-du-p2-3-o-d-07:56","goAquaFlux",0.00151678142905672,0.00151678142905672,0,0,"ok","",NA,0.180000000167638
"s1-du-p2-3-o-d-07:56","goFlux_noSep",0.00151678142905672,NA,NA,NA,"ok","",NA,0.0999999998603016
"s1-du-p2-3-o-d-07:56","FS_default",0.000716952921604258,0.000716952921604258,0,0,"ok","",0,0.260000000009313
"s1-du-p2-3-o-d-07:56","MSP",0.0285935057542115,0.00789577361965925,0.0206977321345522,13,"ok","",NA,0.0200000000186265
"s1-du-p2-3-o-d-07:56","endpoint",0.00130786698766546,NA,NA,NA,"ok","",NA,0
"s1-du-p2-7-o-d-09:16","goAquaFlux",0.000236561873372754,0.000236561873372754,0,0,"ok","",NA,0.189999999944121
"s1-du-p2-7-o-d-09:16","goFlux_noSep",0.000236561873372754,NA,NA,NA,"ok","",NA,0.110000000102445
"s1-du-p2-7-o-d-09:16","FS_default",2.33914561628371e-05,2.33914561628371e-05,0,0,"ok","",0,0.290000000037253
"s1-du-p2-7-o-d-09:16","MSP",0.0141530127874995,0.00505818829357976,0.00909482449391972,5,"ok","",NA,0.0200000000186265
"s1-du-p2-7-o-d-09:16","endpoint",0.000516537204801211,NA,NA,NA,"ok","",NA,0
"s1-du-r1-2-o-d-08:00","goAquaFlux",0.157977489576185,0.157977489576185,0,0,"ok","",NA,0.189999999944121
"s1-du-r1-2-o-d-08:00","goFlux_noSep",0.157977489576185,NA,NA,NA,"ok","",NA,0.159999999916181
"s1-du-r1-2-o-d-08:00","FS_default",0.137625863543904,0.137625863543904,0,0,"ok","",0,0.420000000158325
"s1-du-r1-2-o-d-08:00","MSP",0.385484485456628,0.244159340143289,0.141325145313339,13,"ok","",NA,0.0499999998137355
"s1-du-r1-2-o-d-08:00","endpoint",0.126295796437102,NA,NA,NA,"ok","",NA,0
"s1-du-r1-5-o-d-08:56","goAquaFlux",0.120812628420519,0.120812628420519,0,0,"ok","",NA,0.260000000009313
"s1-du-r1-5-o-d-08:56","goFlux_noSep",0.120812628420519,NA,NA,NA,"ok","",NA,0.140000000130385
"s1-du-r1-5-o-d-08:56","FS_default",0.131433253636237,0.131433253636237,0,0,"ok","",0,0.21999999997206
"s1-du-r1-5-o-d-08:56","MSP",0.342644361223918,0.134091147500506,0.208553213723411,13,"ok","",NA,0.0300000000279397
"s1-du-r1-5-o-d-08:56","endpoint",0.143752496165905,NA,NA,NA,"ok","",NA,0
"s1-du-r1-6-o-d-09:11","goAquaFlux",0.0555961102806511,0.0555961102806511,0,0,"ok","",NA,0.209999999962747
"s1-du-r1-6-o-d-09:11","goFlux_noSep",0.0555961102806511,NA,NA,NA,"ok","",NA,0.179999999934807
"s1-du-r1-6-o-d-09:11","FS_default",0.0314509646871578,0.0314509646871578,0,0,"ok","",0,0.21999999997206
"s1-du-r1-6-o-d-09:11","MSP",0.28179757435507,0.0886745132210449,0.193123061134025,16,"ok","",NA,0.0200000000186265
"s1-du-r1-6-o-d-09:11","endpoint",0.0790254662675016,NA,NA,NA,"ok","",NA,0
"s1-ri-a2-13-o-d-12:26","goAquaFlux",0.870139293984523,0.834137014495441,0.0360022794890828,1,"ok","",NA,0.21999999997206
"s1-ri-a2-13-o-d-12:26","goFlux_noSep",0.838795541345521,NA,NA,NA,"ok","",NA,0.120000000111759
"s1-ri-a2-13-o-d-12:26","FS_default",0.856317058315528,0.856317058315528,0,0,"ok","",0,0.199999999953434
"s1-ri-a2-13-o-d-12:26","MSP",0.73690986456642,0.716526789264173,0.0203830753022464,2,"ok","",NA,0.0400000000372529
"s1-ri-a2-13-o-d-12:26","endpoint",0.854497437995033,NA,NA,NA,"ok","",NA,0
"s1-ri-a2-14-o-d-12:51","goAquaFlux",2.47823485694751,2.44898489693156,0.0292499600159506,1,"ok","",NA,0.179999999934807
"s1-ri-a2-14-o-d-12:51","goFlux_noSep",2.83157565043307,NA,NA,NA,"ok","",NA,0.160000000149012
"s1-ri-a2-14-o-d-12:51","FS_default",3.33572471634822,3.33572471634822,0,0,"ok","",0,0.25
"s1-ri-a2-14-o-d-12:51","MSP",2.62066030815941,2.3644662867827,0.256194021376706,5,"ok","",NA,0.0300000000279397
"s1-ri-a2-14-o-d-12:51","endpoint",2.71317494644819,NA,NA,NA,"ok","",NA,0
"s1-ri-a2-15-o-d-13:07","goAquaFlux",3.01373216861921,3.01373216861921,0,0,"ok","",NA,0.189999999944121
"s1-ri-a2-15-o-d-13:07","goFlux_noSep",3.01373216861921,NA,NA,NA,"ok","",NA,0.119999999878928
"s1-ri-a2-15-o-d-13:07","FS_default",3.10303195632717,3.10303195632717,0,0,"ok","",0,0.239999999990687
"s1-ri-a2-15-o-d-13:07","MSP",2.87035926686549,2.66017420997434,0.210185056891144,3,"ok","",NA,0.0100000000093132
"s1-ri-a2-15-o-d-13:07","endpoint",2.86497877645236,NA,NA,NA,"ok","",NA,0
"s1-ri-a2-16-o-d-13:20","goAquaFlux",2.83191953876947,2.66345950031256,0.168460038456914,2,"ok","",NA,0.170000000158325
"s1-ri-a2-16-o-d-13:20","goFlux_noSep",2.94396656795037,NA,NA,NA,"ok","",NA,0.0999999998603016
"s1-ri-a2-16-o-d-13:20","FS_default",NA,NA,0,0,"ok","no diffusive segment accepted by FS",0,0.21999999997206
"s1-ri-a2-16-o-d-13:20","MSP",2.90841304930918,2.79881221952154,0.109600829787636,1,"ok","",NA,0.0100000000093132
"s1-ri-a2-16-o-d-13:20","endpoint",2.75355623581677,NA,NA,NA,"ok","",NA,0
"s1-ri-p1-12-o-d-13:36","goAquaFlux",1.35615654350798,1.28164174904877,0.074514794459214,1,"ok","",NA,0.25
"s1-ri-p1-12-o-d-13:36","goFlux_noSep",0.952187739374957,NA,NA,NA,"ok","",NA,0.100000000093132
"s1-ri-p1-12-o-d-13:36","FS_default",0.503006512162519,0.503006512162519,0,0,"ok","",0,0.229999999981374
"s1-ri-p1-12-o-d-13:36","MSP",0.703545464440884,0.659240043419495,0.0443054210213886,3,"ok","",NA,0.0200000000186265
"s1-ri-p1-12-o-d-13:36","endpoint",0.613800554648379,NA,NA,NA,"ok","",NA,0
"s1-ri-p1-13-o-d-13:53","goAquaFlux",1.28869155672132,1.28869155672132,0,0,"ok","",NA,0.179999999934807
"s1-ri-p1-13-o-d-13:53","goFlux_noSep",1.28869155672132,NA,NA,NA,"ok","",NA,0.130000000121072
"s1-ri-p1-13-o-d-13:53","FS_default",0.977868242125163,0.977868242125163,0,0,"ok","",0,0.229999999981374
"s1-ri-p1-13-o-d-13:53","MSP",1.40286395193485,1.11640019545441,0.286463756480442,8,"ok","",NA,0.0200000000186265
"s1-ri-p1-13-o-d-13:53","endpoint",1.08635376508185,NA,NA,NA,"ok","",NA,0
"s1-ri-p1-14-o-d-14:05","goAquaFlux",0.652949329626564,0.652949329626564,0,0,"ok","",NA,0.299999999813735
"s1-ri-p1-14-o-d-14:05","goFlux_noSep",0.652949329626564,NA,NA,NA,"ok","",NA,0.110000000102445
"s1-ri-p1-14-o-d-14:05","FS_default",0.426251330062217,0.426251330062217,0,0,"ok","",0,0.239999999990687
"s1-ri-p1-14-o-d-14:05","MSP",0.865405551765909,0.805221371392867,0.0601841803730419,5,"ok","",NA,0.0300000000279397
"s1-ri-p1-14-o-d-14:05","endpoint",0.570732180432972,NA,NA,NA,"ok","",NA,0
"s1-ri-p1-15-o-d-14:30","goAquaFlux",0.675011253833842,0.675011253833842,0,0,"ok","",NA,0.179999999934807
"s1-ri-p1-15-o-d-14:30","goFlux_noSep",0.675011253833842,NA,NA,NA,"ok","",NA,0.130000000121072
"s1-ri-p1-15-o-d-14:30","FS_default",0.785978682884158,0.785978682884158,0,0,"ok","",0,0.229999999981374
"s1-ri-p1-15-o-d-14:30","MSP",0.670114250613596,0.53716025412021,0.132953996493386,4,"ok","",NA,0.0200000000186265
"s1-ri-p1-15-o-d-14:30","endpoint",0.660486811478275,NA,NA,NA,"ok","",NA,0
"s1-ri-p1-16-o-d-14:28","goAquaFlux",0.321418373627869,0.321418373627869,0,0,"ok","",NA,0.189999999944121
"s1-ri-p1-16-o-d-14:28","goFlux_noSep",0.321418373627869,NA,NA,NA,"ok","",NA,0.129999999888241
"s1-ri-p1-16-o-d-14:28","FS_default",0.548338368612998,0.548338368612998,0,0,"ok","",0,0.180000000167638
"s1-ri-p1-16-o-d-14:28","MSP",2.06760881520995,1.88628335803317,0.181325457176785,1,"ok","",NA,0.0200000000186265
"s1-ri-p1-16-o-d-14:28","endpoint",0.457856873562403,NA,NA,NA,"ok","",NA,0
"s1-ri-p1-17-o-d-14:43","goAquaFlux",2.02212482087527,2.02212482087527,0,0,"ok","Inf replaced by maximum positive value",NA,0.229999999981374
"s1-ri-p1-17-o-d-14:43","goFlux_noSep",2.02212482087527,NA,NA,NA,"ok","",NA,0.149999999906868
"s1-ri-p1-17-o-d-14:43","FS_default",2.35980436278795,2.35980436278795,0,0,"ok","",0,0.260000000009313
"s1-ri-p1-17-o-d-14:43","MSP",2.9688724326999,2.21205441166709,0.756818021032816,6,"ok","",NA,0.0200000000186265
"s1-ri-p1-17-o-d-14:43","endpoint",1.72130340364756,NA,NA,NA,"ok","",NA,0
"s1-ri-p1-18-o-d-14:40","goAquaFlux",0.536214553953916,0.110997683645888,0.425216870308028,3,"ok","",NA,0.25
"s1-ri-p1-18-o-d-14:40","goFlux_noSep",1.01316196099826,NA,NA,NA,"ok","",NA,0.119999999878928
"s1-ri-p1-18-o-d-14:40","FS_default",1.47304768210435,1.47304768210435,0,0,"ok","",0,0.239999999990687
"s1-ri-p1-18-o-d-14:40","MSP",NA,NA,0.812797889643238,6,"ok","no valid diffusive segment",NA,0
"s1-ri-p1-18-o-d-14:40","endpoint",0.974328709794393,NA,NA,NA,"ok","",NA,0
"s1-ri-p1-7-o-d-11:54","goAquaFlux",0.0177760594631506,0.0177760594631506,0,0,"ok","",NA,0.210000000195578
"s1-ri-p1-7-o-d-11:54","goFlux_noSep",0.0177760594631506,NA,NA,NA,"ok","",NA,0.159999999916181
"s1-ri-p1-7-o-d-11:54","FS_default",0.0210224853825472,0.0210224853825472,0,0,"ok","",0,0.21999999997206
"s1-ri-p1-7-o-d-11:54","MSP",0.0354763898616048,0.014986941381288,0.0204894484803168,21,"ok","",NA,0.0300000000279397
"s1-ri-p1-7-o-d-11:54","endpoint",0.0169876633255779,NA,NA,NA,"ok","",NA,0
"s1-ri-p1-8-o-d-12:14","goAquaFlux",0.0997282391843893,0.0997282391843893,0,0,"ok","",NA,0.169999999925494
"s1-ri-p1-8-o-d-12:14","goFlux_noSep",0.0997282391843893,NA,NA,NA,"ok","",NA,0.150000000139698
"s1-ri-p1-8-o-d-12:14","FS_default",0.106879118614983,0.106879118614983,0,0,"ok","",0,0.239999999990687
"s1-ri-p1-8-o-d-12:14","MSP",0.121560844494294,0.10872125123901,0.0128395932552843,6,"ok","",NA,0.0100000000093132
"s1-ri-p1-8-o-d-12:14","endpoint",0.0987319563097331,NA,NA,NA,"ok","",NA,0
"s1-ri-p1-9-o-d-12:35","goAquaFlux",0.024075804259952,0.024075804259952,0,0,"ok","",NA,0.289999999804422
"s1-ri-p1-9-o-d-12:35","goFlux_noSep",0.024075804259952,NA,NA,NA,"ok","",NA,0.140000000130385
"s1-ri-p1-9-o-d-12:35","FS_default",0.0156770746841366,0.0156770746841366,0,0,"ok","",0,0.270000000018626
"s1-ri-p1-9-o-d-12:35","MSP",0.363945199324126,0.0320640216245119,0.331881177699614,2,"ok","",NA,0.0300000000279397
"s1-ri-p1-9-o-d-12:35","endpoint",0.0260544719162727,NA,NA,NA,"ok","",NA,0
"s1-ri-r2-1-o-d-13:38","goAquaFlux",4.64968601400782,4.52739650373511,0.122289510272704,1,"ok","",NA,0.349999999860302
"s1-ri-r2-1-o-d-13:38","goFlux_noSep",4.96746268546891,NA,NA,NA,"ok","",NA,0.21999999997206
"s1-ri-r2-1-o-d-13:38","FS_default",5.402664885599,5.402664885599,0,0,"ok","",0,0.28000000002794
"s1-ri-r2-1-o-d-13:38","MSP",4.57154318787597,3.99669453031907,0.574848657556905,7,"ok","",NA,0.0200000000186265
"s1-ri-r2-1-o-d-13:38","endpoint",4.63827850646633,NA,NA,NA,"ok","",NA,0
"s1-ri-r2-2-o-d-13:52","goAquaFlux",1.60681030589004,1.18449925068822,0.422311055201826,1,"ok","",NA,0.189999999944121
"s1-ri-r2-2-o-d-13:52","goFlux_noSep",5.05047423534093,NA,NA,NA,"ok","",NA,0.090000000083819
"s1-ri-r2-2-o-d-13:52","FS_default",3.09055777311625,3.09055777311625,0,0,"ok","",0,0.310000000055879
"s1-ri-r2-2-o-d-13:52","MSP",4.01595483068271,3.79004957370142,0.225905256981292,3,"ok","",NA,0.0200000000186265
"s1-ri-r2-2-o-d-13:52","endpoint",3.69905312515052,NA,NA,NA,"ok","",NA,0
"s1-ri-r2-3-o-d-14:05","goAquaFlux",7.57361485819856,7.53555810826398,0.0380567499345835,1,"ok","",NA,0.199999999953434
"s1-ri-r2-3-o-d-14:05","goFlux_noSep",6.98902408935882,NA,NA,NA,"ok","",NA,0.169999999925494
"s1-ri-r2-3-o-d-14:05","FS_default",5.5240187012081,5.5240187012081,0,0,"ok","",0,0.320000000065193
"s1-ri-r2-3-o-d-14:05","MSP",5.00579699853572,4.3235071587189,0.682289839816821,10,"ok","",NA,0.0300000000279397
"s1-ri-r2-3-o-d-14:05","endpoint",5.44551357231352,NA,NA,NA,"ok","",NA,0
"s1-va-a2-1-o-d-09:02","goAquaFlux",0.111319907492669,0.0877354527323288,0.0235844547603399,1,"ok","",NA,0.369999999878928
"s1-va-a2-1-o-d-09:02","goFlux_noSep",1.04638761170794,NA,NA,NA,"ok","",NA,0.160000000149012
"s1-va-a2-1-o-d-09:02","FS_default",0.528700459476124,0.528700459476124,0,0,"ok","",0,0.260000000009313
"s1-va-a2-1-o-d-09:02","MSP",0.996829407542307,0.8999322163494,0.0968971911929065,7,"ok","",NA,0.0200000000186265
"s1-va-a2-1-o-d-09:02","endpoint",0.629820398908659,NA,NA,NA,"ok","",NA,0
"s1-va-a2-10-o-d-11:57","goAquaFlux",1.25291051928722,1.25291051928722,0,0,"ok","",NA,0.169999999925494
"s1-va-a2-10-o-d-11:57","goFlux_noSep",1.25291051928722,NA,NA,NA,"ok","",NA,0.139999999897555
"s1-va-a2-10-o-d-11:57","FS_default",NA,NA,0,0,"ok","no diffusive segment accepted by FS",0,0.209999999962747
"s1-va-a2-10-o-d-11:57","MSP",0.795582662298088,0.664657381368905,0.130925280929183,4,"ok","",NA,0.0100000000093132
"s1-va-a2-10-o-d-11:57","endpoint",0.607255640370182,NA,NA,NA,"ok","",NA,0
"s1-va-a2-13-o-d-13:03","goAquaFlux",-0.261269535128262,-0.373321510845801,0.112051975717539,1,"ok","",NA,0.310000000055879
"s1-va-a2-13-o-d-13:03","goFlux_noSep",0.269524173799431,NA,NA,NA,"ok","",NA,0.189999999944121
"s1-va-a2-13-o-d-13:03","FS_default",0.208898977820963,0.208898977820963,0,0,"ok","",0,0.300000000046566
"s1-va-a2-13-o-d-13:03","MSP",2.5856350871129,2.35517836280643,0.230456724306477,3,"ok","",NA,0
"s1-va-a2-13-o-d-13:03","endpoint",0.303793722135073,NA,NA,NA,"ok","",NA,0
"s1-va-a2-2-o-d-09:17","goAquaFlux",NA,NA,0.3520221656404,2,"ok","",NA,0.140000000130385
"s1-va-a2-2-o-d-09:17","goFlux_noSep",2.8240516942001,NA,NA,NA,"ok","",NA,0.109999999869615
"s1-va-a2-2-o-d-09:17","FS_default",1.74862037520104,1.74862037520104,0,0,"ok","",0,0.360000000102445
"s1-va-a2-2-o-d-09:17","MSP",4.04270829278489,3.44154369511446,0.60116459767043,5,"ok","",NA,0.0100000000093132
"s1-va-a2-2-o-d-09:17","endpoint",2.54506476646511,NA,NA,NA,"ok","",NA,0
"s1-va-a2-5-o-d-10:19","goAquaFlux",0.631888806627638,0.631888806627638,0,0,"ok","",NA,0.189999999944121
"s1-va-a2-5-o-d-10:19","goFlux_noSep",0.631888806627638,NA,NA,NA,"ok","",NA,0.139999999897555
"s1-va-a2-5-o-d-10:19","FS_default",0.280140986750228,0.280140986750228,0,0,"ok","",0,0.360000000102445
"s1-va-a2-5-o-d-10:19","MSP",0.432629061524758,0.357926148777978,0.0747029127467801,12,"ok","",NA,0.0300000000279397
"s1-va-a2-5-o-d-10:19","endpoint",0.363778795380096,NA,NA,NA,"ok","",NA,0
"s1-va-a2-6-o-d-10:35","goAquaFlux",0.194302395773461,0.194302395773461,0,0,"ok","",NA,0.21999999997206
"s1-va-a2-6-o-d-10:35","goFlux_noSep",0.194302395773461,NA,NA,NA,"ok","",NA,0.129999999888241
"s1-va-a2-6-o-d-10:35","FS_default",NA,NA,0,0,"ok","no diffusive segment accepted by FS",0,0.400000000139698
"s1-va-a2-6-o-d-10:35","MSP",0.30532667199909,0.294770282794037,0.0105563892050534,1,"ok","",NA,0.0200000000186265
"s1-va-a2-6-o-d-10:35","endpoint",-0.0768618390493159,NA,NA,NA,"ok","",NA,0
"s1-va-a2-9-o-d-11:44","goAquaFlux",1.29848745975499,1.29848745975499,0,0,"ok","",NA,0.169999999925494
"s1-va-a2-9-o-d-11:44","goFlux_noSep",1.29848745975499,NA,NA,NA,"ok","",NA,0.129999999888241
"s1-va-a2-9-o-d-11:44","FS_default",0.595446718897167,0.595446718897167,0,0,"ok","",0,0.200000000186265
"s1-va-a2-9-o-d-11:44","MSP",0.833233571541558,0.735454149618275,0.0977794219232828,5,"ok","",NA,0.0100000000093132
"s1-va-a2-9-o-d-11:44","endpoint",0.759763498677761,NA,NA,NA,"ok","",NA,0
"s2-ca-a1-1-o-d-08:47","goAquaFlux",NA,NA,0.0143199841006897,1,"ok","",NA,0.0699999998323619
"s2-ca-a1-1-o-d-08:47","goFlux_noSep",0.644376013101309,NA,NA,NA,"ok","",NA,0.140000000130385
"s2-ca-a1-1-o-d-08:47","FS_default",0.650392592753137,0.650392592753137,0,0,"ok","",0,0.329999999841675
"s2-ca-a1-1-o-d-08:47","MSP",10.056579842486,0.742616920421919,9.31396292206409,3,"ok","",NA,0.0300000000279397
"s2-ca-a1-1-o-d-08:47","endpoint",-0.153070557384436,NA,NA,NA,"ok","",NA,0
"s2-ca-a1-11-o-d-11:58","goAquaFlux",NA,NA,0.0178553638399766,1,"ok","",NA,0.090000000083819
"s2-ca-a1-11-o-d-11:58","goFlux_noSep",0.108652071728664,NA,NA,NA,"ok","",NA,0.110000000102445
"s2-ca-a1-11-o-d-11:58","FS_default",0.0857284755421141,0.0857284755421141,0,0,"ok","",0,0.299999999813735
"s2-ca-a1-11-o-d-11:58","MSP",0.135392216379386,0.12404580561458,0.0113464107648063,4,"ok","",NA,0.0100000000093132
"s2-ca-a1-11-o-d-11:58","endpoint",0.129108542521057,NA,NA,NA,"ok","",NA,0
"s2-ca-a1-14-o-d-12:56","goAquaFlux",0.0243230641000712,0.0243230641000712,0,0,"ok","",NA,0.130000000121072
"s2-ca-a1-14-o-d-12:56","goFlux_noSep",0.0243230641000712,NA,NA,NA,"ok","",NA,0.109999999869615
"s2-ca-a1-14-o-d-12:56","FS_default",0.0161429494736828,0.0161429494736828,0,0,"ok","",0,0.310000000055879
"s2-ca-a1-14-o-d-12:56","MSP",0.0290508063206739,0.0176002629532631,0.0114505433674108,10,"ok","",NA,0.0200000000186265
"s2-ca-a1-14-o-d-12:56","endpoint",0.0179724022952384,NA,NA,NA,"ok","",NA,0
"s2-ca-a1-2-o-d-08:59","goAquaFlux",0.144788662575108,0.144788662575108,0,0,"ok","",NA,0.199999999953434
"s2-ca-a1-2-o-d-08:59","goFlux_noSep",0.144788662575108,NA,NA,NA,"ok","",NA,0.110000000102445
"s2-ca-a1-2-o-d-08:59","FS_default",0.0973495112476745,0.0973495112476745,0,0,"ok","",0,0.28000000002794
"s2-ca-a1-2-o-d-08:59","MSP",0.102900372199527,0.0856164266597547,0.0172839455397726,3,"ok","",NA,0
"s2-ca-a1-2-o-d-08:59","endpoint",0.108389863314909,NA,NA,NA,"ok","",NA,0
"s2-ca-a2-13-o-d-11:34","goAquaFlux",0.144507537274525,0.144507537274525,0,0,"ok","",NA,0.199999999953434
"s2-ca-a2-13-o-d-11:34","goFlux_noSep",0.144507537274525,NA,NA,NA,"ok","",NA,0.109999999869615
"s2-ca-a2-13-o-d-11:34","FS_default",0.10953898365664,0.10953898365664,0,0,"ok","",0,0.239999999990687
"s2-ca-a2-13-o-d-11:34","MSP",0.10563591225612,0.0907207207493784,0.0149151915067412,6,"ok","",NA,0.0300000000279397
"s2-ca-a2-13-o-d-11:34","endpoint",0.121104304392874,NA,NA,NA,"ok","",NA,0
"s2-ca-a2-14-o-d-11:49","goAquaFlux",0.155673034412802,0.155673034412802,0,0,"ok","",NA,0.25
"s2-ca-a2-14-o-d-11:49","goFlux_noSep",0.155673034412802,NA,NA,NA,"ok","",NA,0.260000000009313
"s2-ca-a2-14-o-d-11:49","FS_default",0.146528277374341,0.146528277374341,0,0,"ok","",0,0.330000000074506
"s2-ca-a2-14-o-d-11:49","MSP",0.168628824239815,0.143834523560121,0.0247943006796944,9,"ok","",NA,0.0300000000279397
"s2-ca-a2-14-o-d-11:49","endpoint",0.161894116798664,NA,NA,NA,"ok","",NA,0
"s2-ca-a2-15-o-d-12:10","goAquaFlux",NA,NA,0.249344768922883,1,"ok","",NA,0.139999999897555
"s2-ca-a2-15-o-d-12:10","goFlux_noSep",8.48924268820186,NA,NA,NA,"ok","",NA,0.100000000093132
"s2-ca-a2-15-o-d-12:10","FS_default",4.6190062322911,4.6190062322911,0,0,"ok","",0,0.25
"s2-ca-a2-15-o-d-12:10","MSP",4.74734916765066,4.39033151310431,0.357017654546343,3,"ok","",NA,0.0300000000279397
"s2-ca-a2-15-o-d-12:10","endpoint",5.30804031187193,NA,NA,NA,"ok","",NA,0
"s2-ca-p1-10-o-d-12:22","goAquaFlux",0.0170598490935399,0.0170598490935399,0,0,"ok","",NA,0.25
"s2-ca-p1-10-o-d-12:22","goFlux_noSep",0.0170598490935399,NA,NA,NA,"ok","",NA,0.179999999934807
"s2-ca-p1-10-o-d-12:22","FS_default",0.0122229088595413,0.0122229088595413,0,0,"ok","series regularized",0,0.260000000009313
"s2-ca-p1-10-o-d-12:22","MSP",NA,NA,0.0743413117689373,17,"ok","no valid diffusive segment | series regularized",NA,0.0800000000745058
"s2-ca-p1-10-o-d-12:22","endpoint",0.0193738938840214,NA,NA,NA,"ok","",NA,0
"s2-ca-p1-12-o-d-12:58","goAquaFlux",0.452408563106292,0.452408563106292,0,0,"ok","",NA,0.169999999925494
"s2-ca-p1-12-o-d-12:58","goFlux_noSep",0.452408563106292,NA,NA,NA,"ok","",NA,0.090000000083819
"s2-ca-p1-12-o-d-12:58","FS_default",0.286641355440945,0.286641355440945,0,0,"ok","series regularized",0,0.199999999953434
"s2-ca-p1-12-o-d-12:58","MSP",0.525408286315039,0.325580865355874,0.199827420959164,6,"ok","series regularized",NA,0.0200000000186265
"s2-ca-p1-12-o-d-12:58","endpoint",0.317510438509385,NA,NA,NA,"ok","",NA,0
"s2-ca-p1-13-o-d-13:07","goAquaFlux",0.301699123196665,0.301699123196665,0,0,"ok","",NA,0.25
"s2-ca-p1-13-o-d-13:07","goFlux_noSep",0.301699123196665,NA,NA,NA,"ok","",NA,0.159999999916181
"s2-ca-p1-13-o-d-13:07","FS_default",0.17590124027065,0.17590124027065,0,0,"ok","series regularized",0,0.320000000065193
"s2-ca-p1-13-o-d-13:07","MSP",0.238134441537741,0.162671898373326,0.0754625431644157,14,"ok","series regularized",NA,0.0300000000279397
"s2-ca-p1-13-o-d-13:07","endpoint",0.196159718784815,NA,NA,NA,"ok","",NA,0
"s2-ca-p1-14-o-d-13:25","goAquaFlux",0.277570617267666,0.277570617267666,0,0,"ok","",NA,0.149999999906868
"s2-ca-p1-14-o-d-13:25","goFlux_noSep",0.277570617267666,NA,NA,NA,"ok","",NA,0.120000000111759
"s2-ca-p1-14-o-d-13:25","FS_default",NA,NA,0,0,"ok","no diffusive segment accepted by FS | series regularized",0,0.269999999785796
"s2-ca-p1-14-o-d-13:25","MSP",0.441050240417552,0.257421065002281,0.183629175415271,5,"ok","series regularized",NA,0.0100000000093132
"s2-ca-p1-14-o-d-13:25","endpoint",0.290772214297363,NA,NA,NA,"ok","",NA,0
"s2-ca-p1-15-o-d-13:35","goAquaFlux",0.135638069357478,0.135638069357478,0,0,"ok","",NA,0.200000000186265
"s2-ca-p1-15-o-d-13:35","goFlux_noSep",0.135638069357478,NA,NA,NA,"ok","",NA,0.189999999944121
"s2-ca-p1-15-o-d-13:35","FS_default",0.156654819935109,0.156654819935109,0,0,"ok","series regularized",0,0.310000000055879
"s2-ca-p1-15-o-d-13:35","MSP",0.288987907458145,0.188241643671517,0.100746263786628,3,"ok","series regularized",NA,0.0200000000186265
"s2-ca-p1-15-o-d-13:35","endpoint",0.163091882804883,NA,NA,NA,"ok","",NA,0
"s2-ca-p1-9-o-d-12:12","goAquaFlux",0.0449441217270835,0.0449441217270835,0,0,"ok","",NA,0.169999999925494
"s2-ca-p1-9-o-d-12:12","goFlux_noSep",0.0449441217270835,NA,NA,NA,"ok","",NA,0.0800000000745058
"s2-ca-p1-9-o-d-12:12","FS_default",0.0307670272888448,0.0307670272888448,0,0,"ok","series regularized",0,0.299999999813735
"s2-ca-p1-9-o-d-12:12","MSP",NA,NA,0.128528809883511,9,"ok","no valid diffusive segment | series regularized",NA,0.0100000000093132
"s2-ca-p1-9-o-d-12:12","endpoint",0.0237004555953254,NA,NA,NA,"ok","",NA,0
"s2-ca-r1-1-o-d-09:05","goAquaFlux",0.2699424967771,0.2699424967771,0,0,"ok","",NA,0.300000000046566
"s2-ca-r1-1-o-d-09:05","goFlux_noSep",0.2699424967771,NA,NA,NA,"ok","",NA,0.140000000130385
"s2-ca-r1-1-o-d-09:05","FS_default",0.261689145142061,0.261689145142061,0,0,"ok","",0,0.310000000055879
"s2-ca-r1-1-o-d-09:05","MSP",0.227468670772702,0.195520718982322,0.0319479517903794,8,"ok","",NA,0.0300000000279397
"s2-ca-r1-1-o-d-09:05","endpoint",0.225258057264702,NA,NA,NA,"ok","",NA,0
"s2-ca-r1-10-o-d-11:26","goAquaFlux",0.230941700758143,0.230941700758143,0,0,"ok","",NA,0.110000000102445
"s2-ca-r1-10-o-d-11:26","goFlux_noSep",0.230941700758143,NA,NA,NA,"ok","",NA,0.119999999878928
"s2-ca-r1-10-o-d-11:26","FS_default",NA,NA,0,0,"ok","no diffusive segment accepted by FS",0,0.239999999990687
"s2-ca-r1-10-o-d-11:26","MSP",0.204508972650286,0.154112362248558,0.0503966104017281,4,"ok","",NA,0.0100000000093132
"s2-ca-r1-10-o-d-11:26","endpoint",0.175364215962983,NA,NA,NA,"ok","",NA,0
"s2-ca-r1-11-o-d-11:38","goAquaFlux",0.246254649021658,0.217409307849031,0.0288453411726268,1,"ok","",NA,0.290000000037253
"s2-ca-r1-11-o-d-11:38","goFlux_noSep",0.220382054402714,NA,NA,NA,"ok","",NA,0.120000000111759
"s2-ca-r1-11-o-d-11:38","FS_default",0.172454735733814,0.172454735733814,0,0,"ok","",0,0.230000000214204
"s2-ca-r1-11-o-d-11:38","MSP",0.434311716417107,0.167862393853987,0.266449322563119,7,"ok","",NA,0.0199999997857958
"s2-ca-r1-11-o-d-11:38","endpoint",0.192944937796755,NA,NA,NA,"ok","",NA,0
"s2-ca-r1-15-o-d-12:33","goAquaFlux",0.144279843924567,0.144279843924567,0,0,"ok","",NA,0.150000000139698
"s2-ca-r1-15-o-d-12:33","goFlux_noSep",0.144279843924567,NA,NA,NA,"ok","",NA,0.139999999897555
"s2-ca-r1-15-o-d-12:33","FS_default",NA,NA,0,0,"ok","diffusive_flux: [38;5;255m[36mℹ[38;5;255m In argument: `.data$term == ""time""`.[39m
[1mCaused by error in `.data$term`:[22m
[38;5;255m[33m![38;5;255m Column `term` not found in `.data`.[39m | no diffusive segment accepted by FS",0,0.28000000002794
"s2-ca-r1-15-o-d-12:33","MSP",0.160334005368457,0.10580918021936,0.0545248251490966,7,"ok","",NA,0.0200000000186265
"s2-ca-r1-15-o-d-12:33","endpoint",0.124396962749257,NA,NA,NA,"ok","",NA,0
"s2-ca-r1-2-o-d-09:23","goAquaFlux",0.192724277681254,0.192724277681254,0,0,"ok","",NA,0.120000000111759
"s2-ca-r1-2-o-d-09:23","goFlux_noSep",0.192724277681254,NA,NA,NA,"ok","",NA,0.129999999888241
"s2-ca-r1-2-o-d-09:23","FS_default",0.17974936106442,0.17974936106442,0,0,"ok","",0,0.199999999953434
"s2-ca-r1-2-o-d-09:23","MSP",0.249345714930061,0.183131100363038,0.0662146145670235,6,"ok","",NA,0.0200000000186265
"s2-ca-r1-2-o-d-09:23","endpoint",0.171524761471156,NA,NA,NA,"ok","",NA,0
"s2-ca-r1-5-o-d-10:06","goAquaFlux",0.165513999215273,0.165513999215273,0,0,"ok","",NA,0.170000000158325
"s2-ca-r1-5-o-d-10:06","goFlux_noSep",0.165513999215273,NA,NA,NA,"ok","",NA,0.129999999888241
"s2-ca-r1-5-o-d-10:06","FS_default",0.142464454709368,0.142464454709368,0,0,"ok","",0,0.209999999962747
"s2-ca-r1-5-o-d-10:06","MSP",0.15438266491557,0.12548591457817,0.0288967503373992,7,"ok","",NA,0.0200000000186265
"s2-ca-r1-5-o-d-10:06","endpoint",0.154538260710496,NA,NA,NA,"ok","",NA,0
"s2-ca-r1-6-o-d-10:20","goAquaFlux",-2.05577174204384,-2.05577174204384,0,0,"ok","",NA,0.159999999916181
"s2-ca-r1-6-o-d-10:20","goFlux_noSep",-2.05577174204384,NA,NA,NA,"ok","",NA,0.0700000000651926
"s2-ca-r1-6-o-d-10:20","FS_default",-1.04591839728868,-1.04591839728868,0,0,"ok","",0,0.21999999997206
"s2-ca-r1-6-o-d-10:20","MSP",5.25515229347894,3.61227440305565,1.6428778904233,3,"ok","",NA,0.0200000000186265
"s2-ca-r1-6-o-d-10:20","endpoint",0.143247780569942,NA,NA,NA,"ok","",NA,0
"s2-cu-a1-1-o-d-08:17","goAquaFlux",200.342370617383,198.332552848578,2.00981776880506,1,"ok","",NA,0.189999999944121
"s2-cu-a1-1-o-d-08:17","goFlux_noSep",205.238964653767,NA,NA,NA,"ok","",NA,0.120000000111759
"s2-cu-a1-1-o-d-08:17","FS_default",171.656253109736,171.656253109736,0,0,"ok","",0,0.21999999997206
"s2-cu-a1-1-o-d-08:17","MSP",173.055533604927,156.761675867782,16.293857737145,3,"ok","",NA,0
"s2-cu-a1-1-o-d-08:17","endpoint",168.768268843291,NA,NA,NA,"ok","",NA,0
"s2-cu-a1-10-o-d-10:09","goAquaFlux",1.16799600792995,1.16799600792995,0,0,"ok","",NA,0.139999999897555
"s2-cu-a1-10-o-d-10:09","goFlux_noSep",1.16799600792995,NA,NA,NA,"ok","",NA,0.110000000102445
"s2-cu-a1-10-o-d-10:09","FS_default",NA,NA,0,0,"ok","no diffusive segment accepted by FS",0,0.209999999962747
"s2-cu-a1-10-o-d-10:09","MSP",1.09649801173156,0.941894499858761,0.154603511872802,3,"ok","",NA,0
"s2-cu-a1-10-o-d-10:09","endpoint",1.03014801466999,NA,NA,NA,"ok","",NA,0
"s2-cu-a1-11-o-d-10:16","goAquaFlux",NA,NA,0.034590294796989,2,"ok","",NA,0.110000000102445
"s2-cu-a1-11-o-d-10:16","goFlux_noSep",1.21029911933431,NA,NA,NA,"ok","",NA,0.129999999888241
"s2-cu-a1-11-o-d-10:16","FS_default",1.06157319026961,1.06157319026961,0,0,"ok","",0,0.21999999997206
"s2-cu-a1-11-o-d-10:16","MSP",1.59250888627913,1.32219663708419,0.270312249194938,11,"ok","",NA,0.0100000000093132
"s2-cu-a1-11-o-d-10:16","endpoint",1.08275033263733,NA,NA,NA,"ok","",NA,0
"s2-cu-a1-12-o-d-10:31","goAquaFlux",1.67030193317279,1.67030193317279,0,0,"ok","",NA,0.190000000176951
"s2-cu-a1-12-o-d-10:31","goFlux_noSep",1.67030193317279,NA,NA,NA,"ok","",NA,0.129999999888241
"s2-cu-a1-12-o-d-10:31","FS_default",NA,NA,0,0,"ok","no diffusive segment accepted by FS",0,0.260000000009313
"s2-cu-a1-12-o-d-10:31","MSP",1.54230737825976,0.839402764933996,0.702904613325759,6,"ok","",NA,0
"s2-cu-a1-12-o-d-10:31","endpoint",1.08145534085818,NA,NA,NA,"ok","",NA,0
"s2-cu-a1-13-o-d-10:34","goAquaFlux",0.474649299553412,0.474649299553412,0,0,"ok","",NA,0.300000000046566
"s2-cu-a1-13-o-d-10:34","goFlux_noSep",0.474649299553412,NA,NA,NA,"ok","",NA,0.119999999878928
"s2-cu-a1-13-o-d-10:34","FS_default",2.10701583503809,2.10701583503809,0,0,"ok","",0,0.21999999997206
"s2-cu-a1-13-o-d-10:34","MSP",2.43560488113963,2.35941350217405,0.0761913789655731,3,"ok","",NA,0.0300000000279397
"s2-cu-a1-13-o-d-10:34","endpoint",0.743593256375426,NA,NA,NA,"ok","",NA,0
"s2-cu-a1-14-o-d-10:48","goAquaFlux",NA,NA,0.284191376676896,2,"ok","",NA,0.0500000000465661
"s2-cu-a1-14-o-d-10:48","goFlux_noSep",2.38131649009057,NA,NA,NA,"ok","",NA,0.140000000130385
"s2-cu-a1-14-o-d-10:48","FS_default",NA,NA,0,0,"ok","no diffusive segment accepted by FS",0,0.269999999785796
"s2-cu-a1-14-o-d-10:48","MSP",3.26631097794147,2.75144609965478,0.514864878286688,4,"ok","",NA,0
"s2-cu-a1-14-o-d-10:48","endpoint",2.3839905597193,NA,NA,NA,"ok","",NA,0
"s2-cu-a1-3-o-d-08:50","goAquaFlux",48.498224032013,46.0954875741346,2.40273645787846,1,"ok","",NA,0.210000000195578
"s2-cu-a1-3-o-d-08:50","goFlux_noSep",45.2760926714004,NA,NA,NA,"ok","",NA,0.0999999998603016
"s2-cu-a1-3-o-d-08:50","FS_default",NA,NA,0,0,"ok","no diffusive segment accepted by FS",0,0.28000000002794
"s2-cu-a1-3-o-d-08:50","MSP",46.1494328941069,36.6457933546289,9.50363953947797,5,"ok","",NA,0.0300000000279397
"s2-cu-a1-3-o-d-08:50","endpoint",39.0298381115887,NA,NA,NA,"ok","",NA,0
"s2-cu-a1-5-o-d-09:12","goAquaFlux",10.5610284044607,10.5610284044607,0,0,"ok","",NA,0.169999999925494
"s2-cu-a1-5-o-d-09:12","goFlux_noSep",10.5610284044607,NA,NA,NA,"ok","",NA,0.120000000111759
"s2-cu-a1-5-o-d-09:12","FS_default",NA,NA,0,0,"ok","no diffusive segment accepted by FS",0,0.359999999869615
"s2-cu-a1-5-o-d-09:12","MSP",12.1645565392722,10.3830347726617,1.78152176661049,4,"ok","",NA,0
"s2-cu-a1-5-o-d-09:12","endpoint",10.1679346524752,NA,NA,NA,"ok","",NA,0
"s2-cu-a1-6-o-d-09:23","goAquaFlux",1.69171058256313,1.5757218110436,0.115988771519529,2,"ok","",NA,0.340000000083819
"s2-cu-a1-6-o-d-09:23","goFlux_noSep",1.85780085915922,NA,NA,NA,"ok","",NA,0.139999999897555
"s2-cu-a1-6-o-d-09:23","FS_default",1.88663362607179,1.88663362607179,0,0,"ok","",0,0.28000000002794
"s2-cu-a1-6-o-d-09:23","MSP",3.37649947186005,1.3559688421996,2.02053062966046,14,"ok","",NA,0.0500000000465661
"s2-cu-a1-6-o-d-09:23","endpoint",1.71697546413153,NA,NA,NA,"ok","",NA,0
"s2-cu-a1-7-o-d-09:37","goAquaFlux",1.76000217858318,1.58101257492656,0.178989603656613,1,"ok","",NA,0.270000000018626
"s2-cu-a1-7-o-d-09:37","goFlux_noSep",1.27948150035922,NA,NA,NA,"ok","",NA,0.119999999878928
"s2-cu-a1-7-o-d-09:37","FS_default",NA,NA,0,0,"ok","no diffusive segment accepted by FS",0,0.28000000002794
"s2-cu-a1-7-o-d-09:37","MSP",1.70340934163235,1.1528819496793,0.550527391953056,3,"ok","",NA,0.0200000000186265
"s2-cu-a1-7-o-d-09:37","endpoint",1.2173348146711,NA,NA,NA,"ok","",NA,0
"s2-cu-a1-8-o-d-09:52","goAquaFlux",0.865483306253774,0.865483306253774,0,0,"ok","",NA,0.21999999997206
"s2-cu-a1-8-o-d-09:52","goFlux_noSep",0.865483306253774,NA,NA,NA,"ok","",NA,0.170000000158325
"s2-cu-a1-8-o-d-09:52","FS_default",NA,NA,0,0,"ok","no diffusive segment accepted by FS",0,0.419999999925494
"s2-cu-a1-8-o-d-09:52","MSP",1.29236665903424,0.778735625500576,0.513631033533662,11,"ok","",NA,0.0200000000186265
"s2-cu-a1-8-o-d-09:52","endpoint",0.878381178705755,NA,NA,NA,"ok","",NA,0
"s2-cu-a1-9-o-d-10:00","goAquaFlux",0.79377129780901,0.79377129780901,0,0,"ok","",NA,0.199999999953434
"s2-cu-a1-9-o-d-10:00","goFlux_noSep",0.79377129780901,NA,NA,NA,"ok","",NA,0.169999999925494
"s2-cu-a1-9-o-d-10:00","FS_default",NA,NA,0,0,"ok","no diffusive segment accepted by FS",0,0.290000000037253
"s2-cu-a1-9-o-d-10:00","MSP",1.28298685789254,1.01739874355302,0.265588114339516,4,"ok","",NA,0.0200000000186265
"s2-cu-a1-9-o-d-10:00","endpoint",0.842878977814261,NA,NA,NA,"ok","",NA,0
"s2-cu-a2-10-o-d-10:22","goAquaFlux",129.35356361327,19.1588975715854,110.194666041685,1,"ok","",NA,0.199999999953434
"s2-cu-a2-10-o-d-10:22","goFlux_noSep",64.3179207493055,NA,NA,NA,"ok","",NA,0.110000000102445
"s2-cu-a2-10-o-d-10:22","FS_default",NA,NA,140.025994198686,1,"ok","diffusive_flux: [38;5;255m[36mℹ[38;5;255m In argument: `.data$term == ""time""`.[39m
[1mCaused by error in `.data$term`:[22m
[38;5;255m[33m![38;5;255m Column `term` not found in `.data`.[39m | no diffusive segment accepted by FS",0,0.419999999925494
"s2-cu-a2-10-o-d-10:22","MSP",NA,NA,250.013197959247,1,"ok","no valid diffusive segment",NA,0
"s2-cu-a2-10-o-d-10:22","endpoint",119.120509659194,NA,NA,NA,"ok","",NA,0
"s2-cu-a2-11-o-d-10:30","goAquaFlux",12.4733515515139,12.4733515515139,0,0,"ok","",NA,0.25
"s2-cu-a2-11-o-d-10:30","goFlux_noSep",12.4733515515139,NA,NA,NA,"ok","",NA,0.090000000083819
"s2-cu-a2-11-o-d-10:30","FS_default",NA,NA,0,0,"ok","no diffusive segment accepted by FS",0,0.239999999990687
"s2-cu-a2-11-o-d-10:30","MSP",10.4843634821345,9.78385450842811,0.700508973706349,1,"ok","",NA,0
"s2-cu-a2-11-o-d-10:30","endpoint",8.88876860402722,NA,NA,NA,"ok","",NA,0
"s2-cu-a2-12-o-d-10:40","goAquaFlux",438.220991581744,431.686490817478,6.53450076426584,1,"ok","",NA,0.389999999897555
"s2-cu-a2-12-o-d-10:40","goFlux_noSep",217.586167277533,NA,NA,NA,"ok","",NA,0.120000000111759
"s2-cu-a2-12-o-d-10:40","FS_default",NA,NA,204.061231585543,2,"ok","diffusive_flux: [38;5;255m[36mℹ[38;5;255m In argument: `.data$term == ""time""`.[39m
[1mCaused by error in `.data$term`:[22m
[38;5;255m[33m![38;5;255m Column `term` not found in `.data`.[39m | no diffusive segment accepted by FS",0,0.28000000002794
"s2-cu-a2-12-o-d-10:40","MSP",NA,NA,11506.8685838692,2,"ok","no valid diffusive segment",NA,0.0200000000186265
"s2-cu-a2-12-o-d-10:40","endpoint",192.606447377706,NA,NA,NA,"ok","",NA,0
"s2-cu-a2-13-o-d-10:54","goAquaFlux",76.8116389549766,4.46233025130008,72.3493087036765,1,"ok","",NA,0.169999999925494
"s2-cu-a2-13-o-d-10:54","goFlux_noSep",105.137935178013,NA,NA,NA,"ok","",NA,0.109999999869615
"s2-cu-a2-13-o-d-10:54","FS_default",NA,NA,78.8551871345721,1,"ok","diffusive_flux: [38;5;255m[36mℹ[38;5;255m In argument: `.data$term == ""time""`.[39m
[1mCaused by error in `.data$term`:[22m
[38;5;255m[33m![38;5;255m Column `term` not found in `.data`.[39m | no diffusive segment accepted by FS",0,0.410000000149012
"s2-cu-a2-13-o-d-10:54","MSP",NA,NA,53.734420888169,1,"ok","no valid diffusive segment",NA,0.0100000000093132
"s2-cu-a2-13-o-d-10:54","endpoint",81.3252470878961,NA,NA,NA,"ok","",NA,0
"s2-cu-a2-14-o-d-11:03","goAquaFlux",6.59035306911377,6.59035306911377,0,0,"ok","",NA,0.189999999944121
"s2-cu-a2-14-o-d-11:03","goFlux_noSep",6.59035306911377,NA,NA,NA,"ok","",NA,0.090000000083819
"s2-cu-a2-14-o-d-11:03","FS_default",NA,NA,0,0,"ok","no diffusive segment accepted by FS",0,0.229999999981374
"s2-cu-a2-14-o-d-11:03","MSP",5.83296426109032,4.72021931854348,1.11274494254685,4,"ok","",NA,0.0200000000186265
"s2-cu-a2-14-o-d-11:03","endpoint",4.27325902292955,NA,NA,NA,"ok","",NA,0
"s2-cu-a2-15-o-d-11:11","goAquaFlux",1.71156185887768,1.71156185887768,0,0,"ok","",NA,0.169999999925494
"s2-cu-a2-15-o-d-11:11","goFlux_noSep",1.71156185887768,NA,NA,NA,"ok","",NA,0.129999999888241
"s2-cu-a2-15-o-d-11:11","FS_default",NA,NA,0,0,"ok","no diffusive segment accepted by FS",0,0.25
"s2-cu-a2-15-o-d-11:11","MSP",1.81486540956764,1.37782927692741,0.437036132640227,5,"ok","",NA,0.0100000000093132
"s2-cu-a2-15-o-d-11:11","endpoint",1.62551171083205,NA,NA,NA,"ok","",NA,0
"s2-cu-a2-4-o-d-09:13","goAquaFlux",NA,NA,0.176258699293933,1,"ok","",NA,0.130000000121072
"s2-cu-a2-4-o-d-09:13","goFlux_noSep",1.53685110880067,NA,NA,NA,"ok","",NA,0.149999999906868
"s2-cu-a2-4-o-d-09:13","FS_default",0.682178913938175,0.682178913938175,0,0,"ok","",0,0.270000000018626
"s2-cu-a2-4-o-d-09:13","MSP",1.56018281775124,1.43116714036846,0.129015677382776,5,"ok","",NA,0.0100000000093132
"s2-cu-a2-4-o-d-09:13","endpoint",1.03513136955397,NA,NA,NA,"ok","",NA,0
"s2-cu-a2-5-o-d-09:34","goAquaFlux",6.00813101286701,6.00813101286701,0,0,"ok","",NA,0.159999999916181
"s2-cu-a2-5-o-d-09:34","goFlux_noSep",6.00813101286701,NA,NA,NA,"ok","",NA,0.150000000139698
"s2-cu-a2-5-o-d-09:34","FS_default",NA,NA,0,0,"ok","no diffusive segment accepted by FS",0,0.28000000002794
"s2-cu-a2-5-o-d-09:34","MSP",7.2444128991183,4.85632053869892,2.38809236041938,5,"ok","",NA,0.0200000000186265
"s2-cu-a2-5-o-d-09:34","endpoint",4.73873584391783,NA,NA,NA,"ok","",NA,0
"s2-cu-a2-6-o-d-09:42","goAquaFlux",5.26538792727415,5.26538792727415,0,0,"ok","",NA,0.229999999981374
"s2-cu-a2-6-o-d-09:42","goFlux_noSep",5.26538792727415,NA,NA,NA,"ok","",NA,0.0999999998603016
"s2-cu-a2-6-o-d-09:42","FS_default",NA,NA,0,0,"ok","no diffusive segment accepted by FS",0,0.260000000009313
"s2-cu-a2-6-o-d-09:42","MSP",8.40994258565859,7.58364757932332,0.826295006335271,2,"ok","",NA,0.0200000000186265
"s2-cu-a2-6-o-d-09:42","endpoint",5.81295119670526,NA,NA,NA,"ok","",NA,0
"s2-cu-a2-7-o-d-09:50","goAquaFlux",2.05617457898535,2.02919892440968,0.02697565457567,1,"ok","",NA,0.21999999997206
"s2-cu-a2-7-o-d-09:50","goFlux_noSep",1.91810606382142,NA,NA,NA,"ok","",NA,0.110000000102445
"s2-cu-a2-7-o-d-09:50","FS_default",1.38139960909965,1.38139960909965,0,0,"ok","",0,0.25
"s2-cu-a2-7-o-d-09:50","MSP",1.3536206767684,1.14826605205519,0.205354624713216,7,"ok","",NA,0.0100000000093132
"s2-cu-a2-7-o-d-09:50","endpoint",1.58356289685635,NA,NA,NA,"ok","",NA,0
"s2-cu-a2-8-o-d-10:04","goAquaFlux",1.83832935943169,1.83832935943169,0,0,"ok","",NA,0.209999999962747
"s2-cu-a2-8-o-d-10:04","goFlux_noSep",1.83832935943169,NA,NA,NA,"ok","",NA,0.109999999869615
"s2-cu-a2-8-o-d-10:04","FS_default",NA,NA,0,0,"ok","no diffusive segment accepted by FS",0,0.290000000037253
"s2-cu-a2-8-o-d-10:04","MSP",2.31275827132711,1.71588167643707,0.596876594890044,3,"ok","",NA,0
"s2-cu-a2-8-o-d-10:04","endpoint",1.02365345136806,NA,NA,NA,"ok","",NA,0
"s2-cu-a2-9-o-d-10:13","goAquaFlux",4.18742161997355,3.69884680524528,0.488574814728277,1,"ok","",NA,0.170000000158325
"s2-cu-a2-9-o-d-10:13","goFlux_noSep",5.20607251504365,NA,NA,NA,"ok","",NA,0.159999999916181
"s2-cu-a2-9-o-d-10:13","FS_default",NA,NA,0,0,"ok","no diffusive segment accepted by FS",0,0.300000000046566
"s2-cu-a2-9-o-d-10:13","MSP",7.44122958630797,6.65219513753746,0.789034448770513,5,"ok","",NA,0.0100000000093132
"s2-cu-a2-9-o-d-10:13","endpoint",5.13342911787864,NA,NA,NA,"ok","",NA,0
"s2-cu-p1-1-o-d-07:38","goAquaFlux",0.167868682681722,0.121372234031242,0.0464964486504806,1,"ok","",NA,0.359999999869615
"s2-cu-p1-1-o-d-07:38","goFlux_noSep",0.106509766648194,NA,NA,NA,"ok","",NA,0.239999999990687
"s2-cu-p1-1-o-d-07:38","FS_default",0.107743673644815,0.107743673644815,0,0,"ok","",0,0.229999999981374
"s2-cu-p1-1-o-d-07:38","MSP",0.744186748760709,0.351488153974176,0.392698594786533,8,"ok","",NA,0.0300000000279397
"s2-cu-p1-1-o-d-07:38","endpoint",0.129713458253493,NA,NA,NA,"ok","",NA,0
"s2-cu-p1-10-o-d-09:29","goAquaFlux",1.72813424013861,1.72813424013861,0,0,"ok","",NA,0.160000000149012
"s2-cu-p1-10-o-d-09:29","goFlux_noSep",1.72813424013861,NA,NA,NA,"ok","",NA,0.119999999878928
"s2-cu-p1-10-o-d-09:29","FS_default",0.926432684139945,0.926432684139945,0,0,"ok","",0,0.239999999990687
"s2-cu-p1-10-o-d-09:29","MSP",0.949263113130156,0.808302264125531,0.140960849004625,7,"ok","",NA,0.0300000000279397
"s2-cu-p1-10-o-d-09:29","endpoint",0.98097583089549,NA,NA,NA,"ok","",NA,0
"s2-cu-p1-12-o-d-10:03","goAquaFlux",1.51830548315131,0.76144974610558,0.756855737045728,2,"ok","",NA,0.300000000046566
"s2-cu-p1-12-o-d-10:03","goFlux_noSep",1.186508366109,NA,NA,NA,"ok","",NA,0.139999999897555
"s2-cu-p1-12-o-d-10:03","FS_default",3.27165627852433,3.27165627852433,0,0,"ok","",0,0.25
"s2-cu-p1-12-o-d-10:03","MSP",1.40063050875626,0.826126355137493,0.574504153618765,2,"ok","",NA,0.0100000000093132
"s2-cu-p1-12-o-d-10:03","endpoint",1.34802208915073,NA,NA,NA,"ok","",NA,0
"s2-cu-p1-13-o-d-10:11","goAquaFlux",0.842742452951644,0.842742452951644,0,0,"ok","",NA,0.160000000149012
"s2-cu-p1-13-o-d-10:11","goFlux_noSep",0.842742452951644,NA,NA,NA,"ok","",NA,0.189999999944121
"s2-cu-p1-13-o-d-10:11","FS_default",0.488614909135453,0.488614909135453,0,0,"ok","",0,0.290000000037253
"s2-cu-p1-13-o-d-10:11","MSP",1.03932612028238,0.770593485886174,0.26873263439621,6,"ok","",NA,0
"s2-cu-p1-13-o-d-10:11","endpoint",0.582839907683148,NA,NA,NA,"ok","",NA,0
"s2-cu-p1-14-o-d-10:20","goAquaFlux",1.10185067766927,1.10185067766927,0,0,"ok","",NA,0.179999999934807
"s2-cu-p1-14-o-d-10:20","goFlux_noSep",1.10185067766927,NA,NA,NA,"ok","",NA,0.120000000111759
"s2-cu-p1-14-o-d-10:20","FS_default",NA,NA,0,0,"ok","no diffusive segment accepted by FS",0,0.299999999813735
"s2-cu-p1-14-o-d-10:20","MSP",1.09358596155937,0.713426140109011,0.380159821450362,7,"ok","",NA,0.0100000000093132
"s2-cu-p1-14-o-d-10:20","endpoint",0.625058040397483,NA,NA,NA,"ok","",NA,0
"s2-cu-p1-15-o-d-10:28","goAquaFlux",1.5871097874435,1.5871097874435,0,0,"ok","",NA,0.160000000149012
"s2-cu-p1-15-o-d-10:28","goFlux_noSep",1.5871097874435,NA,NA,NA,"ok","",NA,0.159999999916181
"s2-cu-p1-15-o-d-10:28","FS_default",NA,NA,0,0,"ok","no diffusive segment accepted by FS",0,0.290000000037253
"s2-cu-p1-15-o-d-10:28","MSP",1.15650636580584,0.805391502082269,0.351114863723569,4,"ok","",NA,0.0200000000186265
"s2-cu-p1-15-o-d-10:28","endpoint",0.922405886109148,NA,NA,NA,"ok","",NA,0
"s2-cu-p1-3-o-d-08:05","goAquaFlux",0.0754282913465249,-0.0082497654267001,0.083678056773225,1,"ok","",NA,0.199999999953434
"s2-cu-p1-3-o-d-08:05","goFlux_noSep",0.0955412542384565,NA,NA,NA,"ok","",NA,0.169999999925494
"s2-cu-p1-3-o-d-08:05","FS_default",NA,NA,0,0,"ok","no diffusive segment accepted by FS",0,0.209999999962747
"s2-cu-p1-3-o-d-08:05","MSP",0.599250759288479,0.241395300661266,0.357855458627214,5,"ok","",NA,0
"s2-cu-p1-3-o-d-08:05","endpoint",0.0502133931979901,NA,NA,NA,"ok","",NA,0
"s2-cu-p1-4-o-d-08:16","goAquaFlux",0.435047331473563,0.403491830323696,0.0315555011498668,1,"ok","",NA,0.310000000055879
"s2-cu-p1-4-o-d-08:16","goFlux_noSep",0.410643169050733,NA,NA,NA,"ok","",NA,0.189999999944121
"s2-cu-p1-4-o-d-08:16","FS_default",0.487592324356858,0.487592324356858,0,0,"ok","",0,0.25
"s2-cu-p1-4-o-d-08:16","MSP",1.47827579298339,1.00740142164728,0.470874371336103,7,"ok","",NA,0.0300000000279397
"s2-cu-p1-4-o-d-08:16","endpoint",0.393351780793937,NA,NA,NA,"ok","",NA,0
"s2-cu-p1-5-o-d-08:30","goAquaFlux",0.674998506996549,0.509623741149027,0.165374765847522,2,"ok","",NA,0.25
"s2-cu-p1-5-o-d-08:30","goFlux_noSep",0.545388438692354,NA,NA,NA,"ok","",NA,0.110000000102445
"s2-cu-p1-5-o-d-08:30","FS_default",NA,NA,0,0,"ok","no diffusive segment accepted by FS",0,0.310000000055879
"s2-cu-p1-5-o-d-08:30","MSP",2.25068991196854,1.09658183498358,1.15410807698496,4,"ok","",NA,0.0399999998044223
"s2-cu-p1-5-o-d-08:30","endpoint",0.604830993036345,NA,NA,NA,"ok","",NA,0
"s2-cu-p1-7-o-d-08:54","goAquaFlux",1.78197664061268,1.49043233467454,0.291544305938144,2,"ok","",NA,0.310000000055879
"s2-cu-p1-7-o-d-08:54","goFlux_noSep",0.0125545146507624,NA,NA,NA,"ok","",NA,0.150000000139698
"s2-cu-p1-7-o-d-08:54","FS_default",-0.908898141244124,-0.908898141244124,0,0,"ok","",0,0.270000000018626
"s2-cu-p1-7-o-d-08:54","MSP",2.02968952112053,1.66416086039119,0.365528660729343,4,"ok","",NA,0.0199999997857958
"s2-cu-p1-7-o-d-08:54","endpoint",-0.424530843115837,NA,NA,NA,"ok","",NA,0
"s2-cu-p1-8-o-d-09:10","goAquaFlux",1.57110894610092,1.57110894610092,0,0,"ok","",NA,0.200000000186265
"s2-cu-p1-8-o-d-09:10","goFlux_noSep",1.57110894610092,NA,NA,NA,"ok","",NA,0.159999999916181
"s2-cu-p1-8-o-d-09:10","FS_default",NA,NA,0,0,"ok","no diffusive segment accepted by FS",0,0.290000000037253
"s2-cu-p1-8-o-d-09:10","MSP",1.45662734756676,1.13820724685746,0.318420100709299,3,"ok","",NA,0
"s2-cu-p1-8-o-d-09:10","endpoint",1.41715209980861,NA,NA,NA,"ok","",NA,0
"s2-cu-p1-9-o-d-09:19","goAquaFlux",1.02581699072307,1.02581699072307,0,0,"ok","",NA,0.139999999897555
"s2-cu-p1-9-o-d-09:19","goFlux_noSep",1.02581699072307,NA,NA,NA,"ok","",NA,0.130000000121072
"s2-cu-p1-9-o-d-09:19","FS_default",NA,NA,0,0,"ok","no diffusive segment accepted by FS",0,0.28000000002794
"s2-cu-p1-9-o-d-09:19","MSP",1.10301731007017,0.812485819362353,0.290531490707813,4,"ok","",NA,0.0100000000093132
"s2-cu-p1-9-o-d-09:19","endpoint",0.812127014777254,NA,NA,NA,"ok","",NA,0
"s2-cu-p2-10-o-d-10:52","goAquaFlux",5.28013840815462,5.28013840815462,0,0,"ok","",NA,0.189999999944121
"s2-cu-p2-10-o-d-10:52","goFlux_noSep",5.28013840815462,NA,NA,NA,"ok","",NA,0.139999999897555
"s2-cu-p2-10-o-d-10:52","FS_default",NA,NA,0,0,"ok","diffusive_flux: [38;5;255m[36mℹ[38;5;255m In argument: `.data$term == ""time""`.[39m
[1mCaused by error in `.data$term`:[22m
[38;5;255m[33m![38;5;255m Column `term` not found in `.data`.[39m | no diffusive segment accepted by FS",0,0.400000000139698
"s2-cu-p2-10-o-d-10:52","MSP",5.303106801841,4.13793097668562,1.16517582515537,5,"ok","",NA,0.0200000000186265
"s2-cu-p2-10-o-d-10:52","endpoint",2.78594794084953,NA,NA,NA,"ok","",NA,0
"s2-cu-p2-11-o-d-11:08","goAquaFlux",2.12648483673621,1.92290670407808,0.203578132658131,1,"ok","",NA,0.269999999785796
"s2-cu-p2-11-o-d-11:08","goFlux_noSep",1.91411464797933,NA,NA,NA,"ok","",NA,0.170000000158325
"s2-cu-p2-11-o-d-11:08","FS_default",NA,NA,0,0,"ok","diffusive_flux: [38;5;255m[36mℹ[38;5;255m In argument: `.data$term == ""time""`.[39m
[1mCaused by error in `.data$term`:[22m
[38;5;255m[33m![38;5;255m Column `term` not found in `.data`.[39m | no diffusive segment accepted by FS",0,0.389999999897555
"s2-cu-p2-11-o-d-11:08","MSP",2.88938307850902,2.03822303756051,0.851160040948508,4,"ok","",NA,0.0200000000186265
"s2-cu-p2-11-o-d-11:08","endpoint",1.68350709221179,NA,NA,NA,"ok","",NA,0
"s2-cu-p2-12-o-d-11:15","goAquaFlux",2.4465688044231,1.6129603415614,0.833608462861703,2,"ok","",NA,0.229999999981374
"s2-cu-p2-12-o-d-11:15","goFlux_noSep",4.02991842551881,NA,NA,NA,"ok","",NA,0.189999999944121
"s2-cu-p2-12-o-d-11:15","FS_default",4.16644885463289,4.16644885463289,0,0,"ok","",0,0.270000000018626
"s2-cu-p2-12-o-d-11:15","MSP",6.8461377732354,4.93695392443771,1.90918384879769,5,"ok","",NA,0.0100000000093132
"s2-cu-p2-12-o-d-11:15","endpoint",3.72992559545672,NA,NA,NA,"ok","",NA,0
"s2-cu-p2-13-o-d-11:23","goAquaFlux",2.08200003674711,1.98012750434627,0.101872532400838,1,"ok","",NA,0.170000000158325
"s2-cu-p2-13-o-d-11:23","goFlux_noSep",2.09663516140189,NA,NA,NA,"ok","",NA,0.209999999962747
"s2-cu-p2-13-o-d-11:23","FS_default",NA,NA,0,0,"ok","no diffusive segment accepted by FS",0,0.25
"s2-cu-p2-13-o-d-11:23","MSP",5.44862227963916,1.73947446601969,3.70914781361947,6,"ok","",NA,0.0100000000093132
"s2-cu-p2-13-o-d-11:23","endpoint",1.88572776701908,NA,NA,NA,"ok","",NA,0
"s2-cu-p2-14-o-d-11:31","goAquaFlux",5.35098565368998,5.10699700790974,0.243988645780244,1,"ok","",NA,0.25
"s2-cu-p2-14-o-d-11:31","goFlux_noSep",4.57485393504113,NA,NA,NA,"ok","",NA,0.139999999897555
"s2-cu-p2-14-o-d-11:31","FS_default",NA,NA,0,0,"ok","no diffusive segment accepted by FS",0,0.290000000037253
"s2-cu-p2-14-o-d-11:31","MSP",3.986960879214,3.15629103664471,0.830669842569291,5,"ok","",NA,0.0100000000093132
"s2-cu-p2-14-o-d-11:31","endpoint",3.34272153319377,NA,NA,NA,"ok","",NA,0
"s2-cu-p2-15-o-d-11:39","goAquaFlux",-1.40640376378025,-1.40640376378025,0,0,"ok","",NA,0.189999999944121
"s2-cu-p2-15-o-d-11:39","goFlux_noSep",-1.40640376378025,NA,NA,NA,"ok","",NA,0.140000000130385
"s2-cu-p2-15-o-d-11:39","FS_default",2.17995443112469,2.17995443112469,0,0,"ok","",0,0.28000000002794
"s2-cu-p2-15-o-d-11:39","MSP",18.9330486889734,2.76494052239194,16.1681081665815,2,"ok","",NA,0
"s2-cu-p2-15-o-d-11:39","endpoint",-7.63770016607584,NA,NA,NA,"ok","",NA,0
"s2-cu-p2-4-o-d-09:21","goAquaFlux",5.19394974549585,5.12818391727669,0.0657658282191667,2,"ok","",NA,0.419999999925494
"s2-cu-p2-4-o-d-09:21","goFlux_noSep",2.36952266865589,NA,NA,NA,"ok","",NA,0.109999999869615
"s2-cu-p2-4-o-d-09:21","FS_default",1.33098919779021,1.33098919779021,0,0,"ok","",0,0.330000000074506
"s2-cu-p2-4-o-d-09:21","MSP",2.17629174300605,1.995459760929,0.180831982077059,5,"ok","",NA,0.0300000000279397
"s2-cu-p2-4-o-d-09:21","endpoint",1.80023405984457,NA,NA,NA,"ok","",NA,0
"s2-cu-p2-5-o-d-09:36","goAquaFlux",2.13819551861505,2.13819551861505,0,0,"ok","",NA,0.159999999916181
"s2-cu-p2-5-o-d-09:36","goFlux_noSep",2.13819551861505,NA,NA,NA,"ok","",NA,0.0800000000745058
"s2-cu-p2-5-o-d-09:36","FS_default",NA,NA,0,0,"ok","no diffusive segment accepted by FS",0,0.260000000009313
"s2-cu-p2-5-o-d-09:36","MSP",3.26375244956911,2.71772610944281,0.546026340126298,5,"ok","",NA,0.0300000000279397
"s2-cu-p2-5-o-d-09:36","endpoint",2.19302842220746,NA,NA,NA,"ok","",NA,0
"s2-cu-p2-6-o-d-09:45","goAquaFlux",NA,NA,0.222791180845193,4,"ok","",NA,0.270000000018626
"s2-cu-p2-6-o-d-09:45","goFlux_noSep",2.97708963578566,NA,NA,NA,"ok","",NA,0.119999999878928
"s2-cu-p2-6-o-d-09:45","FS_default",1.28069902247707,1.28069902247707,0,0,"ok","",0,0.270000000018626
"s2-cu-p2-6-o-d-09:45","MSP",1.63987803729242,1.44519351037086,0.194684526921559,6,"ok","",NA,0.0500000000465661
"s2-cu-p2-6-o-d-09:45","endpoint",1.64941940664841,NA,NA,NA,"ok","",NA,0
"s2-cu-p2-7-o-d-10:03","goAquaFlux",2.13934966361196,2.13934966361196,0,0,"ok","",NA,0.209999999962747
"s2-cu-p2-7-o-d-10:03","goFlux_noSep",2.13934966361196,NA,NA,NA,"ok","",NA,0.179999999934807
"s2-cu-p2-7-o-d-10:03","FS_default",2.1739033453544,2.1739033453544,0,0,"ok","",0,0.28000000002794
"s2-cu-p2-7-o-d-10:03","MSP",2.37776393536708,2.06575718586823,0.31200674949885,5,"ok","",NA,0.0100000000093132
"s2-cu-p2-7-o-d-10:03","endpoint",2.06369779003405,NA,NA,NA,"ok","",NA,0
"s2-cu-p2-8-o-d-10:13","goAquaFlux",2.91318256649687,2.91318256649687,0,0,"ok","",NA,0.239999999990687
"s2-cu-p2-8-o-d-10:13","goFlux_noSep",2.91318256649687,NA,NA,NA,"ok","",NA,0.150000000139698
"s2-cu-p2-8-o-d-10:13","FS_default",2.49120046812378,2.49120046812378,0,0,"ok","",0,0.300000000046566
"s2-cu-p2-8-o-d-10:13","MSP",3.30630380633365,2.75501631782675,0.551287488506902,5,"ok","",NA,0
"s2-cu-p2-8-o-d-10:13","endpoint",2.697548381275,NA,NA,NA,"ok","",NA,0
"s2-cu-p2-9-o-d-10:45","goAquaFlux",3.33450263466591,3.33450263466591,0,0,"ok","",NA,0.129999999888241
"s2-cu-p2-9-o-d-10:45","goFlux_noSep",3.33450263466591,NA,NA,NA,"ok","",NA,0.120000000111759
"s2-cu-p2-9-o-d-10:45","FS_default",NA,NA,0,0,"ok","diffusive_flux: [38;5;255m[36mℹ[38;5;255m In argument: `.data$term == ""time""`.[39m
[1mCaused by error in `.data$term`:[22m
[38;5;255m[33m![38;5;255m Column `term` not found in `.data`.[39m | no diffusive segment accepted by FS",0,0.379999999888241
"s2-cu-p2-9-o-d-10:45","MSP",2.78909792742513,2.26003390585985,0.529064021565287,3,"ok","",NA,0.0100000000093132
"s2-cu-p2-9-o-d-10:45","endpoint",2.30591080896654,NA,NA,NA,"ok","",NA,0
"s2-cu-r1-10-o-d-10:23","goAquaFlux",2.72166977098742,2.49534125271054,0.226328518276882,1,"ok","",NA,0.310000000055879
"s2-cu-r1-10-o-d-10:23","goFlux_noSep",1.38471253228642,NA,NA,NA,"ok","",NA,0.0999999998603016
"s2-cu-r1-10-o-d-10:23","FS_default",0.500281856591518,0.500281856591518,0,0,"ok","",0,0.239999999990687
"s2-cu-r1-10-o-d-10:23","MSP",4.24260481001472,3.13100170420111,1.11160310581361,3,"ok","",NA,0.0100000000093132
"s2-cu-r1-10-o-d-10:23","endpoint",1.28907553909828,NA,NA,NA,"ok","",NA,0
"s2-cu-r1-11-o-d-10:41","goAquaFlux",1.60491593382954,1.26544472493813,0.339471208891406,1,"ok","",NA,0.190000000176951
"s2-cu-r1-11-o-d-10:41","goFlux_noSep",1.92513453492675,NA,NA,NA,"ok","",NA,0.169999999925494
"s2-cu-r1-11-o-d-10:41","FS_default",-2.32744090412651,-2.32744090412651,0,0,"ok","",0,0.25
"s2-cu-r1-11-o-d-10:41","MSP",2.81172691373611,2.70195870178784,0.109768211948271,1,"ok","",NA,0
"s2-cu-r1-11-o-d-10:41","endpoint",1.08962296286395,NA,NA,NA,"ok","",NA,0
"s2-cu-r1-12-o-d-10:52","goAquaFlux",2.76782846797515,2.76782846797515,0,0,"ok","",NA,0.139999999897555
"s2-cu-r1-12-o-d-10:52","goFlux_noSep",2.76782846797515,NA,NA,NA,"ok","",NA,0.140000000130385
"s2-cu-r1-12-o-d-10:52","FS_default",2.25521069076858,2.25521069076858,0,0,"ok","",0,0.25
"s2-cu-r1-12-o-d-10:52","MSP",2.05710968478762,1.58999100890598,0.467118675881639,4,"ok","",NA,0.0300000000279397
"s2-cu-r1-12-o-d-10:52","endpoint",2.43986408391665,NA,NA,NA,"ok","",NA,0
"s2-cu-r1-6-o-d-09:14","goAquaFlux",27.1207779982482,26.9434556846235,0.177322313624669,1,"ok","",NA,0.329999999841675
"s2-cu-r1-6-o-d-09:14","goFlux_noSep",11.5924438596618,NA,NA,NA,"ok","",NA,0.110000000102445
"s2-cu-r1-6-o-d-09:14","FS_default",9.50074610994206,9.50074610994206,0,0,"ok","",0,0.25
"s2-cu-r1-6-o-d-09:14","MSP",9.34173530254006,7.95624364522596,1.3854916573141,7,"ok","",NA,0.0300000000279397
"s2-cu-r1-6-o-d-09:14","endpoint",11.5206943179696,NA,NA,NA,"ok","",NA,0
"s2-cu-r1-7-o-d-09:31","goAquaFlux",7.22743351060452,7.22743351060452,0,0,"ok","",NA,0.169999999925494
"s2-cu-r1-7-o-d-09:31","goFlux_noSep",7.22743351060452,NA,NA,NA,"ok","",NA,0.169999999925494
"s2-cu-r1-7-o-d-09:31","FS_default",NA,NA,0,0,"ok","no diffusive segment accepted by FS",0,0.270000000018626
"s2-cu-r1-7-o-d-09:31","MSP",7.06224333244995,6.03392266701667,1.02832066543328,3,"ok","",NA,0
"s2-cu-r1-7-o-d-09:31","endpoint",7.27239269108747,NA,NA,NA,"ok","",NA,0
"s2-cu-r1-9-o-d-10:03","goAquaFlux",5.11133809967954,5.11133809967954,0,0,"ok","",NA,0.189999999944121
"s2-cu-r1-9-o-d-10:03","goFlux_noSep",5.11133809967954,NA,NA,NA,"ok","",NA,0.110000000102445
"s2-cu-r1-9-o-d-10:03","FS_default",3.2631829001384,3.2631829001384,0,0,"ok","",0,0.260000000009313
"s2-cu-r1-9-o-d-10:03","MSP",3.74040617361936,3.51606408733371,0.224342086285651,4,"ok","",NA,0.0300000000279397
"s2-cu-r1-9-o-d-10:03","endpoint",3.31804916063569,NA,NA,NA,"ok","",NA,0
"s2-cu-r2-10-o-d-11:10","goAquaFlux",0.0274136962592547,0.0274136962592547,0,0,"ok","",NA,0.209999999962747
"s2-cu-r2-10-o-d-11:10","goFlux_noSep",0.0274136962592547,NA,NA,NA,"ok","",NA,0.139999999897555
"s2-cu-r2-10-o-d-11:10","FS_default",NA,NA,0,0,"ok","diffusive_flux: [38;5;255m[36mℹ[38;5;255m In argument: `.data$term == ""time""`.[39m
[1mCaused by error in `.data$term`:[22m
[38;5;255m[33m![38;5;255m Column `term` not found in `.data`.[39m | no diffusive segment accepted by FS",0,0.310000000055879
"s2-cu-r2-10-o-d-11:10","MSP",0.242479747190072,0.112464647900035,0.130015099290037,4,"ok","",NA,0
"s2-cu-r2-10-o-d-11:10","endpoint",0.00510962616418957,NA,NA,NA,"ok","",NA,0
"s2-cu-r2-11-o-d-11:23","goAquaFlux",-0.00550234638755024,-0.00550234638755024,0,0,"ok","",NA,0.320000000065193
"s2-cu-r2-11-o-d-11:23","goFlux_noSep",-0.00550234638755024,NA,NA,NA,"ok","",NA,0.119999999878928
"s2-cu-r2-11-o-d-11:23","FS_default",-0.0253862470455685,-0.0253862470455685,0,0,"ok","",0,0.300000000046566
"s2-cu-r2-11-o-d-11:23","MSP",NA,NA,0.399616700879137,7,"ok","no valid diffusive segment",NA,0.0300000000279397
"s2-cu-r2-11-o-d-11:23","endpoint",-0.085116334709625,NA,NA,NA,"ok","",NA,0
"s2-cu-r2-12-o-d-11:37","goAquaFlux",0.078258961720371,0.078258961720371,0,0,"ok","",NA,0.360000000102445
"s2-cu-r2-12-o-d-11:37","goFlux_noSep",0.078258961720371,NA,NA,NA,"ok","",NA,0.119999999878928
"s2-cu-r2-12-o-d-11:37","FS_default",0.037350593683586,0.037350593683586,0,0,"ok","",0,0.300000000046566
"s2-cu-r2-12-o-d-11:37","MSP",NA,NA,0.399742249071393,6,"ok","no valid diffusive segment",NA,0.0300000000279397
"s2-cu-r2-12-o-d-11:37","endpoint",0.0451621358137709,NA,NA,NA,"ok","",NA,0
"s2-cu-r2-13-o-d-11:45","goAquaFlux",3.13932179353771,3.13932179353771,0,0,"ok","",NA,0.21999999997206
"s2-cu-r2-13-o-d-11:45","goFlux_noSep",3.13932179353771,NA,NA,NA,"ok","",NA,0.169999999925494
"s2-cu-r2-13-o-d-11:45","FS_default",2.96370573373626,2.96370573373626,0,0,"ok","",0,0.28000000002794
"s2-cu-r2-13-o-d-11:45","MSP",4.43228445469457,3.19339206948489,1.23889238520968,8,"ok","",NA,0.0400000000372529
"s2-cu-r2-13-o-d-11:45","endpoint",2.69102561858683,NA,NA,NA,"ok","",NA,0
"s2-cu-r2-14-o-d-11:55","goAquaFlux",0.983572501863595,0.901716925499423,0.081855576364172,1,"ok","",NA,0.25
"s2-cu-r2-14-o-d-11:55","goFlux_noSep",1.20435708356396,NA,NA,NA,"ok","",NA,0.199999999953434
"s2-cu-r2-14-o-d-11:55","FS_default",1.40699499107173,1.40699499107173,0,0,"ok","",0,0.300000000046566
"s2-cu-r2-14-o-d-11:55","MSP",1.28839225463768,0.948834264976708,0.339557989660968,8,"ok","",NA,0.0500000000465661
"s2-cu-r2-14-o-d-11:55","endpoint",1.19634201094599,NA,NA,NA,"ok","",NA,0
"s2-cu-r2-15-o-d-12:10","goAquaFlux",5.12219754712609,5.12219754712609,0,0,"ok","",NA,0.169999999925494
"s2-cu-r2-15-o-d-12:10","goFlux_noSep",5.12219754712609,NA,NA,NA,"ok","",NA,0.159999999916181
"s2-cu-r2-15-o-d-12:10","FS_default",NA,NA,0,0,"ok","no diffusive segment accepted by FS",0,0.360000000102445
"s2-cu-r2-15-o-d-12:10","MSP",10.6584582804144,8.05149854367546,2.60695973673898,3,"ok","",NA,0.0300000000279397
"s2-cu-r2-15-o-d-12:10","endpoint",5.47816100999901,NA,NA,NA,"ok","",NA,0
"s2-cu-r2-16-o-d-12:17","goAquaFlux",2.66594188275565,2.66594188275565,0,0,"ok","",NA,0.25
"s2-cu-r2-16-o-d-12:17","goFlux_noSep",2.66594188275565,NA,NA,NA,"ok","",NA,0.169999999925494
"s2-cu-r2-16-o-d-12:17","FS_default",NA,NA,0,0,"ok","no diffusive segment accepted by FS",0,0.28000000002794
"s2-cu-r2-16-o-d-12:17","MSP",NA,NA,0.953565264096793,4,"ok","no valid diffusive segment",NA,0.0200000000186265
"s2-cu-r2-16-o-d-12:17","endpoint",2.2215106767099,NA,NA,NA,"ok","",NA,0
"s2-cu-r2-7-o-d-10:10","goAquaFlux",1.33231223571667,1.23380602265983,0.09850621305684,5,"ok","",NA,0.479999999981374
"s2-cu-r2-7-o-d-10:10","goFlux_noSep",0.977872936890875,NA,NA,NA,"ok","",NA,0.090000000083819
"s2-cu-r2-7-o-d-10:10","FS_default",0.809932965977282,0.809932965977282,0,0,"ok","",0,0.209999999962747
"s2-cu-r2-7-o-d-10:10","MSP",0.808300656856469,0.601058038727727,0.207242618128743,15,"ok","",NA,0.0400000000372529
"s2-cu-r2-7-o-d-10:10","endpoint",0.826074550163344,NA,NA,NA,"ok","",NA,0
"s2-cu-r2-8-o-d-10:33","goAquaFlux",8.10591118350378,7.30190429983987,0.804006883663914,3,"ok","",NA,0.429999999934807
"s2-cu-r2-8-o-d-10:33","goFlux_noSep",19.1525883474636,NA,NA,NA,"ok","",NA,0.290000000037253
"s2-cu-r2-8-o-d-10:33","FS_default",19.1761150891292,19.1761150891292,0,0,"ok","",0,0.25
"s2-cu-r2-8-o-d-10:33","MSP",17.3359650158218,15.659073439131,1.67689157669079,7,"ok","",NA,0.0300000000279397
"s2-cu-r2-8-o-d-10:33","endpoint",18.2566824410928,NA,NA,NA,"ok","",NA,0
"s2-cu-r2-9-o-d-11:00","goAquaFlux",0.0178821760054966,0.0178821760054966,0,0,"ok","",NA,0.129999999888241
"s2-cu-r2-9-o-d-11:00","goFlux_noSep",0.0178821760054966,NA,NA,NA,"ok","",NA,0.140000000130385
"s2-cu-r2-9-o-d-11:00","FS_default",NA,NA,0,0,"ok","no diffusive segment accepted by FS",0,0.21999999997206
"s2-cu-r2-9-o-d-11:00","MSP",0.37616710109499,0.161939753434173,0.214227347660817,6,"ok","",NA,0
"s2-cu-r2-9-o-d-11:00","endpoint",0.00752481999532002,NA,NA,NA,"ok","",NA,0
"s2-da-a1-1-o-d-08:17","goAquaFlux",0.00424041905446737,0.00424041905446737,0,0,"ok","",NA,0.28000000002794
"s2-da-a1-1-o-d-08:17","goFlux_noSep",0.00424041905446737,NA,NA,NA,"ok","",NA,0.189999999944121
"s2-da-a1-1-o-d-08:17","FS_default",0.00536521990274574,0.00536521990274574,0,0,"ok","",0,0.290000000037253
"s2-da-a1-1-o-d-08:17","MSP",0.016607098186628,0.0110694331325986,0.00553766505402942,10,"ok","",NA,0.0699999998323619
"s2-da-a1-1-o-d-08:17","endpoint",0.00396470733621918,NA,NA,NA,"ok","",NA,0
"s2-da-a1-2-o-d-08:33","goAquaFlux",0.0498412722240189,0.0498412722240189,0,0,"ok","",NA,0.150000000139698
"s2-da-a1-2-o-d-08:33","goFlux_noSep",0.0498412722240189,NA,NA,NA,"ok","",NA,0.0999999998603016
"s2-da-a1-2-o-d-08:33","FS_default",0.0255184723452681,0.0255184723452681,0,0,"ok","",0,0.21999999997206
"s2-da-a1-2-o-d-08:33","MSP",0.0365947468191028,0.028107279210463,0.00848746760863976,4,"ok","",NA,0.0100000000093132
"s2-da-a1-2-o-d-08:33","endpoint",0.0286254604730589,NA,NA,NA,"ok","",NA,0
"s2-da-a1-3-o-d-08:43","goAquaFlux",0.0191518097127996,0.0191518097127996,0,0,"ok","",NA,0.239999999990687
"s2-da-a1-3-o-d-08:43","goFlux_noSep",0.0191518097127996,NA,NA,NA,"ok","",NA,0.140000000130385
"s2-da-a1-3-o-d-08:43","FS_default",0.0202545639782327,0.0202545639782327,0,0,"ok","",0,0.349999999860302
"s2-da-a1-3-o-d-08:43","MSP",0.0377448144681507,0.0198860720240313,0.0178587424441194,11,"ok","",NA,0.0300000000279397
"s2-da-a1-3-o-d-08:43","endpoint",0.0188279925420822,NA,NA,NA,"ok","",NA,0
"s2-da-a2-1-o-d-07:32","goAquaFlux",1.34321092519159,1.28583978577749,0.0573711394140982,1,"ok","",NA,0.260000000009313
"s2-da-a2-1-o-d-07:32","goFlux_noSep",0.838954584762353,NA,NA,NA,"ok","",NA,0.209999999962747
"s2-da-a2-1-o-d-07:32","FS_default",0.753374405601099,0.753374405601099,0,0,"ok","",0,0.260000000009313
"s2-da-a2-1-o-d-07:32","MSP",0.785605727075948,0.749134994550105,0.0364707325258434,4,"ok","",NA,0.0300000000279397
"s2-da-a2-1-o-d-07:32","endpoint",0.826237636661953,NA,NA,NA,"ok","",NA,0
"s2-da-a2-10-o-d-09:31","goAquaFlux",0.466066252989157,0.466066252989157,0,0,"ok","",NA,0.130000000121072
"s2-da-a2-10-o-d-09:31","goFlux_noSep",0.466066252989157,NA,NA,NA,"ok","",NA,0.119999999878928
"s2-da-a2-10-o-d-09:31","FS_default",NA,NA,0,0,"ok","diffusive_flux: [38;5;255m[36mℹ[38;5;255m In argument: `.data$term == ""time""`.[39m
[1mCaused by error in `.data$term`:[22m
[38;5;255m[33m![38;5;255m Column `term` not found in `.data`.[39m | no diffusive segment accepted by FS",0,0.330000000074506
"s2-da-a2-10-o-d-09:31","MSP",1.64839195002358,1.46618564664344,0.182206303380143,3,"ok","",NA,0.0100000000093132
"s2-da-a2-10-o-d-09:31","endpoint",0.530122663195913,NA,NA,NA,"ok","",NA,0
"s2-da-a2-11-o-d-09:57","goAquaFlux",0.264336640119387,0.264336640119387,0,0,"ok","",NA,0.189999999944121
"s2-da-a2-11-o-d-09:57","goFlux_noSep",0.264336640119387,NA,NA,NA,"ok","",NA,0.169999999925494
"s2-da-a2-11-o-d-09:57","FS_default",NA,NA,0,0,"ok","no diffusive segment accepted by FS",0,0.25
"s2-da-a2-11-o-d-09:57","MSP",0.417388209574596,0.316062155348595,0.101326054226,8,"ok","",NA,0
"s2-da-a2-11-o-d-09:57","endpoint",0.263374859478809,NA,NA,NA,"ok","",NA,0
"s2-da-a2-12-o-d-10:06","goAquaFlux",0.634317794608677,0.505486335614259,0.128831458994418,1,"ok","",NA,0.190000000176951
"s2-da-a2-12-o-d-10:06","goFlux_noSep",2.7805116712328,NA,NA,NA,"ok","",NA,0.199999999953434
"s2-da-a2-12-o-d-10:06","FS_default",2.08457198904785,2.08457198904785,0,0,"ok","",0,0.300000000046566
"s2-da-a2-12-o-d-10:06","MSP",3.24436877837961,3.01060432773249,0.233764450647123,3,"ok","",NA,0.0199999997857958
"s2-da-a2-12-o-d-10:06","endpoint",2.29192889700382,NA,NA,NA,"ok","",NA,0
"s2-da-a2-13-o-d-10:17","goAquaFlux",1.38979324396916,1.38979324396916,0,0,"ok","",NA,0.290000000037253
"s2-da-a2-13-o-d-10:17","goFlux_noSep",1.38979324396916,NA,NA,NA,"ok","",NA,0.140000000130385
"s2-da-a2-13-o-d-10:17","FS_default",1.2586782733508,1.2586782733508,0,0,"ok","",0,0.270000000018626
"s2-da-a2-13-o-d-10:17","MSP",1.77839029014559,1.74210058979009,0.0362897003554953,1,"ok","",NA,0.0100000000093132
"s2-da-a2-13-o-d-10:17","endpoint",1.42006608728301,NA,NA,NA,"ok","",NA,0
"s2-da-a2-14-o-d-10:29","goAquaFlux",2.27351741972409,2.22321568241379,0.0503017373103003,1,"ok","Inf replaced by maximum positive value",NA,0.329999999841675
"s2-da-a2-14-o-d-10:29","goFlux_noSep",2.2308139915225,NA,NA,NA,"ok","",NA,0.239999999990687
"s2-da-a2-14-o-d-10:29","FS_default",2.24676979757022,2.24676979757022,0,0,"ok","",0,0.360000000102445
"s2-da-a2-14-o-d-10:29","MSP",1.85835674827007,1.68214586718955,0.176210881080518,5,"ok","",NA,0.0200000000186265
"s2-da-a2-14-o-d-10:29","endpoint",1.96379467080779,NA,NA,NA,"ok","",NA,0
"s2-da-a2-15-o-d-10:46","goAquaFlux",2.42395831789304,2.42395831789304,0,0,"ok","",NA,0.209999999962747
"s2-da-a2-15-o-d-10:46","goFlux_noSep",2.42395831789304,NA,NA,NA,"ok","",NA,0.129999999888241
"s2-da-a2-15-o-d-10:46","FS_default",1.42905890993381,1.42905890993381,0,0,"ok","",0,0.28000000002794
"s2-da-a2-15-o-d-10:46","MSP",1.5117427920668,1.386229765474,0.125513026592807,2,"ok","",NA,0.0100000000093132
"s2-da-a2-15-o-d-10:46","endpoint",1.68988750543701,NA,NA,NA,"ok","",NA,0
"s2-da-a2-2-o-d-07:52","goAquaFlux",0.751300641933085,0.751300641933085,0,0,"ok","",NA,0.160000000149012
"s2-da-a2-2-o-d-07:52","goFlux_noSep",0.751300641933085,NA,NA,NA,"ok","",NA,0.129999999888241
"s2-da-a2-2-o-d-07:52","FS_default",0.676415200147599,0.676415200147599,0,0,"ok","",0,0.28000000002794
"s2-da-a2-2-o-d-07:52","MSP",0.817436981224958,0.619001198082523,0.198435783142434,4,"ok","",NA,0.0100000000093132
"s2-da-a2-2-o-d-07:52","endpoint",0.65258275999768,NA,NA,NA,"ok","",NA,0
"s2-da-a2-3-o-d-08:04","goAquaFlux",0.706596127311923,0.604138698613645,0.102457428698278,2,"ok","",NA,0.25
"s2-da-a2-3-o-d-08:04","goFlux_noSep",0.72642241402848,NA,NA,NA,"ok","",NA,0.189999999944121
"s2-da-a2-3-o-d-08:04","FS_default",0.804257150499266,0.804257150499266,0,0,"ok","",0,0.270000000018626
"s2-da-a2-3-o-d-08:04","MSP",0.713203763662933,0.601243420729536,0.111960342933397,4,"ok","",NA,0.0100000000093132
"s2-da-a2-3-o-d-08:04","endpoint",0.699119895345003,NA,NA,NA,"ok","",NA,0
"s2-da-a2-4-o-d-08:16","goAquaFlux",1.13001026459226,1.13001026459226,0,0,"ok","",NA,0.189999999944121
"s2-da-a2-4-o-d-08:16","goFlux_noSep",1.13001026459226,NA,NA,NA,"ok","",NA,0.120000000111759
"s2-da-a2-4-o-d-08:16","FS_default",1.20918843335293,1.20918843335293,0,0,"ok","",0,0.379999999888241
"s2-da-a2-4-o-d-08:16","MSP",1.12562483533632,0.890109849927921,0.235514985408398,6,"ok","",NA,0.0100000000093132
"s2-da-a2-4-o-d-08:16","endpoint",1.09694699989463,NA,NA,NA,"ok","",NA,0
"s2-da-a2-5-o-d-08:26","goAquaFlux",0.589225974141455,0.589225974141455,0,0,"ok","Inf replaced by maximum positive value",NA,0.21999999997206
"s2-da-a2-5-o-d-08:26","goFlux_noSep",0.589225974141455,NA,NA,NA,"ok","",NA,0.150000000139698
"s2-da-a2-5-o-d-08:26","FS_default",0.697393998007048,0.697393998007048,0,0,"ok","",0,0.319999999832362
"s2-da-a2-5-o-d-08:26","MSP",0.618015044703141,0.566120979694816,0.0518940650083251,3,"ok","",NA,0.0100000000093132
"s2-da-a2-5-o-d-08:26","endpoint",0.399770669110696,NA,NA,NA,"ok","",NA,0
"s2-da-a2-6-o-d-08:36","goAquaFlux",0.29306503329678,0.29306503329678,0,0,"ok","",NA,0.190000000176951
"s2-da-a2-6-o-d-08:36","goFlux_noSep",0.29306503329678,NA,NA,NA,"ok","",NA,0.0899999998509884
"s2-da-a2-6-o-d-08:36","FS_default",0.127465459247313,0.127465459247313,0,0,"ok","",0,0.21999999997206
"s2-da-a2-6-o-d-08:36","MSP",0.180514870921396,0.152692038025218,0.0278228328961778,4,"ok","",NA,0.0200000000186265
"s2-da-a2-6-o-d-08:36","endpoint",0.166037660976037,NA,NA,NA,"ok","",NA,0
"s2-da-a2-7-o-d-08:47","goAquaFlux",0.34611986384951,0.34611986384951,0,0,"ok","",NA,0.21999999997206
"s2-da-a2-7-o-d-08:47","goFlux_noSep",0.34611986384951,NA,NA,NA,"ok","",NA,0.110000000102445
"s2-da-a2-7-o-d-08:47","FS_default",0.154199833305074,0.154199833305074,0,0,"ok","",0,0.25
"s2-da-a2-7-o-d-08:47","MSP",0.25902210319658,0.248562466020783,0.0104596371757966,2,"ok","",NA,0
"s2-da-a2-7-o-d-08:47","endpoint",0.17624481783314,NA,NA,NA,"ok","",NA,0
"s2-da-a2-8-o-d-09:02","goAquaFlux",0.822267736216535,0.822267736216535,0,0,"ok","",NA,0.320000000065193
"s2-da-a2-8-o-d-09:02","goFlux_noSep",0.822267736216535,NA,NA,NA,"ok","",NA,0.129999999888241
"s2-da-a2-8-o-d-09:02","FS_default",0.351415172599414,0.351415172599414,0,0,"ok","",0,0.270000000018626
"s2-da-a2-8-o-d-09:02","MSP",18.6177708816751,0.408493728050246,18.2092771536249,2,"ok","",NA,0.0100000000093132
"s2-da-a2-8-o-d-09:02","endpoint",0.446486878823417,NA,NA,NA,"ok","",NA,0
"s2-da-a2-9-o-d-09:17","goAquaFlux",0.590557708848983,0.524725617194171,0.0658320916548118,1,"ok","",NA,0.340000000083819
"s2-da-a2-9-o-d-09:17","goFlux_noSep",0.643847553824441,NA,NA,NA,"ok","",NA,0.109999999869615
"s2-da-a2-9-o-d-09:17","FS_default",0.492264684874861,0.492264684874861,0,0,"ok","",0,0.239999999990687
"s2-da-a2-9-o-d-09:17","MSP",0.482722789836541,0.295633819959902,0.187088969876639,6,"ok","",NA,0.0100000000093132
"s2-da-a2-9-o-d-09:17","endpoint",0.470272068632218,NA,NA,NA,"ok","",NA,0
"s2-da-p1-1-o-d-08:10","goAquaFlux",0.313327569374527,0.313327569374527,0,0,"ok","",NA,0.209999999962747
"s2-da-p1-1-o-d-08:10","goFlux_noSep",0.313327569374527,NA,NA,NA,"ok","",NA,0.110000000102445
"s2-da-p1-1-o-d-08:10","FS_default",0.135551422476967,0.135551422476967,0,0,"ok","",0,0.260000000009313
"s2-da-p1-1-o-d-08:10","MSP",0.239599888267888,0.217354037942706,0.0222458503251816,7,"ok","",NA,0.0300000000279397
"s2-da-p1-1-o-d-08:10","endpoint",0.188967835622053,NA,NA,NA,"ok","",NA,0
"s2-da-p1-10-o-d-09:56","goAquaFlux",5.82836201399079,5.82836201399079,0,0,"ok","",NA,0.129999999888241
"s2-da-p1-10-o-d-09:56","goFlux_noSep",5.82836201399079,NA,NA,NA,"ok","",NA,0.120000000111759
"s2-da-p1-10-o-d-09:56","FS_default",2.3430480542618,2.3430480542618,0,0,"ok","",0,0.329999999841675
"s2-da-p1-10-o-d-09:56","MSP",4.0827254740821,3.54100471170733,0.541720762374769,4,"ok","",NA,0.0200000000186265
"s2-da-p1-10-o-d-09:56","endpoint",3.44845438206981,NA,NA,NA,"ok","",NA,0
"s2-da-p1-11-o-d-10:08","goAquaFlux",2.18848585729767,1.73194610887459,0.456539748423078,1,"ok","",NA,0.180000000167638
"s2-da-p1-11-o-d-10:08","goFlux_noSep",3.19478095963128,NA,NA,NA,"ok","",NA,0.209999999962747
"s2-da-p1-11-o-d-10:08","FS_default",NA,NA,0,0,"ok","no diffusive segment accepted by FS",0,0.28000000002794
"s2-da-p1-11-o-d-10:08","MSP",2.27863689103785,1.91669389825104,0.361942992786811,3,"ok","",NA,0.0100000000093132
"s2-da-p1-11-o-d-10:08","endpoint",2.69941126609831,NA,NA,NA,"ok","",NA,0
"s2-da-p1-12-o-d-10:28","goAquaFlux",0.120665357933636,0.120665357933636,0,0,"ok","",NA,0.179999999934807
"s2-da-p1-12-o-d-10:28","goFlux_noSep",0.120665357933636,NA,NA,NA,"ok","",NA,0.090000000083819
"s2-da-p1-12-o-d-10:28","FS_default",0.0899468332847521,0.0899468332847521,0,0,"ok","",0,0.25
"s2-da-p1-12-o-d-10:28","MSP",0.0804421923185823,0.074329669799306,0.00611252251927628,5,"ok","",NA,0.0499999998137355
"s2-da-p1-12-o-d-10:28","endpoint",0.0860500358880103,NA,NA,NA,"ok","",NA,0
"s2-da-p1-2-o-d-08:28","goAquaFlux",1.90388743662281,1.90388743662281,0,0,"ok","",NA,0.25
"s2-da-p1-2-o-d-08:28","goFlux_noSep",1.90388743662281,NA,NA,NA,"ok","",NA,0.150000000139698
"s2-da-p1-2-o-d-08:28","FS_default",1.61385939338562,1.61385939338562,0,0,"ok","",0,0.239999999990687
"s2-da-p1-2-o-d-08:28","MSP",1.72328586504811,1.52923462620478,0.194051238843325,3,"ok","",NA,0.0100000000093132
"s2-da-p1-2-o-d-08:28","endpoint",1.6623314175333,NA,NA,NA,"ok","",NA,0
"s2-da-p1-3-o-d-08:38","goAquaFlux",3.58644991144983,3.53325722323426,0.0531926882155717,1,"ok","",NA,0.179999999934807
"s2-da-p1-3-o-d-08:38","goFlux_noSep",2.61164473169689,NA,NA,NA,"ok","",NA,0.100000000093132
"s2-da-p1-3-o-d-08:38","FS_default",1.15737197480536,1.15737197480536,0,0,"ok","",0,0.25
"s2-da-p1-3-o-d-08:38","MSP",1.96868785858461,1.65071913512669,0.317968723457922,3,"ok","",NA,0.0200000000186265
"s2-da-p1-3-o-d-08:38","endpoint",1.70810940089005,NA,NA,NA,"ok","",NA,0
"s2-da-p1-4-o-d-08:47","goAquaFlux",3.06112358801219,3.06112358801219,0,0,"ok","",NA,0.229999999981374
"s2-da-p1-4-o-d-08:47","goFlux_noSep",3.06112358801219,NA,NA,NA,"ok","",NA,0.109999999869615
"s2-da-p1-4-o-d-08:47","FS_default",1.32296698089632,1.32296698089632,0,0,"ok","",0,0.209999999962747
"s2-da-p1-4-o-d-08:47","MSP",1.93514253841443,1.41994637685289,0.515196161561546,8,"ok","",NA,0.0100000000093132
"s2-da-p1-4-o-d-08:47","endpoint",1.64838163294594,NA,NA,NA,"ok","",NA,0
"s2-da-p1-5-o-d-08:57","goAquaFlux",0.656639647682695,0.551237320178548,0.105402327504147,1,"ok","",NA,0.189999999944121
"s2-da-p1-5-o-d-08:57","goFlux_noSep",2.02197097993462,NA,NA,NA,"ok","",NA,0.170000000158325
"s2-da-p1-5-o-d-08:57","FS_default",1.85461420382893,1.85461420382893,0,0,"ok","",0,0.290000000037253
"s2-da-p1-5-o-d-08:57","MSP",1.64879384317817,1.47893139939605,0.169862443782121,3,"ok","",NA,0.0200000000186265
"s2-da-p1-5-o-d-08:57","endpoint",1.72656348886454,NA,NA,NA,"ok","",NA,0
"s2-da-p1-6-o-d-09:08","goAquaFlux",NA,NA,0.0933642415483733,1,"ok","",NA,0.0899999998509884
"s2-da-p1-6-o-d-09:08","goFlux_noSep",1.25878842208051,NA,NA,NA,"ok","",NA,0.160000000149012
"s2-da-p1-6-o-d-09:08","FS_default",1.0320963156307,1.0320963156307,0,0,"ok","",0,0.269999999785796
"s2-da-p1-6-o-d-09:08","MSP",2.40307445859947,2.27905749205508,0.124016966544384,1,"ok","",NA,0
"s2-da-p1-6-o-d-09:08","endpoint",1.07682704738839,NA,NA,NA,"ok","",NA,0
"s2-da-p1-7-o-d-09:19","goAquaFlux",5.76752428344234,1.44731995514588,4.32020432829646,2,"ok","",NA,0.28000000002794
"s2-da-p1-7-o-d-09:19","goFlux_noSep",2.04738616875951,NA,NA,NA,"ok","",NA,0.110000000102445
"s2-da-p1-7-o-d-09:19","FS_default",25.8749984282689,1.9750823935269,23.899916034742,1,"ok","",0,0.310000000055879
"s2-da-p1-7-o-d-09:19","MSP",2.23870777617275,2.12884907281619,0.10985870335656,4,"ok","",NA,0.0300000000279397
"s2-da-p1-7-o-d-09:19","endpoint",2.29877213486558,NA,NA,NA,"ok","",NA,0
"s2-da-p1-8-o-d-09:36","goAquaFlux",4.42413144900113,4.42413144900113,0,0,"ok","",NA,0.180000000167638
"s2-da-p1-8-o-d-09:36","goFlux_noSep",4.42413144900113,NA,NA,NA,"ok","",NA,0.159999999916181
"s2-da-p1-8-o-d-09:36","FS_default",1.48499199977943,1.48499199977943,0,0,"ok","",0,0.270000000018626
"s2-da-p1-8-o-d-09:36","MSP",2.4488985134581,2.1839431888744,0.264955324583693,3,"ok","",NA,0.0100000000093132
"s2-da-p1-8-o-d-09:36","endpoint",2.39810918859641,NA,NA,NA,"ok","",NA,0
"s2-da-p1-9-o-d-09:46","goAquaFlux",1.74321971421193,1.74321971421193,0,0,"ok","",NA,0.21999999997206
"s2-da-p1-9-o-d-09:46","goFlux_noSep",1.74321971421193,NA,NA,NA,"ok","",NA,0.159999999916181
"s2-da-p1-9-o-d-09:46","FS_default",NA,NA,0,0,"ok","no diffusive segment accepted by FS",0,0.310000000055879
"s2-da-p1-9-o-d-09:46","MSP",1.59416433814071,0.992837126188063,0.601327211952648,8,"ok","",NA,0.0500000000465661
"s2-da-p1-9-o-d-09:46","endpoint",1.40389618957957,NA,NA,NA,"ok","",NA,0
"s2-da-p2-1-o-d-09:44","goAquaFlux",3.29442412725259,3.27202563318444,0.022398494068152,1,"ok","",NA,0.260000000009313
"s2-da-p2-1-o-d-09:44","goFlux_noSep",2.49407710715966,NA,NA,NA,"ok","",NA,0.199999999953434
"s2-da-p2-1-o-d-09:44","FS_default",1.43445073511133,1.43445073511133,0,0,"ok","",0,0.25
"s2-da-p2-1-o-d-09:44","MSP",1.7683438615494,1.57205882287228,0.19628503867712,6,"ok","",NA,0.0200000000186265
"s2-da-p2-1-o-d-09:44","endpoint",1.65129647032472,NA,NA,NA,"ok","",NA,0
"s2-da-p2-10-o-d-11:23","goAquaFlux",7.02246135736107,7.02246135736107,0,0,"ok","",NA,0.199999999953434
"s2-da-p2-10-o-d-11:23","goFlux_noSep",7.02246135736107,NA,NA,NA,"ok","",NA,0.110000000102445
"s2-da-p2-10-o-d-11:23","FS_default",4.33062951428154,4.33062951428154,0,0,"ok","",0,0.290000000037253
"s2-da-p2-10-o-d-11:23","MSP",5.93734887075729,5.14386089620455,0.793487974552736,5,"ok","",NA,0.0200000000186265
"s2-da-p2-10-o-d-11:23","endpoint",5.05329864561145,NA,NA,NA,"ok","",NA,0
"s2-da-p2-11-o-d-11:33","goAquaFlux",3.20043501882179,3.20043501882179,0,0,"ok","",NA,0.21999999997206
"s2-da-p2-11-o-d-11:33","goFlux_noSep",3.20043501882179,NA,NA,NA,"ok","",NA,0.189999999944121
"s2-da-p2-11-o-d-11:33","FS_default",3.51130408874308,3.51130408874308,0,0,"ok","",0,0.310000000055879
"s2-da-p2-11-o-d-11:33","MSP",3.44004579796169,3.18030549464998,0.259740303311712,5,"ok","",NA,0.0300000000279397
"s2-da-p2-11-o-d-11:33","endpoint",3.00493533133637,NA,NA,NA,"ok","",NA,0
"s2-da-p2-13-o-d-12:17","goAquaFlux",4.04920820291783,4.04920820291783,0,0,"ok","",NA,0.199999999953434
"s2-da-p2-13-o-d-12:17","goFlux_noSep",4.04920820291783,NA,NA,NA,"ok","",NA,0.209999999962747
"s2-da-p2-13-o-d-12:17","FS_default",NA,NA,0,0,"ok","no diffusive segment accepted by FS",0,0.169999999925494
"s2-da-p2-13-o-d-12:17","MSP",4.67367677336975,3.95446453558202,0.719212237787731,3,"ok","",NA,0
"s2-da-p2-13-o-d-12:17","endpoint",3.85563939505927,NA,NA,NA,"ok","",NA,0
"s2-da-p2-14-o-d-12:26","goAquaFlux",5.91956045786871,5.91956045786871,0,0,"ok","",NA,0.140000000130385
"s2-da-p2-14-o-d-12:26","goFlux_noSep",5.91956045786871,NA,NA,NA,"ok","",NA,0.0799999998416752
"s2-da-p2-14-o-d-12:26","FS_default",NA,NA,0,0,"ok","no diffusive segment accepted by FS",0,0.28000000002794
"s2-da-p2-14-o-d-12:26","MSP",4.54664842889936,4.00806136608063,0.538587062818736,3,"ok","",NA,0
"s2-da-p2-14-o-d-12:26","endpoint",4.20792713042081,NA,NA,NA,"ok","",NA,0
"s2-da-p2-15-o-d-12:34","goAquaFlux",3.5996314116062,3.5996314116062,0,0,"ok","",NA,0.160000000149012
"s2-da-p2-15-o-d-12:34","goFlux_noSep",3.5996314116062,NA,NA,NA,"ok","",NA,0.110000000102445
"s2-da-p2-15-o-d-12:34","FS_default",NA,NA,0,0,"ok","no diffusive segment accepted by FS",0,0.199999999953434
"s2-da-p2-15-o-d-12:34","MSP",6.94542311845435,6.45473330455695,0.4906898138974,2,"ok","",NA,0
"s2-da-p2-15-o-d-12:34","endpoint",3.78881977083811,NA,NA,NA,"ok","",NA,0
"s2-da-p2-4-o-d-10:26","goAquaFlux",0.73397323298435,0.657007364561319,0.0769658684230306,1,"ok","",NA,0.290000000037253
"s2-da-p2-4-o-d-10:26","goFlux_noSep",0.736893880971808,NA,NA,NA,"ok","",NA,0.169999999925494
"s2-da-p2-4-o-d-10:26","FS_default",NA,NA,0,0,"ok","no diffusive segment accepted by FS",0,0.209999999962747
"s2-da-p2-4-o-d-10:26","MSP",1.05342256433774,0.409039258650651,0.644383305687087,7,"ok","",NA,0.0100000000093132
"s2-da-p2-4-o-d-10:26","endpoint",0.635909738466774,NA,NA,NA,"ok","",NA,0
"s2-da-p2-5-o-d-10:34","goAquaFlux",5.26002159852001,5.26002159852001,0,0,"ok","",NA,0.140000000130385
"s2-da-p2-5-o-d-10:34","goFlux_noSep",5.26002159852001,NA,NA,NA,"ok","",NA,0.0999999998603016
"s2-da-p2-5-o-d-10:34","FS_default",NA,NA,0,0,"ok","no diffusive segment accepted by FS",0,0.320000000065193
"s2-da-p2-5-o-d-10:34","MSP",3.76797338108046,3.24023618406319,0.527737197017265,2,"ok","",NA,0.0200000000186265
"s2-da-p2-5-o-d-10:34","endpoint",3.11244872315059,NA,NA,NA,"ok","",NA,0
"s2-da-p2-6-o-d-10:42","goAquaFlux",3.65147623818933,3.65147623818933,0,0,"ok","",NA,0.120000000111759
"s2-da-p2-6-o-d-10:42","goFlux_noSep",3.65147623818933,NA,NA,NA,"ok","",NA,0.209999999962747
"s2-da-p2-6-o-d-10:42","FS_default",NA,NA,0,0,"ok","no diffusive segment accepted by FS",0,0.28000000002794
"s2-da-p2-6-o-d-10:42","MSP",3.81375854578555,3.19865091080493,0.615107634980615,4,"ok","",NA,0.0100000000093132
"s2-da-p2-6-o-d-10:42","endpoint",3.23559184251341,NA,NA,NA,"ok","",NA,0
"s2-da-p2-7-o-d-10:51","goAquaFlux",3.96373490233895,3.88884315422465,0.0748917481142993,1,"ok","",NA,0.159999999916181
"s2-da-p2-7-o-d-10:51","goFlux_noSep",3.7268360830457,NA,NA,NA,"ok","",NA,0.139999999897555
"s2-da-p2-7-o-d-10:51","FS_default",2.6326057593717,2.6326057593717,0,0,"ok","",0,0.270000000018626
"s2-da-p2-7-o-d-10:51","MSP",2.93907029492518,2.48618221044643,0.45288808447875,7,"ok","",NA,0.0400000000372529
"s2-da-p2-7-o-d-10:51","endpoint",2.94658241634251,NA,NA,NA,"ok","",NA,0
"s2-da-p2-8-o-d-11:07","goAquaFlux",NA,NA,0.164210199290121,1,"ok","",NA,0.0400000000372529
"s2-da-p2-8-o-d-11:07","goFlux_noSep",5.72158567984699,NA,NA,NA,"ok","",NA,0.120000000111759
"s2-da-p2-8-o-d-11:07","FS_default",NA,NA,0,0,"ok","no diffusive segment accepted by FS",0,0.329999999841675
"s2-da-p2-8-o-d-11:07","MSP",5.58459331363961,4.55325823102357,1.03133508261604,4,"ok","",NA,0.0100000000093132
"s2-da-p2-8-o-d-11:07","endpoint",4.74467775587702,NA,NA,NA,"ok","",NA,0
"s2-da-p2-9-o-d-11:15","goAquaFlux",2.1140790698048,2.07886221033022,0.0352168594745781,1,"ok","",NA,0.229999999981374
"s2-da-p2-9-o-d-11:15","goFlux_noSep",3.9937642968015,NA,NA,NA,"ok","",NA,0.160000000149012
"s2-da-p2-9-o-d-11:15","FS_default",3.110934587761,3.110934587761,0,0,"ok","",0,0.299999999813735
"s2-da-p2-9-o-d-11:15","MSP",3.72433826836123,3.19625039414226,0.528087874218969,4,"ok","",NA,0.0100000000093132
"s2-da-p2-9-o-d-11:15","endpoint",3.41235088109554,NA,NA,NA,"ok","",NA,0
"s2-da-r1-1-o-d-09:00","goAquaFlux",4.35529418922973,4.35529418922973,0,0,"ok","",NA,0.21999999997206
"s2-da-r1-1-o-d-09:00","goFlux_noSep",4.35529418922973,NA,NA,NA,"ok","",NA,0.110000000102445
"s2-da-r1-1-o-d-09:00","FS_default",2.8125806624419,2.8125806624419,0,0,"ok","",0,0.199999999953434
"s2-da-r1-1-o-d-09:00","MSP",2.8775529264191,2.67413145233051,0.2034214740886,5,"ok","",NA,0.0200000000186265
"s2-da-r1-1-o-d-09:00","endpoint",2.44046371129908,NA,NA,NA,"ok","",NA,0
"s2-da-r1-10-o-d-11:06","goAquaFlux",0.4128126045255,0.4128126045255,0,0,"ok","Inf replaced by maximum positive value",NA,0.25
"s2-da-r1-10-o-d-11:06","goFlux_noSep",0.4128126045255,NA,NA,NA,"ok","",NA,0.179999999934807
"s2-da-r1-10-o-d-11:06","FS_default",0.603273107181736,0.603273107181736,0,0,"ok","",0,0.270000000018626
"s2-da-r1-10-o-d-11:06","MSP",0.768773099092307,0.443001885487407,0.3257712136049,8,"ok","",NA,0.0100000000093132
"s2-da-r1-10-o-d-11:06","endpoint",0.386458461528988,NA,NA,NA,"ok","",NA,0
"s2-da-r1-11-o-d-11:15","goAquaFlux",0.887771496457294,0.887771496457294,0,0,"ok","",NA,0.179999999934807
"s2-da-r1-11-o-d-11:15","goFlux_noSep",0.887771496457294,NA,NA,NA,"ok","",NA,0.140000000130385
"s2-da-r1-11-o-d-11:15","FS_default",1.12351010577938,1.12351010577938,0,0,"ok","",0,0.199999999953434
"s2-da-r1-11-o-d-11:15","MSP",1.418162650127,1.09392195861824,0.324240691508765,5,"ok","",NA,0.0200000000186265
"s2-da-r1-11-o-d-11:15","endpoint",0.834950403801421,NA,NA,NA,"ok","",NA,0
"s2-da-r1-12-o-d-11:25","goAquaFlux",3.85395278266902,3.85395278266902,0,0,"ok","",NA,0.169999999925494
"s2-da-r1-12-o-d-11:25","goFlux_noSep",3.85395278266902,NA,NA,NA,"ok","",NA,0.110000000102445
"s2-da-r1-12-o-d-11:25","FS_default",1.64964290863833,1.64964290863833,0,0,"ok","",0,0.28000000002794
"s2-da-r1-12-o-d-11:25","MSP",2.16979023606378,1.77072760907607,0.399062626987713,5,"ok","",NA,0.0100000000093132
"s2-da-r1-12-o-d-11:25","endpoint",2.1182656369638,NA,NA,NA,"ok","",NA,0
"s2-da-r1-13-o-d-11:39","goAquaFlux",0.530202001602361,0.444548685633884,0.0856533159684777,1,"ok","",NA,0.109999999869615
"s2-da-r1-13-o-d-11:39","goFlux_noSep",1.40080516951493,NA,NA,NA,"ok","",NA,0.090000000083819
"s2-da-r1-13-o-d-11:39","FS_default",0.604833662296801,0.604833662296801,0,0,"ok","",0,0.300000000046566
"s2-da-r1-13-o-d-11:39","MSP",0.853570327700351,0.659223440462322,0.194346887238029,8,"ok","",NA,0.0499999998137355
"s2-da-r1-13-o-d-11:39","endpoint",0.781044831958356,NA,NA,NA,"ok","",NA,0
"s2-da-r1-3-o-d-09:33","goAquaFlux",2.54952343815221,2.54952343815221,0,0,"ok","",NA,0.180000000167638
"s2-da-r1-3-o-d-09:33","goFlux_noSep",2.54952343815221,NA,NA,NA,"ok","",NA,0.109999999869615
"s2-da-r1-3-o-d-09:33","FS_default",NA,NA,0,0,"ok","no diffusive segment accepted by FS",0,0.21999999997206
"s2-da-r1-3-o-d-09:33","MSP",3.54657831821128,2.99359626357978,0.552982054631502,4,"ok","",NA,0.0200000000186265
"s2-da-r1-3-o-d-09:33","endpoint",2.46039628874935,NA,NA,NA,"ok","",NA,0
"s2-da-r1-4-o-d-09:41","goAquaFlux",1.47349464762586,1.47349464762586,0,0,"ok","",NA,0.200000000186265
"s2-da-r1-4-o-d-09:41","goFlux_noSep",1.47349464762586,NA,NA,NA,"ok","",NA,0.0799999998416752
"s2-da-r1-4-o-d-09:41","FS_default",0.41187094270076,0.41187094270076,0,0,"ok","",0,0.260000000009313
"s2-da-r1-4-o-d-09:41","MSP",1.13270421596368,0.722606253237271,0.410097962726411,8,"ok","",NA,0.0200000000186265
"s2-da-r1-4-o-d-09:41","endpoint",0.783093528635728,NA,NA,NA,"ok","",NA,0
"s2-da-r1-5-o-d-09:50","goAquaFlux",0.663291512524201,0.663291512524201,0,0,"ok","",NA,0.300000000046566
"s2-da-r1-5-o-d-09:50","goFlux_noSep",0.663291512524201,NA,NA,NA,"ok","",NA,0.199999999953434
"s2-da-r1-5-o-d-09:50","FS_default",0.777900171397492,0.777900171397492,0,0,"ok","",0,0.300000000046566
"s2-da-r1-5-o-d-09:50","MSP",0.76504541006262,0.537390167691958,0.227655242370661,6,"ok","",NA,0.0300000000279397
"s2-da-r1-5-o-d-09:50","endpoint",0.550532292925613,NA,NA,NA,"ok","",NA,0
"s2-da-r1-6-o-d-10:00","goAquaFlux",0.933932693750155,0.933932693750155,0,0,"ok","",NA,0.21999999997206
"s2-da-r1-6-o-d-10:00","goFlux_noSep",0.933932693750155,NA,NA,NA,"ok","",NA,0.109999999869615
"s2-da-r1-6-o-d-10:00","FS_default",1.00799839043188,1.00799839043188,0,0,"ok","",0,0.25
"s2-da-r1-6-o-d-10:00","MSP",0.87629630668983,0.69096029657515,0.185336010114681,4,"ok","",NA,0.0400000000372529
"s2-da-r1-6-o-d-10:00","endpoint",0.826900297057874,NA,NA,NA,"ok","",NA,0
"s2-da-r1-7-o-d-10:11","goAquaFlux",1.61064353028093,1.61064353028093,0,0,"ok","",NA,0.170000000158325
"s2-da-r1-7-o-d-10:11","goFlux_noSep",1.61064353028093,NA,NA,NA,"ok","",NA,0.0999999998603016
"s2-da-r1-7-o-d-10:11","FS_default",1.15417525373992,1.15417525373992,0,0,"ok","",0,0.21999999997206
"s2-da-r1-7-o-d-10:11","MSP",5.92918669408572,5.73513633862888,0.194050355456843,7,"ok","",NA,0.0300000000279397
"s2-da-r1-7-o-d-10:11","endpoint",1.54362930246724,NA,NA,NA,"ok","",NA,0
"s2-da-r2-1-o-d-07:23","goAquaFlux",0.845441487994784,0.845441487994784,0,0,"ok","",NA,0.150000000139698
"s2-da-r2-1-o-d-07:23","goFlux_noSep",0.845441487994784,NA,NA,NA,"ok","",NA,0.179999999934807
"s2-da-r2-1-o-d-07:23","FS_default",0.915620406316053,0.915620406316053,0,0,"ok","",0,0.25
"s2-da-r2-1-o-d-07:23","MSP",0.834141939702419,0.711954171374868,0.122187768327552,5,"ok","",NA,0.0300000000279397
"s2-da-r2-1-o-d-07:23","endpoint",0.812010557086881,NA,NA,NA,"ok","",NA,0
"s2-da-r2-10-o-d-09:18","goAquaFlux",0.921354286727779,0.921354286727779,0,0,"ok","",NA,0.189999999944121
"s2-da-r2-10-o-d-09:18","goFlux_noSep",0.921354286727779,NA,NA,NA,"ok","",NA,0.120000000111759
"s2-da-r2-10-o-d-09:18","FS_default",NA,NA,0,0,"ok","no diffusive segment accepted by FS",0,0.21999999997206
"s2-da-r2-10-o-d-09:18","MSP",1.22248356184706,0.859974048300984,0.362509513546079,7,"ok","",NA,0.0300000000279397
"s2-da-r2-10-o-d-09:18","endpoint",0.867778421700738,NA,NA,NA,"ok","",NA,0
"s2-da-r2-11-o-d-09:27","goAquaFlux",1.62284419967713,1.62284419967713,0,0,"ok","",NA,0.21999999997206
"s2-da-r2-11-o-d-09:27","goFlux_noSep",1.62284419967713,NA,NA,NA,"ok","",NA,0.139999999897555
"s2-da-r2-11-o-d-09:27","FS_default",NA,NA,0,0,"ok","no diffusive segment accepted by FS",0,0.25
"s2-da-r2-11-o-d-09:27","MSP",2.03091395865714,1.49422175841356,0.536692200243583,8,"ok","",NA,0
"s2-da-r2-11-o-d-09:27","endpoint",1.46505133647131,NA,NA,NA,"ok","",NA,0
"s2-da-r2-12-o-d-09:37","goAquaFlux",1.71665954074676,1.71665954074676,0,0,"ok","",NA,0.140000000130385
"s2-da-r2-12-o-d-09:37","goFlux_noSep",1.71665954074676,NA,NA,NA,"ok","",NA,0.129999999888241
"s2-da-r2-12-o-d-09:37","FS_default",NA,NA,0,0,"ok","no diffusive segment accepted by FS",0,0.25
"s2-da-r2-12-o-d-09:37","MSP",1.737560583467,1.19643151848052,0.541129064986474,7,"ok","",NA,0.0100000000093132
"s2-da-r2-12-o-d-09:37","endpoint",1.53207503233027,NA,NA,NA,"ok","",NA,0
"s2-da-r2-13-o-d-09:46","goAquaFlux",0.79829642594726,0.79829642594726,0,0,"ok","",NA,0.21999999997206
"s2-da-r2-13-o-d-09:46","goFlux_noSep",0.79829642594726,NA,NA,NA,"ok","",NA,0.25
"s2-da-r2-13-o-d-09:46","FS_default",0.758072297415623,0.758072297415623,0,0,"ok","",0,0.340000000083819
"s2-da-r2-13-o-d-09:46","MSP",0.820078808738892,0.692399900949011,0.127678907789881,9,"ok","",NA,0.0500000000465661
"s2-da-r2-13-o-d-09:46","endpoint",0.793091176564115,NA,NA,NA,"ok","",NA,0
"s2-da-r2-3-o-d-08:07","goAquaFlux",NA,NA,1.92128741385121,1,"ok","",NA,0.0499999998137355
"s2-da-r2-3-o-d-08:07","goFlux_noSep",6.02103731700099,NA,NA,NA,"ok","",NA,0.100000000093132
"s2-da-r2-3-o-d-08:07","FS_default",NA,NA,0,0,"ok","diffusive_flux: [38;5;255m[36mℹ[38;5;255m In argument: `.data$term == ""time""`.[39m
[1mCaused by error in `.data$term`:[22m
[38;5;255m[33m![38;5;255m Column `term` not found in `.data`.[39m | no diffusive segment accepted by FS",0,0.310000000055879
"s2-da-r2-3-o-d-08:07","MSP",14.7600425789759,13.6675687807577,1.09247379821818,1,"ok","",NA,0.0100000000093132
"s2-da-r2-3-o-d-08:07","endpoint",6.80949728910259,NA,NA,NA,"ok","",NA,0
"s2-da-r2-4-o-d-08:15","goAquaFlux",4.92651706337148,4.92651706337148,0,0,"ok","",NA,0.189999999944121
"s2-da-r2-4-o-d-08:15","goFlux_noSep",4.92651706337148,NA,NA,NA,"ok","",NA,0.169999999925494
"s2-da-r2-4-o-d-08:15","FS_default",NA,NA,0,0,"ok","no diffusive segment accepted by FS",0,0.410000000149012
"s2-da-r2-4-o-d-08:15","MSP",6.08674692647648,5.49625436042449,0.590492566051993,4,"ok","",NA,0
"s2-da-r2-4-o-d-08:15","endpoint",4.74137764611392,NA,NA,NA,"ok","",NA,0
"s2-da-r2-5-o-d-08:25","goAquaFlux",6.22665229480283,6.22665229480283,0,0,"ok","",NA,0.129999999888241
"s2-da-r2-5-o-d-08:25","goFlux_noSep",6.22665229480283,NA,NA,NA,"ok","",NA,0.120000000111759
"s2-da-r2-5-o-d-08:25","FS_default",NA,NA,0,0,"ok","no diffusive segment accepted by FS",0,0.229999999981374
"s2-da-r2-5-o-d-08:25","MSP",6.78510408450544,5.66195785563003,1.12314622887541,4,"ok","",NA,0
"s2-da-r2-5-o-d-08:25","endpoint",5.96370641570646,NA,NA,NA,"ok","",NA,0
"s2-da-r2-6-o-d-08:33","goAquaFlux",5.68462402255927,5.68462402255927,0,0,"ok","",NA,0.189999999944121
"s2-da-r2-6-o-d-08:33","goFlux_noSep",5.68462402255927,NA,NA,NA,"ok","",NA,0.139999999897555
"s2-da-r2-6-o-d-08:33","FS_default",NA,NA,0,0,"ok","no diffusive segment accepted by FS",0,0.330000000074506
"s2-da-r2-6-o-d-08:33","MSP",4.92724191643902,4.26797113231957,0.659270784119453,3,"ok","",NA,0.0200000000186265
"s2-da-r2-6-o-d-08:33","endpoint",5.2179550783807,NA,NA,NA,"ok","",NA,0
"s2-da-r2-7-o-d-08:42","goAquaFlux",2.5821673429109,2.5821673429109,0,0,"ok","",NA,0.199999999953434
"s2-da-r2-7-o-d-08:42","goFlux_noSep",2.5821673429109,NA,NA,NA,"ok","",NA,0.179999999934807
"s2-da-r2-7-o-d-08:42","FS_default",2.52934262767443,2.52934262767443,0,0,"ok","",0,0.21999999997206
"s2-da-r2-7-o-d-08:42","MSP",2.68029782066854,2.3469615044089,0.333336316259645,7,"ok","",NA,0.0100000000093132
"s2-da-r2-7-o-d-08:42","endpoint",2.61907014169629,NA,NA,NA,"ok","",NA,0
"s2-da-r2-8-o-d-09:00","goAquaFlux",1.89991770403295,1.89991770403295,0,0,"ok","",NA,0.209999999962747
"s2-da-r2-8-o-d-09:00","goFlux_noSep",1.89991770403295,NA,NA,NA,"ok","",NA,0.140000000130385
"s2-da-r2-8-o-d-09:00","FS_default",NA,NA,0,0,"ok","no diffusive segment accepted by FS",0,0.28000000002794
"s2-da-r2-8-o-d-09:00","MSP",2.0607671212587,1.746883449912,0.313883671346702,4,"ok","",NA,0
"s2-da-r2-8-o-d-09:00","endpoint",1.78353523722286,NA,NA,NA,"ok","",NA,0
"s2-da-r2-9-o-d-09:07","goAquaFlux",1.54025862923892,1.54025862923892,0,0,"ok","",NA,0.209999999962747
"s2-da-r2-9-o-d-09:07","goFlux_noSep",1.54025862923892,NA,NA,NA,"ok","",NA,0.109999999869615
"s2-da-r2-9-o-d-09:07","FS_default",NA,NA,0,0,"ok","diffusive_flux: [38;5;255m[36mℹ[38;5;255m In argument: `.data$term == ""time""`.[39m
[1mCaused by error in `.data$term`:[22m
[38;5;255m[33m![38;5;255m Column `term` not found in `.data`.[39m | no diffusive segment accepted by FS",0,0.230000000214204
"s2-da-r2-9-o-d-09:07","MSP",1.35225410161017,0.888357844993849,0.46389625661632,2,"ok","",NA,0
"s2-da-r2-9-o-d-09:07","endpoint",1.2500636586956,NA,NA,NA,"ok","",NA,0
"s2-du-a1-1-o-d-09:21","goAquaFlux",0.00714090873317682,0.00714090873317682,0,0,"ok","",NA,0.140000000130385
"s2-du-a1-1-o-d-09:21","goFlux_noSep",0.00714090873317682,NA,NA,NA,"ok","",NA,0.090000000083819
"s2-du-a1-1-o-d-09:21","FS_default",-0.000377831012766064,-0.000377831012766064,0,0,"ok","",0,0.21999999997206
"s2-du-a1-1-o-d-09:21","MSP",0.0227610395625837,0.0117883812113045,0.0109726583512792,8,"ok","",NA,0.0100000000093132
"s2-du-a1-1-o-d-09:21","endpoint",0.00600472871546055,NA,NA,NA,"ok","",NA,0
"s2-du-a1-2-o-d-09:36","goAquaFlux",0.0063315237362826,0.0063315237362826,0,0,"ok","",NA,0.159999999916181
"s2-du-a1-2-o-d-09:36","goFlux_noSep",0.0063315237362826,NA,NA,NA,"ok","",NA,0.139999999897555
"s2-du-a1-2-o-d-09:36","FS_default",0.00585486227724873,0.00585486227724873,0,0,"ok","",0,0.270000000018626
"s2-du-a1-2-o-d-09:36","MSP",0.0185454025989422,0.00990619878986108,0.00863920380908108,11,"ok","",NA,0.0300000000279397
"s2-du-a1-2-o-d-09:36","endpoint",0.00625697312326818,NA,NA,NA,"ok","",NA,0
"s2-du-a1-3-o-d-09:48","goAquaFlux",-0.050228363427019,-0.050228363427019,0,0,"ok","",NA,0.300000000046566
"s2-du-a1-3-o-d-09:48","goFlux_noSep",-0.050228363427019,NA,NA,NA,"ok","",NA,0.149999999906868
"s2-du-a1-3-o-d-09:48","FS_default",0.00684064195754501,0.00684064195754501,0,0,"ok","",0,0.28000000002794
"s2-du-a1-3-o-d-09:48","MSP",0.00801016287350728,0.00707333780582851,0.000936825067678763,2,"ok","",NA,0
"s2-du-a1-3-o-d-09:48","endpoint",-0.131254929809903,NA,NA,NA,"ok","",NA,0
"s2-du-a1-9-o-d-11:40","goAquaFlux",0.0121950328854284,0.0121950328854284,0,0,"ok","",NA,0.229999999981374
"s2-du-a1-9-o-d-11:40","goFlux_noSep",0.0121950328854284,NA,NA,NA,"ok","",NA,0.140000000130385
"s2-du-a1-9-o-d-11:40","FS_default",0.00805857870024946,0.00805857870024946,0,0,"ok","",0,0.349999999860302
"s2-du-a1-9-o-d-11:40","MSP",0.0170167635793084,0.00579327273271371,0.0112234908465947,25,"ok","",NA,0.0800000000745058
"s2-du-a1-9-o-d-11:40","endpoint",0.00839058385588478,NA,NA,NA,"ok","",NA,0
"s2-du-a2-1-o-d-08:54","goAquaFlux",0.0584397973038458,0.0584397973038458,0,0,"ok","Inf replaced by maximum positive value",NA,0.28000000002794
"s2-du-a2-1-o-d-08:54","goFlux_noSep",0.0584397973038458,NA,NA,NA,"ok","",NA,0.179999999934807
"s2-du-a2-1-o-d-08:54","FS_default",0.0578008648563023,0.0578008648563023,0,0,"ok","",0,0.300000000046566
"s2-du-a2-1-o-d-08:54","MSP",0.0552000507695289,0.0425382734314424,0.0126617773380865,7,"ok","",NA,0.0500000000465661
"s2-du-a2-1-o-d-08:54","endpoint",0.0577552833086504,NA,NA,NA,"ok","",NA,0
"s2-du-a2-15-o-d-13:26","goAquaFlux",NA,NA,0.0154526886869465,1,"ok","",NA,0.0300000000279397
"s2-du-a2-15-o-d-13:26","goFlux_noSep",0.137349716067764,NA,NA,NA,"ok","",NA,0.169999999925494
"s2-du-a2-15-o-d-13:26","FS_default",0.074998373780678,0.074998373780678,0,0,"ok","",0,0.300000000046566
"s2-du-a2-15-o-d-13:26","MSP",1.98601832246827,1.96479841186538,0.0212199106028824,2,"ok","",NA,0.0100000000093132
"s2-du-a2-15-o-d-13:26","endpoint",0.11396814297273,NA,NA,NA,"ok","",NA,0
"s2-du-a2-2-o-d-09:15","goAquaFlux",0.252441058185107,0.252441058185107,0,0,"ok","",NA,0.21999999997206
"s2-du-a2-2-o-d-09:15","goFlux_noSep",0.252441058185107,NA,NA,NA,"ok","",NA,0.109999999869615
"s2-du-a2-2-o-d-09:15","FS_default",0.144328456242797,0.144328456242797,0,0,"ok","",0,0.25
"s2-du-a2-2-o-d-09:15","MSP",0.171512879793081,0.151697579454278,0.0198153003388026,8,"ok","",NA,0.0400000000372529
"s2-du-a2-2-o-d-09:15","endpoint",0.176814074511011,NA,NA,NA,"ok","",NA,0
"s2-du-p1-3-o-d-09:31","goAquaFlux",-0.00167988017014157,-0.00167988017014157,0,0,"ok","",NA,0.25
"s2-du-p1-3-o-d-09:31","goFlux_noSep",-0.00167988017014157,NA,NA,NA,"ok","",NA,0.110000000102445
"s2-du-p1-3-o-d-09:31","FS_default",0.014066051812028,0.014066051812028,0,0,"ok","",0,0.25
"s2-du-p1-3-o-d-09:31","MSP",0.242317009404938,0.0788337164978541,0.163483292907084,16,"ok","",NA,0.0300000000279397
"s2-du-p1-3-o-d-09:31","endpoint",-0.0017907775618344,NA,NA,NA,"ok","",NA,0
"s2-du-p1-6-o-d-10:23","goAquaFlux",0.00831294163969365,0.00831294163969365,0,0,"ok","",NA,0.289999999804422
"s2-du-p1-6-o-d-10:23","goFlux_noSep",0.00831294163969365,NA,NA,NA,"ok","",NA,0.0700000000651926
"s2-du-p1-6-o-d-10:23","FS_default",0.00398479182610953,0.00398479182610953,0,0,"ok","",0,0.320000000065193
"s2-du-p1-6-o-d-10:23","MSP",0.124532646978052,0.042040681348735,0.0824919656293175,11,"ok","",NA,0.0400000000372529
"s2-du-p1-6-o-d-10:23","endpoint",0.00561074344993751,NA,NA,NA,"ok","",NA,0
"s2-du-p1-7-o-d-10:40","goAquaFlux",0.00753284637044415,0.00753284637044415,0,0,"ok","",NA,0.21999999997206
"s2-du-p1-7-o-d-10:40","goFlux_noSep",0.00753284637044415,NA,NA,NA,"ok","",NA,0.139999999897555
"s2-du-p1-7-o-d-10:40","FS_default",-0.00626769850279829,-0.00626769850279829,0,0,"ok","",0,0.199999999953434
"s2-du-p1-7-o-d-10:40","MSP",0.148951513140676,0.0473000371992017,0.101651475941474,11,"ok","",NA,0.0500000000465661
"s2-du-p1-7-o-d-10:40","endpoint",0.0356819939229271,NA,NA,NA,"ok","",NA,0
"s2-du-p2-1-o-d-09:17","goAquaFlux",-0.0118475206119995,-0.0118475206119995,0,0,"ok","",NA,0.21999999997206
"s2-du-p2-1-o-d-09:17","goFlux_noSep",-0.0118475206119995,NA,NA,NA,"ok","",NA,0.140000000130385
"s2-du-p2-1-o-d-09:17","FS_default",-0.00831847236304977,-0.00831847236304977,0,0,"ok","",0,0.28000000002794
"s2-du-p2-1-o-d-09:17","MSP",0.0113478367605185,0.00594458482861414,0.00540325193190432,15,"ok","",NA,0.0399999998044223
"s2-du-p2-1-o-d-09:17","endpoint",-0.0131921418540555,NA,NA,NA,"ok","",NA,0
"s2-du-p2-3-o-d-10:11","goAquaFlux",0.000184209409281783,0.000184209409281783,0,0,"ok","",NA,0.150000000139698
"s2-du-p2-3-o-d-10:11","goFlux_noSep",0.000184209409281783,NA,NA,NA,"ok","",NA,0.129999999888241
"s2-du-p2-3-o-d-10:11","FS_default",0.000161501828995668,0.000161501828995668,0,0,"ok","",0,0.25
"s2-du-p2-3-o-d-10:11","MSP",0.0174898556677949,0.00937876572543665,0.00811108994235821,16,"ok","",NA,0.0300000000279397
"s2-du-p2-3-o-d-10:11","endpoint",0.00018125639971178,NA,NA,NA,"ok","",NA,0
"s2-du-p2-5-o-d-10:43","goAquaFlux",6.12573354421433e-05,6.12573354421433e-05,0,0,"ok","",NA,0.25
"s2-du-p2-5-o-d-10:43","goFlux_noSep",6.12573354421433e-05,NA,NA,NA,"ok","",NA,0.150000000139698
"s2-du-p2-5-o-d-10:43","FS_default",4.02378325371439e-05,4.02378325371439e-05,0,0,"ok","",0,0.329999999841675
"s2-du-p2-5-o-d-10:43","MSP",NA,NA,0.00643736869079084,10,"ok","no valid diffusive segment",NA,0.0500000000465661
"s2-du-p2-5-o-d-10:43","endpoint",6.90600726627054e-05,NA,NA,NA,"ok","",NA,0
"s2-du-r1-11-o-d-12:07","goAquaFlux",5.96388914554026,5.96388914554026,0,0,"ok","",NA,0.159999999916181
"s2-du-r1-11-o-d-12:07","goFlux_noSep",5.96388914554026,NA,NA,NA,"ok","",NA,0.120000000111759
"s2-du-r1-11-o-d-12:07","FS_default",2.91887363601474,2.91887363601474,0,0,"ok","",0,0.239999999990687
"s2-du-r1-11-o-d-12:07","MSP",3.95024181874819,3.64986999247782,0.30037182627037,5,"ok","",NA,0.0100000000093132
"s2-du-r1-11-o-d-12:07","endpoint",3.84239360502313,NA,NA,NA,"ok","",NA,0
"s2-du-r1-4-o-d-10:07","goAquaFlux",0.0336046742067409,0.0336046742067409,0,0,"ok","",NA,0.169999999925494
"s2-du-r1-4-o-d-10:07","goFlux_noSep",0.0336046742067409,NA,NA,NA,"ok","",NA,0.170000000158325
"s2-du-r1-4-o-d-10:07","FS_default",0.0391057627184681,0.0391057627184681,0,0,"ok","",0,0.289999999804422
"s2-du-r1-4-o-d-10:07","MSP",0.114638829268284,0.0466467518343147,0.0679920774339689,13,"ok","",NA,0.0300000000279397
"s2-du-r1-4-o-d-10:07","endpoint",0.0162098849616676,NA,NA,NA,"ok","",NA,0
"s2-du-r1-5-o-d-10:23","goAquaFlux",0.123278818419529,0.123278818419529,0,0,"ok","",NA,0.170000000158325
"s2-du-r1-5-o-d-10:23","goFlux_noSep",0.123278818419529,NA,NA,NA,"ok","",NA,0.139999999897555
"s2-du-r1-5-o-d-10:23","FS_default",0.0758552324234542,0.0758552324234542,0,0,"ok","",0,0.28000000002794
"s2-du-r1-5-o-d-10:23","MSP",0.246910330857115,0.102644461513937,0.144265869343178,14,"ok","",NA,0.0300000000279397
"s2-du-r1-5-o-d-10:23","endpoint",0.0883617443235463,NA,NA,NA,"ok","",NA,0
"s2-du-r2-12-o-d-12:13","goAquaFlux",0.0154594604289535,0.0154594604289535,0,0,"ok","",NA,0.270000000018626
"s2-du-r2-12-o-d-12:13","goFlux_noSep",0.0154594604289535,NA,NA,NA,"ok","",NA,0.139999999897555
"s2-du-r2-12-o-d-12:13","FS_default",0.0135925434393,0.0135925434393,0,0,"ok","",0,0.25
"s2-du-r2-12-o-d-12:13","MSP",0.177909555287152,0.01437890902803,0.163530646259122,18,"ok","",NA,0.0100000000093132
"s2-du-r2-12-o-d-12:13","endpoint",0.0213967841518278,NA,NA,NA,"ok","",NA,0
"s2-du-r2-8-o-d-11:11","goAquaFlux",0.00458521895876797,0.00458521895876797,0,0,"ok","",NA,0.179999999934807
"s2-du-r2-8-o-d-11:11","goFlux_noSep",0.00458521895876797,NA,NA,NA,"ok","",NA,0.150000000139698
"s2-du-r2-8-o-d-11:11","FS_default",-0.00221904355512928,-0.00221904355512928,0,0,"ok","",0,0.270000000018626
"s2-du-r2-8-o-d-11:11","MSP",0.257253601490557,0.0999129601945986,0.157340641295959,19,"ok","",NA,0.0400000000372529
"s2-du-r2-8-o-d-11:11","endpoint",0.00634235162690948,NA,NA,NA,"ok","",NA,0
"s2-du-r2-9-o-d-11:25","goAquaFlux",0.00781769915873877,0.00781769915873877,0,0,"ok","",NA,0.209999999962747
"s2-du-r2-9-o-d-11:25","goFlux_noSep",0.00781769915873877,NA,NA,NA,"ok","",NA,0.0899999998509884
"s2-du-r2-9-o-d-11:25","FS_default",0.0117082978823058,0.0117082978823058,0,0,"ok","",0,0.28000000002794
"s2-du-r2-9-o-d-11:25","MSP",0.200460954553078,0.0453254011663839,0.155135553386694,20,"ok","",NA,0.0300000000279397
"s2-du-r2-9-o-d-11:25","endpoint",0.00933908752963441,NA,NA,NA,"ok","",NA,0
"s2-ri-a2-13-o-d-11:24","goAquaFlux",0.814988910552554,0.706484340531542,0.108504570021012,1,"ok","",NA,0.390000000130385
"s2-ri-a2-13-o-d-11:24","goFlux_noSep",0.734109925499094,NA,NA,NA,"ok","",NA,0.159999999916181
"s2-ri-a2-13-o-d-11:24","FS_default",0.59939035184227,0.59939035184227,0,0,"ok","",0,0.270000000018626
"s2-ri-a2-13-o-d-11:24","MSP",1.00438664262079,0.954591987294596,0.0497946553261886,4,"ok","",NA,0.0100000000093132
"s2-ri-a2-13-o-d-11:24","endpoint",0.678110132916263,NA,NA,NA,"ok","",NA,0
"s2-ri-a2-14-o-d-11:39","goAquaFlux",1.29366286593379,1.21035863121205,0.0833042347217337,2,"ok","",NA,0.229999999981374
"s2-ri-a2-14-o-d-11:39","goFlux_noSep",1.59379251931032,NA,NA,NA,"ok","",NA,0.209999999962747
"s2-ri-a2-14-o-d-11:39","FS_default",1.70976651184329,1.70976651184329,0,0,"ok","",0,0.229999999981374
"s2-ri-a2-14-o-d-11:39","MSP",1.72743839695646,1.67621517712729,0.0512232198291733,3,"ok","",NA,0.0200000000186265
"s2-ri-a2-14-o-d-11:39","endpoint",1.48531281817111,NA,NA,NA,"ok","",NA,0
"s2-ri-a2-15-o-d-11:56","goAquaFlux",4.90160309704398,4.74701261036525,0.154590486678733,1,"ok","",NA,0.209999999962747
"s2-ri-a2-15-o-d-11:56","goFlux_noSep",6.61798754027989,NA,NA,NA,"ok","",NA,0.110000000102445
"s2-ri-a2-15-o-d-11:56","FS_default",2.86631525030367,2.86631525030367,0,0,"ok","",0,0.319999999832362
"s2-ri-a2-15-o-d-11:56","MSP",4.23161533844543,3.96435946494204,0.267255873503389,2,"ok","",NA,0.0100000000093132
"s2-ri-a2-15-o-d-11:56","endpoint",0.857622118035581,NA,NA,NA,"ok","",NA,0
"s2-ri-a2-16-o-d-12:08","goAquaFlux",1.49208664105245,1.49208664105245,0,0,"ok","",NA,0.220000000204891
"s2-ri-a2-16-o-d-12:08","goFlux_noSep",1.49208664105245,NA,NA,NA,"ok","",NA,0.25
"s2-ri-a2-16-o-d-12:08","FS_default",1.46501337919891,1.46501337919891,0,0,"ok","",0,0.299999999813735
"s2-ri-a2-16-o-d-12:08","MSP",2.22488078592849,2.11212784332557,0.112752942602917,5,"ok","",NA,0.0100000000093132
"s2-ri-a2-16-o-d-12:08","endpoint",1.36793256232716,NA,NA,NA,"ok","",NA,0
"s2-ri-p1-12-o-d-12:25","goAquaFlux",0.177755484047296,0.177755484047296,0,0,"ok","",NA,0.25
"s2-ri-p1-12-o-d-12:25","goFlux_noSep",0.177755484047296,NA,NA,NA,"ok","",NA,0.209999999962747
"s2-ri-p1-12-o-d-12:25","FS_default",0.172323050438384,0.172323050438384,0,0,"ok","",0,0.28000000002794
"s2-ri-p1-12-o-d-12:25","MSP",0.224107776573103,0.203868049052583,0.0202397275205205,6,"ok","",NA,0.0100000000093132
"s2-ri-p1-12-o-d-12:25","endpoint",0.178973356904586,NA,NA,NA,"ok","",NA,0
"s2-ri-p1-13-o-d-12:52","goAquaFlux",0.194461107583449,0.194461107583449,0,0,"ok","",NA,0.190000000176951
"s2-ri-p1-13-o-d-12:52","goFlux_noSep",0.194461107583449,NA,NA,NA,"ok","",NA,0.21999999997206
"s2-ri-p1-13-o-d-12:52","FS_default",0.203857823969586,0.203857823969586,0,0,"ok","",0,0.21999999997206
"s2-ri-p1-13-o-d-12:52","MSP",0.20158335050301,0.171308596197388,0.0302747543056214,9,"ok","",NA,0.0100000000093132
"s2-ri-p1-13-o-d-12:52","endpoint",0.199475700505483,NA,NA,NA,"ok","",NA,0
"s2-ri-p1-14-o-d-13:19","goAquaFlux",0.192815238238856,0.192815238238856,0,0,"ok","",NA,0.189999999944121
"s2-ri-p1-14-o-d-13:19","goFlux_noSep",0.192815238238856,NA,NA,NA,"ok","",NA,0.169999999925494
"s2-ri-p1-14-o-d-13:19","FS_default",0.20421077521343,0.20421077521343,0,0,"ok","",0,0.21999999997206
"s2-ri-p1-14-o-d-13:19","MSP",0.282991322909239,0.261133768305433,0.0218575546038062,5,"ok","",NA,0.0300000000279397
"s2-ri-p1-14-o-d-13:19","endpoint",0.197810174494025,NA,NA,NA,"ok","",NA,0
"s2-ri-p1-15-o-d-13:41","goAquaFlux",0.18148501682307,0.18148501682307,0,0,"ok","",NA,0.130000000121072
"s2-ri-p1-15-o-d-13:41","goFlux_noSep",0.18148501682307,NA,NA,NA,"ok","",NA,0.119999999878928
"s2-ri-p1-15-o-d-13:41","FS_default",0.230069653868723,0.230069653868723,0,0,"ok","",0,0.21999999997206
"s2-ri-p1-15-o-d-13:41","MSP",0.22862634999351,0.203118335470521,0.0255080145229895,4,"ok","",NA,0.0100000000093132
"s2-ri-p1-15-o-d-13:41","endpoint",0.18890887650897,NA,NA,NA,"ok","",NA,0
"s2-ri-p1-7-o-d-10:36","goAquaFlux",0.0296770556755499,0.0296770556755499,0,0,"ok","",NA,0.130000000121072
"s2-ri-p1-7-o-d-10:36","goFlux_noSep",0.0296770556755499,NA,NA,NA,"ok","",NA,0.139999999897555
"s2-ri-p1-7-o-d-10:36","FS_default",0.0243505234678159,0.0243505234678159,0,0,"ok","",0,0.28000000002794
"s2-ri-p1-7-o-d-10:36","MSP",0.0293438621421102,0.0170941979382879,0.0122496642038223,9,"ok","",NA,0.0300000000279397
"s2-ri-p1-7-o-d-10:36","endpoint",0.0239847171610332,NA,NA,NA,"ok","",NA,0
"s2-ri-p1-8-o-d-10:47","goAquaFlux",0.0354508817199553,0.0354508817199553,0,0,"ok","",NA,0.199999999953434
"s2-ri-p1-8-o-d-10:47","goFlux_noSep",0.0354508817199553,NA,NA,NA,"ok","",NA,0.100000000093132
"s2-ri-p1-8-o-d-10:47","FS_default",0.0188319907254161,0.0188319907254161,0,0,"ok","",0,0.260000000009313
"s2-ri-p1-8-o-d-10:47","MSP",0.0378952474011836,0.0293089478439376,0.00858629955724601,10,"ok","",NA,0.0300000000279397
"s2-ri-p1-8-o-d-10:47","endpoint",0.0230048140799545,NA,NA,NA,"ok","",NA,0
"s2-ri-p1-9-o-d-11:10","goAquaFlux",0.0286856677323782,0.0286856677323782,0,0,"ok","",NA,0.25
"s2-ri-p1-9-o-d-11:10","goFlux_noSep",0.0286856677323782,NA,NA,NA,"ok","",NA,0.109999999869615
"s2-ri-p1-9-o-d-11:10","FS_default",0.0170248770879568,0.0170248770879568,0,0,"ok","",0,0.300000000046566
"s2-ri-p1-9-o-d-11:10","MSP",0.0392281421812024,0.0226648526844618,0.0165632894967406,18,"ok","",NA,0.0300000000279397
"s2-ri-p1-9-o-d-11:10","endpoint",0.0211957471323509,NA,NA,NA,"ok","",NA,0
"s2-ri-r2-1-o-d-12:32","goAquaFlux",1.47233346578174,1.47233346578174,0,0,"ok","",NA,0.21999999997206
"s2-ri-r2-1-o-d-12:32","goFlux_noSep",1.47233346578174,NA,NA,NA,"ok","",NA,0.109999999869615
"s2-ri-r2-1-o-d-12:32","FS_default",0.939748300081686,0.939748300081686,0,0,"ok","",0,0.820000000065193
"s2-ri-r2-1-o-d-12:32","MSP",1.67683171145129,1.41930290111608,0.257528810335206,9,"ok","",NA,0.0400000000372529
"s2-ri-r2-1-o-d-12:32","endpoint",1.55406093230916,NA,NA,NA,"ok","",NA,0
"s2-ri-r2-2-o-d-12:47","goAquaFlux",4.99014601490812,4.99014601490812,0,0,"ok","",NA,0.209999999962747
"s2-ri-r2-2-o-d-12:47","goFlux_noSep",4.99014601490812,NA,NA,NA,"ok","",NA,0.120000000111759
"s2-ri-r2-2-o-d-12:47","FS_default",2.5787664469683,2.5787664469683,0,0,"ok","",0,0.25
"s2-ri-r2-2-o-d-12:47","MSP",2.85221642538193,2.5217437625221,0.330472662859832,7,"ok","",NA,0.0399999998044223
"s2-ri-r2-2-o-d-12:47","endpoint",3.1156634781199,NA,NA,NA,"ok","",NA,0
"s2-ri-r2-3-o-d-13:26","goAquaFlux",1.25168620100679,1.23539807894444,0.0162881220623582,1,"ok","",NA,0.25
"s2-ri-r2-3-o-d-13:26","goFlux_noSep",1.40129382735133,NA,NA,NA,"ok","",NA,0.090000000083819
"s2-ri-r2-3-o-d-13:26","FS_default",0.810866403289047,0.810866403289047,0,0,"ok","",0,0.189999999944121
"s2-ri-r2-3-o-d-13:26","MSP",1.22965397914035,1.14435147169165,0.0853025074486929,5,"ok","",NA,0.0300000000279397
"s2-ri-r2-3-o-d-13:26","endpoint",0.867426730573921,NA,NA,NA,"ok","",NA,0
"s2-va-a1-1-o-d-10:02","goAquaFlux",0.0123351175732603,0.0123351175732603,0,0,"ok","",NA,0.189999999944121
"s2-va-a1-1-o-d-10:02","goFlux_noSep",0.0123351175732603,NA,NA,NA,"ok","",NA,0.090000000083819
"s2-va-a1-1-o-d-10:02","FS_default",0.00733957123105357,0.00733957123105357,0,0,"ok","",0,0.28000000002794
"s2-va-a1-1-o-d-10:02","MSP",0.025409624091954,0.0122839851557153,0.0131256389362387,17,"ok","",NA,0.0300000000279397
"s2-va-a1-1-o-d-10:02","endpoint",0.00865097218577812,NA,NA,NA,"ok","",NA,0
"s2-va-a1-15-o-d-14:49","goAquaFlux",0.220995190416067,0.220995190416067,0,0,"ok","",NA,0.189999999944121
"s2-va-a1-15-o-d-14:49","goFlux_noSep",0.220995190416067,NA,NA,NA,"ok","",NA,0.090000000083819
"s2-va-a1-15-o-d-14:49","FS_default",0.101273435106484,0.101273435106484,0,0,"ok","",0,0.189999999944121
"s2-va-a1-15-o-d-14:49","MSP",0.136457688291266,0.114065190623627,0.022392497667638,5,"ok","",NA,0.0200000000186265
"s2-va-a1-15-o-d-14:49","endpoint",0.130666688470827,NA,NA,NA,"ok","",NA,0
"s2-va-a1-2-o-d-10:21","goAquaFlux",0.0305850081471642,0.0305850081471642,0,0,"ok","",NA,0.290000000037253
"s2-va-a1-2-o-d-10:21","goFlux_noSep",0.0305850081471642,NA,NA,NA,"ok","",NA,0.109999999869615
"s2-va-a1-2-o-d-10:21","FS_default",0.0171842163193492,0.0171842163193492,0,0,"ok","",0,0.28000000002794
"s2-va-a1-2-o-d-10:21","MSP",0.0441291387711138,0.0218950191107097,0.0222341196604041,13,"ok","",NA,0.0400000000372529
"s2-va-a1-2-o-d-10:21","endpoint",0.0227324585572355,NA,NA,NA,"ok","",NA,0
"s2-va-a1-5-o-d-11:15","goAquaFlux",0.225914921305118,0.225914921305118,0,0,"ok","",NA,0.169999999925494
"s2-va-a1-5-o-d-11:15","goFlux_noSep",0.225914921305118,NA,NA,NA,"ok","",NA,0.090000000083819
"s2-va-a1-5-o-d-11:15","FS_default",0.190163978740629,0.190163978740629,0,0,"ok","",0,0.199999999953434
"s2-va-a1-5-o-d-11:15","MSP",0.210221479212749,0.186740219123969,0.0234812600887803,5,"ok","",NA,0.0200000000186265
"s2-va-a1-5-o-d-11:15","endpoint",0.198320576273465,NA,NA,NA,"ok","",NA,0
"s2-va-a1-8-o-d-12:25","goAquaFlux",0.188769292990546,0.176056261327732,0.0127130316628145,1,"ok","",NA,0.25
"s2-va-a1-8-o-d-12:25","goFlux_noSep",0.125352368688024,NA,NA,NA,"ok","",NA,0.110000000102445
"s2-va-a1-8-o-d-12:25","FS_default",0.0965981040223774,0.0965981040223774,0,0,"ok","",0,0.209999999962747
"s2-va-a1-8-o-d-12:25","MSP",0.149610576699918,0.129486971243554,0.0201236054563644,6,"ok","",NA,0.0100000000093132
"s2-va-a1-8-o-d-12:25","endpoint",0.12357375902967,NA,NA,NA,"ok","",NA,0
"s2-va-a1-9-o-d-12:42","goAquaFlux",0.152431584792245,0.152431584792245,0,0,"ok","",NA,0.139999999897555
"s2-va-a1-9-o-d-12:42","goFlux_noSep",0.152431584792245,NA,NA,NA,"ok","",NA,0.130000000121072
"s2-va-a1-9-o-d-12:42","FS_default",0.11868365865311,0.11868365865311,0,0,"ok","",0,0.260000000009313
"s2-va-a1-9-o-d-12:42","MSP",0.168154507774799,0.140813340078301,0.0273411676964978,8,"ok","",NA,0.0499999998137355
"s2-va-a1-9-o-d-12:42","endpoint",0.1760514796182,NA,NA,NA,"ok","",NA,0
"s2-va-a2-1-o-d-09:13","goAquaFlux",0.355639488562998,0.355639488562998,0,0,"ok","",NA,0.160000000149012
"s2-va-a2-1-o-d-09:13","goFlux_noSep",0.355639488562998,NA,NA,NA,"ok","",NA,0.119999999878928
"s2-va-a2-1-o-d-09:13","FS_default",0.272267681944161,0.272267681944161,0,0,"ok","series regularized",0,0.21999999997206
"s2-va-a2-1-o-d-09:13","MSP",0.291113518734366,0.207248955024098,0.0838645637102677,12,"ok","series regularized",NA,0.0300000000279397
"s2-va-a2-1-o-d-09:13","endpoint",0.260986707890994,NA,NA,NA,"ok","",NA,0
"s2-va-a2-10-o-d-11:56","goAquaFlux",0.532771650335208,0.532771650335208,0,0,"ok","",NA,0.110000000102445
"s2-va-a2-10-o-d-11:56","goFlux_noSep",0.532771650335208,NA,NA,NA,"ok","",NA,0.109999999869615
"s2-va-a2-10-o-d-11:56","FS_default",NA,NA,0,0,"ok","no diffusive segment accepted by FS | series regularized",0,0.200000000186265
"s2-va-a2-10-o-d-11:56","MSP",0.553911078273547,0.374701403874817,0.17920967439873,7,"ok","series regularized",NA,0.0399999998044223
"s2-va-a2-10-o-d-11:56","endpoint",0.343196650036553,NA,NA,NA,"ok","",NA,0
"s2-va-a2-11-o-d-12:03","goAquaFlux",0.970683064474712,0.970683064474712,0,0,"ok","",NA,0.28000000002794
"s2-va-a2-11-o-d-12:03","goFlux_noSep",0.970683064474712,NA,NA,NA,"ok","",NA,0.090000000083819
"s2-va-a2-11-o-d-12:03","FS_default",0.677507357227937,0.677507357227937,0,0,"ok","series regularized",0,0.310000000055879
"s2-va-a2-11-o-d-12:03","MSP",0.881707168100584,0.563024002929743,0.318683165170841,11,"ok","series regularized",NA,0.0300000000279397
"s2-va-a2-11-o-d-12:03","endpoint",0.849674416724151,NA,NA,NA,"ok","",NA,0
"s2-va-a2-12-o-d-12:20","goAquaFlux",0.961682231342624,0.961682231342624,0,0,"ok","",NA,0.289999999804422
"s2-va-a2-12-o-d-12:20","goFlux_noSep",0.961682231342624,NA,NA,NA,"ok","",NA,0.140000000130385
"s2-va-a2-12-o-d-12:20","FS_default",NA,NA,0,0,"ok","no diffusive segment accepted by FS | series regularized",0,0.28000000002794
"s2-va-a2-12-o-d-12:20","MSP",0.906842749018238,0.650540960331285,0.256301788686953,7,"ok","series regularized",NA,0.0300000000279397
"s2-va-a2-12-o-d-12:20","endpoint",0.684008503420268,NA,NA,NA,"ok","",NA,0
"s2-va-a2-2-o-d-09:29","goAquaFlux",0.244466020953646,0.244466020953646,0,0,"ok","",NA,0.159999999916181
"s2-va-a2-2-o-d-09:29","goFlux_noSep",0.244466020953646,NA,NA,NA,"ok","",NA,0.0700000000651926
"s2-va-a2-2-o-d-09:29","FS_default",0.131457545683749,0.131457545683749,0,0,"ok","series regularized",0,0.209999999962747
"s2-va-a2-2-o-d-09:29","MSP",0.528807239417128,0.33543459566578,0.193372643751348,5,"ok","series regularized",NA,0
"s2-va-a2-2-o-d-09:29","endpoint",0.271958169095435,NA,NA,NA,"ok","",NA,0
"s2-va-a2-3-o-d-09:36","goAquaFlux",0.299546766484005,0.299546766484005,0,0,"ok","",NA,0.189999999944121
"s2-va-a2-3-o-d-09:36","goFlux_noSep",0.299546766484005,NA,NA,NA,"ok","",NA,0.0800000000745058
"s2-va-a2-3-o-d-09:36","FS_default",0.176594136750319,0.176594136750319,0,0,"ok","series regularized",0,0.229999999981374
"s2-va-a2-3-o-d-09:36","MSP",0.419449828765509,0.3176639070364,0.101785921729109,4,"ok","series regularized",NA,0.0200000000186265
"s2-va-a2-3-o-d-09:36","endpoint",0.234409155005559,NA,NA,NA,"ok","",NA,0
"s2-va-a2-6-o-d-10:38","goAquaFlux",0.676934085351022,0.676934085351022,0,0,"ok","",NA,0.139999999897555
"s2-va-a2-6-o-d-10:38","goFlux_noSep",0.676934085351022,NA,NA,NA,"ok","",NA,0.090000000083819
"s2-va-a2-6-o-d-10:38","FS_default",0.516303987025144,0.516303987025144,0,0,"ok","series regularized",0,0.270000000018626
"s2-va-a2-6-o-d-10:38","MSP",0.577035958743044,0.483451254929548,0.093584703813496,10,"ok","series regularized",NA,0.0300000000279397
"s2-va-a2-6-o-d-10:38","endpoint",0.540164119337833,NA,NA,NA,"ok","",NA,0
"s2-va-a2-7-o-d-10:54","goAquaFlux",0.505623499982592,0.505623499982592,0,0,"ok","",NA,0.199999999953434
"s2-va-a2-7-o-d-10:54","goFlux_noSep",0.505623499982592,NA,NA,NA,"ok","",NA,0.139999999897555
"s2-va-a2-7-o-d-10:54","FS_default",0.135124225029665,0.135124225029665,0,0,"ok","series regularized",0,0.270000000018626
"s2-va-a2-7-o-d-10:54","MSP",0.495888399568026,0.241477380886463,0.254411018681564,8,"ok","series regularized",NA,0
"s2-va-a2-7-o-d-10:54","endpoint",0.241223511942186,NA,NA,NA,"ok","",NA,0
"s2-va-p1-6-o-d-10:34","goAquaFlux",0.00583410319940534,0.00583410319940534,0,0,"ok","",NA,0.179999999934807
"s2-va-p1-6-o-d-10:34","goFlux_noSep",0.00583410319940534,NA,NA,NA,"ok","",NA,0.110000000102445
"s2-va-p1-6-o-d-10:34","FS_default",0.00363197628418591,0.00363197628418591,0,0,"ok","series regularized",0,0.25
"s2-va-p1-6-o-d-10:34","MSP",0.15925753597206,0.0710251519064342,0.0882323840656262,17,"ok","series regularized",NA,0.0500000000465661
"s2-va-p1-6-o-d-10:34","endpoint",0.00992078394065863,NA,NA,NA,"ok","",NA,0
"s2-va-p1-8-o-d-11:07","goAquaFlux",0.0188097008605772,0.0188097008605772,0,0,"ok","",NA,0.189999999944121
"s2-va-p1-8-o-d-11:07","goFlux_noSep",0.0188097008605772,NA,NA,NA,"ok","",NA,0.149999999906868
"s2-va-p1-8-o-d-11:07","FS_default",0.00786935562865173,0.00786935562865173,0,0,"ok","series regularized",0,0.220000000204891
"s2-va-p1-8-o-d-11:07","MSP",0.122020096734386,0.0573345007668761,0.0646855959675097,13,"ok","series regularized",NA,0.0499999998137355
"s2-va-p1-8-o-d-11:07","endpoint",0.00874228014326139,NA,NA,NA,"ok","",NA,0
"s2-va-p2-1-o-d-09:04","goAquaFlux",0.169742808548112,0.169742808548112,0,0,"ok","",NA,0.150000000139698
"s2-va-p2-1-o-d-09:04","goFlux_noSep",0.169742808548112,NA,NA,NA,"ok","",NA,0.189999999944121
"s2-va-p2-1-o-d-09:04","FS_default",0.176982253455577,0.176982253455577,0,0,"ok","",0,0.189999999944121
"s2-va-p2-1-o-d-09:04","MSP",0.124089278441328,0.110096554609397,0.0139927238319307,4,"ok","",NA,0.0500000000465661
"s2-va-p2-1-o-d-09:04","endpoint",0.154623359627223,NA,NA,NA,"ok","",NA,0
"s2-va-p2-2-o-d-09:20","goAquaFlux",0.221165782056535,0.221165782056535,0,0,"ok","",NA,0.340000000083819
"s2-va-p2-2-o-d-09:20","goFlux_noSep",0.221165782056535,NA,NA,NA,"ok","",NA,0.189999999944121
"s2-va-p2-2-o-d-09:20","FS_default",0.204229494885409,0.204229494885409,0,0,"ok","",0,0.25
"s2-va-p2-2-o-d-09:20","MSP",0.224250377675657,0.200636671296137,0.0236137063795201,4,"ok","",NA,0.0400000000372529
"s2-va-p2-2-o-d-09:20","endpoint",0.211544274301494,NA,NA,NA,"ok","",NA,0
"s2-va-p2-3-o-d-09:35","goAquaFlux",0.386942159256113,0.386942159256113,0,0,"ok","",NA,0.379999999888241
"s2-va-p2-3-o-d-09:35","goFlux_noSep",0.386942159256113,NA,NA,NA,"ok","",NA,0.130000000121072
"s2-va-p2-3-o-d-09:35","FS_default",0.303202509047089,0.303202509047089,0,0,"ok","",0,0.189999999944121
"s2-va-p2-3-o-d-09:35","MSP",0.334325741592178,0.291315557155582,0.0430101844365955,7,"ok","",NA,0.0100000000093132
"s2-va-p2-3-o-d-09:35","endpoint",0.326883047102514,NA,NA,NA,"ok","",NA,0
"s2-va-p2-4-o-d-09:48","goAquaFlux",NA,NA,0.133026923442434,2,"ok","",NA,0.0600000000558794
"s2-va-p2-4-o-d-09:48","goFlux_noSep",1.18297651412489,NA,NA,NA,"ok","",NA,0.109999999869615
"s2-va-p2-4-o-d-09:48","FS_default",0.511792978700073,0.511792978700073,0,0,"ok","",0,0.209999999962747
"s2-va-p2-4-o-d-09:48","MSP",2.15928188765868,2.06336596110757,0.0959159265511083,5,"ok","",NA,0.0100000000093132
"s2-va-p2-4-o-d-09:48","endpoint",0.666370950320646,NA,NA,NA,"ok","",NA,0
"s2-va-p2-5-o-d-10:05","goAquaFlux",0.570644114280693,0.138594853859997,0.432049260420696,2,"ok","",NA,0.300000000046566
"s2-va-p2-5-o-d-10:05","goFlux_noSep",0.0897011102417414,NA,NA,NA,"ok","",NA,0.090000000083819
"s2-va-p2-5-o-d-10:05","FS_default",0.0577406242719796,0.0577406242719796,0,0,"ok","",0,0.28000000002794
"s2-va-p2-5-o-d-10:05","MSP",NA,NA,5.5169395283255,4,"ok","no valid diffusive segment",NA,0.0200000000186265
"s2-va-p2-5-o-d-10:05","endpoint",0.0314302735213814,NA,NA,NA,"ok","",NA,0
"s2-va-p2-6-o-d-10:18","goAquaFlux",0.314246893505773,0.314246893505773,0,0,"ok","",NA,0.339999999850988
"s2-va-p2-6-o-d-10:18","goFlux_noSep",0.314246893505773,NA,NA,NA,"ok","",NA,0.140000000130385
"s2-va-p2-6-o-d-10:18","FS_default",0.294724383264867,0.294724383264867,0,0,"ok","",0,0.189999999944121
"s2-va-p2-6-o-d-10:18","MSP",0.311630077296813,0.235865423790983,0.0757646535058295,10,"ok","",NA,0.0400000000372529
"s2-va-p2-6-o-d-10:18","endpoint",0.31154522611471,NA,NA,NA,"ok","",NA,0
"s2-va-p2-7-o-d-10:35","goAquaFlux",NA,NA,7.74476791801762,3,"ok","",NA,0.179999999934807
"s2-va-p2-7-o-d-10:35","goFlux_noSep",1.5962295591172,NA,NA,NA,"ok","",NA,0.21999999997206
"s2-va-p2-7-o-d-10:35","FS_default",18.646419444659,0.671411997504663,17.9750074471544,1,"ok","",0,0.260000000009313
"s2-va-p2-7-o-d-10:35","MSP",77.1186153900651,77.1151531973718,0.00346219269332041,1,"ok","",NA,0.0200000000186265
"s2-va-p2-7-o-d-10:35","endpoint",9.91715506783568,NA,NA,NA,"ok","",NA,0
"s2-va-p2-8-o-d-10:53","goAquaFlux",0.314271020668742,0.314271020668742,0,0,"ok","",NA,0.229999999981374
"s2-va-p2-8-o-d-10:53","goFlux_noSep",0.314271020668742,NA,NA,NA,"ok","",NA,0.159999999916181
"s2-va-p2-8-o-d-10:53","FS_default",NA,NA,0,0,"ok","diffusive_flux: [38;5;255m[36mℹ[38;5;255m In argument: `.data$term == ""time""`.[39m
[1mCaused by error in `.data$term`:[22m
[38;5;255m[33m![38;5;255m Column `term` not found in `.data`.[39m | no diffusive segment accepted by FS",0,0.370000000111759
"s2-va-p2-8-o-d-10:53","MSP",0.452748122714224,0.213817731316958,0.238930391397266,1,"ok","",NA,0
"s2-va-p2-8-o-d-10:53","endpoint",0.44064329646095,NA,NA,NA,"ok","",NA,0
"s2-va-r1-1-o-d-09:18","goAquaFlux",0.0648009998097944,0.0648009998097944,0,0,"ok","",NA,0.189999999944121
"s2-va-r1-1-o-d-09:18","goFlux_noSep",0.0648009998097944,NA,NA,NA,"ok","",NA,0.090000000083819
"s2-va-r1-1-o-d-09:18","FS_default",0.0365103642922066,0.0365103642922066,0,0,"ok","",0,0.209999999962747
"s2-va-r1-1-o-d-09:18","MSP",0.128056096434408,0.118644229461276,0.00941186697313181,3,"ok","",NA,0.0100000000093132
"s2-va-r1-1-o-d-09:18","endpoint",0.0696720420478653,NA,NA,NA,"ok","",NA,0
"s2-va-r1-13-o-d-13:24","goAquaFlux",0.227233570439041,0.227233570439041,0,0,"ok","",NA,0.109999999869615
"s2-va-r1-13-o-d-13:24","goFlux_noSep",0.227233570439041,NA,NA,NA,"ok","",NA,0.110000000102445
"s2-va-r1-13-o-d-13:24","FS_default",0.0910367419365688,0.0910367419365688,0,0,"ok","",0,0.21999999997206
"s2-va-r1-13-o-d-13:24","MSP",0.152347001973423,0.135299483710351,0.0170475182630725,4,"ok","",NA,0.0300000000279397
"s2-va-r1-13-o-d-13:24","endpoint",0.124242580702295,NA,NA,NA,"ok","",NA,0
"s2-va-r1-2-o-d-09:35","goAquaFlux",0.0614171508442444,0.0614171508442444,0,0,"ok","",NA,0.179999999934807
"s2-va-r1-2-o-d-09:35","goFlux_noSep",0.0614171508442444,NA,NA,NA,"ok","",NA,0.100000000093132
"s2-va-r1-2-o-d-09:35","FS_default",0.0479445752070916,0.0479445752070916,0,0,"ok","",0,0.229999999981374
"s2-va-r1-2-o-d-09:35","MSP",0.100831144960852,0.0871295040724219,0.0137016408884302,7,"ok","",NA,0.0200000000186265
"s2-va-r1-2-o-d-09:35","endpoint",0.0749977464935496,NA,NA,NA,"ok","",NA,0
"s2-va-r1-3-o-d-09:49","goAquaFlux",0.0482451098800912,0.0482451098800912,0,0,"ok","",NA,0.189999999944121
"s2-va-r1-3-o-d-09:49","goFlux_noSep",0.0482451098800912,NA,NA,NA,"ok","",NA,0.090000000083819
"s2-va-r1-3-o-d-09:49","FS_default",0.0487699071833867,0.0487699071833867,0,0,"ok","",0,0.299999999813735
"s2-va-r1-3-o-d-09:49","MSP",0.334590687618517,0.323535084497944,0.0110556031205729,3,"ok","",NA,0.0300000000279397
"s2-va-r1-3-o-d-09:49","endpoint",0.0984447348662871,NA,NA,NA,"ok","",NA,0
"s2-va-r1-4-o-d-10:03","goAquaFlux",0.0489716421769609,0.0489716421769609,0,0,"ok","",NA,0.170000000158325
"s2-va-r1-4-o-d-10:03","goFlux_noSep",0.0489716421769609,NA,NA,NA,"ok","",NA,0.189999999944121
"s2-va-r1-4-o-d-10:03","FS_default",0.051083394191139,0.051083394191139,0,0,"ok","",0,0.260000000009313
"s2-va-r1-4-o-d-10:03","MSP",0.0541750441689853,0.0521249883251555,0.00205005584382976,2,"ok","",NA,0.0200000000186265
"s2-va-r1-4-o-d-10:03","endpoint",-0.0158738436165503,NA,NA,NA,"ok","",NA,0
"s2-va-r1-5-o-d-10:22","goAquaFlux",0.0540091376265446,0.0540091376265446,0,0,"ok","",NA,0.119999999878928
"s2-va-r1-5-o-d-10:22","goFlux_noSep",0.0540091376265446,NA,NA,NA,"ok","",NA,0.140000000130385
"s2-va-r1-5-o-d-10:22","FS_default",0.0257408576267307,0.0257408576267307,0,0,"ok","",0,0.28000000002794
"s2-va-r1-5-o-d-10:22","MSP",0.0504355930961029,0.0246928955632875,0.0257426975328154,19,"ok","",NA,0.0399999998044223
"s2-va-r1-5-o-d-10:22","endpoint",0.0306013881811891,NA,NA,NA,"ok","",NA,0
"s2-va-r1-6-o-d-10:42","goAquaFlux",0.04255523444176,0.04255523444176,0,0,"ok","",NA,0.140000000130385
"s2-va-r1-6-o-d-10:42","goFlux_noSep",0.04255523444176,NA,NA,NA,"ok","",NA,0.119999999878928
"s2-va-r1-6-o-d-10:42","FS_default",0.0414473320311936,0.0414473320311936,0,0,"ok","",0,0.25
"s2-va-r1-6-o-d-10:42","MSP",0.0497526993045883,0.0268716808219438,0.0228810184826446,19,"ok","",NA,0.0500000000465661
"s2-va-r1-6-o-d-10:42","endpoint",0.0389233500025672,NA,NA,NA,"ok","",NA,0
"s2-va-r1-7-o-d-11:01","goAquaFlux",0.246647766730693,0.246647766730693,0,0,"ok","",NA,0.140000000130385
"s2-va-r1-7-o-d-11:01","goFlux_noSep",0.246647766730693,NA,NA,NA,"ok","",NA,0.0899999998509884
"s2-va-r1-7-o-d-11:01","FS_default",0.185710832344607,0.185710832344607,0,0,"ok","",0,0.330000000074506
"s2-va-r1-7-o-d-11:01","MSP",0.199151372650235,0.168401017607465,0.0307503550427696,10,"ok","",NA,0.0200000000186265
"s2-va-r1-7-o-d-11:01","endpoint",0.188441730560704,NA,NA,NA,"ok","",NA,0
"s2-va-r1-8-o-d-11:15","goAquaFlux",0.125674189087092,0.125674189087092,0,0,"ok","",NA,0.149999999906868
"s2-va-r1-8-o-d-11:15","goFlux_noSep",0.125674189087092,NA,NA,NA,"ok","",NA,0.160000000149012
"s2-va-r1-8-o-d-11:15","FS_default",0.0674149364214821,0.0674149364214821,0,0,"ok","",0,0.25
"s2-va-r1-8-o-d-11:15","MSP",0.0841837664809243,0.0727600654649266,0.0114237010159977,8,"ok","",NA,0.0100000000093132
"s2-va-r1-8-o-d-11:15","endpoint",0.0786746906981189,NA,NA,NA,"ok","",NA,0
"s3-ca-a1-1-o-d-07:29","goAquaFlux",NA,NA,3.72869720043836,1,"ok","",NA,0.0699999998323619
"s3-ca-a1-1-o-d-07:29","goFlux_noSep",4.09522451270081,NA,NA,NA,"ok","",NA,0.170000000158325
"s3-ca-a1-1-o-d-07:29","FS_default",2.60130369210079,2.60130369210079,0,0,"ok","",0,0.339999999850988
"s3-ca-a1-1-o-d-07:29","MSP",40.0995336383232,35.532533037559,4.56700060076428,3,"ok","",NA,0.0500000000465661
"s3-ca-a1-1-o-d-07:29","endpoint",8.37588943843763,NA,NA,NA,"ok","",NA,0
"s3-ca-a1-12-o-d-10:49","goAquaFlux",0.143905554417783,0.143905554417783,0,0,"ok","",NA,0.28000000002794
"s3-ca-a1-12-o-d-10:49","goFlux_noSep",0.143905554417783,NA,NA,NA,"ok","",NA,0.159999999916181
"s3-ca-a1-12-o-d-10:49","FS_default",0.171485748672911,0.171485748672911,0,0,"ok","",0,0.200000000186265
"s3-ca-a1-12-o-d-10:49","MSP",0.533513061441629,0.502308482040716,0.0312045794009137,8,"ok","",NA,0.029999999795109
"s3-ca-a1-12-o-d-10:49","endpoint",0.115437867178688,NA,NA,NA,"ok","",NA,0
"s3-ca-a1-14-o-d-11:27","goAquaFlux",0.152206659832744,0.152206659832744,0,0,"ok","",NA,0.190000000176951
"s3-ca-a1-14-o-d-11:27","goFlux_noSep",0.152206659832744,NA,NA,NA,"ok","",NA,0.0899999998509884
"s3-ca-a1-14-o-d-11:27","FS_default",0.123923335376851,0.123923335376851,0,0,"ok","",0,0.25
"s3-ca-a1-14-o-d-11:27","MSP",0.120723028256075,0.0991795659982642,0.0215434622578108,7,"ok","",NA,0.0300000000279397
"s3-ca-a1-14-o-d-11:27","endpoint",0.12045953437224,NA,NA,NA,"ok","",NA,0
"s3-ca-a2-1-o-d-07:15","goAquaFlux",NA,NA,1.44855946773837,3,"ok","",NA,0.140000000130385
"s3-ca-a2-1-o-d-07:15","goFlux_noSep",5.84639118707974,NA,NA,NA,"ok","",NA,0.149999999906868
"s3-ca-a2-1-o-d-07:15","FS_default",3.42723460000373,3.42723460000373,0,0,"ok","",0,0.179999999934807
"s3-ca-a2-1-o-d-07:15","MSP",9.163034379959,8.11768263092462,1.04535174903437,6,"ok","",NA,0.0500000000465661
"s3-ca-a2-1-o-d-07:15","endpoint",4.50115467698674,NA,NA,NA,"ok","",NA,0
"s3-ca-a2-10-o-d-09:29","goAquaFlux",1.34283556666161,1.34283556666161,0,0,"ok","",NA,0.199999999953434
"s3-ca-a2-10-o-d-09:29","goFlux_noSep",1.34283556666161,NA,NA,NA,"ok","",NA,0.160000000149012
"s3-ca-a2-10-o-d-09:29","FS_default",NA,NA,0,0,"ok","no diffusive segment accepted by FS",0,0.229999999981374
"s3-ca-a2-10-o-d-09:29","MSP",1.14126752687639,0.981905015508716,0.159362511367674,3,"ok","",NA,0
"s3-ca-a2-10-o-d-09:29","endpoint",1.03296804632069,NA,NA,NA,"ok","",NA,0
"s3-ca-a2-12-o-d-09:56","goAquaFlux",0.481206798841981,0.481206798841981,0,0,"ok","",NA,0.0899999998509884
"s3-ca-a2-12-o-d-09:56","goFlux_noSep",0.481206798841981,NA,NA,NA,"ok","",NA,0.130000000121072
"s3-ca-a2-12-o-d-09:56","FS_default",NA,NA,0,0,"ok","no diffusive segment accepted by FS",0,0.349999999860302
"s3-ca-a2-12-o-d-09:56","MSP",0.352457455791886,0.269491582949299,0.0829658728425878,4,"ok","",NA,0
"s3-ca-a2-12-o-d-09:56","endpoint",0.285865421573723,NA,NA,NA,"ok","",NA,0
"s3-ca-a2-14-o-d-10:25","goAquaFlux",11.2566505120598,8.7858559469422,2.47079456511765,2,"ok","",NA,0.190000000176951
"s3-ca-a2-14-o-d-10:25","goFlux_noSep",9.81025272012736,NA,NA,NA,"ok","",NA,0.159999999916181
"s3-ca-a2-14-o-d-10:25","FS_default",NA,NA,0,0,"ok","no diffusive segment accepted by FS",0,0.28000000002794
"s3-ca-a2-14-o-d-10:25","MSP",9.83570113953229,5.81983503124025,4.01586610829204,3,"ok","",NA,0
"s3-ca-a2-14-o-d-10:25","endpoint",8.74707375443167,NA,NA,NA,"ok","",NA,0
"s3-ca-a2-17-o-d-11:08","goAquaFlux",4.24547726377995,3.53154945632956,0.713927807450398,2,"ok","",NA,0.25
"s3-ca-a2-17-o-d-11:08","goFlux_noSep",5.07780499408197,NA,NA,NA,"ok","",NA,0.169999999925494
"s3-ca-a2-17-o-d-11:08","FS_default",NA,NA,0,0,"ok","no diffusive segment accepted by FS",0,0.229999999981374
"s3-ca-a2-17-o-d-11:08","MSP",5.86552764397128,4.46873382673516,1.39679381723612,3,"ok","",NA,0.0200000000186265
"s3-ca-a2-17-o-d-11:08","endpoint",3.8681834429617,NA,NA,NA,"ok","",NA,0
"s3-ca-a2-2-o-d-07:43","goAquaFlux",4.221215319921,4.221215319921,0,0,"ok","",NA,0.340000000083819
"s3-ca-a2-2-o-d-07:43","goFlux_noSep",4.221215319921,NA,NA,NA,"ok","",NA,0.139999999897555
"s3-ca-a2-2-o-d-07:43","FS_default",4.47072522001231,4.47072522001231,0,0,"ok","",0,0.21999999997206
"s3-ca-a2-2-o-d-07:43","MSP",3.43839125784894,3.30161813802252,0.136773119826422,3,"ok","",NA,0.0200000000186265
"s3-ca-a2-2-o-d-07:43","endpoint",4.10243550287104,NA,NA,NA,"ok","",NA,0
"s3-ca-a2-4-o-d-08:13","goAquaFlux",NA,NA,0.359281209360147,1,"ok","",NA,0.0800000000745058
"s3-ca-a2-4-o-d-08:13","goFlux_noSep",1.39606925280433,NA,NA,NA,"ok","",NA,0.139999999897555
"s3-ca-a2-4-o-d-08:13","FS_default",1.85520710203187,1.85520710203187,0,0,"ok","",0,0.25
"s3-ca-a2-4-o-d-08:13","MSP",2.23859330862784,1.4561593315965,0.782433977031339,5,"ok","",NA,0.0100000000093132
"s3-ca-a2-4-o-d-08:13","endpoint",1.72445332488909,NA,NA,NA,"ok","",NA,0
"s3-ca-a2-6-o-d-08:36","goAquaFlux",0.341238052636972,0.341238052636972,0,0,"ok","",NA,0.130000000121072
"s3-ca-a2-6-o-d-08:36","goFlux_noSep",0.341238052636972,NA,NA,NA,"ok","",NA,0.109999999869615
"s3-ca-a2-6-o-d-08:36","FS_default",NA,NA,0,0,"ok","no diffusive segment accepted by FS",0,0.229999999981374
"s3-ca-a2-6-o-d-08:36","MSP",0.336870858289077,0.288595889809635,0.0482749684794428,2,"ok","",NA,0.0200000000186265
"s3-ca-a2-6-o-d-08:36","endpoint",0.336740441711412,NA,NA,NA,"ok","",NA,0
"s3-ca-a2-8-o-d-08:58","goAquaFlux",0.110362593717707,0.110362593717707,0,0,"ok","",NA,0.150000000139698
"s3-ca-a2-8-o-d-08:58","goFlux_noSep",0.110362593717707,NA,NA,NA,"ok","",NA,0.139999999897555
"s3-ca-a2-8-o-d-08:58","FS_default",0.0923802834979731,0.0923802834979731,0,0,"ok","",0,0.300000000046566
"s3-ca-a2-8-o-d-08:58","MSP",0.117276238400266,0.0933847156669507,0.0238915227333155,12,"ok","",NA,0.0500000000465661
"s3-ca-a2-8-o-d-08:58","endpoint",0.103757933464103,NA,NA,NA,"ok","",NA,0
"s3-ca-r1-1-o-d-07:46","goAquaFlux",1.11672729762463,1.11672729762463,0,0,"ok","",NA,0.21999999997206
"s3-ca-r1-1-o-d-07:46","goFlux_noSep",1.11672729762463,NA,NA,NA,"ok","",NA,0.149999999906868
"s3-ca-r1-1-o-d-07:46","FS_default",1.20109805244265,1.20109805244265,0,0,"ok","",0,0.320000000065193
"s3-ca-r1-1-o-d-07:46","MSP",1.30053952703705,1.20562066467831,0.0949188623587377,6,"ok","",NA,0.0600000000558794
"s3-ca-r1-1-o-d-07:46","endpoint",1.05803626418638,NA,NA,NA,"ok","",NA,0
"s3-ca-r1-12-o-d-10:23","goAquaFlux",0.53576332122947,0.53576332122947,0,0,"ok","",NA,0.229999999981374
"s3-ca-r1-12-o-d-10:23","goFlux_noSep",0.53576332122947,NA,NA,NA,"ok","",NA,0.0999999998603016
"s3-ca-r1-12-o-d-10:23","FS_default",0.0339597561797412,0.0339597561797412,0,0,"ok","",0,0.290000000037253
"s3-ca-r1-12-o-d-10:23","MSP",75.3761631230929,74.503778664798,0.872384458294887,2,"ok","",NA,0.0500000000465661
"s3-ca-r1-12-o-d-10:23","endpoint",2.98182739733718,NA,NA,NA,"ok","",NA,0
"s3-ca-r1-13-o-d-10:41","goAquaFlux",0.145027668635127,0.145027668635127,0,0,"ok","",NA,0.189999999944121
"s3-ca-r1-13-o-d-10:41","goFlux_noSep",0.145027668635127,NA,NA,NA,"ok","",NA,0.140000000130385
"s3-ca-r1-13-o-d-10:41","FS_default",0.0927346596251362,0.0927346596251362,0,0,"ok","",0,0.290000000037253
"s3-ca-r1-13-o-d-10:41","MSP",0.269536597182477,0.224842822491454,0.0446937746910226,4,"ok","",NA,0.0200000000186265
"s3-ca-r1-13-o-d-10:41","endpoint",0.182046667370483,NA,NA,NA,"ok","",NA,0
"s3-ca-r1-2-o-d-08:00","goAquaFlux",0.294157739925654,0.294157739925654,0,0,"ok","",NA,0.169999999925494
"s3-ca-r1-2-o-d-08:00","goFlux_noSep",0.294157739925654,NA,NA,NA,"ok","",NA,0.109999999869615
"s3-ca-r1-2-o-d-08:00","FS_default",0.60628689672717,0.60628689672717,0,0,"ok","",0,0.239999999990687
"s3-ca-r1-2-o-d-08:00","MSP",3.87370509812348,2.21996492803548,1.653740170088,1,"ok","",NA,0.0100000000093132
"s3-ca-r1-2-o-d-08:00","endpoint",0.328198583193023,NA,NA,NA,"ok","",NA,0
"s3-ca-r1-3-o-d-08:10","goAquaFlux",-1.30296485194068,-1.32872477827299,0.0257599263323025,1,"ok","",NA,0.239999999990687
"s3-ca-r1-3-o-d-08:10","goFlux_noSep",0.841867804544768,NA,NA,NA,"ok","",NA,0.150000000139698
"s3-ca-r1-3-o-d-08:10","FS_default",1.01757458782096,1.01757458782096,0,0,"ok","",0,0.28000000002794
"s3-ca-r1-3-o-d-08:10","MSP",1.29951393050986,1.08693662785051,0.212577302659344,4,"ok","",NA,0.0200000000186265
"s3-ca-r1-3-o-d-08:10","endpoint",0.64554509213236,NA,NA,NA,"ok","",NA,0
"s3-ca-r1-7-o-d-09:12","goAquaFlux",0.17383547288904,0.17383547288904,0,0,"ok","",NA,0.25
"s3-ca-r1-7-o-d-09:12","goFlux_noSep",0.17383547288904,NA,NA,NA,"ok","",NA,0.139999999897555
"s3-ca-r1-7-o-d-09:12","FS_default",0.142503907780512,0.142503907780512,0,0,"ok","",0,0.25
"s3-ca-r1-7-o-d-09:12","MSP",0.169405139518546,0.138935039875165,0.0304700996433815,9,"ok","",NA,0.0600000000558794
"s3-ca-r1-7-o-d-09:12","endpoint",0.162731315551483,NA,NA,NA,"ok","",NA,0
"s3-ca-r1-8-o-d-09:27","goAquaFlux",0.569929111471946,0.569929111471946,0,0,"ok","",NA,0.129999999888241
"s3-ca-r1-8-o-d-09:27","goFlux_noSep",0.569929111471946,NA,NA,NA,"ok","",NA,0.120000000111759
"s3-ca-r1-8-o-d-09:27","FS_default",NA,NA,0,0,"ok","no diffusive segment accepted by FS",0,0.209999999962747
"s3-ca-r1-8-o-d-09:27","MSP",0.476073275709574,0.340904108805775,0.135169166903799,4,"ok","",NA,0.0100000000093132
"s3-ca-r1-8-o-d-09:27","endpoint",0.378993753988597,NA,NA,NA,"ok","",NA,0
"s3-ca-r2-1-o-d-07:03","goAquaFlux",NA,NA,0.149415991498284,2,"ok","",NA,0.0999999998603016
"s3-ca-r2-1-o-d-07:03","goFlux_noSep",3.76872776801187,NA,NA,NA,"ok","",NA,0.110000000102445
"s3-ca-r2-1-o-d-07:03","FS_default",3.38117019414314,3.38117019414314,0,0,"ok","series regularized",0,0.25
"s3-ca-r2-1-o-d-07:03","MSP",3.64200058023626,3.01917195904949,0.622828621186771,9,"ok","series regularized",NA,0.0400000000372529
"s3-ca-r2-1-o-d-07:03","endpoint",3.37374822603865,NA,NA,NA,"ok","",NA,0
"s3-ca-r2-10-o-d-10:04","goAquaFlux",0.603474793763542,0.603474793763542,0,0,"ok","",NA,0.21999999997206
"s3-ca-r2-10-o-d-10:04","goFlux_noSep",0.603474793763542,NA,NA,NA,"ok","",NA,0.159999999916181
"s3-ca-r2-10-o-d-10:04","FS_default",0.576203056984977,0.576203056984977,0,0,"ok","series regularized",0,0.239999999990687
"s3-ca-r2-10-o-d-10:04","MSP",0.559799277621364,0.48291240918764,0.0768868684337241,9,"ok","series regularized",NA,0.0400000000372529
"s3-ca-r2-10-o-d-10:04","endpoint",0.618167604896171,NA,NA,NA,"ok","",NA,0
"s3-ca-r2-2-o-d-07:29","goAquaFlux",4.04534792534679,3.97242591002189,0.0729220153248991,1,"ok","",NA,0.270000000018626
"s3-ca-r2-2-o-d-07:29","goFlux_noSep",4.24681102711921,NA,NA,NA,"ok","",NA,0.189999999944121
"s3-ca-r2-2-o-d-07:29","FS_default",4.17560395616137,4.17560395616137,0,0,"ok","series regularized",0,0.28000000002794
"s3-ca-r2-2-o-d-07:29","MSP",3.62614533179587,2.78471015444033,0.841435177355548,10,"ok","series regularized",NA,0.0100000000093132
"s3-ca-r2-2-o-d-07:29","endpoint",4.14106514700254,NA,NA,NA,"ok","",NA,0
"s3-ca-r2-3-o-d-07:50","goAquaFlux",358.199234550379,354.032319450186,4.1669151001924,1,"ok","",NA,0.21999999997206
"s3-ca-r2-3-o-d-07:50","goFlux_noSep",54.0156618601112,NA,NA,NA,"ok","",NA,0.110000000102445
"s3-ca-r2-3-o-d-07:50","FS_default",108.331404701454,36.2256111955,72.1057935059537,1,"ok","series regularized",0,0.199999999953434
"s3-ca-r2-3-o-d-07:50","MSP",265.242656060263,227.892839005863,37.3498170543998,8,"ok","series regularized",NA,0.0300000000279397
"s3-ca-r2-3-o-d-07:50","endpoint",88.1315703822083,NA,NA,NA,"ok","",NA,0
"s3-ca-r2-4-o-d-08:06","goAquaFlux",0.227824610688939,0.227824610688939,0,0,"ok","",NA,0.209999999962747
"s3-ca-r2-4-o-d-08:06","goFlux_noSep",0.227824610688939,NA,NA,NA,"ok","",NA,0.149999999906868
"s3-ca-r2-4-o-d-08:06","FS_default",0.224729752693202,0.224729752693202,0,0,"ok","series regularized",0,0.270000000018626
"s3-ca-r2-4-o-d-08:06","MSP",0.327969757363095,0.240811692692547,0.0871580646705484,14,"ok","series regularized",NA,0.0300000000279397
"s3-ca-r2-4-o-d-08:06","endpoint",0.226456946575407,NA,NA,NA,"ok","",NA,0
"s3-ca-r2-5-o-d-08:23","goAquaFlux",0.0994042553600992,0.0994042553600992,0,0,"ok","",NA,0.320000000065193
"s3-ca-r2-5-o-d-08:23","goFlux_noSep",0.0994042553600992,NA,NA,NA,"ok","",NA,0.169999999925494
"s3-ca-r2-5-o-d-08:23","FS_default",0.0871862650423604,0.0871862650423604,0,0,"ok","series regularized",0,0.28000000002794
"s3-ca-r2-5-o-d-08:23","MSP",0.31507054056838,0.290379054591726,0.024691485976654,3,"ok","series regularized",NA,0.0300000000279397
"s3-ca-r2-5-o-d-08:23","endpoint",0.12222226582438,NA,NA,NA,"ok","",NA,0
"s3-ca-r2-6-o-d-08:44","goAquaFlux",0.29285875165698,0.29285875165698,0,0,"ok","",NA,0.270000000018626
"s3-ca-r2-6-o-d-08:44","goFlux_noSep",0.29285875165698,NA,NA,NA,"ok","",NA,0.199999999953434
"s3-ca-r2-6-o-d-08:44","FS_default",0.271513011127904,0.271513011127904,0,0,"ok","series regularized",0,0.28000000002794
"s3-ca-r2-6-o-d-08:44","MSP",0.325409691122767,0.276613535050683,0.0487961560720841,1,"ok","series regularized",NA,0.0300000000279397
"s3-ca-r2-6-o-d-08:44","endpoint",0.269847240943232,NA,NA,NA,"ok","",NA,0
"s3-ca-r2-7-o-d-09:01","goAquaFlux",NA,NA,0.110889080456661,1,"ok","",NA,0.0600000000558794
"s3-ca-r2-7-o-d-09:01","goFlux_noSep",0.990490940575302,NA,NA,NA,"ok","",NA,0.149999999906868
"s3-ca-r2-7-o-d-09:01","FS_default",0.619912042292069,0.619912042292069,0,0,"ok","series regularized",0,0.310000000055879
"s3-ca-r2-7-o-d-09:01","MSP",0.809811225452252,0.626571094603876,0.183240130848376,13,"ok","series regularized",NA,0.0100000000093132
"s3-ca-r2-7-o-d-09:01","endpoint",0.795634058512241,NA,NA,NA,"ok","",NA,0
"s3-ca-r2-8-o-d-09:20","goAquaFlux",1.77262177765113,1.72572643732239,0.0468953403287482,1,"ok","",NA,0.129999999888241
"s3-ca-r2-8-o-d-09:20","goFlux_noSep",1.06541089382425,NA,NA,NA,"ok","",NA,0.140000000130385
"s3-ca-r2-8-o-d-09:20","FS_default",0.962513509781952,0.962513509781952,0,0,"ok","series regularized",0,0.229999999981374
"s3-ca-r2-8-o-d-09:20","MSP",0.954462597116766,0.804990508093562,0.149472089023204,8,"ok","series regularized",NA,0.0200000000186265
"s3-ca-r2-8-o-d-09:20","endpoint",0.955181708176284,NA,NA,NA,"ok","",NA,0
"s3-ca-r2-9-o-d-09:37","goAquaFlux",0.308158437538811,0.308158437538811,0,0,"ok","Inf replaced by maximum positive value",NA,0.369999999878928
"s3-ca-r2-9-o-d-09:37","goFlux_noSep",0.308158437538811,NA,NA,NA,"ok","",NA,0.110000000102445
"s3-ca-r2-9-o-d-09:37","FS_default",0.265535416989538,0.265535416989538,0,0,"ok","series regularized",0,0.319999999832362
"s3-ca-r2-9-o-d-09:37","MSP",0.289720190430531,0.196468369553791,0.0932518208767404,12,"ok","series regularized",NA,0.0300000000279397
"s3-ca-r2-9-o-d-09:37","endpoint",0.272224683366499,NA,NA,NA,"ok","",NA,0
"s3-cu-a1-1-o-d-06:39","goAquaFlux",NA,NA,240.742207360882,2,"ok","",NA,0.170000000158325
"s3-cu-a1-1-o-d-06:39","goFlux_noSep",-157.413897683998,NA,NA,NA,"ok","",NA,0.0899999998509884
"s3-cu-a1-1-o-d-06:39","FS_default",NA,NA,137.943084490844,1,"ok","diffusive_flux: [38;5;255m[36mℹ[38;5;255m In argument: `.data$term == ""time""`.[39m
[1mCaused by error in `.data$term`:[22m
[38;5;255m[33m![38;5;255m Column `term` not found in `.data`.[39m | no diffusive segment accepted by FS",0,0.380000000121072
"s3-cu-a1-1-o-d-06:39","MSP",1462.50029854583,1396.2193653677,66.2809331781338,3,"ok","",NA,0.0300000000279397
"s3-cu-a1-1-o-d-06:39","endpoint",130.679598832494,NA,NA,NA,"ok","",NA,0
"s3-cu-a1-10-o-d-09:02","goAquaFlux",4.84190647937544,4.72285204125558,0.119054438119865,1,"ok","",NA,0.209999999962747
"s3-cu-a1-10-o-d-09:02","goFlux_noSep",7.12025501203694,NA,NA,NA,"ok","",NA,0.199999999953434
"s3-cu-a1-10-o-d-09:02","FS_default",8.80627809434493,8.80627809434493,0,0,"ok","",0,0.199999999953434
"s3-cu-a1-10-o-d-09:02","MSP",5.75147267888416,4.99834591280223,0.753126766081932,7,"ok","",NA,0.0500000000465661
"s3-cu-a1-10-o-d-09:02","endpoint",6.42626260867931,NA,NA,NA,"ok","",NA,0
"s3-cu-a1-11-o-d-09:16","goAquaFlux",7.6518271914073,6.71901595310098,0.932811238306317,1,"ok","",NA,0.310000000055879
"s3-cu-a1-11-o-d-09:16","goFlux_noSep",8.34368570482001,NA,NA,NA,"ok","",NA,0.159999999916181
"s3-cu-a1-11-o-d-09:16","FS_default",7.68634806040206,7.68634806040206,0,0,"ok","",0,0.25
"s3-cu-a1-11-o-d-09:16","MSP",7.90698289874572,6.32032334766075,1.58665955108497,3,"ok","",NA,0.0200000000186265
"s3-cu-a1-11-o-d-09:16","endpoint",7.98226250772724,NA,NA,NA,"ok","",NA,0
"s3-cu-a1-12-o-d-09:25","goAquaFlux",7.96459730760054,7.96459730760054,0,0,"ok","",NA,0.209999999962747
"s3-cu-a1-12-o-d-09:25","goFlux_noSep",7.96459730760054,NA,NA,NA,"ok","",NA,0.130000000121072
"s3-cu-a1-12-o-d-09:25","FS_default",NA,NA,0,0,"ok","no diffusive segment accepted by FS",0,0.28000000002794
"s3-cu-a1-12-o-d-09:25","MSP",11.5012461744452,10.0692243007042,1.43202187374096,2,"ok","",NA,0
"s3-cu-a1-12-o-d-09:25","endpoint",4.48027257371759,NA,NA,NA,"ok","",NA,0
"s3-cu-a1-2-o-d-06:53","goAquaFlux",53.7503578464814,35.6907540402149,18.0596038062666,1,"ok","",NA,0.25
"s3-cu-a1-2-o-d-06:53","goFlux_noSep",73.1654472903157,NA,NA,NA,"ok","",NA,0.170000000158325
"s3-cu-a1-2-o-d-06:53","FS_default",NA,NA,38.9149863709347,1,"ok","diffusive_flux: [38;5;255m[36mℹ[38;5;255m In argument: `.data$term == ""time""`.[39m
[1mCaused by error in `.data$term`:[22m
[38;5;255m[33m![38;5;255m Column `term` not found in `.data`.[39m | no diffusive segment accepted by FS",0,0.389999999897555
"s3-cu-a1-2-o-d-06:53","MSP",66.0515203628038,37.6871320919994,28.3643882708044,1,"ok","",NA,0
"s3-cu-a1-2-o-d-06:53","endpoint",55.659566704256,NA,NA,NA,"ok","",NA,0
"s3-cu-a1-4-o-d-07:21","goAquaFlux",16.8405918375399,16.8405918375399,0,0,"ok","",NA,0.189999999944121
"s3-cu-a1-4-o-d-07:21","goFlux_noSep",16.8405918375399,NA,NA,NA,"ok","",NA,0.130000000121072
"s3-cu-a1-4-o-d-07:21","FS_default",NA,NA,0,0,"ok","no diffusive segment accepted by FS",0,0.290000000037253
"s3-cu-a1-4-o-d-07:21","MSP",21.392484224285,18.0121081901164,3.38037603416854,4,"ok","",NA,0.0200000000186265
"s3-cu-a1-4-o-d-07:21","endpoint",16.9616737952972,NA,NA,NA,"ok","",NA,0
"s3-cu-a1-6-o-d-07:53","goAquaFlux",1.73732533641121,1.51174618330017,0.225579153111041,1,"ok","",NA,0.159999999916181
"s3-cu-a1-6-o-d-07:53","goFlux_noSep",3.83766945887887,NA,NA,NA,"ok","",NA,0.129999999888241
"s3-cu-a1-6-o-d-07:53","FS_default",5.09260326291872,5.09260326291872,0,0,"ok","",0,0.230000000214204
"s3-cu-a1-6-o-d-07:53","MSP",4.108390819759,3.70092164392346,0.407469175835539,3,"ok","",NA,0.0199999997857958
"s3-cu-a1-6-o-d-07:53","endpoint",3.27053310961822,NA,NA,NA,"ok","",NA,0
"s3-cu-a1-8-o-d-08:26","goAquaFlux",6.0680149105668,5.85384722858918,0.214167681977618,2,"ok","",NA,0.320000000065193
"s3-cu-a1-8-o-d-08:26","goFlux_noSep",8.71344888720709,NA,NA,NA,"ok","",NA,0.209999999962747
"s3-cu-a1-8-o-d-08:26","FS_default",9.83850950570317,9.83850950570317,0,0,"ok","",0,0.25
"s3-cu-a1-8-o-d-08:26","MSP",7.36135439846748,6.59531567348238,0.766038724985094,7,"ok","",NA,0.0100000000093132
"s3-cu-a1-8-o-d-08:26","endpoint",8.09202030645039,NA,NA,NA,"ok","",NA,0
"s3-cu-a1-9-o-d-08:54","goAquaFlux",5.63782210106286,5.63782210106286,0,0,"ok","",NA,0.239999999990687
"s3-cu-a1-9-o-d-08:54","goFlux_noSep",5.63782210106286,NA,NA,NA,"ok","",NA,0.140000000130385
"s3-cu-a1-9-o-d-08:54","FS_default",NA,NA,0,0,"ok","no diffusive segment accepted by FS",0,0.260000000009313
"s3-cu-a1-9-o-d-08:54","MSP",9.88215718388753,7.95945421491038,1.92270296897715,3,"ok","",NA,0.0300000000279397
"s3-cu-a1-9-o-d-08:54","endpoint",5.97753602545939,NA,NA,NA,"ok","",NA,0
"s3-cu-a2-1-o-d-09:26","goAquaFlux",12.758451725372,12.758451725372,0,0,"ok","",NA,0.179999999934807
"s3-cu-a2-1-o-d-09:26","goFlux_noSep",12.758451725372,NA,NA,NA,"ok","",NA,0.119999999878928
"s3-cu-a2-1-o-d-09:26","FS_default",7.22784166426972,7.22784166426972,0,0,"ok","",0,0.25
"s3-cu-a2-1-o-d-09:26","MSP",9.79930206520661,7.59315336150121,2.2061487037054,6,"ok","",NA,0.0300000000279397
"s3-cu-a2-1-o-d-09:26","endpoint",9.50040831938786,NA,NA,NA,"ok","",NA,0
"s3-cu-a2-10-o-d-12:02","goAquaFlux",194.098093058998,112.071864534029,82.026228524969,1,"ok","",NA,0.300000000046566
"s3-cu-a2-10-o-d-12:02","goFlux_noSep",84.7424969510925,NA,NA,NA,"ok","",NA,0.140000000130385
"s3-cu-a2-10-o-d-12:02","FS_default",124.073702578691,29.8639540565921,94.2097485220988,2,"ok","",7.27595761418343e-12,0.329999999841675
"s3-cu-a2-10-o-d-12:02","MSP",74.9827691266058,58.4525691320302,16.5301999945756,3,"ok","",NA,0.0100000000093132
"s3-cu-a2-10-o-d-12:02","endpoint",64.1844932833849,NA,NA,NA,"ok","",NA,0
"s3-cu-a2-11-o-d-12:19","goAquaFlux",NA,NA,4.37409110109,1,"ok","",NA,0.110000000102445
"s3-cu-a2-11-o-d-12:19","goFlux_noSep",9.02995663846465,NA,NA,NA,"ok","",NA,0.139999999897555
"s3-cu-a2-11-o-d-12:19","FS_default",10.0915670302361,10.0915670302361,0,0,"ok","",0,0.239999999990687
"s3-cu-a2-11-o-d-12:19","MSP",20.7236835050378,17.3860770348172,3.33760647022063,3,"ok","",NA,0.0100000000093132
"s3-cu-a2-11-o-d-12:19","endpoint",15.7515542982673,NA,NA,NA,"ok","",NA,0
"s3-cu-a2-12-o-d-12:29","goAquaFlux",7.37459185620481,3.43011754953458,3.94447430667023,1,"ok","",NA,0.25
"s3-cu-a2-12-o-d-12:29","goFlux_noSep",16.3496725446524,NA,NA,NA,"ok","",NA,0.239999999990687
"s3-cu-a2-12-o-d-12:29","FS_default",22.5451169988738,22.5451169988738,0,0,"ok","",0,0.21999999997206
"s3-cu-a2-12-o-d-12:29","MSP",56.6881361556053,53.4440716316999,3.24406452390539,3,"ok","",NA,0.0400000000372529
"s3-cu-a2-12-o-d-12:29","endpoint",17.7790235705807,NA,NA,NA,"ok","",NA,0
"s3-cu-a2-13-o-d-12:47","goAquaFlux",NA,NA,0.213063321782421,1,"ok","",NA,0.140000000130385
"s3-cu-a2-13-o-d-12:47","goFlux_noSep",10.8563003050197,NA,NA,NA,"ok","",NA,0.149999999906868
"s3-cu-a2-13-o-d-12:47","FS_default",NA,NA,0,0,"ok","no diffusive segment accepted by FS",0,0.260000000009313
"s3-cu-a2-13-o-d-12:47","MSP",16.298696937779,9.44042428243233,6.85827265534666,5,"ok","",NA,0.0300000000279397
"s3-cu-a2-13-o-d-12:47","endpoint",9.89735578377267,NA,NA,NA,"ok","",NA,0
"s3-cu-a2-14-o-d-12:55","goAquaFlux",NA,NA,1.78950984981214,1,"ok","",NA,0.0500000000465661
"s3-cu-a2-14-o-d-12:55","goFlux_noSep",8.82547376535304,NA,NA,NA,"ok","",NA,0.119999999878928
"s3-cu-a2-14-o-d-12:55","FS_default",NA,NA,0,0,"ok","no diffusive segment accepted by FS",0,0.25
"s3-cu-a2-14-o-d-12:55","MSP",18.621108643774,15.2876705840209,3.33343805975306,2,"ok","",NA,0.0200000000186265
"s3-cu-a2-14-o-d-12:55","endpoint",12.8107983119323,NA,NA,NA,"ok","",NA,0
"s3-cu-a2-15-o-d-13:07","goAquaFlux",71.0675981171949,71.0675981171949,0,0,"ok","",NA,0.169999999925494
"s3-cu-a2-15-o-d-13:07","goFlux_noSep",71.0675981171949,NA,NA,NA,"ok","",NA,0.160000000149012
"s3-cu-a2-15-o-d-13:07","FS_default",NA,NA,0,0,"ok","diffusive_flux: [38;5;255m[36mℹ[38;5;255m In argument: `.data$term == ""time""`.[39m
[1mCaused by error in `.data$term`:[22m
[38;5;255m[33m![38;5;255m Column `term` not found in `.data`.[39m | no diffusive segment accepted by FS",0,0.419999999925494
"s3-cu-a2-15-o-d-13:07","MSP",NA,NA,50.5464506502201,3,"ok","no valid diffusive segment",NA,0.0200000000186265
"s3-cu-a2-15-o-d-13:07","endpoint",-161.26227939142,NA,NA,NA,"ok","",NA,0
"s3-cu-a2-7-o-d-11:26","goAquaFlux",77.9299444027086,66.0421215420908,11.8878228606179,2,"ok","",NA,0.389999999897555
"s3-cu-a2-7-o-d-11:26","goFlux_noSep",106.562760041301,NA,NA,NA,"ok","",NA,0.210000000195578
"s3-cu-a2-7-o-d-11:26","FS_default",NA,NA,90.1533925685543,3,"ok","diffusive_flux: [38;5;255m[36mℹ[38;5;255m In argument: `.data$term == ""time""`.[39m
[1mCaused by error in `.data$term`:[22m
[38;5;255m[33m![38;5;255m Column `term` not found in `.data`.[39m | no diffusive segment accepted by FS",0,0.329999999841675
"s3-cu-a2-7-o-d-11:26","MSP",106.826087065251,94.1642983584857,12.6617887067649,2,"ok","",NA,0.0100000000093132
"s3-cu-a2-7-o-d-11:26","endpoint",107.09450602647,NA,NA,NA,"ok","",NA,0
"s3-cu-a2-8-o-d-11:42","goAquaFlux",231.215515394347,201.426544349944,29.7889710444036,1,"ok","",NA,0.25
"s3-cu-a2-8-o-d-11:42","goFlux_noSep",145.926725900423,NA,NA,NA,"ok","",NA,0.140000000130385
"s3-cu-a2-8-o-d-11:42","FS_default",NA,NA,158.429981979157,1,"ok","diffusive_flux: [38;5;255m[36mℹ[38;5;255m In argument: `.data$term == ""time""`.[39m
[1mCaused by error in `.data$term`:[22m
[38;5;255m[33m![38;5;255m Column `term` not found in `.data`.[39m | no diffusive segment accepted by FS",0,0.319999999832362
"s3-cu-a2-8-o-d-11:42","MSP",NA,NA,47.3745500799588,1,"ok","no valid diffusive segment",NA,0.0100000000093132
"s3-cu-a2-8-o-d-11:42","endpoint",161.771656342556,NA,NA,NA,"ok","",NA,0
"s3-cu-a2-9-o-d-11:52","goAquaFlux",31.892687562843,31.892687562843,0,0,"ok","",NA,0.190000000176951
"s3-cu-a2-9-o-d-11:52","goFlux_noSep",31.892687562843,NA,NA,NA,"ok","",NA,0.109999999869615
"s3-cu-a2-9-o-d-11:52","FS_default",NA,NA,24.2583590966788,1,"ok","diffusive_flux: [38;5;255m[36mℹ[38;5;255m In argument: `.data$term == ""time""`.[39m
[1mCaused by error in `.data$term`:[22m
[38;5;255m[33m![38;5;255m Column `term` not found in `.data`.[39m | no diffusive segment accepted by FS",0,0.330000000074506
"s3-cu-a2-9-o-d-11:52","MSP",211.658937344995,198.143180029289,13.5157573157062,2,"ok","",NA,0.0100000000093132
"s3-cu-a2-9-o-d-11:52","endpoint",47.682410376588,NA,NA,NA,"ok","",NA,0
"s3-cu-p1-10-o-d-08:37","goAquaFlux",5.95800991120368,5.95800991120368,0,0,"ok","",NA,0.21999999997206
"s3-cu-p1-10-o-d-08:37","goFlux_noSep",5.95800991120368,NA,NA,NA,"ok","",NA,0.139999999897555
"s3-cu-p1-10-o-d-08:37","FS_default",3.59681526736174,3.59681526736174,0,0,"ok","",0,0.239999999990687
"s3-cu-p1-10-o-d-08:37","MSP",4.44532910370735,3.29707667805084,1.14825242565652,3,"ok","",NA,0
"s3-cu-p1-10-o-d-08:37","endpoint",4.12457281355815,NA,NA,NA,"ok","",NA,0
"s3-cu-p1-12-o-d-09:20","goAquaFlux",6.17787221476624,6.17787221476624,0,0,"ok","",NA,0.130000000121072
"s3-cu-p1-12-o-d-09:20","goFlux_noSep",6.17787221476624,NA,NA,NA,"ok","",NA,0.119999999878928
"s3-cu-p1-12-o-d-09:20","FS_default",NA,NA,0,0,"ok","diffusive_flux: [38;5;255m[36mℹ[38;5;255m In argument: `.data$term == ""time""`.[39m
[1mCaused by error in `.data$term`:[22m
[38;5;255m[33m![38;5;255m Column `term` not found in `.data`.[39m | no diffusive segment accepted by FS",0,0.350000000093132
"s3-cu-p1-12-o-d-09:20","MSP",4.47126138924602,3.8610647346938,0.610196654552218,2,"ok","",NA,0
"s3-cu-p1-12-o-d-09:20","endpoint",4.5316121223263,NA,NA,NA,"ok","",NA,0
"s3-cu-p1-13-o-d-09:28","goAquaFlux",3.45156215310845,3.07258247549482,0.378979677613633,1,"ok","",NA,0.139999999897555
"s3-cu-p1-13-o-d-09:28","goFlux_noSep",2.4721350020191,NA,NA,NA,"ok","",NA,0.110000000102445
"s3-cu-p1-13-o-d-09:28","FS_default",NA,NA,0,0,"ok","no diffusive segment accepted by FS",0,0.270000000018626
"s3-cu-p1-13-o-d-09:28","MSP",2.69686727291668,2.04799102059282,0.648876252323864,4,"ok","",NA,0.0100000000093132
"s3-cu-p1-13-o-d-09:28","endpoint",2.38000338797932,NA,NA,NA,"ok","",NA,0
"s3-cu-p1-14-o-d-09:36","goAquaFlux",2.8762249275643,2.8762249275643,0,0,"ok","",NA,0.21999999997206
"s3-cu-p1-14-o-d-09:36","goFlux_noSep",2.8762249275643,NA,NA,NA,"ok","",NA,0.159999999916181
"s3-cu-p1-14-o-d-09:36","FS_default",1.86339038667534,1.86339038667534,0,0,"ok","",0,0.25
"s3-cu-p1-14-o-d-09:36","MSP",2.09956919093571,1.86269181212907,0.236877378806641,7,"ok","",NA,0.0200000000186265
"s3-cu-p1-14-o-d-09:36","endpoint",1.96839566256864,NA,NA,NA,"ok","",NA,0
"s3-cu-p1-15-o-d-09:53","goAquaFlux",2.65257378836818,2.65257378836818,0,0,"ok","",NA,0.139999999897555
"s3-cu-p1-15-o-d-09:53","goFlux_noSep",2.65257378836818,NA,NA,NA,"ok","",NA,0.130000000121072
"s3-cu-p1-15-o-d-09:53","FS_default",NA,NA,0,0,"ok","no diffusive segment accepted by FS",0,0.25
"s3-cu-p1-15-o-d-09:53","MSP",2.15116923127252,1.58690251886081,0.564266712411706,5,"ok","",NA,0.0400000000372529
"s3-cu-p1-15-o-d-09:53","endpoint",1.98118714905404,NA,NA,NA,"ok","",NA,0
"s3-cu-p1-4-o-d-07:12","goAquaFlux",6.11759029124745,5.84540119505675,0.272189096190704,2,"ok","",NA,0.329999999841675
"s3-cu-p1-4-o-d-07:12","goFlux_noSep",5.41023788199694,NA,NA,NA,"ok","",NA,0.110000000102445
"s3-cu-p1-4-o-d-07:12","FS_default",4.20216667497496,4.20216667497496,0,0,"ok","",0,0.300000000046566
"s3-cu-p1-4-o-d-07:12","MSP",14.7009859749226,12.8466533279649,1.85433264695763,3,"ok","",NA,0.0100000000093132
"s3-cu-p1-4-o-d-07:12","endpoint",7.53506839544362,NA,NA,NA,"ok","",NA,0
"s3-cu-p1-5-o-d-07:26","goAquaFlux",-18.6232574754334,-19.5092575588638,0.886000083430382,2,"ok","",NA,0.159999999916181
"s3-cu-p1-5-o-d-07:26","goFlux_noSep",7.05267267652315,NA,NA,NA,"ok","",NA,0.159999999916181
"s3-cu-p1-5-o-d-07:26","FS_default",NA,NA,0,0,"ok","no diffusive segment accepted by FS",0,0.230000000214204
"s3-cu-p1-5-o-d-07:26","MSP",10.3427690954313,8.27184083570141,2.07092825972989,3,"ok","",NA,0.0199999997857958
"s3-cu-p1-5-o-d-07:26","endpoint",3.39986147143566,NA,NA,NA,"ok","",NA,0
"s3-cu-p1-7-o-d-07:50","goAquaFlux",11.1338864940674,10.9544396703093,0.179446823758082,1,"ok","",NA,0.210000000195578
"s3-cu-p1-7-o-d-07:50","goFlux_noSep",11.1823404486131,NA,NA,NA,"ok","",NA,0.0999999998603016
"s3-cu-p1-7-o-d-07:50","FS_default",5.02904432007948,5.02904432007948,0,0,"ok","",0,0.229999999981374
"s3-cu-p1-7-o-d-07:50","MSP",7.45165968025169,5.96297057186143,1.48868910839026,5,"ok","",NA,0.0200000000186265
"s3-cu-p1-7-o-d-07:50","endpoint",6.5419086479216,NA,NA,NA,"ok","",NA,0
"s3-cu-p1-9-o-d-08:23","goAquaFlux",1.55836021404002,1.35681490106243,0.201545312977587,3,"ok","",NA,0.28000000002794
"s3-cu-p1-9-o-d-08:23","goFlux_noSep",2.08132623842329,NA,NA,NA,"ok","",NA,0.169999999925494
"s3-cu-p1-9-o-d-08:23","FS_default",2.086133991882,2.086133991882,0,0,"ok","",0,0.350000000093132
"s3-cu-p1-9-o-d-08:23","MSP",2.27848616317876,1.8733506497049,0.405135513473863,7,"ok","",NA,0.0400000000372529
"s3-cu-p1-9-o-d-08:23","endpoint",1.03081358548416,NA,NA,NA,"ok","",NA,0
"s3-cu-p2-5-o-d-10:02","goAquaFlux",8.67060303374564,8.5295455275196,0.141057506226039,1,"ok","",NA,0.28000000002794
"s3-cu-p2-5-o-d-10:02","goFlux_noSep",5.39737921280548,NA,NA,NA,"ok","",NA,0.109999999869615
"s3-cu-p2-5-o-d-10:02","FS_default",3.64393995858247,3.64393995858247,0,0,"ok","",0,0.300000000046566
"s3-cu-p2-5-o-d-10:02","MSP",4.95456520191687,4.28734581656847,0.667219385348402,6,"ok","",NA,0.0200000000186265
"s3-cu-p2-5-o-d-10:02","endpoint",4.59496033167684,NA,NA,NA,"ok","",NA,0
"s3-cu-p2-6-o-d-10:18","goAquaFlux",NA,NA,1.12702041357989,4,"ok","",NA,0.120000000111759
"s3-cu-p2-6-o-d-10:18","goFlux_noSep",7.47006843675475,NA,NA,NA,"ok","",NA,0.0899999998509884
"s3-cu-p2-6-o-d-10:18","FS_default",4.85710926018922,4.85710926018922,0,0,"ok","",0,0.25
"s3-cu-p2-6-o-d-10:18","MSP",5.60020820574074,3.76387197844914,1.83633622729159,6,"ok","",NA,0.0200000000186265
"s3-cu-p2-6-o-d-10:18","endpoint",5.88424244059943,NA,NA,NA,"ok","",NA,0
"s3-cu-p2-7-o-d-10:36","goAquaFlux",9.62204515874622,8.4499683613919,1.17207679735432,3,"ok","",NA,0.580000000074506
"s3-cu-p2-7-o-d-10:36","goFlux_noSep",17.7576504114463,NA,NA,NA,"ok","",NA,0.189999999944121
"s3-cu-p2-7-o-d-10:36","FS_default",16.5608210477641,2.78816211188451,13.7726589358796,2,"ok","",0,0.229999999981374
"s3-cu-p2-7-o-d-10:36","MSP",NA,NA,13.4577512556843,3,"ok","no valid diffusive segment",NA,0.0300000000279397
"s3-cu-p2-7-o-d-10:36","endpoint",14.3955412104625,NA,NA,NA,"ok","",NA,0
"s3-cu-p2-8-o-d-11:01","goAquaFlux",3.75641954077592,3.06421226268169,0.692207278094239,1,"ok","",NA,0.139999999897555
"s3-cu-p2-8-o-d-11:01","goFlux_noSep",2.79042787806144,NA,NA,NA,"ok","",NA,0.190000000176951
"s3-cu-p2-8-o-d-11:01","FS_default",2.89230912367571,2.89230912367571,0,0,"ok","",0,0.339999999850988
"s3-cu-p2-8-o-d-11:01","MSP",9.37719342170672,8.80803635317479,0.56915706853193,7,"ok","",NA,0.0200000000186265
"s3-cu-p2-8-o-d-11:01","endpoint",3.31472418647598,NA,NA,NA,"ok","",NA,0
"s3-cu-r1-10-o-d-09:13","goAquaFlux",1.84607387667965,1.84607387667965,0,0,"ok","",NA,0.170000000158325
"s3-cu-r1-10-o-d-09:13","goFlux_noSep",1.84607387667965,NA,NA,NA,"ok","",NA,0.109999999869615
"s3-cu-r1-10-o-d-09:13","FS_default",1.551301487041,1.551301487041,0,0,"ok","",0,0.229999999981374
"s3-cu-r1-10-o-d-09:13","MSP",1.44322885684718,1.18228668899987,0.260942167847312,9,"ok","",NA,0.0200000000186265
"s3-cu-r1-10-o-d-09:13","endpoint",1.44223577072568,NA,NA,NA,"ok","",NA,0
"s3-cu-r1-11-o-d-09:28","goAquaFlux",0.899012837332923,0.899012837332923,0,0,"ok","",NA,0.169999999925494
"s3-cu-r1-11-o-d-09:28","goFlux_noSep",0.899012837332923,NA,NA,NA,"ok","",NA,0.130000000121072
"s3-cu-r1-11-o-d-09:28","FS_default",0.677534613033105,0.677534613033105,0,0,"ok","",0,0.260000000009313
"s3-cu-r1-11-o-d-09:28","MSP",1.1550232208484,0.947826281487896,0.207196939360506,4,"ok","",NA,0.0200000000186265
"s3-cu-r1-11-o-d-09:28","endpoint",0.837317784797516,NA,NA,NA,"ok","",NA,0
"s3-cu-r1-12-o-d-09:39","goAquaFlux",1.79131889858225,1.79131889858225,0,0,"ok","",NA,0.159999999916181
"s3-cu-r1-12-o-d-09:39","goFlux_noSep",1.79131889858225,NA,NA,NA,"ok","",NA,0.120000000111759
"s3-cu-r1-12-o-d-09:39","FS_default",NA,NA,0,0,"ok","no diffusive segment accepted by FS",0,0.299999999813735
"s3-cu-r1-12-o-d-09:39","MSP",1.38624744587067,1.19763700207026,0.188610443800406,3,"ok","",NA,0.0100000000093132
"s3-cu-r1-12-o-d-09:39","endpoint",1.13989350782599,NA,NA,NA,"ok","",NA,0
"s3-cu-r1-13-o-d-09:47","goAquaFlux",1.79922176641308,1.79922176641308,0,0,"ok","",NA,0.209999999962747
"s3-cu-r1-13-o-d-09:47","goFlux_noSep",1.79922176641308,NA,NA,NA,"ok","",NA,0.140000000130385
"s3-cu-r1-13-o-d-09:47","FS_default",0.845824863477829,0.845824863477829,0,0,"ok","",0,0.359999999869615
"s3-cu-r1-13-o-d-09:47","MSP",0.897743333101717,0.792776580809747,0.10496675229197,5,"ok","",NA,0.0300000000279397
"s3-cu-r1-13-o-d-09:47","endpoint",1.05118735641701,NA,NA,NA,"ok","",NA,0
"s3-cu-r1-14-o-d-10:03","goAquaFlux",2.28337789928629,2.04392682028816,0.239451078998128,1,"ok","",NA,0.150000000139698
"s3-cu-r1-14-o-d-10:03","goFlux_noSep",3.72997003141333,NA,NA,NA,"ok","",NA,0.189999999944121
"s3-cu-r1-14-o-d-10:03","FS_default",NA,NA,0,0,"ok","no diffusive segment accepted by FS",0,0.270000000018626
"s3-cu-r1-14-o-d-10:03","MSP",3.66976088129558,2.99843722001226,0.671323661283322,1,"ok","",NA,0.0100000000093132
"s3-cu-r1-14-o-d-10:03","endpoint",3.32991770050255,NA,NA,NA,"ok","",NA,0
"s3-cu-r1-3-o-d-07:22","goAquaFlux",12.5163468772645,12.5163468772645,0,0,"ok","",NA,0.209999999962747
"s3-cu-r1-3-o-d-07:22","goFlux_noSep",12.5163468772645,NA,NA,NA,"ok","",NA,0.090000000083819
"s3-cu-r1-3-o-d-07:22","FS_default",10.4838597813344,10.4838597813344,0,0,"ok","",0,0.21999999997206
"s3-cu-r1-3-o-d-07:22","MSP",14.9409461177163,13.4895625337911,1.45138358392519,3,"ok","",NA,0.0100000000093132
"s3-cu-r1-3-o-d-07:22","endpoint",13.088657451803,NA,NA,NA,"ok","",NA,0
"s3-cu-r1-7-o-d-08:38","goAquaFlux",3.5194061486354,3.5194061486354,0,0,"ok","",NA,0.139999999897555
"s3-cu-r1-7-o-d-08:38","goFlux_noSep",3.5194061486354,NA,NA,NA,"ok","",NA,0.100000000093132
"s3-cu-r1-7-o-d-08:38","FS_default",2.20628749380067,2.20628749380067,0,0,"ok","",0,0.300000000046566
"s3-cu-r1-7-o-d-08:38","MSP",2.09120139134442,1.90124133850996,0.189960052834457,7,"ok","",NA,0.0499999998137355
"s3-cu-r1-7-o-d-08:38","endpoint",2.58370442505035,NA,NA,NA,"ok","",NA,0
"s3-cu-r1-8-o-d-08:55","goAquaFlux",2.1571136147067,2.1571136147067,0,0,"ok","",NA,0.200000000186265
"s3-cu-r1-8-o-d-08:55","goFlux_noSep",2.1571136147067,NA,NA,NA,"ok","",NA,0.139999999897555
"s3-cu-r1-8-o-d-08:55","FS_default",NA,NA,0,0,"ok","no diffusive segment accepted by FS",0,0.310000000055879
"s3-cu-r1-8-o-d-08:55","MSP",2.92141133072629,2.54571473567436,0.375696595051928,3,"ok","",NA,0.0300000000279397
"s3-cu-r1-8-o-d-08:55","endpoint",2.37479464278135,NA,NA,NA,"ok","",NA,0
"s3-cu-r1-9-o-d-09:04","goAquaFlux",59.3978055887619,59.3978055887619,0,0,"ok","",NA,0.169999999925494
"s3-cu-r1-9-o-d-09:04","goFlux_noSep",59.3978055887619,NA,NA,NA,"ok","",NA,0.139999999897555
"s3-cu-r1-9-o-d-09:04","FS_default",-1.22136764639008,-1.22136764639008,0,0,"ok","",0,0.25
"s3-cu-r1-9-o-d-09:04","MSP",107.938464459517,91.2912512352522,16.6472132242644,3,"ok","",NA,0.0200000000186265
"s3-cu-r1-9-o-d-09:04","endpoint",59.3646241912463,NA,NA,NA,"ok","",NA,0
"s3-cu-r2-10-o-d-10:57","goAquaFlux",1.85117847387248,1.79822499983033,0.0529534740421461,1,"ok","",NA,0.290000000037253
"s3-cu-r2-10-o-d-10:57","goFlux_noSep",1.28714227972169,NA,NA,NA,"ok","",NA,0.159999999916181
"s3-cu-r2-10-o-d-10:57","FS_default",1.23293406577813,1.23293406577813,0,0,"ok","",0,0.290000000037253
"s3-cu-r2-10-o-d-10:57","MSP",1.29797999176155,1.17787042801016,0.120109563751392,6,"ok","",NA,0.0400000000372529
"s3-cu-r2-10-o-d-10:57","endpoint",1.26538145878672,NA,NA,NA,"ok","",NA,0
"s3-cu-r2-14-o-d-12:19","goAquaFlux",1.65840417086339,1.42190948045263,0.236494690410757,1,"ok","",NA,0.139999999897555
"s3-cu-r2-14-o-d-12:19","goFlux_noSep",1.74034573403672,NA,NA,NA,"ok","",NA,0.210000000195578
"s3-cu-r2-14-o-d-12:19","FS_default",1.1252654669776,1.1252654669776,0,0,"ok","",0,0.25
"s3-cu-r2-14-o-d-12:19","MSP",2.72709880101975,2.33521669138507,0.391882109634678,4,"ok","",NA,0.029999999795109
"s3-cu-r2-14-o-d-12:19","endpoint",1.59883880085663,NA,NA,NA,"ok","",NA,0
"s3-cu-r2-4-o-d-07:42","goAquaFlux",1.69874068496413,1.69874068496413,0,0,"ok","",NA,0.25
"s3-cu-r2-4-o-d-07:42","goFlux_noSep",1.69874068496413,NA,NA,NA,"ok","",NA,0.140000000130385
"s3-cu-r2-4-o-d-07:42","FS_default",0.945277280450075,0.945277280450075,0,0,"ok","",0,0.310000000055879
"s3-cu-r2-4-o-d-07:42","MSP",1.04760278575651,0.930022576921434,0.117580208835078,5,"ok","",NA,0.0200000000186265
"s3-cu-r2-4-o-d-07:42","endpoint",1.16231150122447,NA,NA,NA,"ok","",NA,0
"s3-cu-r2-5-o-d-07:57","goAquaFlux",1.60351432539585,1.35427950082317,0.249234824572682,3,"ok","",NA,0.309999999823049
"s3-cu-r2-5-o-d-07:57","goFlux_noSep",1.71980756631038,NA,NA,NA,"ok","",NA,0.120000000111759
"s3-cu-r2-5-o-d-07:57","FS_default",1.3327573225906,1.3327573225906,0,0,"ok","",0,0.21999999997206
"s3-cu-r2-5-o-d-07:57","MSP",1.60082156422558,1.26768437421483,0.333137190010748,9,"ok","",NA,0.0500000000465661
"s3-cu-r2-5-o-d-07:57","endpoint",1.70622964229719,NA,NA,NA,"ok","",NA,0
"s3-cu-r2-6-o-d-08:26","goAquaFlux",NA,NA,0.0364469421909705,1,"ok","",NA,0.119999999878928
"s3-cu-r2-6-o-d-08:26","goFlux_noSep",1.36630088372365,NA,NA,NA,"ok","",NA,0.110000000102445
"s3-cu-r2-6-o-d-08:26","FS_default",1.16606831718985,1.16606831718985,0,0,"ok","",0,0.21999999997206
"s3-cu-r2-6-o-d-08:26","MSP",1.18239492349531,1.05287177508448,0.129523148410828,7,"ok","",NA,0.0200000000186265
"s3-cu-r2-6-o-d-08:26","endpoint",1.29569693900876,NA,NA,NA,"ok","",NA,0
"s3-cu-r2-7-o-d-08:41","goAquaFlux",1.46978084026049,1.37532305788383,0.0944577823766538,1,"ok","",NA,0.139999999897555
"s3-cu-r2-7-o-d-08:41","goFlux_noSep",0.855191828260619,NA,NA,NA,"ok","",NA,0.170000000158325
"s3-cu-r2-7-o-d-08:41","FS_default",0.669363035684728,0.669363035684728,0,0,"ok","",0,0.199999999953434
"s3-cu-r2-7-o-d-08:41","MSP",0.970756338180014,0.841565247714002,0.129191090466012,6,"ok","",NA,0.0300000000279397
"s3-cu-r2-7-o-d-08:41","endpoint",0.929038707061731,NA,NA,NA,"ok","",NA,0
"s3-cu-r2-9-o-d-10:42","goAquaFlux",4.88535683546239,4.88535683546239,0,0,"ok","",NA,0.189999999944121
"s3-cu-r2-9-o-d-10:42","goFlux_noSep",4.88535683546239,NA,NA,NA,"ok","",NA,0.159999999916181
"s3-cu-r2-9-o-d-10:42","FS_default",2.03941687122174,2.03941687122174,0,0,"ok","",0,0.300000000046566
"s3-cu-r2-9-o-d-10:42","MSP",3.79792026123768,2.40813010817908,1.3897901530586,3,"ok","",NA,0.0100000000093132
"s3-cu-r2-9-o-d-10:42","endpoint",3.00316714216272,NA,NA,NA,"ok","",NA,0
"s3-da-a2-1-o-d-06:06","goAquaFlux",29.8771637517205,27.4746383812236,2.40252537049684,1,"ok","",NA,0.199999999953434
"s3-da-a2-1-o-d-06:06","goFlux_noSep",314.588071041509,NA,NA,NA,"ok","",NA,0.110000000102445
"s3-da-a2-1-o-d-06:06","FS_default",NA,NA,6927.06335634794,1,"ok","diffusive_flux: [38;5;255m[36mℹ[38;5;255m In argument: `.data$term == ""time""`.[39m
[1mCaused by error in `.data$term`:[22m
[38;5;255m[33m![38;5;255m Column `term` not found in `.data`.[39m | no diffusive segment accepted by FS",0,0.379999999888241
"s3-da-a2-1-o-d-06:06","MSP",NA,NA,0.105621435704424,1,"ok","no valid diffusive segment",NA,0.0100000000093132
"s3-da-a2-1-o-d-06:06","endpoint",1135.23112252895,NA,NA,NA,"ok","",NA,0
"s3-da-a2-10-o-d-08:57","goAquaFlux",26.2818011995201,14.4892541586928,11.7925470408273,2,"ok","",NA,0.410000000149012
"s3-da-a2-10-o-d-08:57","goFlux_noSep",45.5087086088855,NA,NA,NA,"ok","",NA,0.109999999869615
"s3-da-a2-10-o-d-08:57","FS_default",NA,NA,27.0433551808703,2,"ok","diffusive_flux: [38;5;255m[36mℹ[38;5;255m In argument: `.data$term == ""time""`.[39m
[1mCaused by error in `.data$term`:[22m
[38;5;255m[33m![38;5;255m Column `term` not found in `.data`.[39m | no diffusive segment accepted by FS",0,0.449999999953434
"s3-da-a2-10-o-d-08:57","MSP",103.01112639567,62.6898521286387,40.3212742670315,3,"ok","",NA,0.0300000000279397
"s3-da-a2-10-o-d-08:57","endpoint",39.3999035378168,NA,NA,NA,"ok","",NA,0
"s3-da-a2-2-o-d-06:17","goAquaFlux",32.3776679936379,11.151013201878,21.2266547917599,1,"ok","",NA,0.270000000018626
"s3-da-a2-2-o-d-06:17","goFlux_noSep",125.032420798431,NA,NA,NA,"ok","",NA,0.120000000111759
"s3-da-a2-2-o-d-06:17","FS_default",104.709921971827,12.3626193601291,92.3473026116977,1,"ok","",0,0.270000000018626
"s3-da-a2-2-o-d-06:17","MSP",NA,NA,98.4494644237749,3,"ok","no valid diffusive segment",NA,0.0100000000093132
"s3-da-a2-2-o-d-06:17","endpoint",96.8493950482974,NA,NA,NA,"ok","",NA,0
"s3-da-a2-3-o-d-06:45","goAquaFlux",NA,NA,1.64101233657684,4,"ok","Inf replaced by maximum positive value",NA,0.140000000130385
"s3-da-a2-3-o-d-06:45","goFlux_noSep",8.81874262257911,NA,NA,NA,"ok","",NA,0.169999999925494
"s3-da-a2-3-o-d-06:45","FS_default",10.4075985850062,10.4075985850062,0,0,"ok","",0,0.300000000046566
"s3-da-a2-3-o-d-06:45","MSP",9.17154664245405,6.59613107008339,2.57541557237066,9,"ok","",NA,0.0200000000186265
"s3-da-a2-3-o-d-06:45","endpoint",9.24403660696377,NA,NA,NA,"ok","",NA,0
"s3-da-a2-4-o-d-07:00","goAquaFlux",12.6575817097675,9.39368754462636,3.26389416514111,2,"ok","",NA,0.28000000002794
"s3-da-a2-4-o-d-07:00","goFlux_noSep",13.075561929428,NA,NA,NA,"ok","",NA,0.139999999897555
"s3-da-a2-4-o-d-07:00","FS_default",NA,NA,5.15075073717738,1,"ok","diffusive_flux: [38;5;255m[36mℹ[38;5;255m In argument: `.data$term == ""time""`.[39m
[1mCaused by error in `.data$term`:[22m
[38;5;255m[33m![38;5;255m Column `term` not found in `.data`.[39m | no diffusive segment accepted by FS",0,0.360000000102445
"s3-da-a2-4-o-d-07:00","MSP",50.7082934476632,36.862606337411,13.8456871102522,4,"ok","",NA,0.0100000000093132
"s3-da-a2-4-o-d-07:00","endpoint",12.4033866596191,NA,NA,NA,"ok","",NA,0
"s3-da-a2-5-o-d-07:21","goAquaFlux",105.217973224656,15.1035966291043,90.1143765955516,2,"ok","",NA,0.289999999804422
"s3-da-a2-5-o-d-07:21","goFlux_noSep",121.046564977435,NA,NA,NA,"ok","",NA,0.110000000102445
"s3-da-a2-5-o-d-07:21","FS_default",142.072961033455,10.1461686735526,131.926792359903,1,"ok","",0,0.310000000055879
"s3-da-a2-5-o-d-07:21","MSP",306.892847026987,277.678507210467,29.2143398165194,1,"ok","",NA,0.0100000000093132
"s3-da-a2-5-o-d-07:21","endpoint",139.682604430713,NA,NA,NA,"ok","",NA,0
"s3-da-a2-6-o-d-07:39","goAquaFlux",NA,NA,4.28475242189722,2,"ok","",NA,0.129999999888241
"s3-da-a2-6-o-d-07:39","goFlux_noSep",17.1648302653911,NA,NA,NA,"ok","",NA,0.189999999944121
"s3-da-a2-6-o-d-07:39","FS_default",18.6971277063443,10.4793832302862,8.2177444760581,1,"ok","",0,0.260000000009313
"s3-da-a2-6-o-d-07:39","MSP",25.5071432688073,11.9648141050888,13.5423291637184,1,"ok","",NA,0.0200000000186265
"s3-da-a2-6-o-d-07:39","endpoint",17.1961547569712,NA,NA,NA,"ok","",NA,0
"s3-da-a2-7-o-d-08:04","goAquaFlux",11.8348322463235,11.3839276125817,0.450904633741731,1,"ok","",NA,0.229999999981374
"s3-da-a2-7-o-d-08:04","goFlux_noSep",11.156421069318,NA,NA,NA,"ok","",NA,0.190000000176951
"s3-da-a2-7-o-d-08:04","FS_default",11.7507674044323,11.7507674044323,0,0,"ok","",0,0.199999999953434
"s3-da-a2-7-o-d-08:04","MSP",13.010745953926,11.294926406969,1.71581954695701,6,"ok","",NA,0.0200000000186265
"s3-da-a2-7-o-d-08:04","endpoint",11.070825025567,NA,NA,NA,"ok","",NA,0
"s3-da-a2-8-o-d-08:20","goAquaFlux",5409.79327559347,4726.41468297426,683.378592619204,2,"ok","",NA,0.21999999997206
"s3-da-a2-8-o-d-08:20","goFlux_noSep",5306.88933039906,NA,NA,NA,"ok","",NA,0.109999999869615
"s3-da-a2-8-o-d-08:20","FS_default",NA,NA,5316.92549799428,1,"ok","diffusive_flux: [38;5;255m[36mℹ[38;5;255m In argument: `.data$term == ""time""`.[39m
[1mCaused by error in `.data$term`:[22m
[38;5;255m[33m![38;5;255m Column `term` not found in `.data`.[39m | no diffusive segment accepted by FS",0,0.390000000130385
"s3-da-a2-8-o-d-08:20","MSP",6195.30836727024,5446.2949914546,749.013375815645,3,"ok","",NA,0.0100000000093132
"s3-da-a2-8-o-d-08:20","endpoint",5262.04371159573,NA,NA,NA,"ok","",NA,0
"s3-da-a2-9-o-d-08:41","goAquaFlux",9.22729385083086,8.86382911214542,0.363464738685438,1,"ok","",NA,0.21999999997206
"s3-da-a2-9-o-d-08:41","goFlux_noSep",11.4498680915689,NA,NA,NA,"ok","",NA,0.090000000083819
"s3-da-a2-9-o-d-08:41","FS_default",6.61976883218952,6.61976883218952,0,0,"ok","",0,0.239999999990687
"s3-da-a2-9-o-d-08:41","MSP",8.18013265401137,6.91156058615594,1.26857206785543,6,"ok","",NA,0.0100000000093132
"s3-da-a2-9-o-d-08:41","endpoint",7.61744660406771,NA,NA,NA,"ok","",NA,0
"s3-da-p1-1-o-d-07:09","goAquaFlux",2.79390236395688,2.73895063105377,0.0549517329031068,1,"ok","",NA,0.289999999804422
"s3-da-p1-1-o-d-07:09","goFlux_noSep",2.90276072097587,NA,NA,NA,"ok","",NA,0.110000000102445
"s3-da-p1-1-o-d-07:09","FS_default",1.78568898325829,1.78568898325829,0,0,"ok","",0,0.239999999990687
"s3-da-p1-1-o-d-07:09","MSP",1.71545202323151,1.6014136248486,0.114038398382915,6,"ok","",NA,0.0400000000372529
"s3-da-p1-1-o-d-07:09","endpoint",1.97042233905928,NA,NA,NA,"ok","",NA,0
"s3-da-p1-11-o-d-10:39","goAquaFlux",2.94929235243101,2.94929235243101,0,0,"ok","",NA,0.25
"s3-da-p1-11-o-d-10:39","goFlux_noSep",2.94929235243101,NA,NA,NA,"ok","",NA,0.139999999897555
"s3-da-p1-11-o-d-10:39","FS_default",1.78318991279768,1.78318991279768,0,0,"ok","",0,0.239999999990687
"s3-da-p1-11-o-d-10:39","MSP",1.69729815389571,1.49061217235401,0.206685981541707,8,"ok","",NA,0.0300000000279397
"s3-da-p1-11-o-d-10:39","endpoint",1.74521557575865,NA,NA,NA,"ok","",NA,0
"s3-da-p1-12-o-d-10:59","goAquaFlux",8.20007388598178,8.08935458545913,0.110719300522654,2,"ok","",NA,0.300000000046566
"s3-da-p1-12-o-d-10:59","goFlux_noSep",8.14955681019501,NA,NA,NA,"ok","",NA,0.139999999897555
"s3-da-p1-12-o-d-10:59","FS_default",6.40890360051716,6.40890360051716,0,0,"ok","",0,0.25
"s3-da-p1-12-o-d-10:59","MSP",6.39721733349239,5.78607465226424,0.611142681228154,7,"ok","",NA,0.0300000000279397
"s3-da-p1-12-o-d-10:59","endpoint",6.76932292774348,NA,NA,NA,"ok","",NA,0
"s3-da-p1-13-o-d-11:20","goAquaFlux",4.649102843699,4.649102843699,0,0,"ok","",NA,0.340000000083819
"s3-da-p1-13-o-d-11:20","goFlux_noSep",4.649102843699,NA,NA,NA,"ok","",NA,0.159999999916181
"s3-da-p1-13-o-d-11:20","FS_default",3.56159525661549,3.56159525661549,0,0,"ok","",0,0.229999999981374
"s3-da-p1-13-o-d-11:20","MSP",5.45899777485075,4.85479950287064,0.604198271980111,5,"ok","",NA,0.0300000000279397
"s3-da-p1-13-o-d-11:20","endpoint",4.7887846727105,NA,NA,NA,"ok","",NA,0
"s3-da-p1-15-o-d-12:09","goAquaFlux",0.709515401931319,0.709515401931319,0,0,"ok","",NA,0.190000000176951
"s3-da-p1-15-o-d-12:09","goFlux_noSep",0.709515401931319,NA,NA,NA,"ok","",NA,0.0899999998509884
"s3-da-p1-15-o-d-12:09","FS_default",0.543887874683781,0.543887874683781,0,0,"ok","",0,0.300000000046566
"s3-da-p1-15-o-d-12:09","MSP",0.599045815993088,0.582070425876014,0.0169753901170732,2,"ok","",NA,0.0500000000465661
"s3-da-p1-15-o-d-12:09","endpoint",0.52936150631879,NA,NA,NA,"ok","",NA,0
"s3-da-p1-2-o-d-07:24","goAquaFlux",1.961324363376,1.94371578464674,0.0176085787292602,1,"ok","",NA,0.379999999888241
"s3-da-p1-2-o-d-07:24","goFlux_noSep",1.09019231271915,NA,NA,NA,"ok","",NA,0.120000000111759
"s3-da-p1-2-o-d-07:24","FS_default",0.717163314370271,0.717163314370271,0,0,"ok","",0,0.239999999990687
"s3-da-p1-2-o-d-07:24","MSP",1.35532403483447,1.27412259279074,0.0812014420437338,3,"ok","",NA,0.0300000000279397
"s3-da-p1-2-o-d-07:24","endpoint",1.05925874250566,NA,NA,NA,"ok","",NA,0
"s3-da-p1-4-o-d-08:06","goAquaFlux",0.598957869386534,0.598957869386534,0,0,"ok","",NA,0.139999999897555
"s3-da-p1-4-o-d-08:06","goFlux_noSep",0.598957869386534,NA,NA,NA,"ok","",NA,0.159999999916181
"s3-da-p1-4-o-d-08:06","FS_default",0.443663979475203,0.443663979475203,0,0,"ok","",0,0.290000000037253
"s3-da-p1-4-o-d-08:06","MSP",0.515869638582838,0.47454010374385,0.041329534838988,4,"ok","",NA,0.0200000000186265
"s3-da-p1-4-o-d-08:06","endpoint",0.490073224422671,NA,NA,NA,"ok","",NA,0
"s3-da-p1-5-o-d-08:25","goAquaFlux",6.63661230088901,6.53134404159951,0.105268259289492,1,"ok","",NA,0.21999999997206
"s3-da-p1-5-o-d-08:25","goFlux_noSep",6.0894111872234,NA,NA,NA,"ok","",NA,0.140000000130385
"s3-da-p1-5-o-d-08:25","FS_default",5.1959144363277,5.1959144363277,0,0,"ok","",0,0.199999999953434
"s3-da-p1-5-o-d-08:25","MSP",5.34832007319851,4.52138824312503,0.826931830073477,8,"ok","",NA,0.0300000000279397
"s3-da-p1-5-o-d-08:25","endpoint",5.45272363033174,NA,NA,NA,"ok","",NA,0
"s3-da-p1-6-o-d-08:44","goAquaFlux",10.508698576395,10.1630864283365,0.34561214805849,2,"ok","",NA,0.349999999860302
"s3-da-p1-6-o-d-08:44","goFlux_noSep",10.5695366610117,NA,NA,NA,"ok","",NA,0.140000000130385
"s3-da-p1-6-o-d-08:44","FS_default",9.43643215222768,9.43643215222768,0,0,"ok","",0,0.229999999981374
"s3-da-p1-6-o-d-08:44","MSP",7.41253797165302,6.01627064850402,1.396267323149,10,"ok","",NA,0.0300000000279397
"s3-da-p1-6-o-d-08:44","endpoint",8.97178872862392,NA,NA,NA,"ok","",NA,0
"s3-da-p1-7-o-d-09:06","goAquaFlux",11.6198518938653,11.6198518938653,0,0,"ok","",NA,0.239999999990687
"s3-da-p1-7-o-d-09:06","goFlux_noSep",11.6198518938653,NA,NA,NA,"ok","",NA,0.090000000083819
"s3-da-p1-7-o-d-09:06","FS_default",5.47273012690962,5.47273012690962,0,0,"ok","",0,0.309999999823049
"s3-da-p1-7-o-d-09:06","MSP",6.89459774221697,6.06800428499386,0.826593457223105,6,"ok","",NA,0.0200000000186265
"s3-da-p1-7-o-d-09:06","endpoint",6.77656685182481,NA,NA,NA,"ok","",NA,0
"s3-da-p1-9-o-d-09:59","goAquaFlux",1.26798926787243,1.24934352526409,0.0186457426083422,1,"ok","",NA,0.260000000009313
"s3-da-p1-9-o-d-09:59","goFlux_noSep",0.909504632567683,NA,NA,NA,"ok","",NA,0.130000000121072
"s3-da-p1-9-o-d-09:59","FS_default",0.626994842754459,0.626994842754459,0,0,"ok","",0,0.260000000009313
"s3-da-p1-9-o-d-09:59","MSP",0.776020236126583,0.715066830730724,0.0609534053958593,5,"ok","",NA,0.0200000000186265
"s3-da-p1-9-o-d-09:59","endpoint",0.710478631640825,NA,NA,NA,"ok","",NA,0
"s3-da-p2-1-o-d-08:59","goAquaFlux",3.82957365754184,1.463516420767,2.36605723677484,1,"ok","",NA,0.25
"s3-da-p2-1-o-d-08:59","goFlux_noSep",7.05330208152407,NA,NA,NA,"ok","",NA,0.169999999925494
"s3-da-p2-1-o-d-08:59","FS_default",1.77382884588245,1.77382884588245,0,0,"ok","",0,0.25
"s3-da-p2-1-o-d-08:59","MSP",24.7551237874435,23.7737097384819,0.981414048961594,3,"ok","",NA,0.0200000000186265
"s3-da-p2-1-o-d-08:59","endpoint",6.84490264401581,NA,NA,NA,"ok","",NA,0
"s3-da-p2-10-o-d-11:05","goAquaFlux",0.993502105135619,0.993502105135619,0,0,"ok","",NA,0.169999999925494
"s3-da-p2-10-o-d-11:05","goFlux_noSep",0.993502105135619,NA,NA,NA,"ok","",NA,0.159999999916181
"s3-da-p2-10-o-d-11:05","FS_default",NA,NA,0,0,"ok","no diffusive segment accepted by FS",0,0.25
"s3-da-p2-10-o-d-11:05","MSP",2.16364400238445,1.75401946466457,0.409624537719881,3,"ok","",NA,0
"s3-da-p2-10-o-d-11:05","endpoint",0.671660431383648,NA,NA,NA,"ok","",NA,0
"s3-da-p2-4-o-d-09:55","goAquaFlux",5.28600989463138,5.28600989463138,0,0,"ok","",NA,0.160000000149012
"s3-da-p2-4-o-d-09:55","goFlux_noSep",5.28600989463138,NA,NA,NA,"ok","",NA,0.109999999869615
"s3-da-p2-4-o-d-09:55","FS_default",3.27040982884537,3.27040982884537,0,0,"ok","",0,0.200000000186265
"s3-da-p2-4-o-d-09:55","MSP",4.02051015054384,3.52611467928025,0.49439547126359,4,"ok","",NA,0.0199999997857958
"s3-da-p2-4-o-d-09:55","endpoint",3.955927495017,NA,NA,NA,"ok","",NA,0
"s3-da-p2-5-o-d-10:03","goAquaFlux",0.70426688114768,0.70426688114768,0,0,"ok","",NA,0.200000000186265
"s3-da-p2-5-o-d-10:03","goFlux_noSep",0.70426688114768,NA,NA,NA,"ok","",NA,0.109999999869615
"s3-da-p2-5-o-d-10:03","FS_default",2.36570439438946,2.36570439438946,0,0,"ok","",0,0.330000000074506
"s3-da-p2-5-o-d-10:03","MSP",2.82001764241082,2.72467097910623,0.0953466633045903,2,"ok","",NA,0.0300000000279397
"s3-da-p2-5-o-d-10:03","endpoint",-0.0526251526232767,NA,NA,NA,"ok","",NA,0
"s3-da-p2-6-o-d-10:17","goAquaFlux",5.14671534627736,5.14671534627736,0,0,"ok","",NA,0.169999999925494
"s3-da-p2-6-o-d-10:17","goFlux_noSep",5.14671534627736,NA,NA,NA,"ok","",NA,0.189999999944121
"s3-da-p2-6-o-d-10:17","FS_default",NA,NA,0,0,"ok","no diffusive segment accepted by FS",0,0.28000000002794
"s3-da-p2-6-o-d-10:17","MSP",4.73768116294474,3.93139520109885,0.806285961845884,3,"ok","",NA,0.0100000000093132
"s3-da-p2-6-o-d-10:17","endpoint",4.46979515309417,NA,NA,NA,"ok","",NA,0
"s3-da-p2-7-o-d-10:25","goAquaFlux",3.57715476332791,3.55149936991768,0.0256553934102297,1,"ok","",NA,0.21999999997206
"s3-da-p2-7-o-d-10:25","goFlux_noSep",1.76716689349376,NA,NA,NA,"ok","",NA,0.25
"s3-da-p2-7-o-d-10:25","FS_default",1.5445711648301,1.5445711648301,0,0,"ok","",0,0.229999999981374
"s3-da-p2-7-o-d-10:25","MSP",2.90751629118871,2.63519737921204,0.272318911976664,9,"ok","",NA,0.0300000000279397
"s3-da-p2-7-o-d-10:25","endpoint",1.79053596676213,NA,NA,NA,"ok","",NA,0
"s3-da-p2-8-o-d-10:41","goAquaFlux",2.06378962108166,2.06378962108166,0,0,"ok","",NA,0.140000000130385
"s3-da-p2-8-o-d-10:41","goFlux_noSep",2.06378962108166,NA,NA,NA,"ok","",NA,0.129999999888241
"s3-da-p2-8-o-d-10:41","FS_default",NA,NA,0,0,"ok","no diffusive segment accepted by FS",0,0.25
"s3-da-p2-8-o-d-10:41","MSP",2.63679013770285,1.82987679922121,0.806913338481641,5,"ok","",NA,0.0300000000279397
"s3-da-p2-8-o-d-10:41","endpoint",2.27205520714285,NA,NA,NA,"ok","",NA,0
"s3-da-r1-1-o-d-08:22","goAquaFlux",18.0438195202,3.52333376305988,14.5204857571401,1,"ok","",NA,0.21999999997206
"s3-da-r1-1-o-d-08:22","goFlux_noSep",86.002970408048,NA,NA,NA,"ok","",NA,0.169999999925494
"s3-da-r1-1-o-d-08:22","FS_default",NA,NA,22.0952230348534,1,"ok","no diffusive segment accepted by FS",0,0.270000000018626
"s3-da-r1-1-o-d-08:22","MSP",69.9104393956435,65.747625654178,4.16281374146548,2,"ok","",NA,0.0100000000093132
"s3-da-r1-1-o-d-08:22","endpoint",39.6506354953071,NA,NA,NA,"ok","",NA,0
"s3-da-r1-10-o-d-10:27","goAquaFlux",21.9463375311829,21.4095750550241,0.53676247615876,1,"ok","",NA,0.21999999997206
"s3-da-r1-10-o-d-10:27","goFlux_noSep",20.3261829917022,NA,NA,NA,"ok","",NA,0.160000000149012
"s3-da-r1-10-o-d-10:27","FS_default",11.2015939555584,11.2015939555584,0,0,"ok","",0,0.359999999869615
"s3-da-r1-10-o-d-10:27","MSP",12.8606743597395,11.911107545841,0.949566813898451,2,"ok","",NA,0.0100000000093132
"s3-da-r1-10-o-d-10:27","endpoint",13.0796397351633,NA,NA,NA,"ok","",NA,0
"s3-da-r1-11-o-d-10:36","goAquaFlux",NA,NA,4.26341616965883,1,"ok","",NA,0.0700000000651926
"s3-da-r1-11-o-d-10:36","goFlux_noSep",18.1710900472226,NA,NA,NA,"ok","",NA,0.090000000083819
"s3-da-r1-11-o-d-10:36","FS_default",NA,NA,0,0,"ok","no diffusive segment accepted by FS",0,0.28000000002794
"s3-da-r1-11-o-d-10:36","MSP",25.011946110191,21.1860224402431,3.8259236699479,3,"ok","",NA,0.0199999997857958
"s3-da-r1-11-o-d-10:36","endpoint",19.213982467012,NA,NA,NA,"ok","",NA,0
"s3-da-r1-12-o-d-10:45","goAquaFlux",18.7615139781257,18.7615139781257,0,0,"ok","",NA,0.170000000158325
"s3-da-r1-12-o-d-10:45","goFlux_noSep",18.7615139781257,NA,NA,NA,"ok","",NA,0.149999999906868
"s3-da-r1-12-o-d-10:45","FS_default",NA,NA,0,0,"ok","no diffusive segment accepted by FS",0,0.28000000002794
"s3-da-r1-12-o-d-10:45","MSP",77.5499312114121,73.2959925935945,4.25393861781762,1,"ok","",NA,0
"s3-da-r1-12-o-d-10:45","endpoint",24.3518779122166,NA,NA,NA,"ok","",NA,0
"s3-da-r1-13-o-d-10:54","goAquaFlux",6.37736042221415,6.37736042221415,0,0,"ok","",NA,0.270000000018626
"s3-da-r1-13-o-d-10:54","goFlux_noSep",6.37736042221415,NA,NA,NA,"ok","",NA,0.179999999934807
"s3-da-r1-13-o-d-10:54","FS_default",NA,NA,0,0,"ok","no diffusive segment accepted by FS",0,0.25
"s3-da-r1-13-o-d-10:54","MSP",7.27988595686862,6.40257701947535,0.877308937393271,3,"ok","",NA,0
"s3-da-r1-13-o-d-10:54","endpoint",5.11024970707573,NA,NA,NA,"ok","",NA,0
"s3-da-r1-14-o-d-11:03","goAquaFlux",NA,NA,1.84115744678868,1,"ok","",NA,0.0300000000279397
"s3-da-r1-14-o-d-11:03","goFlux_noSep",17.8227684230826,NA,NA,NA,"ok","",NA,0.090000000083819
"s3-da-r1-14-o-d-11:03","FS_default",NA,NA,0,0,"ok","no diffusive segment accepted by FS",0,0.209999999962747
"s3-da-r1-14-o-d-11:03","MSP",15.8334161345043,10.9623928356018,4.87102329890248,6,"ok","",NA,0.0100000000093132
"s3-da-r1-14-o-d-11:03","endpoint",10.6363917260121,NA,NA,NA,"ok","",NA,0
"s3-da-r1-15-o-d-11:13","goAquaFlux",124.832091537167,-5.79117176878934,130.623263305956,2,"ok","",NA,0.28000000002794
"s3-da-r1-15-o-d-11:13","goFlux_noSep",89.4321097810643,NA,NA,NA,"ok","",NA,0.179999999934807
"s3-da-r1-15-o-d-11:13","FS_default",NA,NA,105.578735839069,1,"ok","diffusive_flux: [38;5;255m[36mℹ[38;5;255m In argument: `.data$term == ""time""`.[39m
[1mCaused by error in `.data$term`:[22m
[38;5;255m[33m![38;5;255m Column `term` not found in `.data`.[39m | no diffusive segment accepted by FS",0,0.359999999869615
"s3-da-r1-15-o-d-11:13","MSP",227.986723151567,141.631868391912,86.3548547596555,3,"ok","",NA,0.0100000000093132
"s3-da-r1-15-o-d-11:13","endpoint",91.5492670387633,NA,NA,NA,"ok","",NA,0
"s3-da-r1-3-o-d-08:55","goAquaFlux",11.7328555026941,11.7328555026941,0,0,"ok","",NA,0.190000000176951
"s3-da-r1-3-o-d-08:55","goFlux_noSep",11.7328555026941,NA,NA,NA,"ok","",NA,0.119999999878928
"s3-da-r1-3-o-d-08:55","FS_default",NA,NA,0,0,"ok","no diffusive segment accepted by FS",0,0.330000000074506
"s3-da-r1-3-o-d-08:55","MSP",13.7658186341606,10.3011571090733,3.46466152508733,8,"ok","",NA,0
"s3-da-r1-3-o-d-08:55","endpoint",9.96432142416359,NA,NA,NA,"ok","",NA,0
"s3-da-r1-4-o-d-09:04","goAquaFlux",5.25896049881009,5.25896049881009,0,0,"ok","",NA,0.159999999916181
"s3-da-r1-4-o-d-09:04","goFlux_noSep",5.25896049881009,NA,NA,NA,"ok","",NA,0.199999999953434
"s3-da-r1-4-o-d-09:04","FS_default",NA,NA,0,0,"ok","no diffusive segment accepted by FS",0,0.270000000018626
"s3-da-r1-4-o-d-09:04","MSP",4.94397894655166,3.96722020509434,0.976758741457326,4,"ok","",NA,0.0100000000093132
"s3-da-r1-4-o-d-09:04","endpoint",4.52873692074506,NA,NA,NA,"ok","",NA,0
"s3-da-r1-5-o-d-09:12","goAquaFlux",20.7509776136615,16.6354107443089,4.11556686935264,2,"ok","",NA,0.21999999997206
"s3-da-r1-5-o-d-09:12","goFlux_noSep",25.258628525683,NA,NA,NA,"ok","",NA,0.170000000158325
"s3-da-r1-5-o-d-09:12","FS_default",NA,NA,0,0,"ok","no diffusive segment accepted by FS",0,0.319999999832362
"s3-da-r1-5-o-d-09:12","MSP",23.1729064184245,18.9910587031737,4.18184771525081,3,"ok","",NA,0.0100000000093132
"s3-da-r1-5-o-d-09:12","endpoint",21.5677139757522,NA,NA,NA,"ok","",NA,0
"s3-da-r1-7-o-d-09:42","goAquaFlux",10.1886261609685,10.1886261609685,0,0,"ok","",NA,0.220000000204891
"s3-da-r1-7-o-d-09:42","goFlux_noSep",10.1886261609685,NA,NA,NA,"ok","",NA,0.189999999944121
"s3-da-r1-7-o-d-09:42","FS_default",8.33452141783141,8.33452141783141,0,0,"ok","",0,0.229999999981374
"s3-da-r1-7-o-d-09:42","MSP",12.0338209456528,11.2861767272378,0.747644218414979,5,"ok","",NA,0.0500000000465661
"s3-da-r1-7-o-d-09:42","endpoint",9.72712073501345,NA,NA,NA,"ok","",NA,0
"s3-da-r1-9-o-d-10:16","goAquaFlux",NA,NA,4.16996391099925,1,"ok","",NA,0.109999999869615
"s3-da-r1-9-o-d-10:16","goFlux_noSep",18.1418545793104,NA,NA,NA,"ok","",NA,0.090000000083819
"s3-da-r1-9-o-d-10:16","FS_default",10.7073627816502,10.7073627816502,0,0,"ok","",0,0.25
"s3-da-r1-9-o-d-10:16","MSP",34.3215115714573,31.1406736865105,3.18083788494679,3,"ok","",NA,0.0500000000465661
"s3-da-r1-9-o-d-10:16","endpoint",20.9655480535219,NA,NA,NA,"ok","",NA,0
"s3-da-r2-1-o-d-06:15","goAquaFlux",6.52500400663618,6.41467467323663,0.110329333399558,1,"ok","",NA,0.229999999981374
"s3-da-r2-1-o-d-06:15","goFlux_noSep",2.63746265679597,NA,NA,NA,"ok","",NA,0.129999999888241
"s3-da-r2-1-o-d-06:15","FS_default",1.73595731140986,1.73595731140986,0,0,"ok","",0,0.28000000002794
"s3-da-r2-1-o-d-06:15","MSP",2.76423725071583,2.41228363957215,0.351953611143681,6,"ok","",NA,0.0300000000279397
"s3-da-r2-1-o-d-06:15","endpoint",3.00858127181275,NA,NA,NA,"ok","",NA,0
"s3-da-r2-10-o-d-08:28","goAquaFlux",8.85726664968016,8.85726664968016,0,0,"ok","",NA,0.229999999981374
"s3-da-r2-10-o-d-08:28","goFlux_noSep",8.85726664968016,NA,NA,NA,"ok","",NA,0.169999999925494
"s3-da-r2-10-o-d-08:28","FS_default",10.8315225966186,10.8315225966186,0,0,"ok","",0,0.239999999990687
"s3-da-r2-10-o-d-08:28","MSP",9.89537183790338,8.52237797171687,1.37299386618651,5,"ok","",NA,0.0300000000279397
"s3-da-r2-10-o-d-08:28","endpoint",8.76112510425361,NA,NA,NA,"ok","",NA,0
"s3-da-r2-11-o-d-08:37","goAquaFlux",7.31522553773944,7.31522553773944,0,0,"ok","",NA,0.170000000158325
"s3-da-r2-11-o-d-08:37","goFlux_noSep",7.31522553773944,NA,NA,NA,"ok","",NA,0.189999999944121
"s3-da-r2-11-o-d-08:37","FS_default",8.03759098016045,8.03759098016045,0,0,"ok","",0,0.359999999869615
"s3-da-r2-11-o-d-08:37","MSP",7.55527013830671,6.83497147407381,0.720298664232897,2,"ok","",NA,0.0300000000279397
"s3-da-r2-11-o-d-08:37","endpoint",7.43443390589229,NA,NA,NA,"ok","",NA,0
"s3-da-r2-12-o-d-08:45","goAquaFlux",10.8677857444908,10.8677857444908,0,0,"ok","",NA,0.260000000009313
"s3-da-r2-12-o-d-08:45","goFlux_noSep",10.8677857444908,NA,NA,NA,"ok","",NA,0.140000000130385
"s3-da-r2-12-o-d-08:45","FS_default",10.7327009008625,10.7327009008625,0,0,"ok","",0,0.289999999804422
"s3-da-r2-12-o-d-08:45","MSP",9.77136489530598,8.25423266911129,1.51713222619469,4,"ok","",NA,0.0300000000279397
"s3-da-r2-12-o-d-08:45","endpoint",10.7332878181107,NA,NA,NA,"ok","",NA,0
"s3-da-r2-13-o-d-08:55","goAquaFlux",13.441763313944,13.441763313944,0,0,"ok","",NA,0.150000000139698
"s3-da-r2-13-o-d-08:55","goFlux_noSep",13.441763313944,NA,NA,NA,"ok","",NA,0.209999999962747
"s3-da-r2-13-o-d-08:55","FS_default",NA,NA,0,0,"ok","no diffusive segment accepted by FS",0,0.260000000009313
"s3-da-r2-13-o-d-08:55","MSP",14.8710804782584,12.7145715678119,2.15650891044651,4,"ok","",NA,0.0200000000186265
"s3-da-r2-13-o-d-08:55","endpoint",13.2461611305056,NA,NA,NA,"ok","",NA,0
"s3-da-r2-14-o-d-09:02","goAquaFlux",25.5419721478844,25.5419721478844,0,0,"ok","",NA,0.169999999925494
"s3-da-r2-14-o-d-09:02","goFlux_noSep",25.5419721478844,NA,NA,NA,"ok","",NA,0.169999999925494
"s3-da-r2-14-o-d-09:02","FS_default",29.5214366528997,29.5214366528997,0,0,"ok","",0,0.28000000002794
"s3-da-r2-14-o-d-09:02","MSP",26.5687135343373,21.9444986631443,4.62421487119301,6,"ok","",NA,0.0200000000186265
"s3-da-r2-14-o-d-09:02","endpoint",23.894161960574,NA,NA,NA,"ok","",NA,0
"s3-da-r2-15-o-d-09:10","goAquaFlux",NA,NA,4.1362385232231,3,"ok","Inf replaced by maximum positive value",NA,0.25
"s3-da-r2-15-o-d-09:10","goFlux_noSep",37.7262926419672,NA,NA,NA,"ok","",NA,0.120000000111759
"s3-da-r2-15-o-d-09:10","FS_default",18.6168259846437,18.6168259846437,0,0,"ok","",0,0.199999999953434
"s3-da-r2-15-o-d-09:10","MSP",18.4124715543944,17.7421476675476,0.670323886846752,3,"ok","",NA,0.0200000000186265
"s3-da-r2-15-o-d-09:10","endpoint",22.9531071104071,NA,NA,NA,"ok","",NA,0
"s3-da-r2-4-o-d-07:12","goAquaFlux",230.991455882381,5.93869695965827,225.052758922723,1,"ok","",NA,0.179999999934807
"s3-da-r2-4-o-d-07:12","goFlux_noSep",331.497071125788,NA,NA,NA,"ok","",NA,0.120000000111759
"s3-da-r2-4-o-d-07:12","FS_default",NA,NA,283.093220152002,1,"ok","diffusive_flux: [38;5;255m[36mℹ[38;5;255m In argument: `.data$term == ""time""`.[39m
[1mCaused by error in `.data$term`:[22m
[38;5;255m[33m![38;5;255m Column `term` not found in `.data`.[39m | no diffusive segment accepted by FS",0,0.409999999916181
"s3-da-r2-4-o-d-07:12","MSP",NA,NA,107.848097102509,1,"ok","no valid diffusive segment",NA,0.0100000000093132
"s3-da-r2-4-o-d-07:12","endpoint",286.996417570624,NA,NA,NA,"ok","",NA,0
"s3-da-r2-6-o-d-07:47","goAquaFlux",5.68529798335561,5.58990079337029,0.0953971899853265,1,"ok","",NA,0.239999999990687
"s3-da-r2-6-o-d-07:47","goFlux_noSep",9.60333822285276,NA,NA,NA,"ok","",NA,0.179999999934807
"s3-da-r2-6-o-d-07:47","FS_default",6.38583071579866,6.38583071579866,0,0,"ok","",0,0.330000000074506
"s3-da-r2-6-o-d-07:47","MSP",8.8532238370503,7.89486502811516,0.958358808935132,3,"ok","",NA,0
"s3-da-r2-6-o-d-07:47","endpoint",8.1342012942383,NA,NA,NA,"ok","",NA,0
"s3-da-r2-7-o-d-07:57","goAquaFlux",15.4844044525934,15.3636559464013,0.120748506192052,1,"ok","",NA,0.21999999997206
"s3-da-r2-7-o-d-07:57","goFlux_noSep",14.7263776652416,NA,NA,NA,"ok","",NA,0.139999999897555
"s3-da-r2-7-o-d-07:57","FS_default",NA,NA,0,0,"ok","no diffusive segment accepted by FS",0,0.300000000046566
"s3-da-r2-7-o-d-07:57","MSP",11.7618296023253,9.48122405937075,2.2806055429545,4,"ok","",NA,0
"s3-da-r2-7-o-d-07:57","endpoint",11.613937759462,NA,NA,NA,"ok","",NA,0
"s3-da-r2-8-o-d-08:05","goAquaFlux",9.34602183844878,9.34602183844878,0,0,"ok","",NA,0.150000000139698
"s3-da-r2-8-o-d-08:05","goFlux_noSep",9.34602183844878,NA,NA,NA,"ok","",NA,0.149999999906868
"s3-da-r2-8-o-d-08:05","FS_default",6.44567688468564,6.44567688468564,0,0,"ok","",0,0.310000000055879
"s3-da-r2-8-o-d-08:05","MSP",8.69495653957422,7.77671050081926,0.918246038754964,3,"ok","",NA,0.0100000000093132
"s3-da-r2-8-o-d-08:05","endpoint",6.51374271831955,NA,NA,NA,"ok","",NA,0
"s3-da-r2-9-o-d-08:14","goAquaFlux",10.185695573335,10.1466841825597,0.0390113907753617,1,"ok","",NA,0.209999999962747
"s3-da-r2-9-o-d-08:14","goFlux_noSep",9.6427853733647,NA,NA,NA,"ok","",NA,0.179999999934807
"s3-da-r2-9-o-d-08:14","FS_default",10.1320570074236,10.1320570074236,0,0,"ok","",0,0.25
"s3-da-r2-9-o-d-08:14","MSP",10.6182764726386,9.46408588948778,1.1541905831508,6,"ok","",NA,0.0400000000372529
"s3-da-r2-9-o-d-08:14","endpoint",9.70940514350993,NA,NA,NA,"ok","",NA,0
"s3-du-a1-4-o-d-08:41","goAquaFlux",0.0460129638285434,0.0460129638285434,0,0,"ok","",NA,0.28000000002794
"s3-du-a1-4-o-d-08:41","goFlux_noSep",0.0460129638285434,NA,NA,NA,"ok","",NA,0.0700000000651926
"s3-du-a1-4-o-d-08:41","FS_default",0.0294865726066477,0.0294865726066477,0,0,"ok","",0,0.25
"s3-du-a1-4-o-d-08:41","MSP",0.0753832874557511,0.0629598072380026,0.0124234802177486,12,"ok","",NA,0.0799999998416752
"s3-du-a1-4-o-d-08:41","endpoint",0.0341307781845323,NA,NA,NA,"ok","",NA,0
"s3-du-a1-5-o-d-08:56","goAquaFlux",0.0442206760529995,0.0442206760529995,0,0,"ok","",NA,0.130000000121072
"s3-du-a1-5-o-d-08:56","goFlux_noSep",0.0442206760529995,NA,NA,NA,"ok","",NA,0.0899999998509884
"s3-du-a1-5-o-d-08:56","FS_default",0.0324330047245921,0.0324330047245921,0,0,"ok","",0,0.239999999990687
"s3-du-a1-5-o-d-08:56","MSP",0.0618329705542776,0.043118166010142,0.0187148045441356,17,"ok","",NA,0.0300000000279397
"s3-du-a1-5-o-d-08:56","endpoint",0.0362652539357608,NA,NA,NA,"ok","",NA,0
"s3-du-a1-8-o-d-09:45","goAquaFlux",0.0311748066665434,0.0311748066665434,0,0,"ok","",NA,0.170000000158325
"s3-du-a1-8-o-d-09:45","goFlux_noSep",0.0311748066665434,NA,NA,NA,"ok","",NA,0.109999999869615
"s3-du-a1-8-o-d-09:45","FS_default",0.0252583046570512,0.0252583046570512,0,0,"ok","",0,0.290000000037253
"s3-du-a1-8-o-d-09:45","MSP",0.0384087678907721,0.0322977975258346,0.00611097036493748,9,"ok","",NA,0.0100000000093132
"s3-du-a1-8-o-d-09:45","endpoint",0.0255938979750518,NA,NA,NA,"ok","",NA,0
"s3-du-a2-13-o-d-11:43","goAquaFlux",0.560280661962494,0.533473696283142,0.0268069656793515,1,"ok","",NA,0.25
"s3-du-a2-13-o-d-11:43","goFlux_noSep",0.346567292158642,NA,NA,NA,"ok","",NA,0.090000000083819
"s3-du-a2-13-o-d-11:43","FS_default",0.291014737954754,0.291014737954754,0,0,"ok","",0,0.299999999813735
"s3-du-a2-13-o-d-11:43","MSP",0.372896325743444,0.307156310643318,0.0657400151001264,3,"ok","",NA,0.0200000000186265
"s3-du-a2-13-o-d-11:43","endpoint",0.319119654548528,NA,NA,NA,"ok","",NA,0
"s3-du-a2-14-o-d-12:01","goAquaFlux",0.445144552872369,0.445144552872369,0,0,"ok","",NA,0.21999999997206
"s3-du-a2-14-o-d-12:01","goFlux_noSep",0.445144552872369,NA,NA,NA,"ok","",NA,0.150000000139698
"s3-du-a2-14-o-d-12:01","FS_default",0.31690069763929,0.31690069763929,0,0,"ok","",0,0.189999999944121
"s3-du-a2-14-o-d-12:01","MSP",0.274336269441541,0.237475629652581,0.0368606397889598,5,"ok","",NA,0.0200000000186265
"s3-du-a2-14-o-d-12:01","endpoint",0.341724703560045,NA,NA,NA,"ok","",NA,0
"s3-du-a2-15-o-d-12:14","goAquaFlux",0.095741892534907,0.095741892534907,0,0,"ok","",NA,0.199999999953434
"s3-du-a2-15-o-d-12:14","goFlux_noSep",0.095741892534907,NA,NA,NA,"ok","",NA,0.090000000083819
"s3-du-a2-15-o-d-12:14","FS_default",0.081775024204008,0.081775024204008,0,0,"ok","",0,0.270000000018626
"s3-du-a2-15-o-d-12:14","MSP",0.101327156755015,0.0858034813156577,0.0155236754393578,6,"ok","",NA,0.0300000000279397
"s3-du-a2-15-o-d-12:14","endpoint",0.0912394497306565,NA,NA,NA,"ok","",NA,0
"s3-du-p1-2-o-d-07:47","goAquaFlux",-0.000492751585255587,-0.000492751585255587,0,0,"ok","",NA,0.299999999813735
"s3-du-p1-2-o-d-07:47","goFlux_noSep",-0.000492751585255587,NA,NA,NA,"ok","",NA,0.170000000158325
"s3-du-p1-2-o-d-07:47","FS_default",-0.0147176379349741,-0.0147176379349741,0,0,"ok","",0,0.290000000037253
"s3-du-p1-2-o-d-07:47","MSP",0.195412851959889,0.0401431629088814,0.155269689051008,16,"ok","",NA,0.0699999998323619
"s3-du-p1-2-o-d-07:47","endpoint",-0.00957801784037672,NA,NA,NA,"ok","",NA,0
"s3-du-p1-5-o-d-08:29","goAquaFlux",0.072934898085372,0.072934898085372,0,0,"ok","",NA,0.21999999997206
"s3-du-p1-5-o-d-08:29","goFlux_noSep",0.072934898085372,NA,NA,NA,"ok","",NA,0.180000000167638
"s3-du-p1-5-o-d-08:29","FS_default",0.0558904314995496,0.0558904314995496,0,0,"ok","",0,0.329999999841675
"s3-du-p1-5-o-d-08:29","MSP",0.373974393066332,0.26781229272255,0.106162100343782,10,"ok","",NA,0.0500000000465661
"s3-du-p1-5-o-d-08:29","endpoint",0.0847963864174427,NA,NA,NA,"ok","",NA,0
"s3-du-p1-7-o-d-09:03","goAquaFlux",0.0537653384316026,0.0305830345848008,0.0231823038468018,1,"ok","Inf replaced by maximum positive value",NA,0.28000000002794
"s3-du-p1-7-o-d-09:03","goFlux_noSep",0.045884555374517,NA,NA,NA,"ok","",NA,0.110000000102445
"s3-du-p1-7-o-d-09:03","FS_default",0.0852824739416532,0.0852824739416532,0,0,"ok","",0,0.189999999944121
"s3-du-p1-7-o-d-09:03","MSP",0.303714060326223,0.132273067907615,0.171440992418608,15,"ok","",NA,0.0300000000279397
"s3-du-p1-7-o-d-09:03","endpoint",0.00828164022782476,NA,NA,NA,"ok","",NA,0
"s3-du-p2-1-o-d-08:05","goAquaFlux",0.0252381440543589,0.0252381440543589,0,0,"ok","",NA,0.25
"s3-du-p2-1-o-d-08:05","goFlux_noSep",0.0252381440543589,NA,NA,NA,"ok","",NA,0.149999999906868
"s3-du-p2-1-o-d-08:05","FS_default",0.0143740312412486,0.0143740312412486,0,0,"ok","",0,0.25
"s3-du-p2-1-o-d-08:05","MSP",0.0943452100418219,0.074523310357052,0.0198218996847698,4,"ok","",NA,0.0400000000372529
"s3-du-p2-1-o-d-08:05","endpoint",0.0336108498838004,NA,NA,NA,"ok","",NA,0
"s3-du-p2-5-o-d-09:38","goAquaFlux",0.154386409761418,0.154386409761418,0,0,"ok","",NA,0.229999999981374
"s3-du-p2-5-o-d-09:38","goFlux_noSep",0.154386409761418,NA,NA,NA,"ok","",NA,0.140000000130385
"s3-du-p2-5-o-d-09:38","FS_default",0.0843060629232011,0.0843060629232011,0,0,"ok","",0,0.309999999823049
"s3-du-p2-5-o-d-09:38","MSP",0.0981940372167531,0.0855197375726248,0.0126742996441284,7,"ok","",NA,0.0300000000279397
"s3-du-p2-5-o-d-09:38","endpoint",0.109845861569077,NA,NA,NA,"ok","",NA,0
"s3-du-p2-9-o-d-11:08","goAquaFlux",0.0154441973810856,0.0154441973810856,0,0,"ok","",NA,0.25
"s3-du-p2-9-o-d-11:08","goFlux_noSep",0.0154441973810856,NA,NA,NA,"ok","",NA,0.160000000149012
"s3-du-p2-9-o-d-11:08","FS_default",0.0154072494837715,0.0154072494837715,0,0,"ok","",0,0.269999999785796
"s3-du-p2-9-o-d-11:08","MSP",0.0298766093754085,0.0157547272800549,0.0141218820953536,20,"ok","",NA,0.0600000000558794
"s3-du-p2-9-o-d-11:08","endpoint",0.0144517270818793,NA,NA,NA,"ok","",NA,0
"s3-du-r1-10-o-d-09:37","goAquaFlux",7.88741104849283,7.88741104849283,0,0,"ok","",NA,0.170000000158325
"s3-du-r1-10-o-d-09:37","goFlux_noSep",7.88741104849283,NA,NA,NA,"ok","",NA,0.109999999869615
"s3-du-r1-10-o-d-09:37","FS_default",5.86652363774567,5.86652363774567,0,0,"ok","",0,0.28000000002794
"s3-du-r1-10-o-d-09:37","MSP",6.27478448200877,5.477097937901,0.797686544107768,7,"ok","",NA,0.0300000000279397
"s3-du-r1-10-o-d-09:37","endpoint",6.50403261241197,NA,NA,NA,"ok","",NA,0
"s3-du-r1-5-o-d-08:13","goAquaFlux",0.232485763161566,0.232485763161566,0,0,"ok","",NA,0.169999999925494
"s3-du-r1-5-o-d-08:13","goFlux_noSep",0.232485763161566,NA,NA,NA,"ok","",NA,0.130000000121072
"s3-du-r1-5-o-d-08:13","FS_default",0.158376959859486,0.158376959859486,0,0,"ok","",0,0.25
"s3-du-r1-5-o-d-08:13","MSP",0.426779952878083,0.287974441838482,0.138805511039601,10,"ok","",NA,0.0300000000279397
"s3-du-r1-5-o-d-08:13","endpoint",0.178147204668818,NA,NA,NA,"ok","",NA,0
"s3-du-r1-6-o-d-08:30","goAquaFlux",0.130213545857089,0.130213545857089,0,0,"ok","",NA,0.309999999823049
"s3-du-r1-6-o-d-08:30","goFlux_noSep",0.130213545857089,NA,NA,NA,"ok","",NA,0.170000000158325
"s3-du-r1-6-o-d-08:30","FS_default",0.104279526813032,0.104279526813032,0,0,"ok","",0,0.25
"s3-du-r1-6-o-d-08:30","MSP",0.158252232990247,0.101638393342186,0.0566138396480614,13,"ok","",NA,0.0200000000186265
"s3-du-r1-6-o-d-08:30","endpoint",0.108583776222541,NA,NA,NA,"ok","",NA,0
"s3-du-r2-12-o-d-11:41","goAquaFlux",0.158866391155017,0.158866391155017,0,0,"ok","",NA,0.150000000139698
"s3-du-r2-12-o-d-11:41","goFlux_noSep",0.158866391155017,NA,NA,NA,"ok","",NA,0.209999999962747
"s3-du-r2-12-o-d-11:41","FS_default",0.171175523081674,0.171175523081674,0,0,"ok","",0,0.199999999953434
"s3-du-r2-12-o-d-11:41","MSP",0.303127249503992,0.13559940730769,0.167527842196302,19,"ok","",NA,0.0300000000279397
"s3-du-r2-12-o-d-11:41","endpoint",0.134183146202496,NA,NA,NA,"ok","",NA,0
"s3-du-r2-6-o-d-09:54","goAquaFlux",0.0428967896578313,0.0428967896578313,0,0,"ok","",NA,0.159999999916181
"s3-du-r2-6-o-d-09:54","goFlux_noSep",0.0428967896578313,NA,NA,NA,"ok","",NA,0.090000000083819
"s3-du-r2-6-o-d-09:54","FS_default",0.0668440152919064,0.0668440152919064,0,0,"ok","",0,0.270000000018626
"s3-du-r2-6-o-d-09:54","MSP",0.163200785872902,0.084374548928393,0.0788262369445088,12,"ok","",NA,0.0300000000279397
"s3-du-r2-6-o-d-09:54","endpoint",0.0414829238987798,NA,NA,NA,"ok","",NA,0
"s3-du-r2-7-o-d-10:12","goAquaFlux",0.0252349672095221,0.0252349672095221,0,0,"ok","",NA,0.169999999925494
"s3-du-r2-7-o-d-10:12","goFlux_noSep",0.0252349672095221,NA,NA,NA,"ok","",NA,0.140000000130385
"s3-du-r2-7-o-d-10:12","FS_default",0.0234969851947801,0.0234969851947801,0,0,"ok","",0,0.309999999823049
"s3-du-r2-7-o-d-10:12","MSP",NA,NA,0.104521833713311,10,"ok","no valid diffusive segment",NA,0.0200000000186265
"s3-du-r2-7-o-d-10:12","endpoint",0.014236325434276,NA,NA,NA,"ok","",NA,0
"s3-ri-a2-16-o-d-12:03","goAquaFlux",0.382721645473073,0.382721645473073,0,0,"ok","",NA,0.21999999997206
"s3-ri-a2-16-o-d-12:03","goFlux_noSep",0.382721645473073,NA,NA,NA,"ok","",NA,0.190000000176951
"s3-ri-a2-16-o-d-12:03","FS_default",0.373922166311726,0.373922166311726,0,0,"ok","",0,0.329999999841675
"s3-ri-a2-16-o-d-12:03","MSP",0.583135684026101,0.521981972162527,0.0611537118635739,12,"ok","",NA,0.0300000000279397
"s3-ri-a2-16-o-d-12:03","endpoint",0.372361883320135,NA,NA,NA,"ok","",NA,0
"s3-ri-a2-17-o-d-12:23","goAquaFlux",0.213051613425071,0.213051613425071,0,0,"ok","",NA,0.229999999981374
"s3-ri-a2-17-o-d-12:23","goFlux_noSep",0.213051613425071,NA,NA,NA,"ok","",NA,0.170000000158325
"s3-ri-a2-17-o-d-12:23","FS_default",0.216436049838396,0.216436049838396,0,0,"ok","",0,0.319999999832362
"s3-ri-a2-17-o-d-12:23","MSP",0.252103926338617,0.20381498806998,0.0482889382686366,14,"ok","",NA,0.0300000000279397
"s3-ri-a2-17-o-d-12:23","endpoint",0.207565236639787,NA,NA,NA,"ok","",NA,0
"s3-ri-a2-18-o-d-13:17","goAquaFlux",1.2594383603156,1.178922399604,0.0805159607115926,1,"ok","",NA,0.260000000009313
"s3-ri-a2-18-o-d-13:17","goFlux_noSep",1.6742902124459,NA,NA,NA,"ok","",NA,0.160000000149012
"s3-ri-a2-18-o-d-13:17","FS_default",2.10508137606005,2.10508137606005,0,0,"ok","",0,0.229999999981374
"s3-ri-a2-18-o-d-13:17","MSP",1.4486058168809,1.067553861707,0.381051955173908,9,"ok","",NA,0.029999999795109
"s3-ri-a2-18-o-d-13:17","endpoint",1.6220291993784,NA,NA,NA,"ok","",NA,0
"s3-ri-p1-10-o-d-11:27","goAquaFlux",0.0179909472732431,0.0179909472732431,0,0,"ok","",NA,0.390000000130385
"s3-ri-p1-10-o-d-11:27","goFlux_noSep",0.0179909472732431,NA,NA,NA,"ok","",NA,0.159999999916181
"s3-ri-p1-10-o-d-11:27","FS_default",0.0191075314863829,0.0191075314863829,0,0,"ok","",0,0.199999999953434
"s3-ri-p1-10-o-d-11:27","MSP",0.389751955974766,0.029931018613981,0.359820937360785,2,"ok","",NA,0.0200000000186265
"s3-ri-p1-10-o-d-11:27","endpoint",0.0189865180741215,NA,NA,NA,"ok","",NA,0
"s3-ri-p1-11-o-d-11:45","goAquaFlux",0.0453790426890601,0.0453790426890601,0,0,"ok","",NA,0.120000000111759
"s3-ri-p1-11-o-d-11:45","goFlux_noSep",0.0453790426890601,NA,NA,NA,"ok","",NA,0.129999999888241
"s3-ri-p1-11-o-d-11:45","FS_default",0.033049871546189,0.033049871546189,0,0,"ok","",0,0.180000000167638
"s3-ri-p1-11-o-d-11:45","MSP",0.046720051001604,0.0347933999436883,0.0119266510579157,9,"ok","",NA,0.0499999998137355
"s3-ri-p1-11-o-d-11:45","endpoint",0.0391746403950048,NA,NA,NA,"ok","",NA,0
"s3-ri-p1-15-o-d-13:00","goAquaFlux",0.440964887034802,0.440964887034802,0,0,"ok","",NA,0.200000000186265
"s3-ri-p1-15-o-d-13:00","goFlux_noSep",0.440964887034802,NA,NA,NA,"ok","",NA,0.149999999906868
"s3-ri-p1-15-o-d-13:00","FS_default",0.572463785091005,0.572463785091005,0,0,"ok","",0,0.28000000002794
"s3-ri-p1-15-o-d-13:00","MSP",0.603419274108017,0.425834903927371,0.177584370180646,7,"ok","",NA,0.0300000000279397
"s3-ri-p1-15-o-d-13:00","endpoint",0.437753954964751,NA,NA,NA,"ok","",NA,0
"s3-ri-p1-16-o-d-13:12","goAquaFlux",0.907560044770259,0.805790846001078,0.101769198769181,2,"ok","",NA,0.270000000018626
"s3-ri-p1-16-o-d-13:12","goFlux_noSep",0.73032333625442,NA,NA,NA,"ok","",NA,0.169999999925494
"s3-ri-p1-16-o-d-13:12","FS_default",0.400285385081206,0.400285385081206,0,0,"ok","",0,0.360000000102445
"s3-ri-p1-16-o-d-13:12","MSP",0.4636782886078,0.456886392685891,0.00679189592190941,2,"ok","",NA,0.029999999795109
"s3-ri-p1-16-o-d-13:12","endpoint",0.359197866403628,NA,NA,NA,"ok","",NA,0
"s3-ri-p1-17-o-d-13:28","goAquaFlux",0.0322327805160911,0.0322327805160911,0,0,"ok","",NA,0.200000000186265
"s3-ri-p1-17-o-d-13:28","goFlux_noSep",0.0322327805160911,NA,NA,NA,"ok","",NA,0.189999999944121
"s3-ri-p1-17-o-d-13:28","FS_default",NA,NA,0,0,"ok","no diffusive segment accepted by FS",0,0.329999999841675
"s3-ri-p1-17-o-d-13:28","MSP",0.0610976878839544,0.0422313895559578,0.0188662983279966,6,"ok","",NA,0.0100000000093132
"s3-ri-p1-17-o-d-13:28","endpoint",0.0249802999992012,NA,NA,NA,"ok","",NA,0
"s3-ri-p1-7-o-d-10:42","goAquaFlux",0.0270930770079166,0.0270930770079166,0,0,"ok","",NA,0.160000000149012
"s3-ri-p1-7-o-d-10:42","goFlux_noSep",0.0270930770079166,NA,NA,NA,"ok","",NA,0.149999999906868
"s3-ri-p1-7-o-d-10:42","FS_default",0.0197167012934763,0.0197167012934763,0,0,"ok","",0,0.270000000018626
"s3-ri-p1-7-o-d-10:42","MSP",0.0348863159563753,0.0206868160610372,0.014199499895338,22,"ok","",NA,0.0500000000465661
"s3-ri-p1-7-o-d-10:42","endpoint",0.0187163065936038,NA,NA,NA,"ok","",NA,0
"s3-ri-p2-6-o-d-10:41","goAquaFlux",0.035756962730672,0.035756962730672,0,0,"ok","",NA,0.179999999934807
"s3-ri-p2-6-o-d-10:41","goFlux_noSep",0.035756962730672,NA,NA,NA,"ok","",NA,0.160000000149012
"s3-ri-p2-6-o-d-10:41","FS_default",0.0172213628287766,0.0172213628287766,0,0,"ok","series regularized",0,0.25
"s3-ri-p2-6-o-d-10:41","MSP",0.112427129817626,0.0646090703088985,0.0478180595087278,15,"ok","series regularized",NA,0.029999999795109
"s3-ri-p2-6-o-d-10:41","endpoint",0.0242161875705107,NA,NA,NA,"ok","",NA,0
"s3-ri-r2-1-o-d-13:44","goAquaFlux",2.19973326781838,2.19973326781838,0,0,"ok","",NA,0.380000000121072
"s3-ri-r2-1-o-d-13:44","goFlux_noSep",2.19973326781838,NA,NA,NA,"ok","",NA,0.229999999981374
"s3-ri-r2-1-o-d-13:44","FS_default",2.37434359876249,2.37434359876249,0,0,"ok","",0,0.300000000046566
"s3-ri-r2-1-o-d-13:44","MSP",1.99127142000412,1.83638416925996,0.154887250744161,6,"ok","",NA,0.0100000000093132
"s3-ri-r2-1-o-d-13:44","endpoint",2.07314105759802,NA,NA,NA,"ok","",NA,0
"s3-ri-r2-2-o-d-13:58","goAquaFlux",3.42118951721106,3.42118951721106,0,0,"ok","",NA,0.300000000046566
"s3-ri-r2-2-o-d-13:58","goFlux_noSep",3.42118951721106,NA,NA,NA,"ok","",NA,0.109999999869615
"s3-ri-r2-2-o-d-13:58","FS_default",3.30114241071111,3.30114241071111,0,0,"ok","",0,0.310000000055879
"s3-ri-r2-2-o-d-13:58","MSP",3.4166313625903,3.36931393523614,0.0473174273541598,1,"ok","",NA,0.0200000000186265
"s3-ri-r2-2-o-d-13:58","endpoint",2.01434586132025,NA,NA,NA,"ok","",NA,0
"s3-ri-r2-3-o-d-14:12","goAquaFlux",0.95450821687922,0.95450821687922,0,0,"ok","",NA,0.310000000055879
"s3-ri-r2-3-o-d-14:12","goFlux_noSep",0.95450821687922,NA,NA,NA,"ok","",NA,0.169999999925494
"s3-ri-r2-3-o-d-14:12","FS_default",0.97816327503869,0.97816327503869,0,0,"ok","",0,0.270000000018626
"s3-ri-r2-3-o-d-14:12","MSP",0.762063058348469,0.623899925546324,0.138163132802145,10,"ok","",NA,0.0300000000279397
"s3-ri-r2-3-o-d-14:12","endpoint",0.926535143029276,NA,NA,NA,"ok","",NA,0
"s3-va-a2-1-o-d-08:11","goAquaFlux",1.57026534727955,1.57026534727955,0,0,"ok","",NA,0.359999999869615
"s3-va-a2-1-o-d-08:11","goFlux_noSep",1.57026534727955,NA,NA,NA,"ok","",NA,0.140000000130385
"s3-va-a2-1-o-d-08:11","FS_default",1.42698848591472,1.42698848591472,0,0,"ok","",0,0.260000000009313
"s3-va-a2-1-o-d-08:11","MSP",19.0646912304738,1.49084775874447,17.5738434717293,2,"ok","",NA,0.0399999998044223
"s3-va-a2-1-o-d-08:11","endpoint",1.51826210272966,NA,NA,NA,"ok","",NA,0
"s3-va-a2-11-o-d-10:53","goAquaFlux",1.04873014124931,1.04873014124931,0,0,"ok","",NA,0.140000000130385
"s3-va-a2-11-o-d-10:53","goFlux_noSep",1.04873014124931,NA,NA,NA,"ok","",NA,0.109999999869615
"s3-va-a2-11-o-d-10:53","FS_default",0.593775010386621,0.593775010386621,0,0,"ok","",0,0.310000000055879
"s3-va-a2-11-o-d-10:53","MSP",1.01809299408395,0.90700337154453,0.111089622539419,3,"ok","",NA,0.0100000000093132
"s3-va-a2-11-o-d-10:53","endpoint",0.783550888691558,NA,NA,NA,"ok","",NA,0
"s3-va-a2-12-o-d-11:05","goAquaFlux",NA,NA,0.596334762854558,5,"ok","",NA,0.209999999962747
"s3-va-a2-12-o-d-11:05","goFlux_noSep",2.23677481487327,NA,NA,NA,"ok","",NA,0.120000000111759
"s3-va-a2-12-o-d-11:05","FS_default",1.69272169752698,1.69272169752698,0,0,"ok","",0,0.189999999944121
"s3-va-a2-12-o-d-11:05","MSP",1.57883548609292,1.51491138630111,0.0639240997918091,5,"ok","",NA,0.0500000000465661
"s3-va-a2-12-o-d-11:05","endpoint",1.80717672395059,NA,NA,NA,"ok","",NA,0
"s3-va-a2-2-o-d-08:26","goAquaFlux",2.22675151582222,2.22675151582222,0,0,"ok","",NA,0.139999999897555
"s3-va-a2-2-o-d-08:26","goFlux_noSep",2.22675151582222,NA,NA,NA,"ok","",NA,0.120000000111759
"s3-va-a2-2-o-d-08:26","FS_default",1.30757748692818,1.30757748692818,0,0,"ok","",0,0.310000000055879
"s3-va-a2-2-o-d-08:26","MSP",1.94574763131627,1.78846579019801,0.157281841118263,3,"ok","",NA,0.0200000000186265
"s3-va-a2-2-o-d-08:26","endpoint",1.62126055990189,NA,NA,NA,"ok","",NA,0
"s3-va-a2-6-o-d-09:34","goAquaFlux",0.515344959403249,0.49956254547097,0.0157824139322792,1,"ok","",NA,0.189999999944121
"s3-va-a2-6-o-d-09:34","goFlux_noSep",0.472031893914138,NA,NA,NA,"ok","",NA,0.169999999925494
"s3-va-a2-6-o-d-09:34","FS_default",0.447083592528911,0.447083592528911,0,0,"ok","",0,0.28000000002794
"s3-va-a2-6-o-d-09:34","MSP",0.463793743231428,0.408848125012339,0.0549456182190894,7,"ok","",NA,0.0500000000465661
"s3-va-a2-6-o-d-09:34","endpoint",0.491512907058612,NA,NA,NA,"ok","",NA,0
"s3-va-a2-7-o-d-09:51","goAquaFlux",0.427132651979187,0.427132651979187,0,0,"ok","",NA,0.139999999897555
"s3-va-a2-7-o-d-09:51","goFlux_noSep",0.427132651979187,NA,NA,NA,"ok","",NA,0.140000000130385
"s3-va-a2-7-o-d-09:51","FS_default",NA,NA,0,0,"ok","no diffusive segment accepted by FS",0,0.25
"s3-va-a2-7-o-d-09:51","MSP",0.456953578992838,0.393773253112895,0.0631803258799429,4,"ok","",NA,0.0300000000279397
"s3-va-a2-7-o-d-09:51","endpoint",0.348292795750641,NA,NA,NA,"ok","",NA,0
"s3-va-a2-8-o-d-09:58","goAquaFlux",0.657744559143786,0.657744559143786,0,0,"ok","",NA,0.269999999785796
"s3-va-a2-8-o-d-09:58","goFlux_noSep",0.657744559143786,NA,NA,NA,"ok","",NA,0.140000000130385
"s3-va-a2-8-o-d-09:58","FS_default",0.372832202237383,0.372832202237383,0,0,"ok","",0,0.28000000002794
"s3-va-a2-8-o-d-09:58","MSP",0.611790353887539,0.548409207875168,0.0633811460123712,3,"ok","",NA,0.0100000000093132
"s3-va-a2-8-o-d-09:58","endpoint",0.472779183406292,NA,NA,NA,"ok","",NA,0
"s3-va-p1-1-o-d-08:24","goAquaFlux",0.214731387162996,0.214731387162996,0,0,"ok","",NA,0.189999999944121
"s3-va-p1-1-o-d-08:24","goFlux_noSep",0.214731387162996,NA,NA,NA,"ok","",NA,0.110000000102445
"s3-va-p1-1-o-d-08:24","FS_default",0.131012115623744,0.131012115623744,0,0,"ok","",0,0.199999999953434
"s3-va-p1-1-o-d-08:24","MSP",0.137759826650754,0.128375022989364,0.00938480366139017,5,"ok","",NA,0.0300000000279397
"s3-va-p1-1-o-d-08:24","endpoint",0.144431709875941,NA,NA,NA,"ok","",NA,0
"s3-va-p1-6-o-d-09:57","goAquaFlux",0.315732095118158,0.315732095118158,0,0,"ok","",NA,0.270000000018626
"s3-va-p1-6-o-d-09:57","goFlux_noSep",0.315732095118158,NA,NA,NA,"ok","",NA,0.169999999925494
"s3-va-p1-6-o-d-09:57","FS_default",0.31415376215053,0.31415376215053,0,0,"ok","",0,0.349999999860302
"s3-va-p1-6-o-d-09:57","MSP",0.357186108685657,0.312399781365431,0.0447863273202261,10,"ok","",NA,0.0100000000093132
"s3-va-p1-6-o-d-09:57","endpoint",0.313323680429565,NA,NA,NA,"ok","",NA,0
"s3-va-p1-7-o-d-10:13","goAquaFlux",0.179400464092264,0.179400464092264,0,0,"ok","",NA,0.270000000018626
"s3-va-p1-7-o-d-10:13","goFlux_noSep",0.179400464092264,NA,NA,NA,"ok","",NA,0.21999999997206
"s3-va-p1-7-o-d-10:13","FS_default",0.156085834116276,0.156085834116276,0,0,"ok","",0,0.230000000214204
"s3-va-p1-7-o-d-10:13","MSP",0.249819481621332,0.211678462544264,0.0381410190770681,6,"ok","",NA,0.029999999795109
"s3-va-p1-7-o-d-10:13","endpoint",0.203003221516991,NA,NA,NA,"ok","",NA,0
"s3-va-p2-1-o-d-08:21","goAquaFlux",0.846831179509597,0.846831179509597,0,0,"ok","",NA,0.170000000158325
"s3-va-p2-1-o-d-08:21","goFlux_noSep",0.846831179509597,NA,NA,NA,"ok","",NA,0.139999999897555
"s3-va-p2-1-o-d-08:21","FS_default",0.48513194270061,0.48513194270061,0,0,"ok","series regularized",0,0.189999999944121
"s3-va-p2-1-o-d-08:21","MSP",0.635315387052454,0.53544493492146,0.0998704521309945,9,"ok","series regularized",NA,0.0200000000186265
"s3-va-p2-1-o-d-08:21","endpoint",0.620338324030333,NA,NA,NA,"ok","",NA,0
"s3-va-p2-2-o-d-08:40","goAquaFlux",0.974678123788682,0.95787418171819,0.0168039420704928,1,"ok","",NA,0.140000000130385
"s3-va-p2-2-o-d-08:40","goFlux_noSep",0.829427885573733,NA,NA,NA,"ok","",NA,0.109999999869615
"s3-va-p2-2-o-d-08:40","FS_default",0.479897812340483,0.479897812340483,0,0,"ok","series regularized",0,0.200000000186265
"s3-va-p2-2-o-d-08:40","MSP",0.727941323644979,0.612592718523359,0.115348605121621,8,"ok","series regularized",NA,0.0199999997857958
"s3-va-p2-2-o-d-08:40","endpoint",0.561498483925518,NA,NA,NA,"ok","",NA,0
"s3-va-p2-3-o-d-08:55","goAquaFlux",NA,NA,0.0455354475861635,2,"ok","",NA,0.110000000102445
"s3-va-p2-3-o-d-08:55","goFlux_noSep",0.714482828560197,NA,NA,NA,"ok","",NA,0.0700000000651926
"s3-va-p2-3-o-d-08:55","FS_default",0.573981215557978,0.573981215557978,0,0,"ok","series regularized",0,0.25
"s3-va-p2-3-o-d-08:55","MSP",0.545974326423872,0.378069750546639,0.167904575877233,14,"ok","series regularized",NA,0.0300000000279397
"s3-va-p2-3-o-d-08:55","endpoint",0.566110681116514,NA,NA,NA,"ok","",NA,0
"s3-va-p2-4-o-d-09:11","goAquaFlux",0.227436784135331,0.227436784135331,0,0,"ok","",NA,0.329999999841675
"s3-va-p2-4-o-d-09:11","goFlux_noSep",0.227436784135331,NA,NA,NA,"ok","",NA,0.150000000139698
"s3-va-p2-4-o-d-09:11","FS_default",0.228978139402774,0.228978139402774,0,0,"ok","series regularized",0,0.239999999990687
"s3-va-p2-4-o-d-09:11","MSP",0.288572439144649,0.228431913570333,0.0601405255743165,9,"ok","series regularized",NA,0.0100000000093132
"s3-va-p2-4-o-d-09:11","endpoint",0.24490554071856,NA,NA,NA,"ok","",NA,0
"s3-va-p2-5-o-d-09:26","goAquaFlux",1.00157310654822,0.955476686591747,0.046096419956472,2,"ok","",NA,0.159999999916181
"s3-va-p2-5-o-d-09:26","goFlux_noSep",0.690462787863885,NA,NA,NA,"ok","",NA,0.090000000083819
"s3-va-p2-5-o-d-09:26","FS_default",0.602007583868372,0.602007583868372,0,0,"ok","series regularized",0,0.209999999962747
"s3-va-p2-5-o-d-09:26","MSP",0.615171767894501,0.46533997553522,0.14983179235928,12,"ok","series regularized",NA,0.0300000000279397
"s3-va-p2-5-o-d-09:26","endpoint",0.604701704183192,NA,NA,NA,"ok","",NA,0
"s3-va-p2-6-o-d-09:41","goAquaFlux",0.399464459400784,0.399464459400784,0,0,"ok","",NA,0.189999999944121
"s3-va-p2-6-o-d-09:41","goFlux_noSep",0.399464459400784,NA,NA,NA,"ok","",NA,0.139999999897555
"s3-va-p2-6-o-d-09:41","FS_default",0.35728385296776,0.35728385296776,0,0,"ok","series regularized",0,0.229999999981374
"s3-va-p2-6-o-d-09:41","MSP",0.321797349316958,0.220893509013043,0.100903840303916,9,"ok","series regularized",NA,0.0200000000186265
"s3-va-p2-6-o-d-09:41","endpoint",0.361904104599995,NA,NA,NA,"ok","",NA,0
"s3-va-r1-3-o-d-09:23","goAquaFlux",1.74205054125187,1.74205054125187,0,0,"ok","",NA,0.180000000167638
"s3-va-r1-3-o-d-09:23","goFlux_noSep",1.74205054125187,NA,NA,NA,"ok","",NA,0.129999999888241
"s3-va-r1-3-o-d-09:23","FS_default",1.14955089987559,1.14955089987559,0,0,"ok","series regularized",0,0.270000000018626
"s3-va-r1-3-o-d-09:23","MSP",2.54875479804445,2.160813237119,0.387941560925449,14,"ok","series regularized",NA,0.0300000000279397
"s3-va-r1-3-o-d-09:23","endpoint",1.25725361383552,NA,NA,NA,"ok","",NA,0
"s3-va-r1-4-o-d-09:45","goAquaFlux",0.485582759285202,0.485582759285202,0,0,"ok","",NA,0.869999999878928
"s3-va-r1-4-o-d-09:45","goFlux_noSep",0.485582759285202,NA,NA,NA,"ok","",NA,0.160000000149012
"s3-va-r1-4-o-d-09:45","FS_default",0.369005304797117,0.369005304797117,0,0,"ok","series regularized",0,0.260000000009313
"s3-va-r1-4-o-d-09:45","MSP",3.68079539846443,0.367916046783256,3.31287935168117,3,"ok","series regularized",NA,0.0500000000465661
"s3-va-r1-4-o-d-09:45","endpoint",0.400480615968238,NA,NA,NA,"ok","",NA,0
"s3-va-r1-8-o-d-11:13","goAquaFlux",1.17889452655769,1.17889452655769,0,0,"ok","",NA,0.25
"s3-va-r1-8-o-d-11:13","goFlux_noSep",1.17889452655769,NA,NA,NA,"ok","",NA,0.279999999795109
"s3-va-r1-8-o-d-11:13","FS_default",1.12166155236677,1.12166155236677,0,0,"ok","series regularized",0,0.390000000130385
"s3-va-r1-8-o-d-11:13","MSP",1.0691530039016,0.931051872907235,0.138101130994368,8,"ok","series regularized",NA,0.0300000000279397
"s3-va-r1-8-o-d-11:13","endpoint",1.19864030332091,NA,NA,NA,"ok","",NA,0
"s3-va-r1-9-o-d-11:29","goAquaFlux",1.34967471180427,1.3015095198707,0.0481651919335706,1,"ok","",NA,0.299999999813735
"s3-va-r1-9-o-d-11:29","goFlux_noSep",1.32278970346756,NA,NA,NA,"ok","",NA,0.210000000195578
"s3-va-r1-9-o-d-11:29","FS_default",1.31130087731783,1.31130087731783,0,0,"ok","series regularized",0,0.319999999832362
"s3-va-r1-9-o-d-11:29","MSP",1.16326330176368,0.914397534199839,0.248865767563841,13,"ok","series regularized",NA,0.0100000000093132
"s3-va-r1-9-o-d-11:29","endpoint",1.29205033729798,NA,NA,NA,"ok","",NA,0
"s3-va-r2-1-o-d-08:29","goAquaFlux",0.0321431428802915,0.0321431428802915,0,0,"ok","",NA,0.170000000158325
"s3-va-r2-1-o-d-08:29","goFlux_noSep",0.0321431428802915,NA,NA,NA,"ok","",NA,0.109999999869615
"s3-va-r2-1-o-d-08:29","FS_default",0.0211880585960498,0.0211880585960498,0,0,"ok","",0,0.290000000037253
"s3-va-r2-1-o-d-08:29","MSP",0.0322746412567502,0.0210092401295341,0.011265401127216,13,"ok","",NA,0.0300000000279397
"s3-va-r2-1-o-d-08:29","endpoint",0.0226526100421141,NA,NA,NA,"ok","",NA,0
"s3-va-r2-13-o-d-11:26","goAquaFlux",0.011190764663167,0.011190764663167,0,0,"ok","",NA,0.25
"s3-va-r2-13-o-d-11:26","goFlux_noSep",0.011190764663167,NA,NA,NA,"ok","",NA,0.139999999897555
"s3-va-r2-13-o-d-11:26","FS_default",NA,NA,0,0,"ok","diffusive_flux: [38;5;255m[36mℹ[38;5;255m In argument: `.data$term == ""time""`.[39m
[1mCaused by error in `.data$term`:[22m
[38;5;255m[33m![38;5;255m Column `term` not found in `.data`.[39m | no diffusive segment accepted by FS",0,0.330000000074506
"s3-va-r2-13-o-d-11:26","MSP",7.91733430010423,0.0423402825398593,7.87499401756437,2,"ok","",NA,0.0100000000093132
"s3-va-r2-13-o-d-11:26","endpoint",0.0507294743191834,NA,NA,NA,"ok","",NA,0
"s3-va-r2-8-o-d-10:12","goAquaFlux",0.0149222870693908,0.0149222870693908,0,0,"ok","",NA,0.25
"s3-va-r2-8-o-d-10:12","goFlux_noSep",0.0149222870693908,NA,NA,NA,"ok","",NA,0.139999999897555
"s3-va-r2-8-o-d-10:12","FS_default",0.0123068488819507,0.0123068488819507,0,0,"ok","",0,0.200000000186265
"s3-va-r2-8-o-d-10:12","MSP",0.0233286180571901,0.0141362033688879,0.00919241468830226,5,"ok","",NA,0.0200000000186265
"s3-va-r2-8-o-d-10:12","endpoint",0.0121679836575503,NA,NA,NA,"ok","",NA,0
"s3-va-r2-9-o-d-10:21","goAquaFlux",0.0741350724809301,0.0741350724809301,0,0,"ok","",NA,0.169999999925494
"s3-va-r2-9-o-d-10:21","goFlux_noSep",0.0741350724809301,NA,NA,NA,"ok","",NA,0.139999999897555
"s3-va-r2-9-o-d-10:21","FS_default",0.0638116177001569,0.0638116177001569,0,0,"ok","",0,0.270000000018626
"s3-va-r2-9-o-d-10:21","MSP",0.0795449357020922,0.0633493942088147,0.0161955414932775,9,"ok","",NA,0.0600000000558794
"s3-va-r2-9-o-d-10:21","endpoint",0.0655013192901173,NA,NA,NA,"ok","",NA,0
"s4-ca-a1-1-o-d-07:16","goAquaFlux",10.7260888241346,-20.2230594494913,30.949148273626,1,"ok","",NA,0.25
"s4-ca-a1-1-o-d-07:16","goFlux_noSep",106.826343826398,NA,NA,NA,"ok","",NA,0.139999999897555
"s4-ca-a1-1-o-d-07:16","FS_default",NA,NA,124.146206178315,1,"ok","diffusive_flux: [38;5;255m[36mℹ[38;5;255m In argument: `.data$term == ""time""`.[39m
[1mCaused by error in `.data$term`:[22m
[38;5;255m[33m![38;5;255m Column `term` not found in `.data`.[39m | no diffusive segment accepted by FS | series regularized",0,0.270000000018626
"s4-ca-a1-1-o-d-07:16","MSP",529.352287909747,433.782334705134,95.5699532046128,2,"ok","series regularized",NA,0.0100000000093132
"s4-ca-a1-1-o-d-07:16","endpoint",104.726527322486,NA,NA,NA,"ok","",NA,0
"s4-ca-a1-2-o-d-07:23","goAquaFlux",74.541118209383,44.4079835854458,30.1331346239372,1,"ok","",NA,0.25
"s4-ca-a1-2-o-d-07:23","goFlux_noSep",54.2767200310179,NA,NA,NA,"ok","",NA,0.100000000093132
"s4-ca-a1-2-o-d-07:23","FS_default",NA,NA,105.909250611241,1,"ok","diffusive_flux: [38;5;255m[36mℹ[38;5;255m In argument: `.data$term == ""time""`.[39m
[1mCaused by error in `.data$term`:[22m
[38;5;255m[33m![38;5;255m Column `term` not found in `.data`.[39m | no diffusive segment accepted by FS | series regularized",0,0.28000000002794
"s4-ca-a1-2-o-d-07:23","MSP",NA,NA,42.1513336623287,2,"ok","no valid diffusive segment | series regularized",NA,0.0300000000279397
"s4-ca-a1-2-o-d-07:23","endpoint",113.591072269502,NA,NA,NA,"ok","",NA,0
"s4-ca-a1-3-o-d-07:40","goAquaFlux",16.5963824002694,15.5784580254203,1.01792437484912,2,"ok","",NA,0.229999999981374
"s4-ca-a1-3-o-d-07:40","goFlux_noSep",10.5790052726621,NA,NA,NA,"ok","",NA,0.129999999888241
"s4-ca-a1-3-o-d-07:40","FS_default",9.43232086097207,9.43232086097207,0,0,"ok","series regularized",0,0.310000000055879
"s4-ca-a1-3-o-d-07:40","MSP",11.6979096256506,10.3091697213424,1.38873990430822,2,"ok","series regularized",NA,0.0200000000186265
"s4-ca-a1-3-o-d-07:40","endpoint",10.2052466524772,NA,NA,NA,"ok","",NA,0
"s4-ca-a1-4-o-d-07:50","goAquaFlux",12.4643615985539,12.1610981147465,0.303263483807359,2,"ok","",NA,0.349999999860302
"s4-ca-a1-4-o-d-07:50","goFlux_noSep",6.65671022446638,NA,NA,NA,"ok","",NA,0.140000000130385
"s4-ca-a1-4-o-d-07:50","FS_default",7.09884655126681,7.09884655126681,0,0,"ok","series regularized",0,0.25
"s4-ca-a1-4-o-d-07:50","MSP",6.77771578503483,6.42679199276199,0.350923792272835,4,"ok","series regularized",NA,0.0100000000093132
"s4-ca-a1-4-o-d-07:50","endpoint",6.49808076608545,NA,NA,NA,"ok","",NA,0
"s4-ca-a1-5-o-d-08:11","goAquaFlux",11.3899355285479,10.6902198149344,0.6997157136135,1,"ok","",NA,0.209999999962747
"s4-ca-a1-5-o-d-08:11","goFlux_noSep",9.42387381392778,NA,NA,NA,"ok","",NA,0.169999999925494
"s4-ca-a1-5-o-d-08:11","FS_default",15.3978920251444,15.3978920251444,0,0,"ok","series regularized",0,0.28000000002794
"s4-ca-a1-5-o-d-08:11","MSP",12.6754966312518,8.15584230750265,4.51965432374917,5,"ok","series regularized",NA,0.0100000000093132
"s4-ca-a1-5-o-d-08:11","endpoint",9.51142817019199,NA,NA,NA,"ok","",NA,0
"s4-ca-a1-9-o-d-11:38","goAquaFlux",4.34751369323017,4.34751369323017,0,0,"ok","",NA,0.28000000002794
"s4-ca-a1-9-o-d-11:38","goFlux_noSep",4.34751369323017,NA,NA,NA,"ok","",NA,0.090000000083819
"s4-ca-a1-9-o-d-11:38","FS_default",3.54642410586699,3.54642410586699,0,0,"ok","series regularized",0,0.439999999944121
"s4-ca-a1-9-o-d-11:38","MSP",4.06807037312928,3.56605583802613,0.502014535103152,1,"ok","series regularized",NA,0.0300000000279397
"s4-ca-a1-9-o-d-11:38","endpoint",3.51721368873253,NA,NA,NA,"ok","",NA,0
"s4-ca-a2-1-o-d-07:49","goAquaFlux",65.0964116103346,65.0964116103346,0,0,"ok","",NA,0.439999999944121
"s4-ca-a2-1-o-d-07:49","goFlux_noSep",65.0964116103346,NA,NA,NA,"ok","",NA,0.179999999934807
"s4-ca-a2-1-o-d-07:49","FS_default",NA,NA,0,0,"ok","no diffusive segment accepted by FS",0,0.300000000046566
"s4-ca-a2-1-o-d-07:49","MSP",175.416766687825,160.935725116,14.4810415718253,3,"ok","",NA,0
"s4-ca-a2-1-o-d-07:49","endpoint",75.9325562088414,NA,NA,NA,"ok","",NA,0
"s4-ca-a2-11-o-d-10:03","goAquaFlux",44.2303763092718,42.3112915198073,1.91908478946454,1,"ok","",NA,0.169999999925494
"s4-ca-a2-11-o-d-10:03","goFlux_noSep",28.1831330348288,NA,NA,NA,"ok","",NA,0.110000000102445
"s4-ca-a2-11-o-d-10:03","FS_default",NA,NA,19.4756935376614,1,"ok","diffusive_flux: [38;5;255m[36mℹ[38;5;255m In argument: `.data$term == ""time""`.[39m
[1mCaused by error in `.data$term`:[22m
[38;5;255m[33m![38;5;255m Column `term` not found in `.data`.[39m | no diffusive segment accepted by FS",0,0.379999999888241
"s4-ca-a2-11-o-d-10:03","MSP",87.0002651579503,79.1252616184662,7.87500353948401,2,"ok","",NA,0.0100000000093132
"s4-ca-a2-11-o-d-10:03","endpoint",31.3719099408121,NA,NA,NA,"ok","",NA,0
"s4-ca-a2-14-o-d-10:41","goAquaFlux",NA,NA,106.731477926627,2,"ok","",NA,0.0800000000745058
"s4-ca-a2-14-o-d-10:41","goFlux_noSep",87.442496197758,NA,NA,NA,"ok","",NA,0.159999999916181
"s4-ca-a2-14-o-d-10:41","FS_default",NA,NA,120.004616519731,2,"ok","diffusive_flux: [38;5;255m[36mℹ[38;5;255m In argument: `.data$term == ""time""`.[39m
[1mCaused by error in `.data$term`:[22m
[38;5;255m[33m![38;5;255m Column `term` not found in `.data`.[39m | no diffusive segment accepted by FS",0,0.370000000111759
"s4-ca-a2-14-o-d-10:41","MSP",NA,NA,105.492084805274,3,"ok","no valid diffusive segment",NA,0
"s4-ca-a2-14-o-d-10:41","endpoint",98.2302603449646,NA,NA,NA,"ok","",NA,0
"s4-ca-a2-3-o-d-08:18","goAquaFlux",NA,NA,3.52096552750949,2,"ok","",NA,0.139999999897555
"s4-ca-a2-3-o-d-08:18","goFlux_noSep",10.9688039855323,NA,NA,NA,"ok","",NA,0.140000000130385
"s4-ca-a2-3-o-d-08:18","FS_default",11.2474258148764,11.2474258148764,0,0,"ok","",0,0.329999999841675
"s4-ca-a2-3-o-d-08:18","MSP",40.3922901107423,35.4453096967089,4.94698041403344,3,"ok","",NA,0.0200000000186265
"s4-ca-a2-3-o-d-08:18","endpoint",14.8394451621145,NA,NA,NA,"ok","",NA,0
"s4-ca-a2-5-o-d-08:41","goAquaFlux",13.4152287768934,4.08118720085334,9.33404157604009,3,"ok","",NA,0.28000000002794
"s4-ca-a2-5-o-d-08:41","goFlux_noSep",10.968414373446,NA,NA,NA,"ok","",NA,0.169999999925494
"s4-ca-a2-5-o-d-08:41","FS_default",6.02178866757969,2.28827274623728,3.73351592134241,1,"ok","",0,0.25
"s4-ca-a2-5-o-d-08:41","MSP",NA,NA,3.16052024547818,1,"ok","no valid diffusive segment",NA,0.0200000000186265
"s4-ca-a2-5-o-d-08:41","endpoint",14.0895823998336,NA,NA,NA,"ok","",NA,0
"s4-ca-a2-7-o-d-09:14","goAquaFlux",3.60025035468111,3.60025035468111,0,0,"ok","",NA,0.200000000186265
"s4-ca-a2-7-o-d-09:14","goFlux_noSep",3.60025035468111,NA,NA,NA,"ok","",NA,0.189999999944121
"s4-ca-a2-7-o-d-09:14","FS_default",NA,NA,0,0,"ok","no diffusive segment accepted by FS",0,0.290000000037253
"s4-ca-a2-7-o-d-09:14","MSP",3.3629338441854,2.81141223399942,0.551521610185982,4,"ok","",NA,0.0399999998044223
"s4-ca-a2-7-o-d-09:14","endpoint",3.28134797831881,NA,NA,NA,"ok","",NA,0
"s4-ca-a2-9-o-d-09:36","goAquaFlux",1.41281129334948,1.41281129334948,0,0,"ok","",NA,0.620000000111759
"s4-ca-a2-9-o-d-09:36","goFlux_noSep",1.41281129334948,NA,NA,NA,"ok","",NA,0.239999999990687
"s4-ca-a2-9-o-d-09:36","FS_default",1.58851260834392,1.58851260834392,0,0,"ok","",0,0.290000000037253
"s4-ca-a2-9-o-d-09:36","MSP",1.83276428195881,1.6804791859075,0.15228509605131,3,"ok","",NA,0.0300000000279397
"s4-ca-a2-9-o-d-09:36","endpoint",1.51993676122188,NA,NA,NA,"ok","",NA,0
"s4-ca-p1-1-o-d-07:20","goAquaFlux",0.504466566422559,0.504466566422559,0,0,"ok","",NA,0.21999999997206
"s4-ca-p1-1-o-d-07:20","goFlux_noSep",0.504466566422559,NA,NA,NA,"ok","",NA,0.129999999888241
"s4-ca-p1-1-o-d-07:20","FS_default",0.330341005138813,0.330341005138813,0,0,"ok","series regularized",0,0.330000000074506
"s4-ca-p1-1-o-d-07:20","MSP",0.741478333152047,0.465148240841532,0.276330092310516,6,"ok","series regularized",NA,0.0300000000279397
"s4-ca-p1-1-o-d-07:20","endpoint",0.417293735823474,NA,NA,NA,"ok","",NA,0
"s4-ca-p1-11-o-d-11:00","goAquaFlux",NA,NA,0.0174290270496954,1,"ok","",NA,0.179999999934807
"s4-ca-p1-11-o-d-11:00","goFlux_noSep",0.549963947544376,NA,NA,NA,"ok","",NA,0.189999999944121
"s4-ca-p1-11-o-d-11:00","FS_default",0.364737885401943,0.364737885401943,0,0,"ok","series regularized",0,0.440000000176951
"s4-ca-p1-11-o-d-11:00","MSP",0.477794443276479,0.30471952866237,0.173074914614108,14,"ok","series regularized",NA,0.0499999998137355
"s4-ca-p1-11-o-d-11:00","endpoint",0.367904408585913,NA,NA,NA,"ok","",NA,0
"s4-ca-p1-12-o-d-11:19","goAquaFlux",NA,NA,0.0216617810287744,1,"ok","",NA,0.170000000158325
"s4-ca-p1-12-o-d-11:19","goFlux_noSep",0.798704345334993,NA,NA,NA,"ok","",NA,0.119999999878928
"s4-ca-p1-12-o-d-11:19","FS_default",0.719473554838795,0.719473554838795,0,0,"ok","series regularized",0,0.350000000093132
"s4-ca-p1-12-o-d-11:19","MSP",0.654092807645233,0.545427248668754,0.108665558976479,9,"ok","series regularized",NA,0.0300000000279397
"s4-ca-p1-12-o-d-11:19","endpoint",0.67847877675922,NA,NA,NA,"ok","",NA,0
"s4-ca-p1-13-o-d-11:34","goAquaFlux",0.664644947724103,0.664644947724103,0,0,"ok","",NA,0.189999999944121
"s4-ca-p1-13-o-d-11:34","goFlux_noSep",0.664644947724103,NA,NA,NA,"ok","",NA,0.100000000093132
"s4-ca-p1-13-o-d-11:34","FS_default",0.569535069973906,0.569535069973906,0,0,"ok","series regularized",0,0.319999999832362
"s4-ca-p1-13-o-d-11:34","MSP",0.98168018810731,0.455846889949024,0.525833298158286,7,"ok","series regularized",NA,0.0300000000279397
"s4-ca-p1-13-o-d-11:34","endpoint",0.707532903727924,NA,NA,NA,"ok","",NA,0
"s4-ca-p1-2-o-d-07:29","goAquaFlux",0.455468544610926,0.455468544610926,0,0,"ok","",NA,0.340000000083819
"s4-ca-p1-2-o-d-07:29","goFlux_noSep",0.455468544610926,NA,NA,NA,"ok","",NA,0.0899999998509884
"s4-ca-p1-2-o-d-07:29","FS_default",0.288976490434368,0.288976490434368,0,0,"ok","series regularized",0,0.420000000158325
"s4-ca-p1-2-o-d-07:29","MSP",0.689731984018203,0.403558960813335,0.286173023204868,14,"ok","series regularized",NA,0.0500000000465661
"s4-ca-p1-2-o-d-07:29","endpoint",0.515996248336083,NA,NA,NA,"ok","",NA,0
"s4-ca-p1-3-o-d-07:45","goAquaFlux",0.260787362106134,0.260787362106134,0,0,"ok","",NA,0.229999999981374
"s4-ca-p1-3-o-d-07:45","goFlux_noSep",0.260787362106134,NA,NA,NA,"ok","",NA,0.179999999934807
"s4-ca-p1-3-o-d-07:45","FS_default",0.191438820948342,0.191438820948342,0,0,"ok","series regularized",0,0.449999999953434
"s4-ca-p1-3-o-d-07:45","MSP",0.400962801831029,0.290000682702735,0.110962119128294,4,"ok","series regularized",NA,0.0200000000186265
"s4-ca-p1-3-o-d-07:45","endpoint",0.264813442685411,NA,NA,NA,"ok","",NA,0
"s4-ca-r1-7-o-d-08:56","goAquaFlux",5.61219485021772,5.05039976570944,0.561795084508274,1,"ok","",NA,0.209999999962747
"s4-ca-r1-7-o-d-08:56","goFlux_noSep",8.55313535356283,NA,NA,NA,"ok","",NA,0.229999999981374
"s4-ca-r1-7-o-d-08:56","FS_default",3.48691194931538,3.48691194931538,0,0,"ok","",0,0.320000000065193
"s4-ca-r1-7-o-d-08:56","MSP",3.8128521410739,3.45262831257139,0.360223828502513,5,"ok","",NA,0.0400000000372529
"s4-ca-r1-7-o-d-08:56","endpoint",4.28791038849195,NA,NA,NA,"ok","",NA,0
"s4-ca-r1-8-o-d-09:13","goAquaFlux",9.66375605121114,9.66375605121114,0,0,"ok","",NA,0.209999999962747
"s4-ca-r1-8-o-d-09:13","goFlux_noSep",9.66375605121114,NA,NA,NA,"ok","",NA,0.139999999897555
"s4-ca-r1-8-o-d-09:13","FS_default",8.32438554463426,8.32438554463426,0,0,"ok","",0,0.200000000186265
"s4-ca-r1-8-o-d-09:13","MSP",7.69916300227844,6.77656584902742,0.92259715325102,8,"ok","",NA,0.029999999795109
"s4-ca-r1-8-o-d-09:13","endpoint",7.80838152161056,NA,NA,NA,"ok","",NA,0
"s4-ca-r1-9-o-d-09:38","goAquaFlux",NA,NA,13.75797301684,2,"ok","",NA,0.110000000102445
"s4-ca-r1-9-o-d-09:38","goFlux_noSep",3.9359037964303,NA,NA,NA,"ok","",NA,0.189999999944121
"s4-ca-r1-9-o-d-09:38","FS_default",NA,NA,15.4848210868436,1,"ok","diffusive_flux: [38;5;255m[36mℹ[38;5;255m In argument: `.data$term == ""time""`.[39m
[1mCaused by error in `.data$term`:[22m
[38;5;255m[33m![38;5;255m Column `term` not found in `.data`.[39m | no diffusive segment accepted by FS",0,0.390000000130385
"s4-ca-r1-9-o-d-09:38","MSP",NA,NA,16.313551462151,1,"ok","no valid diffusive segment",NA,0.0100000000093132
"s4-ca-r1-9-o-d-09:38","endpoint",18.2422889402527,NA,NA,NA,"ok","",NA,0
"s4-ca-r2-13-o-d-10:03","goAquaFlux",12.278093980841,7.51181061666868,4.76628336417232,2,"ok","",NA,0.429999999934807
"s4-ca-r2-13-o-d-10:03","goFlux_noSep",19.474570891969,NA,NA,NA,"ok","",NA,0.179999999934807
"s4-ca-r2-13-o-d-10:03","FS_default",25.079368031669,2.5276643882947,22.5517036433743,1,"ok","",0,0.380000000121072
"s4-ca-r2-13-o-d-10:03","MSP",NA,NA,9.81207510890829,1,"ok","no valid diffusive segment",NA,0.0300000000279397
"s4-ca-r2-13-o-d-10:03","endpoint",27.5887251496238,NA,NA,NA,"ok","",NA,0
"s4-ca-r2-15-o-d-10:37","goAquaFlux",17.4263449108924,12.305872378643,5.12047253224942,2,"ok","",NA,0.25
"s4-ca-r2-15-o-d-10:37","goFlux_noSep",27.1896140422598,NA,NA,NA,"ok","",NA,0.139999999897555
"s4-ca-r2-15-o-d-10:37","FS_default",NA,NA,6.00137123185015,1,"ok","diffusive_flux: [38;5;255m[36mℹ[38;5;255m In argument: `.data$term == ""time""`.[39m
[1mCaused by error in `.data$term`:[22m
[38;5;255m[33m![38;5;255m Column `term` not found in `.data`.[39m | no diffusive segment accepted by FS",0,0.360000000102445
"s4-ca-r2-15-o-d-10:37","MSP",17.6172212845136,15.1214937446617,2.49572753985187,1,"ok","",NA,0.0499999998137355
"s4-ca-r2-15-o-d-10:37","endpoint",20.3591058125171,NA,NA,NA,"ok","",NA,0
"s4-ca-r2-3-o-d-07:35","goAquaFlux",7.99181346277492,4.90127465453416,3.09053880824076,3,"ok","",NA,0.310000000055879
"s4-ca-r2-3-o-d-07:35","goFlux_noSep",14.192048776372,NA,NA,NA,"ok","",NA,0.090000000083819
"s4-ca-r2-3-o-d-07:35","FS_default",NA,NA,2.70872112074783,1,"ok","diffusive_flux: [38;5;255m[36mℹ[38;5;255m In argument: `.data$term == ""time""`.[39m
[1mCaused by error in `.data$term`:[22m
[38;5;255m[33m![38;5;255m Column `term` not found in `.data`.[39m | no diffusive segment accepted by FS",0,0.349999999860302
"s4-ca-r2-3-o-d-07:35","MSP",11.4063750128357,9.45171869659025,1.95465631624543,1,"ok","",NA,0.0100000000093132
"s4-ca-r2-3-o-d-07:35","endpoint",10.3841138294857,NA,NA,NA,"ok","",NA,0
"s4-ca-r2-4-o-d-07:53","goAquaFlux",16.5601819571857,15.3192029263413,1.24097903084438,1,"ok","",NA,0.190000000176951
"s4-ca-r2-4-o-d-07:53","goFlux_noSep",13.1243137182525,NA,NA,NA,"ok","",NA,0.139999999897555
"s4-ca-r2-4-o-d-07:53","FS_default",14.7478487481741,14.7478487481741,0,0,"ok","",0,0.28000000002794
"s4-ca-r2-4-o-d-07:53","MSP",12.4353020046373,10.8397096384383,1.59559236619898,3,"ok","",NA,0.0300000000279397
"s4-ca-r2-4-o-d-07:53","endpoint",12.8120537213616,NA,NA,NA,"ok","",NA,0
"s4-ca-r2-9-o-d-09:09","goAquaFlux",9.4138241111489,9.4138241111489,0,0,"ok","",NA,0.189999999944121
"s4-ca-r2-9-o-d-09:09","goFlux_noSep",9.4138241111489,NA,NA,NA,"ok","",NA,0.129999999888241
"s4-ca-r2-9-o-d-09:09","FS_default",8.55708768206805,8.55708768206805,0,0,"ok","",0,0.28000000002794
"s4-ca-r2-9-o-d-09:09","MSP",9.63429738245401,8.65111103670204,0.983186345751975,3,"ok","",NA,0.0100000000093132
"s4-ca-r2-9-o-d-09:09","endpoint",7.87656838676063,NA,NA,NA,"ok","",NA,0
"s4-cu-a1-1-o-d-07:42","goAquaFlux",81.3692058518617,81.3692058518617,0,0,"ok","",NA,0.170000000158325
"s4-cu-a1-1-o-d-07:42","goFlux_noSep",81.3692058518617,NA,NA,NA,"ok","",NA,0.299999999813735
"s4-cu-a1-1-o-d-07:42","FS_default",95.0034369460614,95.0034369460614,0,0,"ok","",0,0.28000000002794
"s4-cu-a1-1-o-d-07:42","MSP",72.073204836171,64.0226995307888,8.05050530538215,3,"ok","",NA,0.0300000000279397
"s4-cu-a1-1-o-d-07:42","endpoint",75.279293287496,NA,NA,NA,"ok","",NA,0
"s4-cu-a1-10-o-d-09:59","goAquaFlux",6.58996220202498,6.44608495108396,0.143877250941021,1,"ok","",NA,0.21999999997206
"s4-cu-a1-10-o-d-09:59","goFlux_noSep",6.95382796497833,NA,NA,NA,"ok","",NA,0.130000000121072
"s4-cu-a1-10-o-d-09:59","FS_default",NA,NA,0,0,"ok","no diffusive segment accepted by FS",0,0.199999999953434
"s4-cu-a1-10-o-d-09:59","MSP",5.98486859314426,5.19919084197998,0.785677751164286,2,"ok","",NA,0
"s4-cu-a1-10-o-d-09:59","endpoint",4.79023846924268,NA,NA,NA,"ok","",NA,0
"s4-cu-a1-12-o-d-10:25","goAquaFlux",5.34711241736071,4.75429330861623,0.592819108744483,1,"ok","",NA,0.199999999953434
"s4-cu-a1-12-o-d-10:25","goFlux_noSep",12.4855722024907,NA,NA,NA,"ok","",NA,0.0600000000558794
"s4-cu-a1-12-o-d-10:25","FS_default",6.99317526715935,6.99317526715935,0,0,"ok","",0,0.25
"s4-cu-a1-12-o-d-10:25","MSP",9.05377944761142,8.5771303962997,0.476649051311721,4,"ok","",NA,0.0300000000279397
"s4-cu-a1-12-o-d-10:25","endpoint",7.24880066261561,NA,NA,NA,"ok","",NA,0
"s4-cu-a1-13-o-d-10:39","goAquaFlux",10.3233739039372,9.33581417963692,0.987559724300274,1,"ok","",NA,0.189999999944121
"s4-cu-a1-13-o-d-10:39","goFlux_noSep",13.4140012426211,NA,NA,NA,"ok","",NA,0.159999999916181
"s4-cu-a1-13-o-d-10:39","FS_default",NA,NA,0,0,"ok","no diffusive segment accepted by FS",0,0.28000000002794
"s4-cu-a1-13-o-d-10:39","MSP",10.1702555408723,7.98685480108345,2.18340073978881,4,"ok","",NA,0.0100000000093132
"s4-cu-a1-13-o-d-10:39","endpoint",8.63959525435345,NA,NA,NA,"ok","",NA,0
"s4-cu-a1-14-o-d-10:47","goAquaFlux",7.36110586341093,7.29377534755692,0.0673305158540091,1,"ok","",NA,0.189999999944121
"s4-cu-a1-14-o-d-10:47","goFlux_noSep",13.0233295744187,NA,NA,NA,"ok","",NA,0.140000000130385
"s4-cu-a1-14-o-d-10:47","FS_default",8.7867272554383,8.7867272554383,0,0,"ok","",0,0.270000000018626
"s4-cu-a1-14-o-d-10:47","MSP",11.2763977948014,9.54543313433657,1.73096466046484,3,"ok","",NA,0
"s4-cu-a1-14-o-d-10:47","endpoint",10.9125017419147,NA,NA,NA,"ok","",NA,0
"s4-cu-a1-15-o-d-10:55","goAquaFlux",11.8970524411991,11.8970524411991,0,0,"ok","",NA,0.139999999897555
"s4-cu-a1-15-o-d-10:55","goFlux_noSep",11.8970524411991,NA,NA,NA,"ok","",NA,0.120000000111759
"s4-cu-a1-15-o-d-10:55","FS_default",NA,NA,0,0,"ok","no diffusive segment accepted by FS",0,0.239999999990687
"s4-cu-a1-15-o-d-10:55","MSP",14.0801260155325,12.3887125105727,1.69141350495981,3,"ok","",NA,0.0100000000093132
"s4-cu-a1-15-o-d-10:55","endpoint",10.8702742927067,NA,NA,NA,"ok","",NA,0
"s4-cu-a1-3-o-d-08:09","goAquaFlux",0.77830607259922,-0.080941501127447,0.859247573726667,2,"ok","",NA,0.209999999962747
"s4-cu-a1-3-o-d-08:09","goFlux_noSep",-0.784624589767726,NA,NA,NA,"ok","",NA,0.090000000083819
"s4-cu-a1-3-o-d-08:09","FS_default",-1.97400550383161,-1.97400550383161,0,0,"ok","",0,0.25
"s4-cu-a1-3-o-d-08:09","MSP",NA,NA,4.81643205442735,3,"ok","no valid diffusive segment",NA,0.0199999997857958
"s4-cu-a1-3-o-d-08:09","endpoint",1.2049256194377,NA,NA,NA,"ok","",NA,0
"s4-cu-a1-5-o-d-08:34","goAquaFlux",27.777362737136,20.1258202517427,7.65154248539329,2,"ok","",NA,0.140000000130385
"s4-cu-a1-5-o-d-08:34","goFlux_noSep",80.2842238880262,NA,NA,NA,"ok","",NA,0.169999999925494
"s4-cu-a1-5-o-d-08:34","FS_default",217.651039398649,126.088946347105,91.5620930515446,1,"ok","",0,0.330000000074506
"s4-cu-a1-5-o-d-08:34","MSP",64.0501751697458,63.0372039892203,1.01297118052544,1,"ok","",NA,0
"s4-cu-a1-5-o-d-08:34","endpoint",97.1733088025326,NA,NA,NA,"ok","",NA,0
"s4-cu-a1-6-o-d-08:44","goAquaFlux",8.58627735781879,5.42335721598885,3.16292014182995,1,"ok","",NA,0.25
"s4-cu-a1-6-o-d-08:44","goFlux_noSep",88.6535497817315,NA,NA,NA,"ok","",NA,0.139999999897555
"s4-cu-a1-6-o-d-08:44","FS_default",NA,NA,54.5398961042999,2,"ok","diffusive_flux: [38;5;255m[36mℹ[38;5;255m In argument: `.data$term == ""time""`.[39m
[1mCaused by error in `.data$term`:[22m
[38;5;255m[33m![38;5;255m Column `term` not found in `.data`.[39m | no diffusive segment accepted by FS",0,0.340000000083819
"s4-cu-a1-6-o-d-08:44","MSP",114.100879543243,108.153003611854,5.94787593138844,2,"ok","",NA,0.0200000000186265
"s4-cu-a1-6-o-d-08:44","endpoint",62.3376996781668,NA,NA,NA,"ok","",NA,0
"s4-cu-a1-7-o-d-09:01","goAquaFlux",5.14095331569414,5.14095331569414,0,0,"ok","",NA,0.119999999878928
"s4-cu-a1-7-o-d-09:01","goFlux_noSep",5.14095331569414,NA,NA,NA,"ok","",NA,0.110000000102445
"s4-cu-a1-7-o-d-09:01","FS_default",2.54846129136352,2.54846129136352,0,0,"ok","",0,0.270000000018626
"s4-cu-a1-7-o-d-09:01","MSP",3.12658962944811,2.91658326385303,0.210006365595086,3,"ok","",NA,0.0300000000279397
"s4-cu-a1-7-o-d-09:01","endpoint",2.85800272711666,NA,NA,NA,"ok","",NA,0
"s4-cu-a1-8-o-d-09:24","goAquaFlux",2.03412122853102,2.03412122853102,0,0,"ok","",NA,0.260000000009313
"s4-cu-a1-8-o-d-09:24","goFlux_noSep",2.03412122853102,NA,NA,NA,"ok","",NA,0.159999999916181
"s4-cu-a1-8-o-d-09:24","FS_default",2.27842985358942,2.27842985358942,0,0,"ok","",0,0.28000000002794
"s4-cu-a1-8-o-d-09:24","MSP",2.64891861280224,2.26106645715304,0.387852155649198,7,"ok","",NA,0.0200000000186265
"s4-cu-a1-8-o-d-09:24","endpoint",2.19358884943716,NA,NA,NA,"ok","",NA,0
"s4-cu-a1-9-o-d-09:48","goAquaFlux",15.2437197300378,11.8114609534422,3.43225877659562,2,"ok","",NA,0.28000000002794
"s4-cu-a1-9-o-d-09:48","goFlux_noSep",19.7582187448393,NA,NA,NA,"ok","",NA,0.0799999998416752
"s4-cu-a1-9-o-d-09:48","FS_default",13.495438451977,13.495438451977,0,0,"ok","",0,0.25
"s4-cu-a1-9-o-d-09:48","MSP",18.1048576253984,16.3587999549533,1.7460576704451,3,"ok","",NA,0.0100000000093132
"s4-cu-a1-9-o-d-09:48","endpoint",14.871393058558,NA,NA,NA,"ok","",NA,0
"s4-cu-a2-10-o-d-10:20","goAquaFlux",NA,NA,0.291651829338076,1,"ok","",NA,0.0300000000279397
"s4-cu-a2-10-o-d-10:20","goFlux_noSep",12.2548873399485,NA,NA,NA,"ok","",NA,0.100000000093132
"s4-cu-a2-10-o-d-10:20","FS_default",NA,NA,0,0,"ok","no diffusive segment accepted by FS",0,0.290000000037253
"s4-cu-a2-10-o-d-10:20","MSP",10.0382147709234,5.37517034422311,4.66304442670027,5,"ok","",NA,0
"s4-cu-a2-10-o-d-10:20","endpoint",7.15326799074573,NA,NA,NA,"ok","",NA,0
"s4-cu-a2-11-o-d-10:31","goAquaFlux",-48.7473247620765,-48.7473247620765,0,0,"ok","",NA,0.159999999916181
"s4-cu-a2-11-o-d-10:31","goFlux_noSep",-48.7473247620765,NA,NA,NA,"ok","",NA,0.159999999916181
"s4-cu-a2-11-o-d-10:31","FS_default",NA,NA,71.4503780702688,1,"ok","diffusive_flux: [38;5;255m[36mℹ[38;5;255m In argument: `.data$term == ""time""`.[39m
[1mCaused by error in `.data$term`:[22m
[38;5;255m[33m![38;5;255m Column `term` not found in `.data`.[39m | no diffusive segment accepted by FS",0,0.320000000065193
"s4-cu-a2-11-o-d-10:31","MSP",341.314271383043,326.753594562955,14.5606768200885,3,"ok","",NA,0.0200000000186265
"s4-cu-a2-11-o-d-10:31","endpoint",-15.2680981099027,NA,NA,NA,"ok","",NA,0
"s4-cu-a2-12-o-d-10:41","goAquaFlux",81.3951475615994,81.3951475615994,0,0,"ok","",NA,0.330000000074506
"s4-cu-a2-12-o-d-10:41","goFlux_noSep",81.3951475615994,NA,NA,NA,"ok","",NA,0.149999999906868
"s4-cu-a2-12-o-d-10:41","FS_default",NA,NA,85.6407824301499,2,"ok","diffusive_flux: [38;5;255m[36mℹ[38;5;255m In argument: `.data$term == ""time""`.[39m
[1mCaused by error in `.data$term`:[22m
[38;5;255m[33m![38;5;255m Column `term` not found in `.data`.[39m | no diffusive segment accepted by FS",0,0.439999999944121
"s4-cu-a2-12-o-d-10:41","MSP",294.639478267176,270.833632892421,23.8058453747544,4,"ok","",NA,0.0300000000279397
"s4-cu-a2-12-o-d-10:41","endpoint",96.2725423540266,NA,NA,NA,"ok","",NA,0
"s4-cu-a2-13-o-d-11:00","goAquaFlux",85.9155262233242,44.558970479184,41.3565557441402,1,"ok","",NA,0.21999999997206
"s4-cu-a2-13-o-d-11:00","goFlux_noSep",182.465372872882,NA,NA,NA,"ok","",NA,0.180000000167638
"s4-cu-a2-13-o-d-11:00","FS_default",NA,NA,56.0280790694843,1,"ok","diffusive_flux: [38;5;255m[36mℹ[38;5;255m In argument: `.data$term == ""time""`.[39m
[1mCaused by error in `.data$term`:[22m
[38;5;255m[33m![38;5;255m Column `term` not found in `.data`.[39m | no diffusive segment accepted by FS",0,0.359999999869615
"s4-cu-a2-13-o-d-11:00","MSP",73.340632150259,44.3237594727903,29.0168726774686,2,"ok","",NA,0.0200000000186265
"s4-cu-a2-13-o-d-11:00","endpoint",79.119707635518,NA,NA,NA,"ok","",NA,0
"s4-cu-a2-14-o-d-11:11","goAquaFlux",43.7514081654396,43.7514081654396,0,0,"ok","",NA,0.169999999925494
"s4-cu-a2-14-o-d-11:11","goFlux_noSep",43.7514081654396,NA,NA,NA,"ok","",NA,0.110000000102445
"s4-cu-a2-14-o-d-11:11","FS_default",NA,NA,0,0,"ok","no diffusive segment accepted by FS",0,0.25
"s4-cu-a2-14-o-d-11:11","MSP",48.4631515091925,39.3625028376168,9.10064867157569,3,"ok","",NA,0.0300000000279397
"s4-cu-a2-14-o-d-11:11","endpoint",28.1306814154571,NA,NA,NA,"ok","",NA,0
"s4-cu-a2-15-o-d-11:20","goAquaFlux",122.617833759358,122.617833759358,0,0,"ok","",NA,0.270000000018626
"s4-cu-a2-15-o-d-11:20","goFlux_noSep",122.617833759358,NA,NA,NA,"ok","",NA,0.139999999897555
"s4-cu-a2-15-o-d-11:20","FS_default",17.124420195538,17.124420195538,0,0,"ok","",0,0.270000000018626
"s4-cu-a2-15-o-d-11:20","MSP",130.267980320491,119.852415761667,10.4155645588234,3,"ok","",NA,0.0300000000279397
"s4-cu-a2-15-o-d-11:20","endpoint",56.0384010912531,NA,NA,NA,"ok","",NA,0
"s4-cu-a2-3-o-d-08:08","goAquaFlux",5.20257649015923,5.120172706702,0.0824037834572348,3,"ok","",NA,0.28000000002794
"s4-cu-a2-3-o-d-08:08","goFlux_noSep",5.63324624318713,NA,NA,NA,"ok","",NA,0.149999999906868
"s4-cu-a2-3-o-d-08:08","FS_default",5.0381747356603,5.0381747356603,0,0,"ok","",0,0.300000000046566
"s4-cu-a2-3-o-d-08:08","MSP",4.8489414872708,4.11297075421623,0.735970733054564,10,"ok","",NA,0.0300000000279397
"s4-cu-a2-3-o-d-08:08","endpoint",4.72483580511784,NA,NA,NA,"ok","",NA,0
"s4-cu-a2-6-o-d-09:27","goAquaFlux",NA,NA,34.1555117155535,2,"ok","",NA,0.0899999998509884
"s4-cu-a2-6-o-d-09:27","goFlux_noSep",93.5461214786441,NA,NA,NA,"ok","",NA,0.130000000121072
"s4-cu-a2-6-o-d-09:27","FS_default",NA,NA,71.7692091355486,2,"ok","diffusive_flux: [38;5;255m[36mℹ[38;5;255m In argument: `.data$term == ""time""`.[39m
[1mCaused by error in `.data$term`:[22m
[38;5;255m[33m![38;5;255m Column `term` not found in `.data`.[39m | no diffusive segment accepted by FS",7.27595761418343e-12,0.449999999953434
"s4-cu-a2-6-o-d-09:27","MSP",217.370017616824,192.286707399628,25.0833102171959,5,"ok","",NA,0.0500000000465661
"s4-cu-a2-6-o-d-09:27","endpoint",88.2471516913735,NA,NA,NA,"ok","",NA,0
"s4-cu-a2-7-o-d-09:50","goAquaFlux",30.972832106397,30.972832106397,0,0,"ok","",NA,0.260000000009313
"s4-cu-a2-7-o-d-09:50","goFlux_noSep",30.972832106397,NA,NA,NA,"ok","",NA,0.270000000018626
"s4-cu-a2-7-o-d-09:50","FS_default",NA,NA,0,0,"ok","no diffusive segment accepted by FS",0,0.359999999869615
"s4-cu-a2-7-o-d-09:50","MSP",36.5330573516404,28.9842910063204,7.54876634531992,5,"ok","",NA,0
"s4-cu-a2-7-o-d-09:50","endpoint",24.8767457816466,NA,NA,NA,"ok","",NA,0
"s4-cu-a2-8-o-d-10:01","goAquaFlux",52.4262795990607,48.417464875576,4.00881472348463,1,"ok","",NA,0.260000000009313
"s4-cu-a2-8-o-d-10:01","goFlux_noSep",67.2584353668502,NA,NA,NA,"ok","",NA,0.130000000121072
"s4-cu-a2-8-o-d-10:01","FS_default",NA,NA,0,0,"ok","no diffusive segment accepted by FS",0,0.25
"s4-cu-a2-8-o-d-10:01","MSP",71.7038477906106,51.2913478899149,20.4124999006958,5,"ok","",NA,0.0100000000093132
"s4-cu-a2-8-o-d-10:01","endpoint",36.7794295772691,NA,NA,NA,"ok","",NA,0
"s4-cu-a2-9-o-d-10:11","goAquaFlux",102.220415962905,100.015738519621,2.20467744328367,1,"ok","",NA,0.209999999962747
"s4-cu-a2-9-o-d-10:11","goFlux_noSep",44.6545465517263,NA,NA,NA,"ok","",NA,0.119999999878928
"s4-cu-a2-9-o-d-10:11","FS_default",NA,NA,43.9871556864553,1,"ok","diffusive_flux: [38;5;255m[36mℹ[38;5;255m In argument: `.data$term == ""time""`.[39m
[1mCaused by error in `.data$term`:[22m
[38;5;255m[33m![38;5;255m Column `term` not found in `.data`.[39m | no diffusive segment accepted by FS",0,0.410000000149012
"s4-cu-a2-9-o-d-10:11","MSP",142.660343656172,120.33428428094,22.3260593752319,3,"ok","",NA,0.0100000000093132
"s4-cu-a2-9-o-d-10:11","endpoint",58.0329693716431,NA,NA,NA,"ok","",NA,0
"s4-cu-p1-10-o-d-09:37","goAquaFlux",6.53234613233009,6.53234613233009,0,0,"ok","",NA,0.239999999990687
"s4-cu-p1-10-o-d-09:37","goFlux_noSep",6.53234613233009,NA,NA,NA,"ok","",NA,0.119999999878928
"s4-cu-p1-10-o-d-09:37","FS_default",4.3750597321934,4.3750597321934,0,0,"ok","",0,0.390000000130385
"s4-cu-p1-10-o-d-09:37","MSP",5.60377297242557,4.9093781203607,0.694394852064869,4,"ok","",NA,0.0300000000279397
"s4-cu-p1-10-o-d-09:37","endpoint",4.97725418861123,NA,NA,NA,"ok","",NA,0
"s4-cu-p1-11-o-d-09:46","goAquaFlux",NA,NA,1.35816410308002,1,"ok","",NA,0.0699999998323619
"s4-cu-p1-11-o-d-09:46","goFlux_noSep",4.80437735913763,NA,NA,NA,"ok","",NA,0.170000000158325
"s4-cu-p1-11-o-d-09:46","FS_default",NA,NA,0,0,"ok","no diffusive segment accepted by FS",0,0.369999999878928
"s4-cu-p1-11-o-d-09:46","MSP",15.0385673783911,13.4268722369567,1.61169514143446,2,"ok","",NA,0.0200000000186265
"s4-cu-p1-11-o-d-09:46","endpoint",8.14764957578493,NA,NA,NA,"ok","",NA,0
"s4-cu-p1-12-o-d-09:53","goAquaFlux",6.20464911877537,6.20464911877537,0,0,"ok","",NA,0.199999999953434
"s4-cu-p1-12-o-d-09:53","goFlux_noSep",6.20464911877537,NA,NA,NA,"ok","",NA,0.190000000176951
"s4-cu-p1-12-o-d-09:53","FS_default",4.44174655670841,4.44174655670841,0,0,"ok","",0,0.479999999981374
"s4-cu-p1-12-o-d-09:53","MSP",4.42199132092877,3.88688480821012,0.535106512718652,3,"ok","",NA,0.0399999998044223
"s4-cu-p1-12-o-d-09:53","endpoint",4.45188998182924,NA,NA,NA,"ok","",NA,0
"s4-cu-p1-13-o-d-10:01","goAquaFlux",4.46596974786926,4.46596974786926,0,0,"ok","",NA,0.310000000055879
"s4-cu-p1-13-o-d-10:01","goFlux_noSep",4.46596974786926,NA,NA,NA,"ok","",NA,0.21999999997206
"s4-cu-p1-13-o-d-10:01","FS_default",NA,NA,0,0,"ok","no diffusive segment accepted by FS",0,0.360000000102445
"s4-cu-p1-13-o-d-10:01","MSP",3.96618163005417,3.32131790086524,0.644863729188925,3,"ok","",NA,0.0100000000093132
"s4-cu-p1-13-o-d-10:01","endpoint",4.00522307393008,NA,NA,NA,"ok","",NA,0
"s4-cu-p1-14-o-d-10:09","goAquaFlux",5.75637293892078,5.75637293892078,0,0,"ok","",NA,0.25
"s4-cu-p1-14-o-d-10:09","goFlux_noSep",5.75637293892078,NA,NA,NA,"ok","",NA,0.139999999897555
"s4-cu-p1-14-o-d-10:09","FS_default",5.00759171937743,5.00759171937743,0,0,"ok","",0,0.300000000046566
"s4-cu-p1-14-o-d-10:09","MSP",4.45520528050077,3.95572111924647,0.499484161254302,7,"ok","",NA,0.0200000000186265
"s4-cu-p1-14-o-d-10:09","endpoint",4.84588420496233,NA,NA,NA,"ok","",NA,0
"s4-cu-p1-15-o-d-10:23","goAquaFlux",5.46343883052254,5.46343883052254,0,0,"ok","",NA,0.209999999962747
"s4-cu-p1-15-o-d-10:23","goFlux_noSep",5.46343883052254,NA,NA,NA,"ok","",NA,0.130000000121072
"s4-cu-p1-15-o-d-10:23","FS_default",NA,NA,0,0,"ok","no diffusive segment accepted by FS",0,0.260000000009313
"s4-cu-p1-15-o-d-10:23","MSP",5.65538467810725,4.79652538578942,0.858859292317825,4,"ok","",NA,0.0200000000186265
"s4-cu-p1-15-o-d-10:23","endpoint",5.45932761617579,NA,NA,NA,"ok","",NA,0
"s4-cu-p1-2-o-d-07:06","goAquaFlux",0.710939244934365,0.710939244934365,0,0,"ok","",NA,0.180000000167638
"s4-cu-p1-2-o-d-07:06","goFlux_noSep",0.710939244934365,NA,NA,NA,"ok","",NA,0.139999999897555
"s4-cu-p1-2-o-d-07:06","FS_default",NA,NA,0,0,"ok","no diffusive segment accepted by FS",0,0.290000000037253
"s4-cu-p1-2-o-d-07:06","MSP",1.66416741030739,1.23902083752127,0.425146572786118,3,"ok","",NA,0.0100000000093132
"s4-cu-p1-2-o-d-07:06","endpoint",0.28341082178771,NA,NA,NA,"ok","",NA,0
"s4-cu-p1-4-o-d-07:29","goAquaFlux",5.4274225838613,0.59859584085847,4.82882674300283,1,"ok","",NA,0.21999999997206
"s4-cu-p1-4-o-d-07:29","goFlux_noSep",9.99899543957481,NA,NA,NA,"ok","",NA,0.120000000111759
"s4-cu-p1-4-o-d-07:29","FS_default",0.298128276704373,0.298128276704373,0,0,"ok","",0,0.349999999860302
"s4-cu-p1-4-o-d-07:29","MSP",13.0914628533026,12.3042857807466,0.787177072556024,2,"ok","",NA,0.0100000000093132
"s4-cu-p1-4-o-d-07:29","endpoint",6.09800748115597,NA,NA,NA,"ok","",NA,0
"s4-cu-p1-7-o-d-08:13","goAquaFlux",NA,NA,0.0296523362699795,2,"ok","",NA,0.140000000130385
"s4-cu-p1-7-o-d-08:13","goFlux_noSep",7.87611824860418,NA,NA,NA,"ok","",NA,0.159999999916181
"s4-cu-p1-7-o-d-08:13","FS_default",6.99542870052815,6.99542870052815,0,0,"ok","",0,0.25
"s4-cu-p1-7-o-d-08:13","MSP",5.38262964489906,4.85003607290254,0.532593571996518,9,"ok","",NA,0.0200000000186265
"s4-cu-p1-7-o-d-08:13","endpoint",6.25535732910748,NA,NA,NA,"ok","",NA,0
"s4-cu-p1-8-o-d-09:14","goAquaFlux",4.4648115443262,4.4648115443262,0,0,"ok","",NA,0.239999999990687
"s4-cu-p1-8-o-d-09:14","goFlux_noSep",4.4648115443262,NA,NA,NA,"ok","",NA,0.149999999906868
"s4-cu-p1-8-o-d-09:14","FS_default",4.18781510419018,4.18781510419018,0,0,"ok","",0,0.290000000037253
"s4-cu-p1-8-o-d-09:14","MSP",3.49575520601212,2.89302099038846,0.602734215623665,7,"ok","",NA,0.0300000000279397
"s4-cu-p1-8-o-d-09:14","endpoint",4.07023925062814,NA,NA,NA,"ok","",NA,0
"s4-cu-p1-9-o-d-09:29","goAquaFlux",NA,NA,0.59288308939227,1,"ok","",NA,0.0800000000745058
"s4-cu-p1-9-o-d-09:29","goFlux_noSep",6.66608125977051,NA,NA,NA,"ok","",NA,0.159999999916181
"s4-cu-p1-9-o-d-09:29","FS_default",NA,NA,0,0,"ok","no diffusive segment accepted by FS",0,0.229999999981374
"s4-cu-p1-9-o-d-09:29","MSP",4.08894181311277,3.29112563790651,0.797816175206268,3,"ok","",NA,0.0200000000186265
"s4-cu-p1-9-o-d-09:29","endpoint",3.77968262398656,NA,NA,NA,"ok","",NA,0
"s4-cu-p2-10-o-d-08:51","goAquaFlux",12.1068378808156,12.1068378808156,0,0,"ok","",NA,0.229999999981374
"s4-cu-p2-10-o-d-08:51","goFlux_noSep",12.1068378808156,NA,NA,NA,"ok","",NA,0.239999999990687
"s4-cu-p2-10-o-d-08:51","FS_default",15.6447444891245,15.6447444891245,0,0,"ok","",0,0.310000000055879
"s4-cu-p2-10-o-d-08:51","MSP",12.2077693836269,10.2642122095782,1.94355717404876,5,"ok","",NA,0.0500000000465661
"s4-cu-p2-10-o-d-08:51","endpoint",11.8659252600736,NA,NA,NA,"ok","",NA,0
"s4-cu-p2-11-o-d-09:02","goAquaFlux",7.33903202892354,7.33903202892354,0,0,"ok","",NA,0.199999999953434
"s4-cu-p2-11-o-d-09:02","goFlux_noSep",7.33903202892354,NA,NA,NA,"ok","",NA,0.139999999897555
"s4-cu-p2-11-o-d-09:02","FS_default",6.54430378146462,6.54430378146462,0,0,"ok","",0,0.350000000093132
"s4-cu-p2-11-o-d-09:02","MSP",5.27554192673592,4.16245662688552,1.1130852998504,5,"ok","",NA,0
"s4-cu-p2-11-o-d-09:02","endpoint",5.29991641524748,NA,NA,NA,"ok","",NA,0
"s4-cu-p2-12-o-d-09:12","goAquaFlux",4.93650286650583,4.14213926580633,0.7943636006995,1,"ok","",NA,0.199999999953434
"s4-cu-p2-12-o-d-09:12","goFlux_noSep",4.30032267829109,NA,NA,NA,"ok","",NA,0.159999999916181
"s4-cu-p2-12-o-d-09:12","FS_default",NA,NA,0,0,"ok","no diffusive segment accepted by FS",0,0.360000000102445
"s4-cu-p2-12-o-d-09:12","MSP",8.87098725617954,8.06610716995743,0.804880086222115,3,"ok","",NA,0.0100000000093132
"s4-cu-p2-12-o-d-09:12","endpoint",4.03825231346175,NA,NA,NA,"ok","",NA,0
"s4-cu-p2-13-o-d-09:20","goAquaFlux",8.86881134009851,3.32927744708667,5.53953389301184,2,"ok","",NA,0.21999999997206
"s4-cu-p2-13-o-d-09:20","goFlux_noSep",15.8901994384163,NA,NA,NA,"ok","",NA,0.169999999925494
"s4-cu-p2-13-o-d-09:20","FS_default",21.0908779424689,21.0908779424689,0,0,"ok","",0,0.330000000074506
"s4-cu-p2-13-o-d-09:20","MSP",32.605165979702,31.6768234472767,0.928342532425258,3,"ok","",NA,0.0300000000279397
"s4-cu-p2-13-o-d-09:20","endpoint",9.16041116635594,NA,NA,NA,"ok","",NA,0
"s4-cu-p2-2-o-d-07:28","goAquaFlux",7.88871504824155,7.46637758646062,0.422337461780931,2,"ok","",NA,0.300000000046566
"s4-cu-p2-2-o-d-07:28","goFlux_noSep",11.0515724449629,NA,NA,NA,"ok","",NA,0.229999999981374
"s4-cu-p2-2-o-d-07:28","FS_default",11.0992249225017,11.0992249225017,0,0,"ok","",0,0.300000000046566
"s4-cu-p2-2-o-d-07:28","MSP",10.561555777426,9.12678314709983,1.43477263032619,7,"ok","",NA,0.0499999998137355
"s4-cu-p2-2-o-d-07:28","endpoint",10.2236932706261,NA,NA,NA,"ok","",NA,0
"s4-cu-p2-3-o-d-07:44","goAquaFlux",17.4901699959042,17.4901699959042,0,0,"ok","",NA,0.180000000167638
"s4-cu-p2-3-o-d-07:44","goFlux_noSep",17.4901699959042,NA,NA,NA,"ok","",NA,0.109999999869615
"s4-cu-p2-3-o-d-07:44","FS_default",5.63743103774307,5.63743103774307,0,0,"ok","",0,0.270000000018626
"s4-cu-p2-3-o-d-07:44","MSP",8.81184207570767,6.05717848838595,2.75466358732173,6,"ok","",NA,0.0300000000279397
"s4-cu-p2-3-o-d-07:44","endpoint",8.95165797272325,NA,NA,NA,"ok","",NA,0
"s4-cu-p2-4-o-d-07:53","goAquaFlux",32.6660192722,32.6660192722,0,0,"ok","",NA,0.169999999925494
"s4-cu-p2-4-o-d-07:53","goFlux_noSep",32.6660192722,NA,NA,NA,"ok","",NA,0.170000000158325
"s4-cu-p2-4-o-d-07:53","FS_default",NA,NA,0,0,"ok","no diffusive segment accepted by FS",0,0.299999999813735
"s4-cu-p2-4-o-d-07:53","MSP",18.6543009061242,15.5977312008075,3.05656970531675,2,"ok","",NA,0.0200000000186265
"s4-cu-p2-4-o-d-07:53","endpoint",14.6487604438095,NA,NA,NA,"ok","",NA,0
"s4-cu-p2-5-o-d-08:01","goAquaFlux",8.64171816617216,8.64171816617216,0,0,"ok","",NA,0.170000000158325
"s4-cu-p2-5-o-d-08:01","goFlux_noSep",8.64171816617216,NA,NA,NA,"ok","",NA,0.199999999953434
"s4-cu-p2-5-o-d-08:01","FS_default",NA,NA,0,0,"ok","no diffusive segment accepted by FS",0,0.300000000046566
"s4-cu-p2-5-o-d-08:01","MSP",8.71519469175251,6.89366243744781,1.82153225430469,5,"ok","",NA,0.0300000000279397
"s4-cu-p2-5-o-d-08:01","endpoint",8.18404146725423,NA,NA,NA,"ok","",NA,0
"s4-cu-p2-6-o-d-08:09","goAquaFlux",6.68264804069461,6.68264804069461,0,0,"ok","",NA,0.189999999944121
"s4-cu-p2-6-o-d-08:09","goFlux_noSep",6.68264804069461,NA,NA,NA,"ok","",NA,0.169999999925494
"s4-cu-p2-6-o-d-08:09","FS_default",NA,NA,0,0,"ok","no diffusive segment accepted by FS",0,0.28000000002794
"s4-cu-p2-6-o-d-08:09","MSP",6.36599966754773,5.14203756789147,1.22396209965626,5,"ok","",NA,0.0200000000186265
"s4-cu-p2-6-o-d-08:09","endpoint",5.03880016196198,NA,NA,NA,"ok","",NA,0
"s4-cu-p2-7-o-d-08:17","goAquaFlux",4.06175232969242,3.25335408659245,0.808398243099968,1,"ok","",NA,0.169999999925494
"s4-cu-p2-7-o-d-08:17","goFlux_noSep",9.53557435332575,NA,NA,NA,"ok","",NA,0.110000000102445
"s4-cu-p2-7-o-d-08:17","FS_default",4.47989563592223,4.47989563592223,0,0,"ok","",0,0.319999999832362
"s4-cu-p2-7-o-d-08:17","MSP",5.68103847061689,4.82148536199109,0.859553108625793,3,"ok","",NA,0.0100000000093132
"s4-cu-p2-7-o-d-08:17","endpoint",5.88393064952597,NA,NA,NA,"ok","",NA,0
"s4-cu-p2-8-o-d-08:26","goAquaFlux",9.63944617691008,3.48611543171329,6.15333074519678,3,"ok","",NA,0.310000000055879
"s4-cu-p2-8-o-d-08:26","goFlux_noSep",8.48062712752532,NA,NA,NA,"ok","",NA,0.160000000149012
"s4-cu-p2-8-o-d-08:26","FS_default",3.43263028400017,3.43263028400017,0,0,"ok","",0,0.379999999888241
"s4-cu-p2-8-o-d-08:26","MSP",9.26843000502217,6.98443997452735,2.28399003049482,2,"ok","",NA,0.0100000000093132
"s4-cu-p2-8-o-d-08:26","endpoint",8.03750465425111,NA,NA,NA,"ok","",NA,0
"s4-cu-p2-9-o-d-08:43","goAquaFlux",4.50327308560974,4.50327308560974,0,0,"ok","",NA,0.310000000055879
"s4-cu-p2-9-o-d-08:43","goFlux_noSep",4.50327308560974,NA,NA,NA,"ok","",NA,0.139999999897555
"s4-cu-p2-9-o-d-08:43","FS_default",NA,NA,0,0,"ok","no diffusive segment accepted by FS",0,0.25
"s4-cu-p2-9-o-d-08:43","MSP",6.52682385541821,2.34508104417682,4.18174281124139,5,"ok","",NA,0
"s4-cu-p2-9-o-d-08:43","endpoint",4.46907221956167,NA,NA,NA,"ok","",NA,0
"s4-cu-r1-10-o-d-09:26","goAquaFlux",8.36203686363391,8.36203686363391,0,0,"ok","",NA,0.140000000130385
"s4-cu-r1-10-o-d-09:26","goFlux_noSep",8.36203686363391,NA,NA,NA,"ok","",NA,0.0999999998603016
"s4-cu-r1-10-o-d-09:26","FS_default",7.53667275863236,7.53667275863236,0,0,"ok","",0,0.25
"s4-cu-r1-10-o-d-09:26","MSP",7.20836697311653,6.60441210633942,0.60395486677711,3,"ok","",NA,0.0100000000093132
"s4-cu-r1-10-o-d-09:26","endpoint",7.4486331168632,NA,NA,NA,"ok","",NA,0
"s4-cu-r1-11-o-d-09:34","goAquaFlux",5.56520859455311,5.56520859455311,0,0,"ok","",NA,0.239999999990687
"s4-cu-r1-11-o-d-09:34","goFlux_noSep",5.56520859455311,NA,NA,NA,"ok","",NA,0.140000000130385
"s4-cu-r1-11-o-d-09:34","FS_default",2.28035449751858,2.28035449751858,0,0,"ok","",0,0.229999999981374
"s4-cu-r1-11-o-d-09:34","MSP",2.30543682336118,1.88035534974142,0.425081473619758,8,"ok","",NA,0.0300000000279397
"s4-cu-r1-11-o-d-09:34","endpoint",2.72536357853468,NA,NA,NA,"ok","",NA,0
"s4-cu-r1-12-o-d-09:49","goAquaFlux",1.99249908887684,1.99249908887684,0,0,"ok","",NA,0.209999999962747
"s4-cu-r1-12-o-d-09:49","goFlux_noSep",1.99249908887684,NA,NA,NA,"ok","",NA,0.0799999998416752
"s4-cu-r1-12-o-d-09:49","FS_default",NA,NA,0,0,"ok","no diffusive segment accepted by FS",0,0.290000000037253
"s4-cu-r1-12-o-d-09:49","MSP",1.85397865860674,1.21633680431512,0.637641854291619,9,"ok","",NA,0.0200000000186265
"s4-cu-r1-12-o-d-09:49","endpoint",1.29986241572581,NA,NA,NA,"ok","",NA,0
"s4-cu-r1-13-o-d-09:56","goAquaFlux",1.77657234682257,1.77657234682257,0,0,"ok","",NA,0.170000000158325
"s4-cu-r1-13-o-d-09:56","goFlux_noSep",1.77657234682257,NA,NA,NA,"ok","",NA,0.159999999916181
"s4-cu-r1-13-o-d-09:56","FS_default",1.35311104826863,1.35311104826863,0,0,"ok","",0,0.28000000002794
"s4-cu-r1-13-o-d-09:56","MSP",2.5435096019214,2.0395089744792,0.504000627442208,5,"ok","",NA,0.0300000000279397
"s4-cu-r1-13-o-d-09:56","endpoint",1.60954856637117,NA,NA,NA,"ok","",NA,0
"s4-cu-r1-14-o-d-10:05","goAquaFlux",4.74877121240655,4.71211859651925,0.0366526158873077,1,"ok","",NA,0.189999999944121
"s4-cu-r1-14-o-d-10:05","goFlux_noSep",3.0752222794306,NA,NA,NA,"ok","",NA,0.139999999897555
"s4-cu-r1-14-o-d-10:05","FS_default",2.73701825688233,2.73701825688233,0,0,"ok","",0,0.310000000055879
"s4-cu-r1-14-o-d-10:05","MSP",2.20616192483185,1.89189452097446,0.314267403857396,3,"ok","",NA,0.0200000000186265
"s4-cu-r1-14-o-d-10:05","endpoint",2.57637315393202,NA,NA,NA,"ok","",NA,0
"s4-cu-r1-15-o-d-10:14","goAquaFlux",2.43235242319561,2.43235242319561,0,0,"ok","",NA,0.169999999925494
"s4-cu-r1-15-o-d-10:14","goFlux_noSep",2.43235242319561,NA,NA,NA,"ok","",NA,0.130000000121072
"s4-cu-r1-15-o-d-10:14","FS_default",1.76490501886864,1.76490501886864,0,0,"ok","",0,0.28000000002794
"s4-cu-r1-15-o-d-10:14","MSP",1.73241078385785,1.30179624279934,0.430614541058506,10,"ok","",NA,0.0499999998137355
"s4-cu-r1-15-o-d-10:14","endpoint",1.86497619270202,NA,NA,NA,"ok","",NA,0
"s4-cu-r1-3-o-d-07:20","goAquaFlux",28.8542679978263,28.6738396755658,0.180428322260461,1,"ok","",NA,0.320000000065193
"s4-cu-r1-3-o-d-07:20","goFlux_noSep",28.7223459833838,NA,NA,NA,"ok","",NA,0.179999999934807
"s4-cu-r1-3-o-d-07:20","FS_default",22.2224899989126,22.2224899989126,0,0,"ok","",0,0.25
"s4-cu-r1-3-o-d-07:20","MSP",20.6296241759803,17.2894994112216,3.34012476475868,6,"ok","",NA,0.0600000000558794
"s4-cu-r1-3-o-d-07:20","endpoint",22.4377050159647,NA,NA,NA,"ok","",NA,0
"s4-cu-r1-5-o-d-07:45","goAquaFlux",8.22709721518712,4.68880801055959,3.53828920462753,2,"ok","",NA,0.260000000009313
"s4-cu-r1-5-o-d-07:45","goFlux_noSep",31.7749955932859,NA,NA,NA,"ok","",NA,0.110000000102445
"s4-cu-r1-5-o-d-07:45","FS_default",12.8041977215961,12.8041977215961,0,0,"ok","",0,0.169999999925494
"s4-cu-r1-5-o-d-07:45","MSP",18.2440461204914,17.1086305862043,1.13541553428705,2,"ok","",NA,0.0200000000186265
"s4-cu-r1-5-o-d-07:45","endpoint",16.6239493240133,NA,NA,NA,"ok","",NA,0
"s4-cu-r1-7-o-d-08:29","goAquaFlux",NA,NA,6.93451802714558,2,"ok","",NA,0.149999999906868
"s4-cu-r1-7-o-d-08:29","goFlux_noSep",-3.8426397094553,NA,NA,NA,"ok","",NA,0.110000000102445
"s4-cu-r1-7-o-d-08:29","FS_default",1.36547514656215,1.36547514656215,0,0,"ok","",0,0.270000000018626
"s4-cu-r1-7-o-d-08:29","MSP",NA,NA,26.0575153096902,3,"ok","no valid diffusive segment",NA,0.0100000000093132
"s4-cu-r1-7-o-d-08:29","endpoint",-15.9989118886981,NA,NA,NA,"ok","",NA,0
"s4-cu-r2-1-o-d-06:40","goAquaFlux",NA,NA,0.508220998458163,3,"ok","",NA,0.0799999998416752
"s4-cu-r2-1-o-d-06:40","goFlux_noSep",8.05644713708705,NA,NA,NA,"ok","",NA,0.160000000149012
"s4-cu-r2-1-o-d-06:40","FS_default",8.24114734939676,8.24114734939676,0,0,"ok","",0,0.229999999981374
"s4-cu-r2-1-o-d-06:40","MSP",7.89313402337716,7.10697116053525,0.786162862841918,4,"ok","",NA,0.0200000000186265
"s4-cu-r2-1-o-d-06:40","endpoint",8.17174921209173,NA,NA,NA,"ok","",NA,0
"s4-cu-r2-11-o-d-09:54","goAquaFlux",5.75623034140012,5.73971083400192,0.0165195073981956,1,"ok","",NA,0.290000000037253
"s4-cu-r2-11-o-d-09:54","goFlux_noSep",5.30150738423697,NA,NA,NA,"ok","",NA,0.209999999962747
"s4-cu-r2-11-o-d-09:54","FS_default",5.09719453689843,5.09719453689843,0,0,"ok","",0,0.189999999944121
"s4-cu-r2-11-o-d-09:54","MSP",5.72729830905547,4.75564083224715,0.971657476808321,11,"ok","",NA,0.0600000000558794
"s4-cu-r2-11-o-d-09:54","endpoint",5.20597359155747,NA,NA,NA,"ok","",NA,0
"s4-cu-r2-12-o-d-10:10","goAquaFlux",3.74169395098835,3.74169395098835,0,0,"ok","",NA,0.139999999897555
"s4-cu-r2-12-o-d-10:10","goFlux_noSep",3.74169395098835,NA,NA,NA,"ok","",NA,0.090000000083819
"s4-cu-r2-12-o-d-10:10","FS_default",NA,NA,0,0,"ok","diffusive_flux: [38;5;255m[36mℹ[38;5;255m In argument: `.data$term == ""time""`.[39m
[1mCaused by error in `.data$term`:[22m
[38;5;255m[33m![38;5;255m Column `term` not found in `.data`.[39m | no diffusive segment accepted by FS",0,0.310000000055879
"s4-cu-r2-12-o-d-10:10","MSP",6.70872084605324,4.48258395536777,2.22613689068546,4,"ok","",NA,0.0200000000186265
"s4-cu-r2-12-o-d-10:10","endpoint",3.91511078518826,NA,NA,NA,"ok","",NA,0
"s4-cu-r2-13-o-d-10:17","goAquaFlux",1.54210490304142,1.41615194282497,0.125952960216444,1,"ok","",NA,0.229999999981374
"s4-cu-r2-13-o-d-10:17","goFlux_noSep",2.87497549024674,NA,NA,NA,"ok","",NA,0.129999999888241
"s4-cu-r2-13-o-d-10:17","FS_default",NA,NA,0,0,"ok","no diffusive segment accepted by FS",0,0.360000000102445
"s4-cu-r2-13-o-d-10:17","MSP",2.31512373365479,1.56996551150117,0.745158222153616,3,"ok","",NA,0
"s4-cu-r2-13-o-d-10:17","endpoint",2.63191018282453,NA,NA,NA,"ok","",NA,0
"s4-cu-r2-14-o-d-10:25","goAquaFlux",3.2506584231114,3.2506584231114,0,0,"ok","",NA,0.309999999823049
"s4-cu-r2-14-o-d-10:25","goFlux_noSep",3.2506584231114,NA,NA,NA,"ok","",NA,0.130000000121072
"s4-cu-r2-14-o-d-10:25","FS_default",NA,NA,0,0,"ok","no diffusive segment accepted by FS",0,0.21999999997206
"s4-cu-r2-14-o-d-10:25","MSP",5.3057339815749,4.24926264872609,1.05647133284881,4,"ok","",NA,0
"s4-cu-r2-14-o-d-10:25","endpoint",3.17217059208368,NA,NA,NA,"ok","",NA,0
"s4-cu-r2-15-o-d-10:38","goAquaFlux",20.7568759043826,20.7568759043826,0,0,"ok","",NA,0.179999999934807
"s4-cu-r2-15-o-d-10:38","goFlux_noSep",20.7568759043826,NA,NA,NA,"ok","",NA,0.100000000093132
"s4-cu-r2-15-o-d-10:38","FS_default",13.0477678094673,13.0477678094673,0,0,"ok","",0,0.25
"s4-cu-r2-15-o-d-10:38","MSP",18.2802542093459,14.0583371493576,4.22191705998829,5,"ok","",NA,0.0100000000093132
"s4-cu-r2-15-o-d-10:38","endpoint",14.1419354486184,NA,NA,NA,"ok","",NA,0
"s4-cu-r2-5-o-d-07:22","goAquaFlux",11.3392502933704,11.3392502933704,0,0,"ok","",NA,0.25
"s4-cu-r2-5-o-d-07:22","goFlux_noSep",11.3392502933704,NA,NA,NA,"ok","",NA,0.189999999944121
"s4-cu-r2-5-o-d-07:22","FS_default",NA,NA,0,0,"ok","no diffusive segment accepted by FS",0,0.189999999944121
"s4-cu-r2-5-o-d-07:22","MSP",17.6359122563796,11.3034218276298,6.3324904287497,6,"ok","",NA,0.0300000000279397
"s4-cu-r2-5-o-d-07:22","endpoint",11.5537933720889,NA,NA,NA,"ok","",NA,0
"s4-cu-r2-6-o-d-07:33","goAquaFlux",-32.0954739488824,-33.8967794631792,1.80130551429685,1,"ok","",NA,0.270000000018626
"s4-cu-r2-6-o-d-07:33","goFlux_noSep",-22.9507457043801,NA,NA,NA,"ok","",NA,0.139999999897555
"s4-cu-r2-6-o-d-07:33","FS_default",NA,NA,0,0,"ok","diffusive_flux: [38;5;255m[36mℹ[38;5;255m In argument: `.data$term == ""time""`.[39m
[1mCaused by error in `.data$term`:[22m
[38;5;255m[33m![38;5;255m Column `term` not found in `.data`.[39m | no diffusive segment accepted by FS",0,0.430000000167638
"s4-cu-r2-6-o-d-07:33","MSP",486.171509783391,439.789418844,46.3820909393913,3,"ok","",NA,0.0200000000186265
"s4-cu-r2-6-o-d-07:33","endpoint",23.9856798940066,NA,NA,NA,"ok","",NA,0
"s4-cu-r2-7-o-d-08:07","goAquaFlux",7.72128684186919,7.72128684186919,0,0,"ok","",NA,0.169999999925494
"s4-cu-r2-7-o-d-08:07","goFlux_noSep",7.72128684186919,NA,NA,NA,"ok","",NA,0.139999999897555
"s4-cu-r2-7-o-d-08:07","FS_default",NA,NA,0,0,"ok","no diffusive segment accepted by FS",0,0.239999999990687
"s4-cu-r2-7-o-d-08:07","MSP",7.07903969931884,6.06186763355189,1.01717206576695,3,"ok","",NA,0
"s4-cu-r2-7-o-d-08:07","endpoint",4.63482610367756,NA,NA,NA,"ok","",NA,0
"s4-da-a2-1-o-d-06:31","goAquaFlux",-39.4769427567172,-39.4769427567172,0,0,"ok","",NA,0.239999999990687
"s4-da-a2-1-o-d-06:31","goFlux_noSep",-39.4769427567172,NA,NA,NA,"ok","",NA,0.110000000102445
"s4-da-a2-1-o-d-06:31","FS_default",NA,NA,0,0,"ok","diffusive_flux: [38;5;255m[36mℹ[38;5;255m In argument: `.data$term == ""time""`.[39m
[1mCaused by error in `.data$term`:[22m
[38;5;255m[33m![38;5;255m Column `term` not found in `.data`.[39m | no diffusive segment accepted by FS",0,0.25
"s4-da-a2-1-o-d-06:31","MSP",0.360290963227661,0.358641419000038,0.00164954422762328,2,"ok","",NA,0.0100000000093132
"s4-da-a2-1-o-d-06:31","endpoint",-122.847286743721,NA,NA,NA,"ok","",NA,0
"s4-da-a2-10-o-d-08:29","goAquaFlux",NA,NA,122.488684667947,1,"ok","",NA,0.0500000000465661
"s4-da-a2-10-o-d-08:29","goFlux_noSep",843.590203133349,NA,NA,NA,"ok","",NA,0.0899999998509884
"s4-da-a2-10-o-d-08:29","FS_default",NA,NA,762.257666342742,1,"ok","diffusive_flux: [38;5;255m[36mℹ[38;5;255m In argument: `.data$term == ""time""`.[39m
[1mCaused by error in `.data$term`:[22m
[38;5;255m[33m![38;5;255m Column `term` not found in `.data`.[39m | no diffusive segment accepted by FS",0,0.450000000186265
"s4-da-a2-10-o-d-08:29","MSP",NA,NA,390.956667741264,1,"ok","no valid diffusive segment",NA,0
"s4-da-a2-10-o-d-08:29","endpoint",508.191236859692,NA,NA,NA,"ok","",NA,0
"s4-da-a2-11-o-d-08:39","goAquaFlux",2752.20731044554,2752.20731044554,0,0,"ok","",NA,0.21999999997206
"s4-da-a2-11-o-d-08:39","goFlux_noSep",2752.20731044554,NA,NA,NA,"ok","",NA,0.139999999897555
"s4-da-a2-11-o-d-08:39","FS_default",NA,NA,2633.13140878263,1,"ok","diffusive_flux: [38;5;255m[36mℹ[38;5;255m In argument: `.data$term == ""time""`.[39m
[1mCaused by error in `.data$term`:[22m
[38;5;255m[33m![38;5;255m Column `term` not found in `.data`.[39m | no diffusive segment accepted by FS",0,0.390000000130385
"s4-da-a2-11-o-d-08:39","MSP",2945.71288105653,1847.09077884189,1098.62210221464,3,"ok","",NA,0
"s4-da-a2-11-o-d-08:39","endpoint",2548.13234558194,NA,NA,NA,"ok","",NA,0
"s4-da-a2-12-o-d-08:51","goAquaFlux",478.311797079979,399.232812000454,79.0789850795251,5,"ok","",NA,0.429999999934807
"s4-da-a2-12-o-d-08:51","goFlux_noSep",290.137170307305,NA,NA,NA,"ok","",NA,0.119999999878928
"s4-da-a2-12-o-d-08:51","FS_default",NA,NA,288.379576007399,2,"ok","diffusive_flux: [38;5;255m[36mℹ[38;5;255m In argument: `.data$term == ""time""`.[39m
[1mCaused by error in `.data$term`:[22m
[38;5;255m[33m![38;5;255m Column `term` not found in `.data`.[39m | no diffusive segment accepted by FS",0,0.380000000121072
"s4-da-a2-12-o-d-08:51","MSP",265.895449769203,213.494524047049,52.4009257221534,2,"ok","",NA,0.0300000000279397
"s4-da-a2-12-o-d-08:51","endpoint",297.056142279982,NA,NA,NA,"ok","",NA,0
"s4-da-a2-13-o-d-09:09","goAquaFlux",653.146161420421,653.146161420421,0,0,"ok","",NA,0.229999999981374
"s4-da-a2-13-o-d-09:09","goFlux_noSep",653.146161420421,NA,NA,NA,"ok","",NA,0.109999999869615
"s4-da-a2-13-o-d-09:09","FS_default",NA,NA,1026.07896002174,1,"ok","diffusive_flux: [38;5;255m[36mℹ[38;5;255m In argument: `.data$term == ""time""`.[39m
[1mCaused by error in `.data$term`:[22m
[38;5;255m[33m![38;5;255m Column `term` not found in `.data`.[39m | no diffusive segment accepted by FS",0,0.350000000093132
"s4-da-a2-13-o-d-09:09","MSP",2831.94653987092,2637.06849114364,194.878048727273,2,"ok","",NA,0.0100000000093132
"s4-da-a2-13-o-d-09:09","endpoint",1024.97478526963,NA,NA,NA,"ok","",NA,0
"s4-da-a2-14-o-d-09:18","goAquaFlux",NA,NA,4.20462193718961,1,"ok","",NA,0.0500000000465661
"s4-da-a2-14-o-d-09:18","goFlux_noSep",28.9717089889433,NA,NA,NA,"ok","",NA,0.149999999906868
"s4-da-a2-14-o-d-09:18","FS_default",NA,NA,20.1645459879677,1,"ok","no diffusive segment accepted by FS",0,0.290000000037253
"s4-da-a2-14-o-d-09:18","MSP",44.0039465151603,25.9628631121593,18.041083403001,1,"ok","",NA,0
"s4-da-a2-14-o-d-09:18","endpoint",34.2841518658255,NA,NA,NA,"ok","",NA,0
"s4-da-a2-3-o-d-07:07","goAquaFlux",3.08220337714487,3.08220337714487,0,0,"ok","",NA,0.209999999962747
"s4-da-a2-3-o-d-07:07","goFlux_noSep",3.08220337714487,NA,NA,NA,"ok","",NA,0.140000000130385
"s4-da-a2-3-o-d-07:07","FS_default",2.1722108788208,2.1722108788208,0,0,"ok","",0,0.339999999850988
"s4-da-a2-3-o-d-07:07","MSP",4.38157791233131,3.17760289738722,1.20397501494409,7,"ok","",NA,0.0200000000186265
"s4-da-a2-3-o-d-07:07","endpoint",3.25617761036014,NA,NA,NA,"ok","",NA,0
"s4-da-a2-4-o-d-07:21","goAquaFlux",3.42291122566957,2.746814830576,0.676096395093566,1,"ok","",NA,0.159999999916181
"s4-da-a2-4-o-d-07:21","goFlux_noSep",3.71620684706203,NA,NA,NA,"ok","",NA,0.150000000139698
"s4-da-a2-4-o-d-07:21","FS_default",NA,NA,0,0,"ok","diffusive_flux: [38;5;255m[36mℹ[38;5;255m In argument: `.data$term == ""time""`.[39m
[1mCaused by error in `.data$term`:[22m
[38;5;255m[33m![38;5;255m Column `term` not found in `.data`.[39m | no diffusive segment accepted by FS",0,0.359999999869615
"s4-da-a2-4-o-d-07:21","MSP",2.57346347948029,2.20916918088535,0.364294298594946,1,"ok","",NA,0
"s4-da-a2-4-o-d-07:21","endpoint",2.90839487509367,NA,NA,NA,"ok","",NA,0
"s4-da-a2-5-o-d-07:33","goAquaFlux",630.394089856097,630.394089856097,0,0,"ok","",NA,0.220000000204891
"s4-da-a2-5-o-d-07:33","goFlux_noSep",630.394089856097,NA,NA,NA,"ok","",NA,0.129999999888241
"s4-da-a2-5-o-d-07:33","FS_default",NA,NA,262.227538890543,1,"ok","diffusive_flux: [38;5;255m[36mℹ[38;5;255m In argument: `.data$term == ""time""`.[39m
[1mCaused by error in `.data$term`:[22m
[38;5;255m[33m![38;5;255m Column `term` not found in `.data`.[39m | no diffusive segment accepted by FS",0,0.350000000093132
"s4-da-a2-5-o-d-07:33","MSP",NA,NA,119.067724721249,1,"ok","no valid diffusive segment",NA,0.0200000000186265
"s4-da-a2-5-o-d-07:33","endpoint",242.153100354302,NA,NA,NA,"ok","",NA,0
"s4-da-a2-6-o-d-07:44","goAquaFlux",1.34571667091074,1.34571667091074,0,0,"ok","Inf replaced by maximum positive value",NA,0.21999999997206
"s4-da-a2-6-o-d-07:44","goFlux_noSep",1.34571667091074,NA,NA,NA,"ok","",NA,0.109999999869615
"s4-da-a2-6-o-d-07:44","FS_default",NA,NA,0,0,"ok","no diffusive segment accepted by FS",0,0.260000000009313
"s4-da-a2-6-o-d-07:44","MSP",1.08336905092664,0.961177016284159,0.122192034642482,3,"ok","",NA,0.0200000000186265
"s4-da-a2-6-o-d-07:44","endpoint",0.934171171675042,NA,NA,NA,"ok","",NA,0
"s4-da-a2-7-o-d-07:52","goAquaFlux",NA,NA,6.14185225920394,2,"ok","",NA,0.120000000111759
"s4-da-a2-7-o-d-07:52","goFlux_noSep",17.3449269417851,NA,NA,NA,"ok","",NA,0.129999999888241
"s4-da-a2-7-o-d-07:52","FS_default",4.65705750108773,4.65705750108773,0,0,"ok","",0,0.260000000009313
"s4-da-a2-7-o-d-07:52","MSP",159.507150830213,157.323382317636,2.18376851257721,1,"ok","",NA,0.0200000000186265
"s4-da-a2-7-o-d-07:52","endpoint",29.7882684930791,NA,NA,NA,"ok","",NA,0
"s4-da-a2-9-o-d-08:18","goAquaFlux",673.798569979371,187.996886716626,485.801683262746,3,"ok","",NA,0.330000000074506
"s4-da-a2-9-o-d-08:18","goFlux_noSep",1237.63045871534,NA,NA,NA,"ok","",NA,0.159999999916181
"s4-da-a2-9-o-d-08:18","FS_default",NA,NA,1019.0529644218,1,"ok","diffusive_flux: [38;5;255m[36mℹ[38;5;255m In argument: `.data$term == ""time""`.[39m
[1mCaused by error in `.data$term`:[22m
[38;5;255m[33m![38;5;255m Column `term` not found in `.data`.[39m | no diffusive segment accepted by FS",0,0.419999999925494
"s4-da-a2-9-o-d-08:18","MSP",1408.97007059871,1070.98484382142,337.985226777289,3,"ok","",NA,0.0100000000093132
"s4-da-a2-9-o-d-08:18","endpoint",771.58099975856,NA,NA,NA,"ok","",NA,0
"s4-da-p1-1-o-d-07:16","goAquaFlux",106.837476532472,106.837476532472,0,0,"ok","",NA,0.100000000093132
"s4-da-p1-1-o-d-07:16","goFlux_noSep",106.837476532472,NA,NA,NA,"ok","",NA,0.0799999998416752
"s4-da-p1-1-o-d-07:16","FS_default",NA,NA,235.225819248754,1,"ok","diffusive_flux: [38;5;255m[36mℹ[38;5;255m In argument: `.data$term == ""time""`.[39m
[1mCaused by error in `.data$term`:[22m
[38;5;255m[33m![38;5;255m Column `term` not found in `.data`.[39m | no diffusive segment accepted by FS",0,0.230000000214204
"s4-da-p1-1-o-d-07:16","MSP",382.534458805721,208.417311205355,174.117147600365,1,"ok","",NA,0.0199999997857958
"s4-da-p1-1-o-d-07:16","endpoint",137.353806647457,NA,NA,NA,"ok","",NA,0
"s4-da-p1-10-o-d-09:23","goAquaFlux",167.97554896011,151.851917529496,16.1236314306143,1,"ok","",NA,0.130000000121072
"s4-da-p1-10-o-d-09:23","goFlux_noSep",48.4842286548919,NA,NA,NA,"ok","",NA,0.0600000000558794
"s4-da-p1-10-o-d-09:23","FS_default",NA,NA,70.3055394060179,1,"ok","diffusive_flux: [38;5;255m[36mℹ[38;5;255m In argument: `.data$term == ""time""`.[39m
[1mCaused by error in `.data$term`:[22m
[38;5;255m[33m![38;5;255m Column `term` not found in `.data`.[39m | no diffusive segment accepted by FS",0,0.169999999925494
"s4-da-p1-10-o-d-09:23","MSP",273.793727078331,244.99460108055,28.7991259977806,2,"ok","",NA,0.0200000000186265
"s4-da-p1-10-o-d-09:23","endpoint",77.5506515501617,NA,NA,NA,"ok","",NA,0
"s4-da-p1-11-o-d-09:33","goAquaFlux",NA,NA,94.8611497164152,2,"ok","",NA,0.0600000000558794
"s4-da-p1-11-o-d-09:33","goFlux_noSep",39.7166028170696,NA,NA,NA,"ok","",NA,0.0599999998230487
"s4-da-p1-11-o-d-09:33","FS_default",NA,NA,88.0580949898985,2,"ok","diffusive_flux: [38;5;255m[36mℹ[38;5;255m In argument: `.data$term == ""time""`.[39m
[1mCaused by error in `.data$term`:[22m
[38;5;255m[33m![38;5;255m Column `term` not found in `.data`.[39m | no diffusive segment accepted by FS",0,0.220000000204891
"s4-da-p1-11-o-d-09:33","MSP",276.539926829533,261.327673270587,15.2122535589453,2,"ok","",NA,0
"s4-da-p1-11-o-d-09:33","endpoint",65.5099049628798,NA,NA,NA,"ok","",NA,0
"s4-da-p1-12-o-d-09:55","goAquaFlux",105.058967905727,17.6142897806162,87.4446781251106,1,"ok","",NA,0.139999999897555
"s4-da-p1-12-o-d-09:55","goFlux_noSep",-52.4080031276045,NA,NA,NA,"ok","",NA,0.0600000000558794
"s4-da-p1-12-o-d-09:55","FS_default",NA,NA,110.702070152907,1,"ok","diffusive_flux: [38;5;255m[36mℹ[38;5;255m In argument: `.data$term == ""time""`.[39m
[1mCaused by error in `.data$term`:[22m
[38;5;255m[33m![38;5;255m Column `term` not found in `.data`.[39m | no diffusive segment accepted by FS",0,0.209999999962747
"s4-da-p1-12-o-d-09:55","MSP",NA,NA,165.781653619052,1,"ok","no valid diffusive segment",NA,0
"s4-da-p1-12-o-d-09:55","endpoint",95.8383526596796,NA,NA,NA,"ok","",NA,0
"s4-da-p1-13-o-d-10:04","goAquaFlux",188.182154143554,132.730976859492,55.4511772840625,1,"ok","",NA,0.119999999878928
"s4-da-p1-13-o-d-10:04","goFlux_noSep",189.599771074136,NA,NA,NA,"ok","",NA,0.0800000000745058
"s4-da-p1-13-o-d-10:04","FS_default",NA,NA,118.477555511104,1,"ok","diffusive_flux: [38;5;255m[36mℹ[38;5;255m In argument: `.data$term == ""time""`.[39m
[1mCaused by error in `.data$term`:[22m
[38;5;255m[33m![38;5;255m Column `term` not found in `.data`.[39m | no diffusive segment accepted by FS",0,0.199999999953434
"s4-da-p1-13-o-d-10:04","MSP",335.163277946025,313.397226012965,21.7660519330597,2,"ok","",NA,0
"s4-da-p1-13-o-d-10:04","endpoint",137.801725903328,NA,NA,NA,"ok","",NA,0
"s4-da-p1-14-o-d-10:13","goAquaFlux",NA,NA,1.12948731194402,1,"ok","",NA,0.0300000000279397
"s4-da-p1-14-o-d-10:13","goFlux_noSep",1.76069599304718,NA,NA,NA,"ok","",NA,0.0700000000651926
"s4-da-p1-14-o-d-10:13","FS_default",0.827043716891879,0.827043716891879,0,0,"ok","",0,0.149999999906868
"s4-da-p1-14-o-d-10:13","MSP",5.38380883729069,5.19506766732101,0.188741169969683,2,"ok","",NA,0
"s4-da-p1-14-o-d-10:13","endpoint",2.33836054376728,NA,NA,NA,"ok","",NA,0
"s4-da-p1-15-o-d-10:23","goAquaFlux",56.7925669800918,15.0143993013687,41.7781676787231,4,"ok","",NA,0.190000000176951
"s4-da-p1-15-o-d-10:23","goFlux_noSep",51.5804438953718,NA,NA,NA,"ok","",NA,0.0899999998509884
"s4-da-p1-15-o-d-10:23","FS_default",NA,NA,68.8957975015195,3,"ok","diffusive_flux: [38;5;255m[36mℹ[38;5;255m In argument: `.data$term == ""time""`.[39m
[1mCaused by error in `.data$term`:[22m
[38;5;255m[33m![38;5;255m Column `term` not found in `.data`.[39m | no diffusive segment accepted by FS",3.63797880709171e-12,0.290000000037253
"s4-da-p1-15-o-d-10:23","MSP",NA,NA,26.6219033948298,4,"ok","no valid diffusive segment",NA,0.0100000000093132
"s4-da-p1-15-o-d-10:23","endpoint",72.1732836299543,NA,NA,NA,"ok","",NA,0
"s4-da-p1-5-o-d-08:27","goAquaFlux",NA,NA,46.2337703166841,5,"ok","",NA,0.110000000102445
"s4-da-p1-5-o-d-08:27","goFlux_noSep",198.427799999926,NA,NA,NA,"ok","",NA,0.0899999998509884
"s4-da-p1-5-o-d-08:27","FS_default",NA,NA,118.106688633843,3,"ok","diffusive_flux: [38;5;255m[36mℹ[38;5;255m In argument: `.data$term == ""time""`.[39m
[1mCaused by error in `.data$term`:[22m
[38;5;255m[33m![38;5;255m Column `term` not found in `.data`.[39m | no diffusive segment accepted by FS",0,0.21999999997206
"s4-da-p1-5-o-d-08:27","MSP",188.869513947115,91.5074300736456,97.3620838734697,3,"ok","",NA,0.0200000000186265
"s4-da-p1-5-o-d-08:27","endpoint",129.32715995633,NA,NA,NA,"ok","",NA,0
"s4-da-p1-6-o-d-08:41","goAquaFlux",NA,NA,218.213548948821,2,"ok","",NA,0.0600000000558794
"s4-da-p1-6-o-d-08:41","goFlux_noSep",76.5505594530403,NA,NA,NA,"ok","",NA,0.090000000083819
"s4-da-p1-6-o-d-08:41","FS_default",NA,NA,253.761110520495,2,"ok","diffusive_flux: [38;5;255m[36mℹ[38;5;255m In argument: `.data$term == ""time""`.[39m
[1mCaused by error in `.data$term`:[22m
[38;5;255m[33m![38;5;255m Column `term` not found in `.data`.[39m | no diffusive segment accepted by FS",0,0.209999999962747
"s4-da-p1-6-o-d-08:41","MSP",1881.32381156507,1816.497019605,64.8267919600677,1,"ok","",NA,0
"s4-da-p1-6-o-d-08:41","endpoint",233.937013527734,NA,NA,NA,"ok","",NA,0
"s4-da-p1-7-o-d-08:49","goAquaFlux",318.800774756008,260.562755881252,58.2380188747557,2,"ok","",NA,0.159999999916181
"s4-da-p1-7-o-d-08:49","goFlux_noSep",433.015641695813,NA,NA,NA,"ok","",NA,0.0800000000745058
"s4-da-p1-7-o-d-08:49","FS_default",NA,NA,405.340593833782,1,"ok","diffusive_flux: [38;5;255m[36mℹ[38;5;255m In argument: `.data$term == ""time""`.[39m
[1mCaused by error in `.data$term`:[22m
[38;5;255m[33m![38;5;255m Column `term` not found in `.data`.[39m | no diffusive segment accepted by FS",0,0.229999999981374
"s4-da-p1-7-o-d-08:49","MSP",514.273389206013,387.569741309419,126.703647896594,3,"ok","",NA,0
"s4-da-p1-7-o-d-08:49","endpoint",390.400566024682,NA,NA,NA,"ok","",NA,0
"s4-da-p1-8-o-d-08:59","goAquaFlux",-75.1656063427977,-206.533149768856,131.367543426058,1,"ok","",NA,0.109999999869615
"s4-da-p1-8-o-d-08:59","goFlux_noSep",278.189606791518,NA,NA,NA,"ok","",NA,0.0800000000745058
"s4-da-p1-8-o-d-08:59","FS_default",NA,NA,222.110894627657,1,"ok","diffusive_flux: [38;5;255m[36mℹ[38;5;255m In argument: `.data$term == ""time""`.[39m
[1mCaused by error in `.data$term`:[22m
[38;5;255m[33m![38;5;255m Column `term` not found in `.data`.[39m | no diffusive segment accepted by FS",0,0.199999999953434
"s4-da-p1-8-o-d-08:59","MSP",NA,NA,160.642488999547,2,"ok","no valid diffusive segment",NA,0
"s4-da-p1-8-o-d-08:59","endpoint",204.717999365733,NA,NA,NA,"ok","",NA,0
"s4-da-p1-9-o-d-09:08","goAquaFlux",329.167489898997,270.934027341639,58.2334625573587,3,"ok","",NA,0.170000000158325
"s4-da-p1-9-o-d-09:08","goFlux_noSep",284.806758765627,NA,NA,NA,"ok","",NA,0.0799999998416752
"s4-da-p1-9-o-d-09:08","FS_default",NA,NA,251.330736882105,2,"ok","diffusive_flux: [38;5;255m[36mℹ[38;5;255m In argument: `.data$term == ""time""`.[39m
[1mCaused by error in `.data$term`:[22m
[38;5;255m[33m![38;5;255m Column `term` not found in `.data`.[39m | no diffusive segment accepted by FS",1.45519152283669e-11,0.190000000176951
"s4-da-p1-9-o-d-09:08","MSP",195.309954459292,168.02144991735,27.2885045419417,3,"ok","",NA,0.029999999795109
"s4-da-p1-9-o-d-09:08","endpoint",279.540189080706,NA,NA,NA,"ok","",NA,0
"s4-da-p2-10-o-d-10:27","goAquaFlux",NA,NA,14.6248280410451,1,"ok","",NA,0.0500000000465661
"s4-da-p2-10-o-d-10:27","goFlux_noSep",20.0826800094214,NA,NA,NA,"ok","",NA,0.0800000000745058
"s4-da-p2-10-o-d-10:27","FS_default",NA,NA,0,0,"ok","no diffusive segment accepted by FS",0,0.139999999897555
"s4-da-p2-10-o-d-10:27","MSP",92.4077744802012,84.7630113987631,7.64476308143809,2,"ok","",NA,0
"s4-da-p2-10-o-d-10:27","endpoint",24.3928950379487,NA,NA,NA,"ok","",NA,0
"s4-da-p2-12-o-d-10:52","goAquaFlux",NA,NA,45.9235184375688,2,"ok","",NA,0.0800000000745058
"s4-da-p2-12-o-d-10:52","goFlux_noSep",-14.9831684046869,NA,NA,NA,"ok","",NA,0.0600000000558794
"s4-da-p2-12-o-d-10:52","FS_default",NA,NA,0,0,"ok","diffusive_flux: [38;5;255m[36mℹ[38;5;255m In argument: `.data$term == ""time""`.[39m
[1mCaused by error in `.data$term`:[22m
[38;5;255m[33m![38;5;255m Column `term` not found in `.data`.[39m | no diffusive segment accepted by FS",0,0.199999999953434
"s4-da-p2-12-o-d-10:52","MSP",NA,NA,2.23085327568896,1,"ok","no valid diffusive segment",NA,0.0200000000186265
"s4-da-p2-12-o-d-10:52","endpoint",-60.5509527736241,NA,NA,NA,"ok","",NA,0
"s4-da-p2-2-o-d-08:56","goAquaFlux",35.3640802873393,31.1923417472106,4.17173854012869,1,"ok","",NA,0.139999999897555
"s4-da-p2-2-o-d-08:56","goFlux_noSep",42.2815147578205,NA,NA,NA,"ok","",NA,0.0800000000745058
"s4-da-p2-2-o-d-08:56","FS_default",22.2357345056744,22.2357345056744,0,0,"ok","",0,0.139999999897555
"s4-da-p2-2-o-d-08:56","MSP",68.1507637622303,66.9331089031919,1.21765485903842,2,"ok","",NA,0
"s4-da-p2-2-o-d-08:56","endpoint",21.2517427533066,NA,NA,NA,"ok","",NA,0
"s4-da-p2-3-o-d-09:10","goAquaFlux",183.086068613361,49.3421015906912,133.743967022669,1,"ok","",NA,0.090000000083819
"s4-da-p2-3-o-d-09:10","goFlux_noSep",213.295601454749,NA,NA,NA,"ok","",NA,0.0800000000745058
"s4-da-p2-3-o-d-09:10","FS_default",NA,NA,158.994222013203,1,"ok","diffusive_flux: [38;5;255m[36mℹ[38;5;255m In argument: `.data$term == ""time""`.[39m
[1mCaused by error in `.data$term`:[22m
[38;5;255m[33m![38;5;255m Column `term` not found in `.data`.[39m | no diffusive segment accepted by FS",0,0.21999999997206
"s4-da-p2-3-o-d-09:10","MSP",85.8812506111746,58.2376908344452,27.6435597767294,1,"ok","",NA,0.0100000000093132
"s4-da-p2-3-o-d-09:10","endpoint",191.519579288728,NA,NA,NA,"ok","",NA,0
"s4-da-p2-5-o-d-09:34","goAquaFlux",18.4013447389259,0.66139905390754,17.7399456850184,1,"ok","",NA,0.0999999998603016
"s4-da-p2-5-o-d-09:34","goFlux_noSep",64.053204035772,NA,NA,NA,"ok","",NA,0.0700000000651926
"s4-da-p2-5-o-d-09:34","FS_default",NA,NA,133.171163780097,1,"ok","diffusive_flux: [38;5;255m[36mℹ[38;5;255m In argument: `.data$term == ""time""`.[39m
[1mCaused by error in `.data$term`:[22m
[38;5;255m[33m![38;5;255m Column `term` not found in `.data`.[39m | no diffusive segment accepted by FS",0,0.189999999944121
"s4-da-p2-5-o-d-09:34","MSP",818.387480630491,817.026437831896,1.36104279859511,1,"ok","",NA,0
"s4-da-p2-5-o-d-09:34","endpoint",125.480307081712,NA,NA,NA,"ok","",NA,0
"s4-da-p2-6-o-d-09:41","goAquaFlux",29.2482311672975,-0.147232735814766,29.3954639031123,4,"ok","",NA,0.200000000186265
"s4-da-p2-6-o-d-09:41","goFlux_noSep",145.988636554135,NA,NA,NA,"ok","",NA,0.0799999998416752
"s4-da-p2-6-o-d-09:41","FS_default",88.1488913896576,63.4675533325267,24.6813380571309,1,"ok","",0,0.150000000139698
"s4-da-p2-6-o-d-09:41","MSP",191.532673319938,176.552220777697,14.9804525422413,5,"ok","",NA,0
"s4-da-p2-6-o-d-09:41","endpoint",111.857770285311,NA,NA,NA,"ok","",NA,0
"s4-da-p2-7-o-d-09:55","goAquaFlux",NA,NA,130.425522729799,2,"ok","",NA,0.0499999998137355
"s4-da-p2-7-o-d-09:55","goFlux_noSep",157.980532315356,NA,NA,NA,"ok","",NA,0.0600000000558794
"s4-da-p2-7-o-d-09:55","FS_default",NA,NA,181.484591759314,2,"ok","diffusive_flux: [38;5;255m[36mℹ[38;5;255m In argument: `.data$term == ""time""`.[39m
[1mCaused by error in `.data$term`:[22m
[38;5;255m[33m![38;5;255m Column `term` not found in `.data`.[39m | no diffusive segment accepted by FS",0,0.21999999997206
"s4-da-p2-7-o-d-09:55","MSP",753.795603589458,719.712760022108,34.0828435673499,2,"ok","",NA,0.0100000000093132
"s4-da-p2-7-o-d-09:55","endpoint",193.178014429793,NA,NA,NA,"ok","",NA,0
"s4-da-p2-8-o-d-10:04","goAquaFlux",1.43684056445404,1.43684056445404,0,0,"ok","",NA,0.100000000093132
"s4-da-p2-8-o-d-10:04","goFlux_noSep",1.43684056445404,NA,NA,NA,"ok","",NA,0.0799999998416752
"s4-da-p2-8-o-d-10:04","FS_default",NA,NA,0,0,"ok","no diffusive segment accepted by FS",0,0.140000000130385
"s4-da-p2-8-o-d-10:04","MSP",13.0755953854893,12.477858674699,0.597736710790267,3,"ok","",NA,0.0100000000093132
"s4-da-p2-8-o-d-10:04","endpoint",2.16913155334099,NA,NA,NA,"ok","",NA,0
"s4-da-p2-9-o-d-10:12","goAquaFlux",68.3107425019896,59.7063625773754,8.60437992461418,2,"ok","",NA,0.159999999916181
"s4-da-p2-9-o-d-10:12","goFlux_noSep",27.0920689037343,NA,NA,NA,"ok","",NA,0.0800000000745058
"s4-da-p2-9-o-d-10:12","FS_default",28.9795653063281,28.9795653063281,0,0,"ok","",0,0.169999999925494
"s4-da-p2-9-o-d-10:12","MSP",53.3758513230952,52.8205543179024,0.555297005192739,2,"ok","",NA,0
"s4-da-p2-9-o-d-10:12","endpoint",26.4418258392497,NA,NA,NA,"ok","",NA,0
"s4-da-r1-1-o-d-08:42","goAquaFlux",26.6377259117624,-1.4951202384411,28.1328461502035,3,"ok","",NA,0.189999999944121
"s4-da-r1-1-o-d-08:42","goFlux_noSep",65.3671287183619,NA,NA,NA,"ok","",NA,0.110000000102445
"s4-da-r1-1-o-d-08:42","FS_default",NA,NA,64.8083338142992,3,"ok","diffusive_flux: [38;5;255m[36mℹ[38;5;255m In argument: `.data$term == ""time""`.[39m
[1mCaused by error in `.data$term`:[22m
[38;5;255m[33m![38;5;255m Column `term` not found in `.data`.[39m | no diffusive segment accepted by FS",0,0.209999999962747
"s4-da-r1-1-o-d-08:42","MSP",NA,NA,7.76947316923528,2,"ok","no valid diffusive segment",NA,0
"s4-da-r1-1-o-d-08:42","endpoint",64.3384521806907,NA,NA,NA,"ok","",NA,0
"s4-da-r1-5-o-d-10:01","goAquaFlux",28.8605381045522,9.27635236033301,19.5841857442192,3,"ok","",NA,0.140000000130385
"s4-da-r1-5-o-d-10:01","goFlux_noSep",43.1594714931888,NA,NA,NA,"ok","",NA,0.0899999998509884
"s4-da-r1-5-o-d-10:01","FS_default",58.3922030961915,8.85638024899039,49.5358228472012,2,"ok","",3.63797880709171e-12,0.179999999934807
"s4-da-r1-5-o-d-10:01","MSP",117.139000543397,109.578454707775,7.56054583562188,3,"ok","",NA,0.0100000000093132
"s4-da-r1-5-o-d-10:01","endpoint",60.0310453088162,NA,NA,NA,"ok","",NA,0
"s4-da-r1-6-o-d-10:17","goAquaFlux",94.2221375869975,51.086148423564,43.1359891634334,2,"ok","",NA,0.200000000186265
"s4-da-r1-6-o-d-10:17","goFlux_noSep",99.7017438714192,NA,NA,NA,"ok","",NA,0.0799999998416752
"s4-da-r1-6-o-d-10:17","FS_default",NA,NA,87.9520788777253,3,"ok","diffusive_flux: [38;5;255m[36mℹ[38;5;255m In argument: `.data$term == ""time""`.[39m
[1mCaused by error in `.data$term`:[22m
[38;5;255m[33m![38;5;255m Column `term` not found in `.data`.[39m | no diffusive segment accepted by FS",0,0.209999999962747
"s4-da-r1-6-o-d-10:17","MSP",209.473731272588,190.307780882541,19.1659503900479,2,"ok","",NA,0
"s4-da-r1-6-o-d-10:17","endpoint",99.8892471309755,NA,NA,NA,"ok","",NA,0
"s4-da-r2-1-o-d-06:24","goAquaFlux",NA,NA,59.3754859599252,5,"ok","",NA,0.100000000093132
"s4-da-r2-1-o-d-06:24","goFlux_noSep",202.520968432957,NA,NA,NA,"ok","",NA,0.0600000000558794
"s4-da-r2-1-o-d-06:24","FS_default",NA,NA,114.324516637584,3,"ok","diffusive_flux: [38;5;255m[36mℹ[38;5;255m In argument: `.data$term == ""time""`.[39m
[1mCaused by error in `.data$term`:[22m
[38;5;255m[33m![38;5;255m Column `term` not found in `.data`.[39m | no diffusive segment accepted by FS",0,0.239999999990687
"s4-da-r2-1-o-d-06:24","MSP",114.815907364141,100.336543877334,14.4793634868073,4,"ok","",NA,0.0100000000093132
"s4-da-r2-1-o-d-06:24","endpoint",154.697479978548,NA,NA,NA,"ok","",NA,0
"s4-da-r2-10-o-d-08:34","goAquaFlux",236.571338136413,197.14497970413,39.426358432283,1,"ok","",NA,0.129999999888241
"s4-da-r2-10-o-d-08:34","goFlux_noSep",233.716856552397,NA,NA,NA,"ok","",NA,0.0800000000745058
"s4-da-r2-10-o-d-08:34","FS_default",NA,NA,150.676786718706,1,"ok","diffusive_flux: [38;5;255m[36mℹ[38;5;255m In argument: `.data$term == ""time""`.[39m
[1mCaused by error in `.data$term`:[22m
[38;5;255m[33m![38;5;255m Column `term` not found in `.data`.[39m | no diffusive segment accepted by FS",0,0.179999999934807
"s4-da-r2-10-o-d-08:34","MSP",NA,NA,48.6857435345875,2,"ok","no valid diffusive segment",NA,0.0200000000186265
"s4-da-r2-10-o-d-08:34","endpoint",153.656135214993,NA,NA,NA,"ok","",NA,0
"s4-da-r2-11-o-d-08:44","goAquaFlux",49.2953552939497,49.2953552939497,0,0,"ok","",NA,0.159999999916181
"s4-da-r2-11-o-d-08:44","goFlux_noSep",49.2953552939497,NA,NA,NA,"ok","",NA,0.0600000000558794
"s4-da-r2-11-o-d-08:44","FS_default",NA,NA,0,0,"ok","no diffusive segment accepted by FS",0,0.140000000130385
"s4-da-r2-11-o-d-08:44","MSP",41.7425438383551,35.9418011655022,5.80074267285292,2,"ok","",NA,0.0100000000093132
"s4-da-r2-11-o-d-08:44","endpoint",25.2829622051584,NA,NA,NA,"ok","",NA,0
"s4-da-r2-12-o-d-08:52","goAquaFlux",82.0348662805315,82.0348662805315,0,0,"ok","",NA,0.0999999998603016
"s4-da-r2-12-o-d-08:52","goFlux_noSep",82.0348662805315,NA,NA,NA,"ok","",NA,0.0800000000745058
"s4-da-r2-12-o-d-08:52","FS_default",NA,NA,54.3125828622466,1,"ok","no diffusive segment accepted by FS",0,0.159999999916181
"s4-da-r2-12-o-d-08:52","MSP",190.876920142237,179.443541272741,11.4333788694962,2,"ok","",NA,0
"s4-da-r2-12-o-d-08:52","endpoint",100.391112182521,NA,NA,NA,"ok","",NA,0
"s4-da-r2-13-o-d-09:01","goAquaFlux",NA,NA,29.5316233976656,4,"ok","",NA,0.110000000102445
"s4-da-r2-13-o-d-09:01","goFlux_noSep",80.667864781626,NA,NA,NA,"ok","",NA,0.0799999998416752
"s4-da-r2-13-o-d-09:01","FS_default",NA,NA,62.4040758266392,2,"ok","diffusive_flux: [38;5;255m[36mℹ[38;5;255m In argument: `.data$term == ""time""`.[39m
[1mCaused by error in `.data$term`:[22m
[38;5;255m[33m![38;5;255m Column `term` not found in `.data`.[39m | no diffusive segment accepted by FS",0,0.180000000167638
"s4-da-r2-13-o-d-09:01","MSP",117.307734496441,102.489889280485,14.8178452159563,3,"ok","",NA,0.0200000000186265
"s4-da-r2-13-o-d-09:01","endpoint",87.5730042711042,NA,NA,NA,"ok","",NA,0
"s4-da-r2-14-o-d-09:20","goAquaFlux",531.30426411138,464.808597897691,66.4956662136894,1,"ok","",NA,0.139999999897555
"s4-da-r2-14-o-d-09:20","goFlux_noSep",551.553541456991,NA,NA,NA,"ok","",NA,0.090000000083819
"s4-da-r2-14-o-d-09:20","FS_default",NA,NA,391.12648180674,2,"ok","diffusive_flux: [38;5;255m[36mℹ[38;5;255m In argument: `.data$term == ""time""`.[39m
[1mCaused by error in `.data$term`:[22m
[38;5;255m[33m![38;5;255m Column `term` not found in `.data`.[39m | no diffusive segment accepted by FS",0,0.209999999962747
"s4-da-r2-14-o-d-09:20","MSP",462.04490134656,412.941813108146,49.1030882384142,2,"ok","",NA,0.0100000000093132
"s4-da-r2-14-o-d-09:20","endpoint",517.29844355468,NA,NA,NA,"ok","",NA,0
"s4-da-r2-15-o-d-09:30","goAquaFlux",557.516341723822,557.516341723822,0,0,"ok","",NA,0.109999999869615
"s4-da-r2-15-o-d-09:30","goFlux_noSep",557.516341723822,NA,NA,NA,"ok","",NA,0.0800000000745058
"s4-da-r2-15-o-d-09:30","FS_default",NA,NA,468.576818934987,2,"ok","diffusive_flux: [38;5;255m[36mℹ[38;5;255m In argument: `.data$term == ""time""`.[39m
[1mCaused by error in `.data$term`:[22m
[38;5;255m[33m![38;5;255m Column `term` not found in `.data`.[39m | no diffusive segment accepted by FS",0,0.25
"s4-da-r2-15-o-d-09:30","MSP",413.18611894393,316.192060204602,96.9940587393276,3,"ok","",NA,0
"s4-da-r2-15-o-d-09:30","endpoint",466.916627849141,NA,NA,NA,"ok","",NA,0
"s4-da-r2-3-o-d-07:07","goAquaFlux",54.1385250728172,49.0138048258108,5.12472024700645,1,"ok","",NA,0.199999999953434
"s4-da-r2-3-o-d-07:07","goFlux_noSep",106.635255064723,NA,NA,NA,"ok","",NA,0.150000000139698
"s4-da-r2-3-o-d-07:07","FS_default",NA,NA,55.3013254903548,2,"ok","diffusive_flux: [38;5;255m[36mℹ[38;5;255m In argument: `.data$term == ""time""`.[39m
[1mCaused by error in `.data$term`:[22m
[38;5;255m[33m![38;5;255m Column `term` not found in `.data`.[39m | no diffusive segment accepted by FS",0,0.279999999795109
"s4-da-r2-3-o-d-07:07","MSP",210.017629589373,138.677869572908,71.339760016465,1,"ok","",NA,0
"s4-da-r2-3-o-d-07:07","endpoint",126.335453681432,NA,NA,NA,"ok","",NA,0
"s4-da-r2-5-o-d-07:34","goAquaFlux",242.508383563295,89.9470088841105,152.561374679184,1,"ok","",NA,0.160000000149012
"s4-da-r2-5-o-d-07:34","goFlux_noSep",314.925831944505,NA,NA,NA,"ok","",NA,0.139999999897555
"s4-da-r2-5-o-d-07:34","FS_default",NA,NA,248.713516598678,2,"ok","diffusive_flux: [38;5;255m[36mℹ[38;5;255m In argument: `.data$term == ""time""`.[39m
[1mCaused by error in `.data$term`:[22m
[38;5;255m[33m![38;5;255m Column `term` not found in `.data`.[39m | no diffusive segment accepted by FS",0,0.330000000074506
"s4-da-r2-5-o-d-07:34","MSP",111.598517328149,74.3979262247037,37.2005911034448,1,"ok","",NA,0
"s4-da-r2-5-o-d-07:34","endpoint",251.522384222648,NA,NA,NA,"ok","",NA,0
"s4-da-r2-7-o-d-08:01","goAquaFlux",211.878797035132,83.7905574283534,128.088239606779,2,"ok","",NA,0.229999999981374
"s4-da-r2-7-o-d-08:01","goFlux_noSep",536.889268395565,NA,NA,NA,"ok","",NA,0.139999999897555
"s4-da-r2-7-o-d-08:01","FS_default",NA,NA,468.65504202511,1,"ok","diffusive_flux: [38;5;255m[36mℹ[38;5;255m In argument: `.data$term == ""time""`.[39m
[1mCaused by error in `.data$term`:[22m
[38;5;255m[33m![38;5;255m Column `term` not found in `.data`.[39m | no diffusive segment accepted by FS",0,0.360000000102445
"s4-da-r2-7-o-d-08:01","MSP",304.252203438281,144.143431116387,160.108772321894,2,"ok","",NA,0.0200000000186265
"s4-da-r2-7-o-d-08:01","endpoint",544.098488900699,NA,NA,NA,"ok","",NA,0
"s4-da-r2-8-o-d-08:12","goAquaFlux",404.302735987964,385.935813024989,18.3669229629752,2,"ok","Inf replaced by maximum positive value",NA,0.290000000037253
"s4-da-r2-8-o-d-08:12","goFlux_noSep",85.160889682403,NA,NA,NA,"ok","",NA,0.159999999916181
"s4-da-r2-8-o-d-08:12","FS_default",NA,NA,135.691529728374,3,"ok","diffusive_flux: [38;5;255m[36mℹ[38;5;255m In argument: `.data$term == ""time""`.[39m
[1mCaused by error in `.data$term`:[22m
[38;5;255m[33m![38;5;255m Column `term` not found in `.data`.[39m | no diffusive segment accepted by FS",0,0.390000000130385
"s4-da-r2-8-o-d-08:12","MSP",349.974880457232,324.650732918899,25.324147538333,4,"ok","",NA,0.0199999997857958
"s4-da-r2-8-o-d-08:12","endpoint",138.006693335215,NA,NA,NA,"ok","",NA,0
"s4-da-r2-9-o-d-08:26","goAquaFlux",135.030460712401,118.367044929511,16.6634157828902,1,"ok","",NA,0.230000000214204
"s4-da-r2-9-o-d-08:26","goFlux_noSep",172.871378871504,NA,NA,NA,"ok","",NA,0.109999999869615
"s4-da-r2-9-o-d-08:26","FS_default",NA,NA,0,0,"ok","no diffusive segment accepted by FS",0,0.330000000074506
"s4-da-r2-9-o-d-08:26","MSP",124.288205475927,114.742586225504,9.54561925042299,1,"ok","",NA,0.0100000000093132
"s4-da-r2-9-o-d-08:26","endpoint",137.514508139344,NA,NA,NA,"ok","",NA,0
"s4-du-p1-3-o-d-08:20","goAquaFlux",0.0219945228056307,0.0219945228056307,0,0,"ok","",NA,0.189999999944121
"s4-du-p1-3-o-d-08:20","goFlux_noSep",0.0219945228056307,NA,NA,NA,"ok","",NA,0.090000000083819
"s4-du-p1-3-o-d-08:20","FS_default",0.0218473977201394,0.0218473977201394,0,0,"ok","",0,0.21999999997206
"s4-du-p1-3-o-d-08:20","MSP",0.16893712249488,0.0629227453611716,0.106014377133708,18,"ok","",NA,0.0499999998137355
"s4-du-p1-3-o-d-08:20","endpoint",0.0263716370214977,NA,NA,NA,"ok","",NA,0
"s4-du-p1-5-o-d-08:53","goAquaFlux",0.0387551570617849,0.0387551570617849,0,0,"ok","",NA,0.28000000002794
"s4-du-p1-5-o-d-08:53","goFlux_noSep",0.0387551570617849,NA,NA,NA,"ok","",NA,0.200000000186265
"s4-du-p1-5-o-d-08:53","FS_default",0.0273651902014071,0.0273651902014071,0,0,"ok","series regularized",0,0.329999999841675
"s4-du-p1-5-o-d-08:53","MSP",0.146473344927235,0.0923344442957638,0.0541389006314716,12,"ok","series regularized",NA,0.0500000000465661
"s4-du-p1-5-o-d-08:53","endpoint",0.0556189653542071,NA,NA,NA,"ok","",NA,0
"s4-du-p1-7-o-d-09:27","goAquaFlux",0.013993142914335,0.013993142914335,0,0,"ok","",NA,0.389999999897555
"s4-du-p1-7-o-d-09:27","goFlux_noSep",0.013993142914335,NA,NA,NA,"ok","",NA,0.230000000214204
"s4-du-p1-7-o-d-09:27","FS_default",0.0530806564394422,0.0530806564394422,0,0,"ok","",0,0.279999999795109
"s4-du-p1-7-o-d-09:27","MSP",0.134758591407181,0.0492362792132761,0.0855223121939051,8,"ok","",NA,0.0300000000279397
"s4-du-p1-7-o-d-09:27","endpoint",0.0223279107941282,NA,NA,NA,"ok","",NA,0
"s4-du-r1-12-o-d-11:10","goAquaFlux",15.8117565887945,15.8117565887945,0,0,"ok","",NA,0.190000000176951
"s4-du-r1-12-o-d-11:10","goFlux_noSep",15.8117565887945,NA,NA,NA,"ok","",NA,0.109999999869615
"s4-du-r1-12-o-d-11:10","FS_default",11.226075947017,11.226075947017,0,0,"ok","",0,0.21999999997206
"s4-du-r1-12-o-d-11:10","MSP",10.9458507119334,8.84598952830993,2.09986118362344,12,"ok","",NA,0.0300000000279397
"s4-du-r1-12-o-d-11:10","endpoint",11.3560447380708,NA,NA,NA,"ok","",NA,0
"s4-du-r1-4-o-d-09:05","goAquaFlux",0.582997384385863,0.582997384385863,0,0,"ok","",NA,0.179999999934807
"s4-du-r1-4-o-d-09:05","goFlux_noSep",0.582997384385863,NA,NA,NA,"ok","",NA,0.130000000121072
"s4-du-r1-4-o-d-09:05","FS_default",0.287975183274682,0.287975183274682,0,0,"ok","",0,0.21999999997206
"s4-du-r1-4-o-d-09:05","MSP",0.460756558569212,0.303766131280415,0.156990427288797,15,"ok","",NA,0.0100000000093132
"s4-du-r1-4-o-d-09:05","endpoint",0.341061901693067,NA,NA,NA,"ok","",NA,0
"s4-du-r1-7-o-d-09:48","goAquaFlux",0.598153212647781,0.598153212647781,0,0,"ok","",NA,0.159999999916181
"s4-du-r1-7-o-d-09:48","goFlux_noSep",0.598153212647781,NA,NA,NA,"ok","",NA,0.170000000158325
"s4-du-r1-7-o-d-09:48","FS_default",0.578389369635552,0.578389369635552,0,0,"ok","",0,0.359999999869615
"s4-du-r1-7-o-d-09:48","MSP",0.702845816512301,0.540362340173073,0.162483476339229,14,"ok","",NA,0.0500000000465661
"s4-du-r1-7-o-d-09:48","endpoint",0.545979443952465,NA,NA,NA,"ok","",NA,0
"s4-du-r2-6-o-d-09:19","goAquaFlux",0.0321232097041954,0.0321232097041954,0,0,"ok","",NA,0.28000000002794
"s4-du-r2-6-o-d-09:19","goFlux_noSep",0.0321232097041954,NA,NA,NA,"ok","",NA,0.0799999998416752
"s4-du-r2-6-o-d-09:19","FS_default",0.0101743318625357,0.0101743318625357,0,0,"ok","",0,0.28000000002794
"s4-du-r2-6-o-d-09:19","MSP",0.441571299866505,0.254298292566449,0.187273007300055,22,"ok","",NA,0.0500000000465661
"s4-du-r2-6-o-d-09:19","endpoint",0.0495249618932737,NA,NA,NA,"ok","",NA,0
"s4-du-r2-7-o-d-09:36","goAquaFlux",-0.00682675590620052,-0.00682675590620052,0,0,"ok","",NA,0.300000000046566
"s4-du-r2-7-o-d-09:36","goFlux_noSep",-0.00682675590620052,NA,NA,NA,"ok","",NA,0.179999999934807
"s4-du-r2-7-o-d-09:36","FS_default",-0.00832439571558247,-0.00832439571558247,0,0,"ok","",0,0.25
"s4-du-r2-7-o-d-09:36","MSP",NA,NA,0.952645663406183,4,"ok","no valid diffusive segment",NA,0.0200000000186265
"s4-du-r2-7-o-d-09:36","endpoint",-0.00294900299619429,NA,NA,NA,"ok","",NA,0
"s4-du-r2-8-o-d-09:51","goAquaFlux",0.106903879404597,0.106903879404597,0,0,"ok","",NA,0.260000000009313
"s4-du-r2-8-o-d-09:51","goFlux_noSep",0.106903879404597,NA,NA,NA,"ok","",NA,0.169999999925494
"s4-du-r2-8-o-d-09:51","FS_default",0.108565848109928,0.108565848109928,0,0,"ok","",0,0.270000000018626
"s4-du-r2-8-o-d-09:51","MSP",0.236424085008236,0.0983756324547645,0.138048452553472,18,"ok","",NA,0.0500000000465661
"s4-du-r2-8-o-d-09:51","endpoint",0.101345295948877,NA,NA,NA,"ok","",NA,0
"s4-ri-a2-13-o-d-09:28","goAquaFlux",-0.250426732492009,-0.289666159286317,0.0392394267943079,1,"ok","",NA,0.189999999944121
"s4-ri-a2-13-o-d-09:28","goFlux_noSep",0.457556818100806,NA,NA,NA,"ok","",NA,0.110000000102445
"s4-ri-a2-13-o-d-09:28","FS_default",0.324715655315845,0.324715655315845,0,0,"ok","",0,0.28000000002794
"s4-ri-a2-13-o-d-09:28","MSP",0.602642532569959,0.396331924857942,0.206310607712016,11,"ok","",NA,0.0300000000279397
"s4-ri-a2-13-o-d-09:28","endpoint",0.477932500859426,NA,NA,NA,"ok","",NA,0
"s4-ri-a2-14-o-d-09:48","goAquaFlux",1.39278834624765,1.37668708835266,0.0161012578949868,1,"ok","",NA,0.269999999785796
"s4-ri-a2-14-o-d-09:48","goFlux_noSep",1.0881207671495,NA,NA,NA,"ok","",NA,0.120000000111759
"s4-ri-a2-14-o-d-09:48","FS_default",0.736324040032128,0.736324040032128,0,0,"ok","series regularized",0,0.270000000018626
"s4-ri-a2-14-o-d-09:48","MSP",0.796282724972007,0.605376977754887,0.190905747217121,9,"ok","series regularized",NA,0.0100000000093132
"s4-ri-a2-14-o-d-09:48","endpoint",0.79382803825267,NA,NA,NA,"ok","",NA,0
"s4-ri-a2-15-o-d-10:03","goAquaFlux",2.57777993544183,2.52936581657725,0.0484141188645812,1,"ok","",NA,0.330000000074506
"s4-ri-a2-15-o-d-10:03","goFlux_noSep",2.1430952395205,NA,NA,NA,"ok","",NA,0.0899999998509884
"s4-ri-a2-15-o-d-10:03","FS_default",1.91558697046025,1.91558697046025,0,0,"ok","",0,0.28000000002794
"s4-ri-a2-15-o-d-10:03","MSP",1.76228102483281,1.40834582646009,0.35393519837272,9,"ok","",NA,0.0500000000465661
"s4-ri-a2-15-o-d-10:03","endpoint",1.99246619047241,NA,NA,NA,"ok","",NA,0
"s4-ri-p1-13-o-d-10:07","goAquaFlux",0.561350799985513,0.527497652958128,0.0338531470273848,1,"ok","",NA,0.260000000009313
"s4-ri-p1-13-o-d-10:07","goFlux_noSep",0.246498486399702,NA,NA,NA,"ok","",NA,0.179999999934807
"s4-ri-p1-13-o-d-10:07","FS_default",0.138656780677395,0.138656780677395,0,0,"ok","",0,0.260000000009313
"s4-ri-p1-13-o-d-10:07","MSP",1.06633346829239,0.121014634862971,0.945318833429423,9,"ok","",NA,0.0500000000465661
"s4-ri-p1-13-o-d-10:07","endpoint",0.199484663344979,NA,NA,NA,"ok","",NA,0
"s4-ri-p1-14-o-d-11:04","goAquaFlux",0.0920838678448541,0.0920838678448541,0,0,"ok","",NA,0.169999999925494
"s4-ri-p1-14-o-d-11:04","goFlux_noSep",0.0920838678448541,NA,NA,NA,"ok","",NA,0.149999999906868
"s4-ri-p1-14-o-d-11:04","FS_default",0.1132844281832,0.1132844281832,0,0,"ok","",0,0.200000000186265
"s4-ri-p1-14-o-d-11:04","MSP",0.198084446847553,0.103673486271384,0.0944109605761688,4,"ok","",NA,0
"s4-ri-p1-14-o-d-11:04","endpoint",0.104908384691183,NA,NA,NA,"ok","",NA,0
"s4-ri-p1-15-o-d-11:15","goAquaFlux",0.138702468591165,0.138702468591165,0,0,"ok","",NA,0.179999999934807
"s4-ri-p1-15-o-d-11:15","goFlux_noSep",0.138702468591165,NA,NA,NA,"ok","",NA,0.109999999869615
"s4-ri-p1-15-o-d-11:15","FS_default",NA,NA,0,0,"ok","no diffusive segment accepted by FS",0,0.260000000009313
"s4-ri-p1-15-o-d-11:15","MSP",0.795350247820038,0.394727100399872,0.400623147420167,7,"ok","",NA,0.0300000000279397
"s4-ri-p1-15-o-d-11:15","endpoint",0.0461235484368655,NA,NA,NA,"ok","",NA,0
"s4-ri-p1-5-o-d-07:54","goAquaFlux",0.0018896027247892,0.0018896027247892,0,0,"ok","",NA,0.170000000158325
"s4-ri-p1-5-o-d-07:54","goFlux_noSep",0.0018896027247892,NA,NA,NA,"ok","",NA,0.149999999906868
"s4-ri-p1-5-o-d-07:54","FS_default",-0.00971031125716505,-0.00971031125716505,0,0,"ok","",0,0.340000000083819
"s4-ri-p1-5-o-d-07:54","MSP",NA,NA,0.0545638194100313,8,"ok","no valid diffusive segment",NA,0.0499999998137355
"s4-ri-p1-5-o-d-07:54","endpoint",-0.0293396383469064,NA,NA,NA,"ok","",NA,0
"s4-ri-p1-7-o-d-08:26","goAquaFlux",0.0297033570133154,-0.00603749104894033,0.0357408480622558,1,"ok","",NA,0.230000000214204
"s4-ri-p1-7-o-d-08:26","goFlux_noSep",-0.0106223247818304,NA,NA,NA,"ok","",NA,0.129999999888241
"s4-ri-p1-7-o-d-08:26","FS_default",-0.0378933727267463,-0.0378933727267463,0,0,"ok","",0,0.260000000009313
"s4-ri-p1-7-o-d-08:26","MSP",0.761101629693789,0.0336283298081793,0.72747329988561,14,"ok","",NA,0.0500000000465661
"s4-ri-p1-7-o-d-08:26","endpoint",-0.0110683172329453,NA,NA,NA,"ok","",NA,0
"s4-ri-p1-9-o-d-08:56","goAquaFlux",0.00312751933533843,-0.0145043173767597,0.0176318367120982,1,"ok","",NA,0.229999999981374
"s4-ri-p1-9-o-d-08:56","goFlux_noSep",0.00771492935799874,NA,NA,NA,"ok","",NA,0.189999999944121
"s4-ri-p1-9-o-d-08:56","FS_default",0.014074981757422,0.014074981757422,0,0,"ok","",0,0.189999999944121
"s4-ri-p1-9-o-d-08:56","MSP",1.03113142067675,0.650118710005495,0.381012710671256,9,"ok","",NA,0.0300000000279397
"s4-ri-p1-9-o-d-08:56","endpoint",0.00848529826005292,NA,NA,NA,"ok","",NA,0
"s4-ri-r2-1-o-d-10:32","goAquaFlux",1.61696455471633,1.61696455471633,0,0,"ok","",NA,0.260000000009313
"s4-ri-r2-1-o-d-10:32","goFlux_noSep",1.61696455471633,NA,NA,NA,"ok","",NA,0.130000000121072
"s4-ri-r2-1-o-d-10:32","FS_default",1.13175881804345,1.13175881804345,0,0,"ok","",0,0.309999999823049
"s4-ri-r2-1-o-d-10:32","MSP",1.61190802994881,1.16229173374585,0.44961629620296,9,"ok","",NA,0.0500000000465661
"s4-ri-r2-1-o-d-10:32","endpoint",1.34030650944336,NA,NA,NA,"ok","",NA,0
"s4-ri-r2-2-o-d-10:45","goAquaFlux",1.75882101900441,1.75882101900441,0,0,"ok","",NA,0.140000000130385
"s4-ri-r2-2-o-d-10:45","goFlux_noSep",1.75882101900441,NA,NA,NA,"ok","",NA,0.109999999869615
"s4-ri-r2-2-o-d-10:45","FS_default",1.20403832866637,1.20403832866637,0,0,"ok","",0,0.28000000002794
"s4-ri-r2-2-o-d-10:45","MSP",1.61190938628839,1.38686038676437,0.225048999524016,7,"ok","",NA,0.0300000000279397
"s4-ri-r2-2-o-d-10:45","endpoint",1.34712428953719,NA,NA,NA,"ok","",NA,0
"s4-ri-r2-3-o-d-11:00","goAquaFlux",1.11737537504056,1.11737537504056,0,0,"ok","",NA,0.179999999934807
"s4-ri-r2-3-o-d-11:00","goFlux_noSep",1.11737537504056,NA,NA,NA,"ok","",NA,0.100000000093132
"s4-ri-r2-3-o-d-11:00","FS_default",NA,NA,0,0,"ok","diffusive_flux: [38;5;255m[36mℹ[38;5;255m In argument: `.data$term == ""time""`.[39m
[1mCaused by error in `.data$term`:[22m
[38;5;255m[33m![38;5;255m Column `term` not found in `.data`.[39m | no diffusive segment accepted by FS",0,0.389999999897555
"s4-ri-r2-3-o-d-11:00","MSP",1.32991377245504,0.564962949703568,0.764950822751473,7,"ok","",NA,0
"s4-ri-r2-3-o-d-11:00","endpoint",0.962097787519903,NA,NA,NA,"ok","",NA,0
"s4-va-r1-1-o-d-07:30","goAquaFlux",0.623637133193302,0.623637133193302,0,0,"ok","",NA,0.229999999981374
"s4-va-r1-1-o-d-07:30","goFlux_noSep",0.623637133193302,NA,NA,NA,"ok","",NA,0.100000000093132
"s4-va-r1-1-o-d-07:30","FS_default",0.512415453005023,0.512415453005023,0,0,"ok","series regularized",0,0.28000000002794
"s4-va-r1-1-o-d-07:30","MSP",0.58547204175125,0.440422233769153,0.145049807982097,12,"ok","series regularized",NA,0.0400000000372529
"s4-va-r1-1-o-d-07:30","endpoint",0.549883717261146,NA,NA,NA,"ok","",NA,0
"s4-va-r1-2-o-d-07:58","goAquaFlux",1.09825587316307,1.09825587316307,0,0,"ok","",NA,0.179999999934807
"s4-va-r1-2-o-d-07:58","goFlux_noSep",1.09825587316307,NA,NA,NA,"ok","",NA,0.139999999897555
"s4-va-r1-2-o-d-07:58","FS_default",0.824346913772676,0.824346913772676,0,0,"ok","series regularized",0,0.21999999997206
"s4-va-r1-2-o-d-07:58","MSP",0.857101661152329,0.711909441738281,0.145192219414048,8,"ok","series regularized",NA,0.0300000000279397
"s4-va-r1-2-o-d-07:58","endpoint",0.832393788926196,NA,NA,NA,"ok","",NA,0
"s4-va-r1-3-o-d-08:17","goAquaFlux",2.20069726464866,2.20069726464866,0,0,"ok","",NA,0.180000000167638
"s4-va-r1-3-o-d-08:17","goFlux_noSep",2.20069726464866,NA,NA,NA,"ok","",NA,0.149999999906868
"s4-va-r1-3-o-d-08:17","FS_default",1.06343871640471,1.06343871640471,0,0,"ok","series regularized",0,0.199999999953434
"s4-va-r1-3-o-d-08:17","MSP",3.37436252753059,3.09025041076009,0.284112116770502,8,"ok","series regularized",NA,0.0500000000465661
"s4-va-r1-3-o-d-08:17","endpoint",1.39449957409976,NA,NA,NA,"ok","",NA,0
"s4-va-r1-4-o-d-08:32","goAquaFlux",2.13095616746912,2.0113112466544,0.119644920814714,1,"ok","",NA,0.169999999925494
"s4-va-r1-4-o-d-08:32","goFlux_noSep",1.66635850443106,NA,NA,NA,"ok","",NA,0.170000000158325
"s4-va-r1-4-o-d-08:32","FS_default",1.39067733637072,1.39067733637072,0,0,"ok","series regularized",0,0.229999999981374
"s4-va-r1-4-o-d-08:32","MSP",1.7493778333497,1.40928060378764,0.340097229562058,11,"ok","series regularized",NA,0.0100000000093132
"s4-va-r1-4-o-d-08:32","endpoint",1.69412737426942,NA,NA,NA,"ok","",NA,0
"s4-va-r1-5-o-d-08:48","goAquaFlux",0.916489632272136,0.886425713657132,0.0300639186150038,1,"ok","",NA,0.270000000018626
"s4-va-r1-5-o-d-08:48","goFlux_noSep",1.1981857694151,NA,NA,NA,"ok","",NA,0.150000000139698
"s4-va-r1-5-o-d-08:48","FS_default",1.27772782878904,1.27772782878904,0,0,"ok","series regularized",0,0.21999999997206
"s4-va-r1-5-o-d-08:48","MSP",0.91646587485726,0.669360971170099,0.247104903687161,15,"ok","series regularized",NA,0.0600000000558794
"s4-va-r1-5-o-d-08:48","endpoint",1.05944436961205,NA,NA,NA,"ok","",NA,0
"s4-va-r1-6-o-d-09:03","goAquaFlux",0.836552199298174,0.836552199298174,0,0,"ok","",NA,0.270000000018626
"s4-va-r1-6-o-d-09:03","goFlux_noSep",0.836552199298174,NA,NA,NA,"ok","",NA,0.199999999953434
"s4-va-r1-6-o-d-09:03","FS_default",0.863266364005214,0.863266364005214,0,0,"ok","series regularized",0,0.339999999850988
"s4-va-r1-6-o-d-09:03","MSP",0.867052139326392,0.619415488899509,0.247636650426883,15,"ok","series regularized",NA,0.0300000000279397
"s4-va-r1-6-o-d-09:03","endpoint",0.826771749122959,NA,NA,NA,"ok","",NA,0
"s4-va-r1-7-o-d-09:19","goAquaFlux",0.730830869914899,0.730830869914899,0,0,"ok","",NA,0.170000000158325
"s4-va-r1-7-o-d-09:19","goFlux_noSep",0.730830869914899,NA,NA,NA,"ok","",NA,0.109999999869615
"s4-va-r1-7-o-d-09:19","FS_default",0.594540690765739,0.594540690765739,0,0,"ok","series regularized",0,0.270000000018626
"s4-va-r1-7-o-d-09:19","MSP",0.62165588024845,0.434358805402731,0.18729707484572,13,"ok","series regularized",NA,0.0300000000279397
"s4-va-r1-7-o-d-09:19","endpoint",0.625703302401391,NA,NA,NA,"ok","",NA,0
"s4-va-r1-8-o-d-09:38","goAquaFlux",0.668727366625846,0.668727366625846,0,0,"ok","",NA,0.21999999997206
"s4-va-r1-8-o-d-09:38","goFlux_noSep",0.668727366625846,NA,NA,NA,"ok","",NA,0.199999999953434
"s4-va-r1-8-o-d-09:38","FS_default",0.627940559452947,0.627940559452947,0,0,"ok","series regularized",0,0.270000000018626
"s4-va-r1-8-o-d-09:38","MSP",1.11315087539687,0.931218838161334,0.181932037235537,12,"ok","series regularized",NA,0.0300000000279397
"s4-va-r1-8-o-d-09:38","endpoint",0.644170044106857,NA,NA,NA,"ok","",NA,0
"s4-va-r1-9-o-d-09:54","goAquaFlux",2.50272387627141,2.4719230344424,0.0308008418290056,1,"ok","",NA,0.209999999962747
"s4-va-r1-9-o-d-09:54","goFlux_noSep",1.92919385707277,NA,NA,NA,"ok","",NA,0.100000000093132
"s4-va-r1-9-o-d-09:54","FS_default",1.13878110688579,1.13878110688579,0,0,"ok","series regularized",0,0.229999999981374
"s4-va-r1-9-o-d-09:54","MSP",1.40833369815745,1.20280226598155,0.205531432175898,7,"ok","series regularized",NA,0.0300000000279397
"s4-va-r1-9-o-d-09:54","endpoint",1.38277270980492,NA,NA,NA,"ok","",NA,0
