"id","method","t_event","t_start","t_end","magnitude_ppb"
"s1-ca-a1-1-o-d-08:48","goAquaFlux",37,29,52,317.787993389279
"s1-ca-a1-1-o-d-08:48","goAquaFlux",146,138,146,68.8467346712012
"s1-ca-a1-1-o-d-08:48","MSP",51,46,56,91.2358000000006
"s1-ca-a1-1-o-d-08:48","MSP",105,100,110,21.8359999999995
"s1-ca-a1-1-o-d-08:48","MSP",165,160,170,27.1352999999994
"s1-ca-a1-1-o-d-08:48","MSP",181,176,186,35.1122999999998
"s1-ca-a1-1-o-d-08:48","MSP",553,548,558,20.5396000000002
"s1-ca-a1-11-o-d-11:34","goAquaFlux",71,60,79,11.4041416475708
"s1-ca-a1-11-o-d-11:34","MSP",9,4,14,7.58590000000003
"s1-ca-a1-11-o-d-11:34","MSP",30,25,35,13.6861000000001
"s1-ca-a1-11-o-d-11:34","MSP",72,67,77,83.7953999999996
"s1-ca-a1-11-o-d-11:34","MSP",81,76,86,4.38159999999987
"s1-ca-a1-11-o-d-11:34","MSP",105,100,110,7.04979999999988
"s1-ca-a1-11-o-d-11:34","MSP",124,119,129,9.10860000000024
"s1-ca-a1-14-o-d-12:17","MSP",18,13,23,3.5457000000001
"s1-ca-a1-14-o-d-12:17","MSP",28,23,33,1.33689999999964
"s1-ca-a1-14-o-d-12:17","MSP",63,58,68,3.25900000000034
"s1-ca-a1-14-o-d-12:17","MSP",73,68,78,1.30760000000008
"s1-ca-a1-14-o-d-12:17","MSP",132,127,137,1.56249999999991
"s1-ca-a1-14-o-d-12:17","MSP",153,148,158,1.35160000000001
"s1-ca-a1-14-o-d-12:17","MSP",176,171,181,1.8066000000001
"s1-ca-a1-2-o-d-09:02","MSP",30,25,35,3.48529999999991
"s1-ca-a1-2-o-d-09:02","MSP",74,69,79,3.98219999999982
"s1-ca-a1-2-o-d-09:02","MSP",117,112,122,2.96709999999978
"s1-ca-a1-2-o-d-09:02","MSP",155,150,160,5.56199999999984
"s1-ca-a1-8-o-d-10:39","goAquaFlux",34,7,72,11.6648036032597
"s1-ca-a1-8-o-d-10:39","MSP",15,10,20,9.22190000000001
"s1-ca-a1-8-o-d-10:39","MSP",71,66,76,2.19220000000009
"s1-ca-a1-8-o-d-10:39","MSP",160,155,165,3.4453000000001
"s1-ca-a1-9-o-d-11:00","goAquaFlux",338,333,338,42.0373590408159
"s1-ca-a1-9-o-d-11:00","MSP",1,0,6,31.7327000000001
"s1-ca-a1-9-o-d-11:00","MSP",106,101,111,46.6582000000004
"s1-ca-a1-9-o-d-11:00","MSP",125,120,130,36.8832999999999
"s1-ca-a1-9-o-d-11:00","MSP",175,170,180,22.9197000000001
"s1-ca-a1-9-o-d-11:00","MSP",259,254,264,43.8627999999999
"s1-ca-a1-9-o-d-11:00","MSP",319,314,324,26.3877000000003
"s1-ca-a1-9-o-d-11:00","MSP",347,342,352,23.2060000000001
"s1-ca-a1-9-o-d-11:00","MSP",398,393,403,11.5493
"s1-ca-a1-9-o-d-11:00","MSP",405,400,410,10.8726000000003
"s1-ca-a1-9-o-d-11:00","MSP",632,627,637,29.2409999999999
"s1-ca-a2-11-o-d-12:50","MSP",5,0,10,46.4434000000002
"s1-ca-a2-11-o-d-12:50","MSP",13,8,18,48.8466999999999
"s1-ca-a2-11-o-d-12:50","MSP",19,14,24,26.6509000000004
"s1-ca-a2-13-o-d-13:17","goAquaFlux",10,7,44,40.2317858337736
"s1-ca-a2-13-o-d-13:17","MSP",14,9,19,39.0525000000004
"s1-ca-a2-13-o-d-13:17","MSP",102,97,107,14.7158999999997
"s1-ca-a2-15-o-d-13:43","goAquaFlux",134,126,140,8.9817515201071
"s1-ca-a2-15-o-d-13:43","goAquaFlux",323,299,331,52.6041887317015
"s1-ca-a2-15-o-d-13:43","MSP",7,2,12,1.3491000000001
"s1-ca-a2-15-o-d-13:43","MSP",49,44,54,58.2496999999997
"s1-ca-a2-15-o-d-13:43","MSP",94,89,99,39.3651999999998
"s1-ca-a2-15-o-d-13:43","MSP",185,180,190,28.8159000000001
"s1-ca-a2-15-o-d-13:43","MSP",268,263,273,13.2065000000003
"s1-ca-a2-15-o-d-13:43","MSP",425,420,430,6.5419999999996
"s1-ca-a2-2-o-d-10:53","goAquaFlux",401,343,437,2936.63641247241
"s1-ca-a2-2-o-d-10:53","goAquaFlux",572,570,577,66.2949973251683
"s1-ca-a2-2-o-d-10:53","MSP",243,238,248,65.6420999999998
"s1-ca-a2-2-o-d-10:53","MSP",350,345,355,185.1035
"s1-ca-a2-2-o-d-10:53","MSP",417,412,422,647.4731
"s1-ca-a2-2-o-d-10:53","MSP",561,556,566,211.9135
"s1-ca-a2-3-o-d-11:09","goAquaFlux",66,61,73,30.2339666346048
"s1-ca-a2-3-o-d-11:09","MSP",67,62,72,50.9196000000003
"s1-ca-a2-3-o-d-11:09","MSP",126,121,131,49.7113999999996
"s1-ca-a2-3-o-d-11:09","MSP",179,174,184,35.8541999999997
"s1-ca-a2-5-o-d-11:33","MSP",68,63,73,22.0058999999999
"s1-ca-a2-5-o-d-11:33","MSP",80,75,85,18.5398000000001
"s1-ca-a2-8-o-d-12:12","goAquaFlux",29,7,32,7.65018389895201
"s1-ca-a2-8-o-d-12:12","goAquaFlux",49,45,51,16.811654314355
"s1-ca-a2-8-o-d-12:12","MSP",48,43,53,13.0584000000002
"s1-ca-a2-8-o-d-12:12","MSP",117,112,122,6.41520000000018
"s1-ca-a2-8-o-d-12:12","MSP",211,206,216,5.88519999999981
"s1-ca-a2-9-o-d-12:27","goAquaFlux",33,18,56,618.189883713369
"s1-ca-a2-9-o-d-12:27","MSP",48,43,53,147.697999999998
"s1-ca-p1-1-o-d-09:25","MSP",20,15,25,4.98180009999993
"s1-ca-p1-1-o-d-09:25","MSP",58,53,63,1.55300300000016
"s1-ca-p1-1-o-d-09:25","MSP",106,101,111,0
"s1-ca-p1-1-o-d-09:25","MSP",170,165,175,3.7138283
"s1-ca-p1-1-o-d-09:25","MSP",230,225,235,0.999631699999615
"s1-ca-p1-1-o-d-09:25","MSP",257,252,262,1.83664120000016
"s1-ca-p1-1-o-d-09:25","MSP",312,307,317,3.40419979999984
"s1-ca-p1-1-o-d-09:25","MSP",326,321,331,3.90249159999989
"s1-ca-p1-1-o-d-09:25","MSP",364,359,369,6.32326309999964
"s1-ca-p1-1-o-d-09:25","MSP",385,380,390,1.50046599999998
"s1-ca-p1-1-o-d-09:25","MSP",417,412,422,1.08685749999982
"s1-ca-p1-1-o-d-09:25","MSP",451,446,456,0
"s1-ca-p1-1-o-d-09:25","MSP",495,490,500,0.627399199999878
"s1-ca-p1-1-o-d-09:25","MSP",512,507,517,4.24937960000005
"s1-ca-p1-1-o-d-09:25","MSP",570,565,575,0.717519400000199
"s1-ca-p1-1-o-d-09:25","MSP",609,604,614,5.15542960000026
"s1-ca-p1-1-o-d-09:25","MSP",673,668,678,0
"s1-ca-p1-13-o-d-14:13","MSP",58,53,63,3.3130048000003
"s1-ca-p1-13-o-d-14:13","MSP",89,84,94,2.61625249999975
"s1-ca-p1-13-o-d-14:13","MSP",121,116,126,1.43933149999986
"s1-ca-p1-13-o-d-14:13","MSP",168,163,173,0.935123800000159
"s1-ca-p1-13-o-d-14:13","MSP",177,172,182,0.978524399999792
"s1-ca-p1-13-o-d-14:13","MSP",244,239,249,1.36944344999979
"s1-ca-p1-13-o-d-14:13","MSP",253,248,258,1.75933919999993
"s1-ca-p1-13-o-d-14:13","MSP",305,300,310,1.91841879999988
"s1-ca-p1-13-o-d-14:13","MSP",314,309,319,0
"s1-ca-p1-13-o-d-14:13","MSP",391,386,396,3.63211019999987
"s1-ca-p1-13-o-d-14:13","MSP",445,440,450,0.497389900000034
"s1-ca-p1-13-o-d-14:13","MSP",499,494,504,1.03765199999994
"s1-ca-p1-13-o-d-14:13","MSP",524,519,529,2.74956199999998
"s1-ca-p1-13-o-d-14:13","MSP",604,599,609,0
"s1-ca-p1-13-o-d-14:13","MSP",623,618,628,1.11476990000003
"s1-ca-p1-16-o-d-15:18","goAquaFlux",116,102,143,35.4053259149456
"s1-ca-p1-16-o-d-15:18","MSP",129,124,134,38.9665205000003
"s1-ca-p1-16-o-d-15:18","MSP",288,283,293,1252.8388979
"s1-ca-p1-16-o-d-15:18","MSP",297,292,302,1222.3836418
"s1-ca-p1-16-o-d-15:18","MSP",308,303,313,344.9253295
"s1-ca-p1-16-o-d-15:18","MSP",363,358,368,333.5342024
"s1-ca-p1-2-o-d-09:43","MSP",45,40,50,7.53724580000004
"s1-ca-p1-2-o-d-09:43","MSP",113,108,118,3.10488889999982
"s1-ca-p1-2-o-d-09:43","MSP",231,226,236,1.38099250000012
"s1-ca-p1-2-o-d-09:43","MSP",254,249,259,10.1646428
"s1-ca-p1-2-o-d-09:43","MSP",325,320,330,2.29732820000006
"s1-ca-p1-2-o-d-09:43","MSP",348,343,353,0.178283999999973
"s1-ca-p1-2-o-d-09:43","MSP",388,383,393,2.28304240000021
"s1-ca-p1-2-o-d-09:43","MSP",439,434,444,2.80336734999986
"s1-ca-p1-2-o-d-09:43","MSP",478,473,483,1.90413779999998
"s1-ca-p1-2-o-d-09:43","MSP",530,525,535,2.22020594999961
"s1-ca-p1-2-o-d-09:43","MSP",645,640,650,3.23262629999999
"s1-ca-r1-1-o-d-08:41","MSP",7,2,12,0.451900000000283
"s1-ca-r1-1-o-d-08:41","MSP",128,123,133,0.144900000000003
"s1-ca-r1-1-o-d-08:41","MSP",150,145,155,0.375099999999851
"s1-ca-r1-1-o-d-08:41","MSP",248,243,253,0.303500000000234
"s1-ca-r1-1-o-d-08:41","MSP",306,301,311,0.421700000000413
"s1-ca-r1-1-o-d-08:41","MSP",497,492,502,0.32589999999999
"s1-ca-r1-1-o-d-08:41","MSP",510,505,515,0.329900000000105
"s1-ca-r1-1-o-d-08:41","MSP",589,584,594,0.506799999999696
"s1-ca-r1-1-o-d-08:41","MSP",630,625,635,0.652899999999956
"s1-ca-r1-11-o-d-11:34","MSP",20,15,25,4.49229999999989
"s1-ca-r1-11-o-d-11:34","MSP",77,72,82,5.84399999999974
"s1-ca-r1-11-o-d-11:34","MSP",112,107,117,5.00949999999989
"s1-ca-r1-11-o-d-11:34","MSP",140,135,145,6.51320000000011
"s1-ca-r1-11-o-d-11:34","MSP",174,169,179,2.62349999999989
"s1-ca-r1-11-o-d-11:34","MSP",207,202,212,2.23369999999967
"s1-ca-r1-12-o-d-11:45","goAquaFlux",58,38,88,19.5399543307092
"s1-ca-r1-12-o-d-11:45","MSP",5,0,10,8.64360000000008
"s1-ca-r1-12-o-d-11:45","MSP",68,63,73,7.74879999999989
"s1-ca-r1-12-o-d-11:45","MSP",84,79,89,10.0169000000001
"s1-ca-r1-13-o-d-11:55","goAquaFlux",270,263,286,42197.2115180713
"s1-ca-r1-13-o-d-11:55","goAquaFlux",518,510,537,72576.4529138455
"s1-ca-r1-13-o-d-11:55","FS_default",340,97,780,628801.8492
"s1-ca-r1-13-o-d-11:55","MSP",163,158,168,127442.82
"s1-ca-r1-13-o-d-11:55","MSP",348,343,353,0
"s1-ca-r1-13-o-d-11:55","MSP",524,519,529,131472.75
"s1-ca-r1-15-o-d-12:15","MSP",10,5,15,1.34100000000004
"s1-ca-r1-15-o-d-12:15","MSP",25,20,30,4.97190000000014
"s1-ca-r1-15-o-d-12:15","MSP",94,89,99,0.502700000000189
"s1-ca-r1-15-o-d-12:15","MSP",107,102,112,0
"s1-ca-r1-15-o-d-12:15","MSP",158,153,163,0.621799999999784
"s1-ca-r1-2-o-d-09:03","MSP",44,39,49,1.20739999999975
"s1-ca-r1-2-o-d-09:03","MSP",83,78,88,2.19579999999997
"s1-ca-r1-2-o-d-09:03","MSP",114,109,119,1.46209999999991
"s1-ca-r1-2-o-d-09:03","MSP",184,179,189,0.973500000000183
"s1-ca-r1-2-o-d-09:03","MSP",234,229,239,0.863799999999859
"s1-ca-r1-4-o-d-09:45","MSP",12,7,17,1.83780000000011
"s1-ca-r1-4-o-d-09:45","MSP",135,130,140,0.624799999999759
"s1-ca-r1-4-o-d-09:45","MSP",208,203,213,0.860199999999534
"s1-ca-r1-6-o-d-10:17","MSP",22,17,27,0.293000000000099
"s1-ca-r1-6-o-d-10:17","MSP",65,60,70,0.46999999999997
"s1-ca-r1-6-o-d-10:17","MSP",102,97,107,0.658599999999954
"s1-ca-r1-6-o-d-10:17","MSP",179,174,184,0.367600000000134
"s1-ca-r1-6-o-d-10:17","MSP",239,234,244,0.866100000000092
"s1-ca-r1-6-o-d-10:17","MSP",352,347,357,0.285700000000055
"s1-ca-r1-6-o-d-10:17","MSP",426,421,431,0.512199999999741
"s1-ca-r1-6-o-d-10:17","MSP",487,482,492,0.481699999999918
"s1-ca-r1-6-o-d-10:17","MSP",569,564,574,0.89270000000008
"s1-ca-r1-6-o-d-10:17","MSP",624,619,629,0.305599999999906
"s1-ca-r1-7-o-d-10:38","MSP",58,53,63,1.24289999999982
"s1-ca-r1-7-o-d-10:38","MSP",100,95,105,1.07249999999981
"s1-ca-r1-7-o-d-10:38","MSP",201,196,206,0.934099999999827
"s1-cu-a1-1-o-d-07:10","MSP",54,49,59,28.2810000000002
"s1-cu-a1-1-o-d-07:10","MSP",162,157,167,27.104
"s1-cu-a1-1-o-d-07:10","MSP",209,204,214,12.9250000000001
"s1-cu-a1-1-o-d-07:10","MSP",331,326,336,22.0899999999999
"s1-cu-a1-1-o-d-07:10","MSP",399,394,404,8.75099999999973
"s1-cu-a1-1-o-d-07:10","MSP",461,456,466,11.6330000000002
"s1-cu-a1-10-o-d-09:12","goAquaFlux",167,157,188,810.949545884858
"s1-cu-a1-10-o-d-09:12","goAquaFlux",395,380,412,39.2524111701984
"s1-cu-a1-10-o-d-09:12","MSP",181,176,186,152.852
"s1-cu-a1-10-o-d-09:12","MSP",413,408,418,29.6970000000001
"s1-cu-a1-11-o-d-09:23","goAquaFlux",95,80,97,19.0192978431902
"s1-cu-a1-11-o-d-09:23","FS_default",130,102,162,1844.517
"s1-cu-a1-11-o-d-09:23","MSP",138,133,143,487.142
"s1-cu-a1-11-o-d-09:23","MSP",223,218,228,426.326
"s1-cu-a1-12-o-d-09:37","goAquaFlux",220,198,227,1502.77346963691
"s1-cu-a1-12-o-d-09:37","goAquaFlux",377,365,380,552.586150586546
"s1-cu-a1-12-o-d-09:37","FS_default",128,97,200,6981.513
"s1-cu-a1-12-o-d-09:37","MSP",134,129,139,69430
"s1-cu-a1-2-o-d-07:28","MSP",205,200,210,1200.03
"s1-cu-a1-2-o-d-07:28","MSP",262,257,267,0
"s1-cu-a1-2-o-d-07:28","MSP",370,365,375,151.020000000003
"s1-cu-a1-3-o-d-07:40","MSP",109,104,114,26.4859999999998
"s1-cu-a1-3-o-d-07:40","MSP",139,134,144,32.0090000000004
"s1-cu-a1-3-o-d-07:40","MSP",180,175,185,43.015
"s1-cu-a1-3-o-d-07:40","MSP",208,203,213,38.0940000000001
"s1-cu-a1-3-o-d-07:40","MSP",327,322,332,20.2789999999999
"s1-cu-a1-3-o-d-07:40","MSP",378,373,383,4.91699999999984
"s1-cu-a1-3-o-d-07:40","MSP",414,409,419,14.2959999999999
"s1-cu-a1-4-o-d-07:52","goAquaFlux",50,43,57,164.71762805354
"s1-cu-a1-4-o-d-07:52","goAquaFlux",78,69,98,429.590355327422
"s1-cu-a1-4-o-d-07:52","MSP",93,88,98,88.9889999999998
"s1-cu-a1-4-o-d-07:52","MSP",340,335,345,26.751
"s1-cu-a1-4-o-d-07:52","MSP",647,642,652,28.3899999999999
"s1-cu-a1-5-o-d-08:09","goAquaFlux",28,17,83,207.11277109727
"s1-cu-a1-5-o-d-08:09","MSP",35,30,40,1777.28
"s1-cu-a1-6-o-d-08:23","goAquaFlux",51,44,76,32.5937463060706
"s1-cu-a1-6-o-d-08:23","goAquaFlux",335,330,337,44.1237640599237
"s1-cu-a1-6-o-d-08:23","MSP",61,56,66,18.189
"s1-cu-a1-6-o-d-08:23","MSP",347,342,352,16.6550000000001
"s1-cu-a1-6-o-d-08:23","MSP",353,348,358,14.0850000000001
"s1-cu-a1-7-o-d-08:35","goAquaFlux",219,189,226,225.128084103641
"s1-cu-a1-7-o-d-08:35","goAquaFlux",285,266,311,403.798866809943
"s1-cu-a1-7-o-d-08:35","goAquaFlux",499,467,500,29.1272471652452
"s1-cu-a1-7-o-d-08:35","MSP",292,287,297,411.944
"s1-cu-a1-7-o-d-08:35","MSP",651,646,656,9.66999999999985
"s1-cu-a1-8-o-d-08:50","goAquaFlux",59,52,60,57.448831206737
"s1-cu-a1-8-o-d-08:50","goAquaFlux",148,141,158,310.910405978074
"s1-cu-a1-8-o-d-08:50","MSP",105,100,110,6.64400000000009
"s1-cu-a1-8-o-d-08:50","MSP",166,161,171,67.4699999999997
"s1-cu-a1-8-o-d-08:50","MSP",355,350,360,44.4689999999999
"s1-cu-a1-9-o-d-09:01","MSP",129,124,134,37.2490000000001
"s1-cu-a1-9-o-d-09:01","MSP",191,186,196,28.6020000000002
"s1-cu-a1-9-o-d-09:01","MSP",258,253,263,20.9250000000001
"s1-cu-a1-9-o-d-09:01","MSP",382,377,387,19.5029999999998
"s1-cu-a2-1-o-d-06:36","goAquaFlux",164,149,195,8426.82865182098
"s1-cu-a2-1-o-d-06:36","goAquaFlux",325,299,399,16845.5108703122
"s1-cu-a2-1-o-d-06:36","FS_default",325,128,424,49023.3384
"s1-cu-a2-1-o-d-06:36","MSP",329,324,334,77231.26
"s1-cu-a2-13-o-d-11:15","goAquaFlux",103,95,128,4698.08640137017
"s1-cu-a2-13-o-d-11:15","goAquaFlux",311,303,360,12345.1137502793
"s1-cu-a2-13-o-d-11:15","goAquaFlux",469,406,497,11832.9109172372
"s1-cu-a2-13-o-d-11:15","FS_default",103,74,168,7722.9156
"s1-cu-a2-13-o-d-11:15","FS_default",469,280,524,41674.502
"s1-cu-a2-13-o-d-11:15","MSP",109,104,114,8322.219
"s1-cu-a2-13-o-d-11:15","MSP",324,319,329,7144.809
"s1-cu-a2-13-o-d-11:15","MSP",420,415,425,9531.316
"s1-cu-a2-13-o-d-11:15","MSP",474,469,479,2113.203
"s1-cu-a2-14-o-d-11:32","goAquaFlux",99,91,152,14537.2321161249
"s1-cu-a2-14-o-d-11:32","FS_default",99,58,239,28198.3909
"s1-cu-a2-14-o-d-11:32","MSP",101,96,106,18094.622
"s1-cu-a2-14-o-d-11:32","MSP",116,111,121,7925.095
"s1-cu-a2-14-o-d-11:32","MSP",142,137,147,6176.344
"s1-cu-a2-15-o-d-11:46","goAquaFlux",89,81,100,13493.2432660611
"s1-cu-a2-15-o-d-11:46","goAquaFlux",209,198,231,8173.71096683703
"s1-cu-a2-15-o-d-11:46","FS_default",18,1,272,63859.8842
"s1-cu-a2-15-o-d-11:46","MSP",13,8,18,66917.996
"s1-cu-a2-15-o-d-11:46","MSP",22,17,27,35368.842
"s1-cu-a2-15-o-d-11:46","MSP",210,205,215,49529.383
"s1-cu-a2-16-o-d-11:58","goAquaFlux",62,49,98,2316.90076770165
"s1-cu-a2-16-o-d-11:58","goAquaFlux",183,174,207,4957.03663910743
"s1-cu-a2-16-o-d-11:58","goAquaFlux",260,247,320,3372.80004510802
"s1-cu-a2-16-o-d-11:58","goAquaFlux",367,358,419,12305.8783735562
"s1-cu-a2-16-o-d-11:58","FS_default",260,25,455,44518.4098
"s1-cu-a2-16-o-d-11:58","MSP",265,260,270,27532.631
"s1-cu-a2-16-o-d-11:58","MSP",373,368,378,0
"s1-cu-a2-2-o-d-06:52","FS_default",101,1,180,107911.388
"s1-cu-a2-2-o-d-06:52","MSP",66,61,71,40100.238
"s1-cu-a2-2-o-d-06:52","MSP",89,84,94,37616.841
"s1-cu-a2-2-o-d-06:52","MSP",102,97,107,90199.887
"s1-cu-a2-3-o-d-06:59","goAquaFlux",136,109,188,34219.8148010224
"s1-cu-a2-3-o-d-06:59","goAquaFlux",302,295,312,6034.45504608904
"s1-cu-a2-3-o-d-06:59","goAquaFlux",403,395,413,18889.7855086525
"s1-cu-a2-3-o-d-06:59","FS_default",136,1,420,90759.5818
"s1-cu-a2-3-o-d-06:59","MSP",26,21,31,5894.968
"s1-cu-a2-3-o-d-06:59","MSP",141,136,146,3372.969
"s1-cu-a2-3-o-d-06:59","MSP",162,157,167,31110.961
"s1-cu-a2-3-o-d-06:59","MSP",406,401,411,26084.57
"s1-cu-a2-3-o-d-06:59","MSP",419,414,420,17907.263
"s1-cu-a2-4-o-d-07:53","goAquaFlux",58,50,68,236.859010666782
"s1-cu-a2-4-o-d-07:53","goAquaFlux",161,154,185,4315.80398174795
"s1-cu-a2-4-o-d-07:53","FS_default",161,1,224,15098.476
"s1-cu-a2-4-o-d-07:53","MSP",6,1,11,10868.777
"s1-cu-a2-4-o-d-07:53","MSP",59,54,64,20471.895
"s1-cu-a2-4-o-d-07:53","MSP",163,158,168,97497.771
"s1-cu-a2-5-o-d-08:02","goAquaFlux",57,47,68,5564.81186845942
"s1-cu-a2-5-o-d-08:02","goAquaFlux",124,117,131,1605.70423096364
"s1-cu-a2-5-o-d-08:02","goAquaFlux",270,250,281,3092.58491550391
"s1-cu-a2-5-o-d-08:02","FS_default",57,25,187,10870.0167
"s1-cu-a2-5-o-d-08:02","FS_default",328,226,360,31487.572
"s1-cu-a2-5-o-d-08:02","MSP",58,53,63,24577.8548
"s1-cu-a2-5-o-d-08:02","MSP",264,259,269,5675.371
"s1-cu-a2-5-o-d-08:02","MSP",332,327,337,20317.016
"s1-cu-a2-6-o-d-08:12","goAquaFlux",114,98,169,9228.68981671932
"s1-cu-a2-6-o-d-08:12","FS_default",114,78,174,10510.9059
"s1-cu-a2-6-o-d-08:12","MSP",116,111,121,38684.9696
"s1-cu-a2-7-o-d-08:22","goAquaFlux",95,85,102,987.266815427396
"s1-cu-a2-7-o-d-08:22","goAquaFlux",277,270,284,727.290847533858
"s1-cu-a2-7-o-d-08:22","goAquaFlux",343,333,353,287.704689308884
"s1-cu-a2-7-o-d-08:22","FS_default",95,67,127,4324.6201
"s1-cu-a2-7-o-d-08:22","FS_default",343,311,360,6028.594
"s1-cu-a2-7-o-d-08:22","MSP",97,92,102,1913.0425
"s1-cu-a2-7-o-d-08:22","MSP",105,100,110,790.299800000001
"s1-cu-a2-7-o-d-08:22","MSP",281,276,286,1005.788
"s1-cu-a2-7-o-d-08:22","MSP",289,284,294,539.333000000001
"s1-cu-a2-7-o-d-08:22","MSP",343,338,348,5505.567
"s1-cu-a2-8-o-d-08:33","goAquaFlux",55,38,110,2161.19097037081
"s1-cu-a2-8-o-d-08:33","FS_default",55,24,140,9571.6634
"s1-cu-a2-8-o-d-08:33","MSP",59,54,64,4966.4818
"s1-cu-a2-8-o-d-08:33","MSP",64,59,69,1151.379
"s1-cu-a2-9-o-d-08:41","goAquaFlux",96,91,103,240.784562139437
"s1-cu-a2-9-o-d-08:41","FS_default",192,56,227,9291.2076
"s1-cu-a2-9-o-d-08:41","MSP",13,8,18,996.5659
"s1-cu-a2-9-o-d-08:41","MSP",97,92,102,1710.9457
"s1-cu-a2-9-o-d-08:41","MSP",161,156,166,718.518000000001
"s1-cu-a2-9-o-d-08:41","MSP",231,226,236,918.557
"s1-cu-p1-1-o-d-07:51","goAquaFlux",380,373,381,146.000613793105
"s1-cu-p1-1-o-d-07:51","MSP",230,225,235,14.5620000000002
"s1-cu-p1-1-o-d-07:51","MSP",298,293,303,498.619999999999
"s1-cu-p1-1-o-d-07:51","MSP",391,386,396,102.457
"s1-cu-p1-10-o-d-11:28","MSP",2,0,7,106.324
"s1-cu-p1-10-o-d-11:28","MSP",9,4,14,1.37900000000002
"s1-cu-p1-10-o-d-11:28","MSP",21,16,26,74.3329999999998
"s1-cu-p1-10-o-d-11:28","MSP",111,106,116,34.341
"s1-cu-p1-10-o-d-11:28","MSP",525,520,530,18.4950000000002
"s1-cu-p1-10-o-d-11:28","MSP",610,605,615,58.0150000000001
"s1-cu-p1-11-o-d-11:45","goAquaFlux",332,325,339,389.083507501543
"s1-cu-p1-11-o-d-11:45","goAquaFlux",353,352,358,96.9338450241662
"s1-cu-p1-11-o-d-11:45","goAquaFlux",392,371,392,384.969111792148
"s1-cu-p1-11-o-d-11:45","MSP",356,351,361,136.7
"s1-cu-p1-11-o-d-11:45","MSP",411,406,416,37.75
"s1-cu-p1-11-o-d-11:45","MSP",483,478,488,14.8999999999999
"s1-cu-p1-11-o-d-11:45","MSP",630,625,635,20.6879999999998
"s1-cu-p1-12-o-d-12:04","goAquaFlux",231,204,238,41.2886709705099
"s1-cu-p1-12-o-d-12:04","MSP",38,33,43,13.398
"s1-cu-p1-12-o-d-12:04","MSP",137,132,142,18.5570000000004
"s1-cu-p1-12-o-d-12:04","MSP",195,190,200,17.6950000000002
"s1-cu-p1-12-o-d-12:04","MSP",246,241,251,25.2119999999998
"s1-cu-p1-12-o-d-12:04","MSP",297,292,302,6.81300000000018
"s1-cu-p1-12-o-d-12:04","MSP",365,360,370,14.2630000000001
"s1-cu-p1-12-o-d-12:04","MSP",548,543,553,11.6419999999997
"s1-cu-p1-12-o-d-12:04","MSP",624,619,629,15.3569999999998
"s1-cu-p1-13-o-d-12:21","MSP",41,36,46,2.56100000000004
"s1-cu-p1-13-o-d-12:21","MSP",146,141,151,11.9440000000002
"s1-cu-p1-13-o-d-12:21","MSP",294,289,299,4.18099999999999
"s1-cu-p1-13-o-d-12:21","MSP",478,473,483,8.84200000000002
"s1-cu-p1-13-o-d-12:21","MSP",587,582,592,3.01099999999987
"s1-cu-p1-14-o-d-12:39","MSP",265,260,270,4.93800000000011
"s1-cu-p1-14-o-d-12:39","MSP",409,404,414,7.98600000000027
"s1-cu-p1-14-o-d-12:39","MSP",483,478,488,2.99200000000033
"s1-cu-p1-14-o-d-12:39","MSP",556,551,561,6.31699999999968
"s1-cu-p1-14-o-d-12:39","MSP",628,623,633,9.71399999999978
"s1-cu-p1-15-o-d-12:56","MSP",8,3,13,4.35099999999977
"s1-cu-p1-15-o-d-12:56","MSP",81,76,86,16.5470000000001
"s1-cu-p1-15-o-d-12:56","MSP",204,199,209,6.1880000000003
"s1-cu-p1-15-o-d-12:56","MSP",290,285,295,4.07299999999999
"s1-cu-p1-15-o-d-12:56","MSP",348,343,353,2.28000000000028
"s1-cu-p1-15-o-d-12:56","MSP",400,395,405,3.22699999999987
"s1-cu-p1-15-o-d-12:56","MSP",471,466,476,4.35200000000036
"s1-cu-p1-15-o-d-12:56","MSP",575,570,580,5.6090000000002
"s1-cu-p1-15-o-d-12:56","MSP",645,640,650,1.72799999999995
"s1-cu-p1-16-o-d-13:14","MSP",271,266,276,5.66099999999992
"s1-cu-p1-16-o-d-13:14","MSP",297,292,302,1.67500000000009
"s1-cu-p1-16-o-d-13:14","MSP",341,336,346,3.91299999999983
"s1-cu-p1-16-o-d-13:14","MSP",425,420,430,3.13300000000005
"s1-cu-p1-16-o-d-13:14","MSP",490,485,495,6.76400000000044
"s1-cu-p1-16-o-d-13:14","MSP",508,503,513,3.73299999999999
"s1-cu-p1-16-o-d-13:14","MSP",608,603,613,3.38100000000008
"s1-cu-p1-2-o-d-08:16","MSP",577,572,582,0.371999999999595
"s1-cu-p1-2-o-d-08:16","MSP",644,639,649,470.426
"s1-cu-p1-3-o-d-08:33","MSP",163,158,168,8.21200000000077
"s1-cu-p1-3-o-d-08:33","MSP",267,262,272,8.30399999999987
"s1-cu-p1-3-o-d-08:33","MSP",341,336,346,3.7069999999999
"s1-cu-p1-3-o-d-08:33","MSP",392,387,397,9.884
"s1-cu-p1-3-o-d-08:33","MSP",480,475,485,0.868999999999787
"s1-cu-p1-3-o-d-08:33","MSP",562,557,567,7.48700000000024
"s1-cu-p1-3-o-d-08:33","MSP",605,600,610,12.0480000000001
"s1-cu-p1-3-o-d-08:33","MSP",638,633,643,15.2730000000001
"s1-cu-p1-4-o-d-08:50","MSP",90,85,95,28.9069999999998
"s1-cu-p1-4-o-d-08:50","MSP",134,129,139,44.638
"s1-cu-p1-4-o-d-08:50","MSP",229,224,234,41.1709999999999
"s1-cu-p1-4-o-d-08:50","MSP",271,266,276,21.353
"s1-cu-p1-4-o-d-08:50","MSP",359,354,364,26.4599999999997
"s1-cu-p1-4-o-d-08:50","MSP",435,430,440,20.9590000000004
"s1-cu-p1-4-o-d-08:50","MSP",490,485,495,22.4120000000001
"s1-cu-p1-5-o-d-09:09","MSP",17,12,22,25.2729999999999
"s1-cu-p1-5-o-d-09:09","MSP",92,87,97,15.0000000000001
"s1-cu-p1-5-o-d-09:09","MSP",170,165,175,4.80299999999989
"s1-cu-p1-5-o-d-09:09","MSP",252,247,257,27.2860000000001
"s1-cu-p1-5-o-d-09:09","MSP",288,283,293,27.917
"s1-cu-p1-5-o-d-09:09","MSP",378,373,383,8.57699999999983
"s1-cu-p1-5-o-d-09:09","MSP",462,457,467,10.4120000000001
"s1-cu-p1-5-o-d-09:09","MSP",529,524,534,16.7860000000002
"s1-cu-p1-5-o-d-09:09","MSP",607,602,612,5.98099999999979
"s1-cu-p1-6-o-d-09:26","goAquaFlux",435,423,451,451.518945170154
"s1-cu-p1-6-o-d-09:26","MSP",372,367,377,6.74200000000003
"s1-cu-p1-6-o-d-09:26","MSP",446,441,451,111.079
"s1-cu-p1-6-o-d-09:26","MSP",534,529,539,5.56899999999994
"s1-cu-p1-7-o-d-09:43","MSP",199,194,204,15.8200000000002
"s1-cu-p1-7-o-d-09:43","MSP",256,251,261,13.8629999999997
"s1-cu-p1-7-o-d-09:43","MSP",294,289,299,18.0130000000003
"s1-cu-p1-7-o-d-09:43","MSP",359,354,364,17.2630000000003
"s1-cu-p1-7-o-d-09:43","MSP",423,418,428,9.55800000000018
"s1-cu-p1-7-o-d-09:43","MSP",489,484,494,9.64800000000032
"s1-cu-p1-7-o-d-09:43","MSP",582,577,587,20.0600000000004
"s1-cu-p1-7-o-d-09:43","MSP",646,641,651,12.7809999999999
"s1-cu-p1-8-o-d-10:51","MSP",14,9,19,0
"s1-cu-p1-8-o-d-10:51","MSP",122,117,127,3.84599999999979
"s1-cu-p1-8-o-d-10:51","MSP",211,206,216,5.00100000000003
"s1-cu-p1-8-o-d-10:51","MSP",278,273,283,8.95099999999971
"s1-cu-p1-8-o-d-10:51","MSP",409,404,414,0.712999999999742
"s1-cu-p1-8-o-d-10:51","MSP",461,456,466,8.49799999999989
"s1-cu-p1-8-o-d-10:51","MSP",622,617,627,8.86299999999984
"s1-cu-p1-9-o-d-11:09","goAquaFlux",133,133,140,18.1002224517905
"s1-cu-p1-9-o-d-11:09","MSP",8,3,13,4.93000000000032
"s1-cu-p1-9-o-d-11:09","MSP",55,50,60,8.93900000000025
"s1-cu-p1-9-o-d-11:09","MSP",205,200,210,11.279
"s1-cu-p1-9-o-d-11:09","MSP",253,248,258,9.58099999999984
"s1-cu-p1-9-o-d-11:09","MSP",362,357,367,10.2449999999998
"s1-cu-p1-9-o-d-11:09","MSP",444,439,449,6.99199999999989
"s1-cu-p1-9-o-d-11:09","MSP",563,558,568,9.58100000000028
"s1-cu-p1-9-o-d-11:09","MSP",625,620,630,5.59899999999969
"s1-cu-p2-1-o-d-08:35","goAquaFlux",19,11,32,31.9700011792906
"s1-cu-p2-1-o-d-08:35","goAquaFlux",53,45,64,16.8737155804705
"s1-cu-p2-1-o-d-08:35","goAquaFlux",124,117,143,5.74908950728423
"s1-cu-p2-1-o-d-08:35","MSP",29,24,34,19.0593000000003
"s1-cu-p2-1-o-d-08:35","MSP",63,58,68,7.58170000000025
"s1-cu-p2-1-o-d-08:35","MSP",96,91,101,7.46100000000016
"s1-cu-p2-1-o-d-08:35","MSP",164,159,169,12.0725000000004
"s1-cu-p2-1-o-d-08:35","MSP",171,166,176,6.57320000000006
"s1-cu-p2-1-o-d-08:35","MSP",213,208,218,1.66140000000015
"s1-cu-p2-1-o-d-08:35","MSP",242,237,247,21.9602000000001
"s1-cu-p2-1-o-d-08:35","MSP",252,247,257,5.54880000000013
"s1-cu-p2-1-o-d-08:35","MSP",324,319,329,8.48579999999988
"s1-cu-p2-1-o-d-08:35","MSP",330,325,335,7.75829999999988
"s1-cu-p2-1-o-d-08:35","MSP",623,618,628,15.0883999999998
"s1-cu-p2-1-o-d-08:35","MSP",684,679,689,11.9042999999999
"s1-cu-p2-10-o-d-11:56","MSP",88,83,93,6.58709999999996
"s1-cu-p2-10-o-d-11:56","MSP",120,115,125,8.67649999999998
"s1-cu-p2-10-o-d-11:56","MSP",179,174,184,9.91300000000006
"s1-cu-p2-10-o-d-11:56","MSP",259,254,264,6.12350000000017
"s1-cu-p2-10-o-d-11:56","MSP",407,402,412,9.47660000000017
"s1-cu-p2-10-o-d-11:56","MSP",476,471,481,5.66969999999989
"s1-cu-p2-10-o-d-11:56","MSP",512,507,517,7.72019999999962
"s1-cu-p2-11-o-d-12:09","MSP",66,61,71,7.06930000000039
"s1-cu-p2-11-o-d-12:09","MSP",163,158,168,7.7121
"s1-cu-p2-11-o-d-12:09","MSP",235,230,240,5.3595999999998
"s1-cu-p2-11-o-d-12:09","MSP",308,303,313,10.3918999999997
"s1-cu-p2-11-o-d-12:09","MSP",368,363,373,10.9639000000001
"s1-cu-p2-11-o-d-12:09","MSP",436,431,441,5.9724000000001
"s1-cu-p2-12-o-d-12:22","MSP",145,140,150,7.45089999999982
"s1-cu-p2-12-o-d-12:22","MSP",158,153,163,9.25049999999983
"s1-cu-p2-12-o-d-12:22","MSP",221,216,226,6.53830000000033
"s1-cu-p2-12-o-d-12:22","MSP",267,262,272,6.2679000000001
"s1-cu-p2-12-o-d-12:22","MSP",320,315,325,6.11689999999987
"s1-cu-p2-12-o-d-12:22","MSP",342,337,347,4.8089
"s1-cu-p2-12-o-d-12:22","MSP",348,343,353,8.03050000000072
"s1-cu-p2-12-o-d-12:22","MSP",356,351,361,6.28519999999977
"s1-cu-p2-12-o-d-12:22","MSP",397,392,402,10.5433999999995
"s1-cu-p2-12-o-d-12:22","MSP",403,398,408,5.53909999999957
"s1-cu-p2-12-o-d-12:22","MSP",441,436,446,7.26979999999999
"s1-cu-p2-12-o-d-12:22","MSP",592,587,597,7.45459999999998
"s1-cu-p2-12-o-d-12:22","MSP",600,595,605,7.65229999999972
"s1-cu-p2-12-o-d-12:22","MSP",659,654,660,2.23639999999969
"s1-cu-p2-13-o-d-12:37","goAquaFlux",254,246,261,5.65321623859342
"s1-cu-p2-13-o-d-12:37","MSP",73,68,78,5.00119999999971
"s1-cu-p2-13-o-d-12:37","MSP",106,101,111,6.25950000000008
"s1-cu-p2-13-o-d-12:37","MSP",226,221,231,8.12329999999983
"s1-cu-p2-13-o-d-12:37","MSP",260,255,265,7.37089999999974
"s1-cu-p2-13-o-d-12:37","MSP",287,282,292,6.43429999999956
"s1-cu-p2-13-o-d-12:37","MSP",327,322,332,5.41059999999982
"s1-cu-p2-2-o-d-09:05","MSP",60,55,65,5.90210000000013
"s1-cu-p2-2-o-d-09:05","MSP",136,131,141,1.68869999999988
"s1-cu-p2-2-o-d-09:05","MSP",232,227,237,4.93940000000004
"s1-cu-p2-2-o-d-09:05","MSP",490,485,495,4.01829999999981
"s1-cu-p2-2-o-d-09:05","MSP",589,584,594,8.84399999999985
"s1-cu-p2-3-o-d-09:22","MSP",9,4,14,12.0199999999997
"s1-cu-p2-3-o-d-09:22","MSP",20,15,25,13.6213000000001
"s1-cu-p2-3-o-d-09:22","MSP",74,69,79,10.4272000000001
"s1-cu-p2-3-o-d-09:22","MSP",168,163,173,32.0003
"s1-cu-p2-3-o-d-09:22","MSP",183,178,188,8.65359999999971
"s1-cu-p2-3-o-d-09:22","MSP",367,362,372,10.3005
"s1-cu-p2-3-o-d-09:22","MSP",371,366,376,6.17139999999994
"s1-cu-p2-4-o-d-09:39","MSP",4,0,9,11.1604000000001
"s1-cu-p2-4-o-d-09:39","MSP",10,5,15,6.0823000000001
"s1-cu-p2-4-o-d-09:39","MSP",80,75,85,4.61740000000033
"s1-cu-p2-4-o-d-09:39","MSP",89,84,94,4.81569999999998
"s1-cu-p2-4-o-d-09:39","MSP",119,114,124,9.28610000000019
"s1-cu-p2-4-o-d-09:39","MSP",163,158,168,9.25680000000018
"s1-cu-p2-4-o-d-09:39","MSP",168,163,173,1.08840000000043
"s1-cu-p2-5-o-d-09:55","goAquaFlux",42,34,51,10.3066885697536
"s1-cu-p2-5-o-d-09:55","MSP",48,43,53,11.2569000000002
"s1-cu-p2-5-o-d-09:55","MSP",119,114,124,4.38010000000011
"s1-cu-p2-5-o-d-09:55","MSP",193,188,198,13.3658000000003
"s1-cu-p2-5-o-d-09:55","MSP",367,362,372,6.93680000000008
"s1-cu-p2-5-o-d-09:55","MSP",651,646,656,6.19140000000007
"s1-cu-p2-6-o-d-10:13","FS_default",156,95,242,20060.6129
"s1-cu-p2-6-o-d-10:13","MSP",165,160,170,3574.936
"s1-cu-p2-6-o-d-10:13","MSP",181,176,186,1308.965
"s1-cu-p2-6-o-d-10:13","MSP",248,243,253,0
"s1-cu-p2-7-o-d-10:28","goAquaFlux",180,175,187,11.3757160468314
"s1-cu-p2-7-o-d-10:28","goAquaFlux",478,474,491,9.94829142064595
"s1-cu-p2-7-o-d-10:28","MSP",137,132,142,8.98829999999995
"s1-cu-p2-7-o-d-10:28","MSP",183,178,188,14.5514999999996
"s1-cu-p2-7-o-d-10:28","MSP",316,311,321,11.3862
"s1-cu-p2-7-o-d-10:28","MSP",393,388,398,13.4310999999996
"s1-cu-p2-7-o-d-10:28","MSP",500,495,505,13.0788000000002
"s1-cu-p2-8-o-d-10:42","goAquaFlux",396,383,397,7.19127903581262
"s1-cu-p2-8-o-d-10:42","MSP",87,82,92,10.3678999999994
"s1-cu-p2-8-o-d-10:42","MSP",179,174,184,13.5288
"s1-cu-p2-8-o-d-10:42","MSP",288,283,293,8.21969999999972
"s1-cu-p2-8-o-d-10:42","MSP",349,344,354,4.89819999999996
"s1-cu-p2-8-o-d-10:42","MSP",416,411,421,8.64770000000004
"s1-cu-p2-9-o-d-10:56","MSP",71,66,76,3.25439999999988
"s1-cu-p2-9-o-d-10:56","MSP",129,124,134,11.6075999999996
"s1-cu-p2-9-o-d-10:56","MSP",165,160,170,6.60599999999967
"s1-cu-p2-9-o-d-10:56","MSP",248,243,253,9.63089999999989
"s1-cu-p2-9-o-d-10:56","MSP",309,304,314,9.66990000000001
"s1-cu-p2-9-o-d-10:56","MSP",404,399,409,9.37909999999986
"s1-cu-p2-9-o-d-10:56","MSP",474,469,479,12.9177999999999
"s1-cu-r1-10-o-d-08:19","goAquaFlux",228,214,229,70.1263317468711
"s1-cu-r1-10-o-d-08:19","MSP",40,35,45,20.0400000000003
"s1-cu-r1-10-o-d-08:19","MSP",78,73,83,18.2350000000002
"s1-cu-r1-10-o-d-08:19","MSP",197,192,202,19.1330000000001
"s1-cu-r1-11-o-d-08:27","MSP",216,211,221,7.803
"s1-cu-r1-11-o-d-08:27","MSP",227,222,232,7.33000000000006
"s1-cu-r1-12-o-d-08:35","MSP",226,221,231,32.988
"s1-cu-r1-4-o-d-06:55","MSP",24,19,29,33.1419999999998
"s1-cu-r1-4-o-d-06:55","MSP",141,136,146,14.9620000000001
"s1-cu-r1-4-o-d-06:55","MSP",312,307,317,5.00900000000026
"s1-cu-r1-4-o-d-06:55","MSP",410,405,415,11.307
"s1-cu-r1-4-o-d-06:55","MSP",472,467,477,15.5780000000001
"s1-cu-r1-4-o-d-06:55","MSP",553,548,558,18.2959999999999
"s1-cu-r1-4-o-d-06:55","MSP",650,645,655,23.7979999999998
"s1-cu-r1-5-o-d-07:22","MSP",650,645,655,4.24000000000024
"s1-cu-r1-5-o-d-07:22","MSP",654,649,658,0.507000000000257
"s1-cu-r1-6-o-d-07:39","MSP",4,0,9,11.3149999999997
"s1-cu-r1-6-o-d-07:39","MSP",14,9,19,4.61899999999993
"s1-cu-r1-6-o-d-07:39","MSP",29,24,34,23.8399999999999
"s1-cu-r1-6-o-d-07:39","MSP",91,86,96,10.6999999999999
"s1-cu-r1-6-o-d-07:39","MSP",100,95,105,4.86999999999993
"s1-cu-r1-6-o-d-07:39","MSP",110,105,115,8.38300000000025
"s1-cu-r1-6-o-d-07:39","MSP",149,144,154,6.91399999999964
"s1-cu-r1-6-o-d-07:39","MSP",200,195,205,4.34499999999982
"s1-cu-r1-7-o-d-07:48","MSP",9,4,14,9.70899999999997
"s1-cu-r1-7-o-d-07:48","MSP",70,65,75,26.8869999999999
"s1-cu-r1-7-o-d-07:48","MSP",192,187,197,11.1180000000002
"s1-cu-r1-7-o-d-07:48","MSP",229,224,234,8.66800000000012
"s1-cu-r1-8-o-d-07:56","goAquaFlux",209,201,216,46.4736566958716
"s1-cu-r1-8-o-d-07:56","MSP",172,167,177,12.5669999999998
"s1-cu-r1-8-o-d-07:56","MSP",178,173,183,7.13600000000003
"s1-cu-r1-8-o-d-07:56","MSP",214,209,219,67.2390000000003
"s1-cu-r1-8-o-d-07:56","MSP",220,215,225,6.22599999999984
"s1-cu-r1-8-o-d-07:56","MSP",230,225,235,6.74000000000019
"s1-cu-r1-8-o-d-07:56","MSP",235,230,239,1.64600000000004
"s1-cu-r1-9-o-d-08:04","MSP",637,632,642,9.04000000000016
"s1-cu-r2-1-o-d-06:00","goAquaFlux",261,253,275,50.9425247108369
"s1-cu-r2-1-o-d-06:00","MSP",10,5,15,24.1421000000002
"s1-cu-r2-1-o-d-06:00","MSP",200,195,205,7.36710000000018
"s1-cu-r2-1-o-d-06:00","MSP",265,260,270,69.4126000000002
"s1-cu-r2-10-o-d-08:05","goAquaFlux",533,528,533,38.2226883409593
"s1-cu-r2-10-o-d-08:05","MSP",4,0,9,15.4209000000001
"s1-cu-r2-10-o-d-08:05","MSP",73,68,78,6.69800000000009
"s1-cu-r2-10-o-d-08:05","MSP",299,294,304,15.4437999999999
"s1-cu-r2-10-o-d-08:05","MSP",347,342,352,16.2191999999997
"s1-cu-r2-10-o-d-08:05","MSP",393,388,398,4.76540000000059
"s1-cu-r2-10-o-d-08:05","MSP",476,471,481,6.64160000000003
"s1-cu-r2-11-o-d-08:20","goAquaFlux",353,318,360,54.2041230816344
"s1-cu-r2-11-o-d-08:20","MSP",70,65,75,41.0127000000005
"s1-cu-r2-11-o-d-08:20","MSP",115,110,120,25.9874999999994
"s1-cu-r2-11-o-d-08:20","MSP",164,159,169,26.1685000000003
"s1-cu-r2-11-o-d-08:20","MSP",367,362,372,34.1638000000004
"s1-cu-r2-11-o-d-08:20","MSP",433,428,438,29.1614000000004
"s1-cu-r2-12-o-d-08:34","MSP",102,97,107,27.6922000000006
"s1-cu-r2-12-o-d-08:34","MSP",229,224,234,6.17040000000024
"s1-cu-r2-12-o-d-08:34","MSP",295,290,300,8.43580000000044
"s1-cu-r2-12-o-d-08:34","MSP",383,378,388,34.6808999999997
"s1-cu-r2-12-o-d-08:34","MSP",418,413,423,29.4257999999998
"s1-cu-r2-12-o-d-08:34","MSP",503,498,508,28.5929999999999
"s1-cu-r2-13-o-d-08:55","goAquaFlux",410,407,422,8.71234647183114
"s1-cu-r2-13-o-d-08:55","MSP",97,92,102,5.92399999999982
"s1-cu-r2-13-o-d-08:55","MSP",175,170,180,1.14910000000013
"s1-cu-r2-13-o-d-08:55","MSP",262,257,267,4.73659999999976
"s1-cu-r2-13-o-d-08:55","MSP",334,329,339,1.13770000000013
"s1-cu-r2-13-o-d-08:55","MSP",427,422,432,4.20750000000014
"s1-cu-r2-14-o-d-09:04","MSP",10,5,15,2.30060000000032
"s1-cu-r2-14-o-d-09:04","MSP",50,45,55,208.044000000001
"s1-cu-r2-14-o-d-09:04","MSP",66,61,71,588.5827
"s1-cu-r2-15-o-d-09:17","MSP",259,254,264,4.92919999999941
"s1-cu-r2-15-o-d-09:17","MSP",317,312,322,6.99200000000033
"s1-cu-r2-15-o-d-09:17","MSP",393,388,398,5.36599999999998
"s1-cu-r2-15-o-d-09:17","MSP",445,440,450,4.11470000000014
"s1-cu-r2-15-o-d-09:17","MSP",491,486,496,2.46020000000025
"s1-cu-r2-2-o-d-06:10","goAquaFlux",186,184,193,5.6564138230481
"s1-cu-r2-2-o-d-06:10","MSP",56,51,61,25.7821999999996
"s1-cu-r2-2-o-d-06:10","MSP",118,113,123,17.4152999999992
"s1-cu-r2-2-o-d-06:10","MSP",156,151,161,11.3222999999998
"s1-cu-r2-2-o-d-06:10","MSP",189,184,194,28.2921999999997
"s1-cu-r2-2-o-d-06:10","MSP",260,255,265,11.5212999999996
"s1-cu-r2-2-o-d-06:10","MSP",296,291,300,18.4701999999994
"s1-cu-r2-3-o-d-06:22","goAquaFlux",464,461,471,9.30280432234861
"s1-cu-r2-3-o-d-06:22","goAquaFlux",556,549,576,13.0390194491438
"s1-cu-r2-3-o-d-06:22","MSP",28,23,33,14.0685999999999
"s1-cu-r2-3-o-d-06:22","MSP",75,70,80,14.5439000000001
"s1-cu-r2-3-o-d-06:22","MSP",106,101,111,11.7194999999999
"s1-cu-r2-3-o-d-06:22","MSP",323,318,328,6.6067000000003
"s1-cu-r2-3-o-d-06:22","MSP",470,465,475,0
"s1-cu-r2-3-o-d-06:22","MSP",536,531,541,19.3175999999999
"s1-cu-r2-3-o-d-06:22","MSP",575,570,580,7.38229999999973
"s1-cu-r2-4-o-d-06:36","goAquaFlux",87,80,94,27.9892403109035
"s1-cu-r2-4-o-d-06:36","goAquaFlux",359,340,372,425.205591648647
"s1-cu-r2-4-o-d-06:36","MSP",297,292,302,10.6318000000001
"s1-cu-r2-4-o-d-06:36","MSP",318,313,323,50.4527000000001
"s1-cu-r2-4-o-d-06:36","MSP",363,358,368,147.0489
"s1-cu-r2-4-o-d-06:36","MSP",386,381,391,25.7360999999996
"s1-cu-r2-5-o-d-06:56","MSP",77,72,82,5.92289999999984
"s1-cu-r2-5-o-d-06:56","MSP",198,193,203,4.46020000000003
"s1-cu-r2-5-o-d-06:56","MSP",240,235,245,6.15670000000001
"s1-cu-r2-5-o-d-06:56","MSP",300,295,305,1.79419999999997
"s1-cu-r2-5-o-d-06:56","MSP",376,371,381,4.31399999999993
"s1-cu-r2-5-o-d-06:56","MSP",452,447,457,7.56639999999997
"s1-cu-r2-6-o-d-07:07","MSP",19,14,24,503.1245
"s1-cu-r2-6-o-d-07:07","MSP",124,119,129,92.6691000000002
"s1-cu-r2-7-o-d-07:22","MSP",30,25,35,37.4186999999999
"s1-cu-r2-7-o-d-07:22","MSP",68,63,73,17.4129000000001
"s1-cu-r2-7-o-d-07:22","MSP",126,121,131,71.2846000000003
"s1-cu-r2-7-o-d-07:22","MSP",158,153,163,79.8098
"s1-cu-r2-7-o-d-07:22","MSP",191,186,196,34.5561000000001
"s1-cu-r2-7-o-d-07:22","MSP",221,216,226,29.1782999999999
"s1-cu-r2-7-o-d-07:22","MSP",306,301,311,30.7561000000001
"s1-cu-r2-8-o-d-07:36","FS_default",96,37,238,4160.0501
"s1-cu-r2-8-o-d-07:36","MSP",100,95,105,5464.938
"s1-cu-r2-8-o-d-07:36","MSP",133,128,138,968.751999999998
"s1-cu-r2-8-o-d-07:36","MSP",151,146,156,997.706000000001
"s1-cu-r2-8-o-d-07:36","MSP",200,195,205,970.5063
"s1-cu-r2-9-o-d-07:46","MSP",50,45,55,6.5881000000001
"s1-cu-r2-9-o-d-07:46","MSP",612,607,617,4.35080000000054
"s1-cu-r2-9-o-d-07:46","MSP",719,714,724,2.36159999999996
"s1-cu-r2-9-o-d-07:46","MSP",750,745,755,11.6928000000001
"s1-da-a2-1-o-d-08:27","goAquaFlux",94,81,106,101427.985931184
"s1-da-a2-1-o-d-08:27","goAquaFlux",437,429,444,47874.9573122355
"s1-da-a2-1-o-d-08:27","FS_default",197,1,600,236597.0371
"s1-da-a2-1-o-d-08:27","MSP",96,91,101,145333.78
"s1-da-a2-1-o-d-08:27","MSP",153,148,158,11307.3
"s1-da-a2-1-o-d-08:27","MSP",203,198,208,17965.87
"s1-da-a2-1-o-d-08:27","MSP",271,266,276,3878.46999999999
"s1-da-a2-10-o-d-10:46","goAquaFlux",144,140,151,119.03407279503
"s1-da-a2-10-o-d-10:46","MSP",61,56,66,625.1562
"s1-da-a2-2-o-d-08:40","goAquaFlux",434,417,467,1465.56349302914
"s1-da-a2-2-o-d-08:40","MSP",31,26,36,423.2246
"s1-da-a2-2-o-d-08:40","MSP",440,435,445,329.7592
"s1-da-a2-3-o-d-08:57","goAquaFlux",221,213,231,2583.54618687694
"s1-da-a2-3-o-d-08:57","FS_default",327,192,360,8857.2081
"s1-da-a2-3-o-d-08:57","MSP",228,223,233,815.7011
"s1-da-a2-3-o-d-08:57","MSP",298,293,303,706.264999999998
"s1-da-a2-3-o-d-08:57","MSP",333,328,338,246.148
"s1-da-a2-3-o-d-08:57","MSP",348,343,353,238.401
"s1-da-a2-3-o-d-08:57","MSP",403,398,408,675.089999999997
"s1-da-a2-4-o-d-09:13","goAquaFlux",82,75,87,32.3569055979171
"s1-da-a2-4-o-d-09:13","goAquaFlux",209,204,209,10.3032590167363
"s1-da-a2-4-o-d-09:13","MSP",54,49,59,20.5769
"s1-da-a2-4-o-d-09:13","MSP",97,92,102,19.0857000000002
"s1-da-a2-4-o-d-09:13","MSP",208,203,213,17.9936000000005
"s1-da-a2-4-o-d-09:13","MSP",254,249,259,12.1664999999997
"s1-da-a2-4-o-d-09:13","MSP",286,281,291,16.3774000000001
"s1-da-a2-4-o-d-09:13","MSP",383,378,388,13.5509999999996
"s1-da-a2-4-o-d-09:13","MSP",509,504,514,19.5439999999998
"s1-da-a2-4-o-d-09:13","MSP",577,572,582,10.5446999999996
"s1-da-a2-5-o-d-09:29","goAquaFlux",45,29,69,13.628487214077
"s1-da-a2-5-o-d-09:29","FS_default",45,15,90,3082.678
"s1-da-a2-5-o-d-09:29","FS_default",169,137,202,5267.0514
"s1-da-a2-5-o-d-09:29","MSP",50,45,55,1298.6372
"s1-da-a2-5-o-d-09:29","MSP",177,172,182,653.383
"s1-da-a2-5-o-d-09:29","MSP",263,258,268,306.718
"s1-da-a2-6-o-d-09:47","MSP",72,67,77,24.1167
"s1-da-a2-6-o-d-09:47","MSP",144,139,149,36.1638000000002
"s1-da-a2-6-o-d-09:47","MSP",227,222,232,21.8826000000001
"s1-da-a2-6-o-d-09:47","MSP",300,295,305,35.9042999999999
"s1-da-a2-6-o-d-09:47","MSP",369,364,374,27.2151000000003
"s1-da-a2-6-o-d-09:47","MSP",470,465,475,32.3595999999999
"s1-da-a2-7-o-d-10:02","goAquaFlux",137,127,163,609.776855219488
"s1-da-a2-7-o-d-10:02","goAquaFlux",381,374,396,241.689121257917
"s1-da-a2-7-o-d-10:02","MSP",152,147,157,165.6099
"s1-da-a2-7-o-d-10:02","MSP",325,320,330,42.4685999999999
"s1-da-a2-7-o-d-10:02","MSP",394,389,399,68.8246999999995
"s1-da-a2-8-o-d-10:22","MSP",13,8,18,9.39770000000006
"s1-da-a2-8-o-d-10:22","MSP",30,25,35,6.12180000000029
"s1-da-a2-8-o-d-10:22","MSP",45,40,50,6.47049999999982
"s1-da-a2-8-o-d-10:22","MSP",102,97,107,15.9494000000002
"s1-da-a2-8-o-d-10:22","MSP",114,109,119,17.7661000000002
"s1-da-a2-8-o-d-10:22","MSP",177,172,182,16.5139000000005
"s1-da-a2-8-o-d-10:22","MSP",187,182,192,24.8299000000003
"s1-da-a2-8-o-d-10:22","MSP",196,191,201,14.9423999999998
"s1-da-a2-8-o-d-10:22","MSP",206,201,211,19.1819
"s1-da-a2-8-o-d-10:22","MSP",242,237,247,25.9263000000001
"s1-da-a2-8-o-d-10:22","MSP",267,262,272,17.8213
"s1-da-a2-8-o-d-10:22","MSP",356,351,360,20.4477999999999
"s1-da-a2-9-o-d-10:35","goAquaFlux",287,285,295,14.0904307806499
"s1-da-a2-9-o-d-10:35","MSP",93,88,98,19.9674999999999
"s1-da-a2-9-o-d-10:35","MSP",117,112,122,12.0818000000007
"s1-da-a2-9-o-d-10:35","MSP",178,173,183,9.81419999999966
"s1-da-a2-9-o-d-10:35","MSP",207,202,212,10.9882999999997
"s1-da-a2-9-o-d-10:35","MSP",252,247,257,9.32369999999993
"s1-da-a2-9-o-d-10:35","MSP",289,284,294,21.7008999999995
"s1-da-a2-9-o-d-10:35","MSP",324,319,329,17.8807000000005
"s1-da-a2-9-o-d-10:35","MSP",349,344,354,14.3277000000004
"s1-da-p1-1-o-d-08:39","goAquaFlux",434,428,441,98.9043805588902
"s1-da-p1-1-o-d-08:39","goAquaFlux",499,490,530,11.6510861307491
"s1-da-p1-1-o-d-08:39","goAquaFlux",587,579,594,75.3595058841298
"s1-da-p1-1-o-d-08:39","MSP",154,149,159,52.333
"s1-da-p1-1-o-d-08:39","MSP",296,291,301,92.2136
"s1-da-p1-1-o-d-08:39","MSP",381,376,386,39.9453000000003
"s1-da-p1-1-o-d-08:39","MSP",440,435,445,0
"s1-da-p1-1-o-d-08:39","MSP",516,511,521,188.7246
"s1-da-p1-1-o-d-08:39","MSP",593,588,598,0
"s1-da-p1-10-o-d-10:34","goAquaFlux",215,208,223,10.3878212913765
"s1-da-p1-10-o-d-10:34","goAquaFlux",289,280,297,135.54103463941
"s1-da-p1-10-o-d-10:34","MSP",136,131,141,114.1238
"s1-da-p1-10-o-d-10:34","MSP",218,213,223,138.3506
"s1-da-p1-10-o-d-10:34","MSP",294,289,299,67.7287000000004
"s1-da-p1-11-o-d-10:46","MSP",16,11,21,48.0779
"s1-da-p1-11-o-d-10:46","MSP",71,66,76,33.4992999999999
"s1-da-p1-11-o-d-10:46","MSP",102,97,107,39.3895999999998
"s1-da-p1-11-o-d-10:46","MSP",129,124,134,31.6831999999998
"s1-da-p1-11-o-d-10:46","MSP",185,180,190,26.1144999999998
"s1-da-p1-11-o-d-10:46","MSP",313,308,318,31.0950000000001
"s1-da-p1-12-o-d-10:57","MSP",21,16,26,10.8462000000005
"s1-da-p1-12-o-d-10:57","MSP",217,212,222,30.1184000000001
"s1-da-p1-12-o-d-10:57","MSP",338,333,343,21.3890999999999
"s1-da-p1-12-o-d-10:57","MSP",381,376,386,21.5133999999995
"s1-da-p1-12-o-d-10:57","MSP",471,466,476,10.6738000000002
"s1-da-p1-2-o-d-08:54","MSP",181,176,186,17.8384
"s1-da-p1-2-o-d-08:54","MSP",234,229,239,815.6018
"s1-da-p1-3-o-d-09:11","goAquaFlux",243,234,248,68.653170605638
"s1-da-p1-3-o-d-09:11","MSP",10,5,15,23.0074999999998
"s1-da-p1-3-o-d-09:11","MSP",77,72,82,46.3877000000004
"s1-da-p1-3-o-d-09:11","MSP",262,257,267,31.1864999999996
"s1-da-p1-4-o-d-09:22","goAquaFlux",270,265,270,65.1919963324984
"s1-da-p1-4-o-d-09:22","MSP",12,7,17,98.6387
"s1-da-p1-4-o-d-09:22","MSP",60,55,65,53.5304999999999
"s1-da-p1-4-o-d-09:22","MSP",105,100,110,96.4521999999994
"s1-da-p1-4-o-d-09:22","MSP",131,126,136,38.7122
"s1-da-p1-4-o-d-09:22","MSP",144,139,149,87.8208000000002
"s1-da-p1-4-o-d-09:22","MSP",329,324,334,40.2429
"s1-da-p1-4-o-d-09:22","MSP",396,391,401,44.3877000000001
"s1-da-p1-5-o-d-09:33","MSP",27,22,32,57.4542999999998
"s1-da-p1-5-o-d-09:33","MSP",80,75,85,47.9479999999999
"s1-da-p1-5-o-d-09:33","MSP",359,354,364,19.5805
"s1-da-p1-5-o-d-09:33","MSP",371,366,376,41.5173999999996
"s1-da-p1-5-o-d-09:33","MSP",385,380,390,20.8470000000003
"s1-da-p1-5-o-d-09:33","MSP",398,393,403,78.5813000000002
"s1-da-p1-6-o-d-09:43","MSP",42,37,47,36.708
"s1-da-p1-6-o-d-09:43","MSP",112,107,117,64.8713999999999
"s1-da-p1-6-o-d-09:43","MSP",171,166,176,30.8283999999999
"s1-da-p1-6-o-d-09:43","MSP",262,257,267,42.1320999999995
"s1-da-p1-6-o-d-09:43","MSP",320,315,325,15.0880999999998
"s1-da-p1-7-o-d-09:54","MSP",33,28,38,14.3792
"s1-da-p1-7-o-d-09:54","MSP",129,124,134,46.9624000000004
"s1-da-p1-7-o-d-09:54","MSP",262,257,267,20.0597999999998
"s1-da-p1-7-o-d-09:54","MSP",328,323,333,25.4588999999998
"s1-da-p1-7-o-d-09:54","MSP",399,394,404,14.3662
"s1-da-p1-8-o-d-10:05","goAquaFlux",13,10,19,43.0844960748792
"s1-da-p1-8-o-d-10:05","goAquaFlux",334,323,398,551.165460106707
"s1-da-p1-8-o-d-10:05","FS_default",334,306,366,1932.4485
"s1-da-p1-8-o-d-10:05","MSP",337,332,342,1701.928
"s1-da-p1-8-o-d-10:05","MSP",345,340,350,670.3858
"s1-da-p1-9-o-d-10:17","goAquaFlux",369,361,388,74.4702461628194
"s1-da-p1-9-o-d-10:17","MSP",8,3,13,31.3402999999997
"s1-da-p1-9-o-d-10:17","MSP",191,186,196,32.6616
"s1-da-p1-9-o-d-10:17","MSP",277,272,282,17.9475000000004
"s1-da-p1-9-o-d-10:17","MSP",433,428,438,50.2609999999999
"s1-da-p2-10-o-d-12:29","MSP",59,54,64,19.1950000000003
"s1-da-p2-10-o-d-12:29","MSP",102,97,107,130.418
"s1-da-p2-10-o-d-12:29","MSP",112,107,117,59.3330000000001
"s1-da-p2-10-o-d-12:29","MSP",139,134,144,84.0839999999998
"s1-da-p2-10-o-d-12:29","MSP",148,143,153,36.0139999999998
"s1-da-p2-10-o-d-12:29","MSP",179,174,184,30.6390000000003
"s1-da-p2-10-o-d-12:29","MSP",223,218,228,14.1559999999998
"s1-da-p2-11-o-d-12:38","MSP",33,28,38,24.7600000000001
"s1-da-p2-11-o-d-12:38","MSP",131,126,136,16.4599999999999
"s1-da-p2-11-o-d-12:38","MSP",195,190,200,23.7690000000002
"s1-da-p2-12-o-d-12:47","goAquaFlux",116,98,165,6371.3725041242
"s1-da-p2-12-o-d-12:47","FS_default",116,81,168,7065.677
"s1-da-p2-12-o-d-12:47","MSP",121,116,126,4462.31
"s1-da-p2-13-o-d-12:59","goAquaFlux",285,278,293,10.3584315685883
"s1-da-p2-13-o-d-12:59","FS_default",13,1,50,18001.17
"s1-da-p2-13-o-d-12:59","MSP",19,14,24,4658.48
"s1-da-p2-13-o-d-12:59","MSP",101,96,106,35.5899999999991
"s1-da-p2-14-o-d-13:15","MSP",8,3,13,28.7700000000002
"s1-da-p2-14-o-d-13:15","MSP",72,67,77,76.387
"s1-da-p2-2-o-d-10:43","goAquaFlux",225,214,232,10.2780371594928
"s1-da-p2-2-o-d-10:43","MSP",77,72,82,23.2800000000002
"s1-da-p2-2-o-d-10:43","MSP",138,133,143,22.4920000000002
"s1-da-p2-2-o-d-10:43","MSP",148,143,153,13.258
"s1-da-p2-2-o-d-10:43","MSP",231,226,236,21.7169999999998
"s1-da-p2-4-o-d-11:22","goAquaFlux",119,111,126,63.1854132633476
"s1-da-p2-4-o-d-11:22","goAquaFlux",513,485,520,32.8117223261399
"s1-da-p2-4-o-d-11:22","MSP",64,59,69,16.5990000000003
"s1-da-p2-4-o-d-11:22","MSP",105,100,110,35.7780000000001
"s1-da-p2-4-o-d-11:22","MSP",148,143,153,40.3960000000003
"s1-da-p2-4-o-d-11:22","MSP",185,180,190,21.4659999999998
"s1-da-p2-4-o-d-11:22","MSP",268,263,273,46.246
"s1-da-p2-4-o-d-11:22","MSP",333,328,338,24.5899999999999
"s1-da-p2-4-o-d-11:22","MSP",418,413,423,19.5999999999996
"s1-da-p2-5-o-d-11:37","MSP",4,0,9,49.9890000000001
"s1-da-p2-5-o-d-11:37","MSP",94,89,99,22.7139999999997
"s1-da-p2-5-o-d-11:37","MSP",125,120,130,30.4319999999998
"s1-da-p2-5-o-d-11:37","MSP",160,155,165,9.91099999999978
"s1-da-p2-5-o-d-11:37","MSP",204,199,209,43.1969999999997
"s1-da-p2-5-o-d-11:37","MSP",229,224,234,44.6200000000001
"s1-da-p2-6-o-d-11:45","goAquaFlux",30,23,39,50.663310688289
"s1-da-p2-6-o-d-11:45","MSP",30,25,35,54.6679999999999
"s1-da-p2-6-o-d-11:45","MSP",73,68,78,29.4129999999999
"s1-da-p2-6-o-d-11:45","MSP",124,119,129,12.1960000000003
"s1-da-p2-6-o-d-11:45","MSP",216,211,221,117.346
"s1-da-p2-7-o-d-11:54","goAquaFlux",13,7,22,25.4416864068923
"s1-da-p2-7-o-d-11:54","MSP",65,60,70,14.2790000000002
"s1-da-p2-7-o-d-11:54","MSP",154,149,159,30.5910000000003
"s1-da-p2-7-o-d-11:54","MSP",212,207,217,29.4159999999999
"s1-da-p2-8-o-d-12:04","goAquaFlux",16,11,23,219.733401122498
"s1-da-p2-8-o-d-12:04","goAquaFlux",205,198,206,16.8833040816327
"s1-da-p2-8-o-d-12:04","MSP",26,21,31,84.4360000000002
"s1-da-p2-8-o-d-12:04","MSP",33,28,38,53.334
"s1-da-p2-8-o-d-12:04","MSP",176,171,181,165.256
"s1-da-p2-9-o-d-12:13","goAquaFlux",464,431,471,12.0501818833371
"s1-da-p2-9-o-d-12:13","MSP",2,0,7,31.6339999999999
"s1-da-p2-9-o-d-12:13","MSP",35,30,40,31.1870000000001
"s1-da-p2-9-o-d-12:13","MSP",205,200,210,10.5219999999999
"s1-da-p2-9-o-d-12:13","MSP",267,262,272,9.83000000000045
"s1-da-p2-9-o-d-12:13","MSP",440,435,445,8.53200000000021
"s1-da-p2-9-o-d-12:13","MSP",509,504,514,13.7159999999996
"s1-da-p2-9-o-d-12:13","MSP",561,556,566,25.3669999999997
"s1-da-p2-9-o-d-12:13","MSP",609,604,614,12.721
"s1-da-r1-1-o-d-08:08","goAquaFlux",119,86,127,8.04295618749407
"s1-da-r1-1-o-d-08:08","MSP",64,59,69,5.70199999999987
"s1-da-r1-1-o-d-08:08","MSP",73,68,78,0
"s1-da-r1-1-o-d-08:08","MSP",127,122,132,3.17800000000013
"s1-da-r1-1-o-d-08:08","MSP",149,144,154,4.79200000000013
"s1-da-r1-1-o-d-08:08","MSP",206,201,211,4.7360000000003
"s1-da-r1-1-o-d-08:08","MSP",262,257,267,4.054
"s1-da-r1-1-o-d-08:08","MSP",272,267,277,0.141000000000169
"s1-da-r1-1-o-d-08:08","MSP",322,317,327,1.62599999999991
"s1-da-r1-1-o-d-08:08","MSP",341,336,346,4.31800000000004
"s1-da-r1-1-o-d-08:08","MSP",374,369,379,3.45200000000023
"s1-da-r1-1-o-d-08:08","MSP",384,379,389,0.163999999999831
"s1-da-r1-1-o-d-08:08","MSP",497,492,502,0.741000000000103
"s1-da-r1-1-o-d-08:08","MSP",592,587,597,1.11099999999986
"s1-da-r1-1-o-d-08:08","MSP",627,622,632,7.80599999999998
"s1-da-r1-10-o-d-10:29","MSP",7,2,12,4.90200000000018
"s1-da-r1-10-o-d-10:29","MSP",40,35,45,4.17000000000023
"s1-da-r1-10-o-d-10:29","MSP",66,61,71,4.85999999999986
"s1-da-r1-10-o-d-10:29","MSP",81,76,86,8.06300000000038
"s1-da-r1-10-o-d-10:29","MSP",129,124,134,12.9349999999997
"s1-da-r1-10-o-d-10:29","MSP",139,134,144,10.0900000000004
"s1-da-r1-10-o-d-10:29","MSP",152,147,157,8.83700000000021
"s1-da-r1-11-o-d-10:38","MSP",23,18,28,17.1059999999998
"s1-da-r1-11-o-d-10:38","MSP",36,31,41,20.5300000000002
"s1-da-r1-11-o-d-10:38","MSP",43,38,48,7.04299999999991
"s1-da-r1-11-o-d-10:38","MSP",74,69,79,11.1919999999999
"s1-da-r1-11-o-d-10:38","MSP",79,74,84,5.95500000000015
"s1-da-r1-11-o-d-10:38","MSP",88,83,93,5.24300000000011
"s1-da-r1-2-o-d-08:24","goAquaFlux",38,30,76,507.514118981234
"s1-da-r1-2-o-d-08:24","MSP",4,0,9,6.38100000000019
"s1-da-r1-2-o-d-08:24","MSP",71,66,76,238.667
"s1-da-r1-4-o-d-08:56","goAquaFlux",224,217,231,9.54729056087493
"s1-da-r1-4-o-d-08:56","MSP",100,95,105,4.521
"s1-da-r1-4-o-d-08:56","MSP",162,157,167,4.90799999999991
"s1-da-r1-4-o-d-08:56","MSP",195,190,200,8.5989999999998
"s1-da-r1-4-o-d-08:56","MSP",233,228,238,24.1020000000001
"s1-da-r1-5-o-d-09:05","goAquaFlux",14,10,21,24.1737775106836
"s1-da-r1-5-o-d-09:05","goAquaFlux",66,65,71,14.8570423652875
"s1-da-r1-5-o-d-09:05","MSP",16,11,21,30.0500000000001
"s1-da-r1-5-o-d-09:05","MSP",26,21,31,10.2609999999999
"s1-da-r1-5-o-d-09:05","MSP",43,38,48,10.386
"s1-da-r1-5-o-d-09:05","MSP",100,95,105,5.16900000000042
"s1-da-r1-6-o-d-09:19","MSP",6,1,11,23.549
"s1-da-r1-6-o-d-09:19","MSP",73,68,78,8.96700000000017
"s1-da-r1-6-o-d-09:19","MSP",140,135,145,13.2660000000002
"s1-da-r1-7-o-d-09:31","MSP",258,253,263,10.3139999999997
"s1-da-r1-7-o-d-09:31","MSP",398,393,403,6.77899999999987
"s1-da-r1-7-o-d-09:31","MSP",459,454,464,8.11200000000012
"s1-da-r1-7-o-d-09:31","MSP",574,569,579,1.53899999999974
"s1-da-r1-7-o-d-09:31","MSP",626,621,631,4.48000000000004
"s1-da-r1-9-o-d-10:21","goAquaFlux",127,120,134,7.36340323955649
"s1-da-r1-9-o-d-10:21","MSP",134,129,139,9.87300000000024
"s1-da-r1-9-o-d-10:21","MSP",210,205,215,48.1350000000003
"s1-da-r2-1-o-d-08:18","goAquaFlux",133,131,139,360.511259641874
"s1-da-r2-1-o-d-08:18","goAquaFlux",422,415,437,144.081674817438
"s1-da-r2-1-o-d-08:18","MSP",62,57,67,133.408
"s1-da-r2-1-o-d-08:18","MSP",140,135,145,221.631
"s1-da-r2-1-o-d-08:18","MSP",179,174,184,111.293000000001
"s1-da-r2-1-o-d-08:18","MSP",349,344,354,102.151999999999
"s1-da-r2-1-o-d-08:18","MSP",418,413,423,410.703
"s1-da-r2-1-o-d-08:18","MSP",458,453,463,186.04
"s1-da-r2-10-o-d-10:42","goAquaFlux",197,185,197,21.363059735414
"s1-da-r2-10-o-d-10:42","MSP",22,17,27,14.1159999999996
"s1-da-r2-10-o-d-10:42","MSP",34,29,39,17.6910000000001
"s1-da-r2-10-o-d-10:42","MSP",57,52,62,14.5019999999998
"s1-da-r2-10-o-d-10:42","MSP",132,127,137,7.11800000000018
"s1-da-r2-10-o-d-10:42","MSP",139,134,144,9.60500000000009
"s1-da-r2-10-o-d-10:42","MSP",189,184,194,26.008
"s1-da-r2-10-o-d-10:42","MSP",202,197,207,12.1930000000003
"s1-da-r2-10-o-d-10:42","MSP",219,214,224,13.5099999999997
"s1-da-r2-11-o-d-10:56","goAquaFlux",126,119,134,146.221816878062
"s1-da-r2-11-o-d-10:56","MSP",69,64,74,36.0770000000001
"s1-da-r2-11-o-d-10:56","MSP",139,134,144,80.578
"s1-da-r2-11-o-d-10:56","MSP",183,178,188,102.669
"s1-da-r2-11-o-d-10:56","MSP",220,215,225,83.8079999999999
"s1-da-r2-3-o-d-08:56","goAquaFlux",221,220,228,111.322145116391
"s1-da-r2-3-o-d-08:56","MSP",58,53,63,202.402
"s1-da-r2-3-o-d-08:56","MSP",77,72,82,191.841
"s1-da-r2-3-o-d-08:56","MSP",224,219,229,170.789999999999
"s1-da-r2-4-o-d-09:07","MSP",32,27,37,100.156
"s1-da-r2-4-o-d-09:07","MSP",93,88,98,87.3340000000002
"s1-da-r2-6-o-d-09:44","MSP",53,48,58,21.3939999999999
"s1-da-r2-6-o-d-09:44","MSP",112,107,117,61.191
"s1-da-r2-6-o-d-09:44","MSP",179,174,184,48.184
"s1-da-r2-6-o-d-09:44","MSP",414,409,419,56.5980000000001
"s1-da-r2-6-o-d-09:44","MSP",481,476,486,76.6790000000004
"s1-da-r2-6-o-d-09:44","MSP",553,548,558,56.3739999999999
"s1-da-r2-7-o-d-10:02","MSP",42,37,47,18.9840000000001
"s1-da-r2-7-o-d-10:02","MSP",52,47,57,32.8550000000001
"s1-da-r2-7-o-d-10:02","MSP",118,113,123,45.8599999999998
"s1-da-r2-8-o-d-10:13","MSP",96,91,101,75.1339999999998
"s1-da-r2-8-o-d-10:13","MSP",150,145,155,80.6720000000003
"s1-da-r2-8-o-d-10:13","MSP",179,174,184,78.608
"s1-da-r2-9-o-d-10:24","MSP",20,15,25,16.3500000000001
"s1-da-r2-9-o-d-10:24","MSP",84,79,89,50.9740000000001
"s1-da-r2-9-o-d-10:24","MSP",167,162,172,21.0970000000001
"s1-da-r2-9-o-d-10:24","MSP",263,258,268,27.1919999999999
"s1-da-r2-9-o-d-10:24","MSP",481,476,486,21.9130000000001
"s1-du-a1-2-o-d-09:26","MSP",144,139,149,2.11689999999987
"s1-du-a1-2-o-d-09:26","MSP",279,274,284,1.53150000000002
"s1-du-a1-2-o-d-09:26","MSP",467,462,472,1.42820000000032
"s1-du-a1-3-o-d-09:38","MSP",62,57,67,0.798799999999655
"s1-du-a1-3-o-d-09:38","MSP",121,116,126,0.378599999999896
"s1-du-a1-3-o-d-09:38","MSP",210,205,215,0.279699999999661
"s1-du-a1-3-o-d-09:38","MSP",293,288,298,0.376000000000154
"s1-du-a1-3-o-d-09:38","MSP",327,322,332,0.561999999999951
"s1-du-a1-3-o-d-09:38","MSP",376,371,381,0.342100000000123
"s1-du-a1-3-o-d-09:38","MSP",440,435,445,0.616700000000137
"s1-du-a1-4-o-d-09:50","MSP",66,61,71,0.826899999999409
"s1-du-a1-4-o-d-09:50","MSP",134,129,139,0.296200000000635
"s1-du-a2-1-o-d-07:10","MSP",191,186,196,1.14840000000038
"s1-du-a2-1-o-d-07:10","MSP",351,346,356,0.963399999999393
"s1-du-a2-1-o-d-07:10","MSP",417,412,422,1.78859999999981
"s1-du-a2-1-o-d-07:10","MSP",463,458,468,3.50459999999986
"s1-du-a2-1-o-d-07:10","MSP",531,526,536,2.37039999999977
"s1-du-a2-2-o-d-07:23","MSP",5,0,10,4.29939999999984
"s1-du-a2-2-o-d-07:23","MSP",183,178,188,5.86109999999973
"s1-du-a2-2-o-d-07:23","MSP",224,219,229,8.23819999999964
"s1-du-a2-2-o-d-07:23","MSP",266,261,271,4.81199999999982
"s1-du-a2-2-o-d-07:23","MSP",308,303,313,3.72649999999997
"s1-du-a2-2-o-d-07:23","MSP",360,355,365,2.90209999999957
"s1-du-a2-2-o-d-07:23","MSP",406,401,411,4.48860000000018
"s1-du-a2-2-o-d-07:23","MSP",469,464,474,3.55149999999993
"s1-du-a2-3-o-d-07:40","MSP",34,29,39,2.69869999999983
"s1-du-a2-3-o-d-07:40","MSP",95,90,100,2.59079999999967
"s1-du-a2-3-o-d-07:40","MSP",171,166,176,1.42779999999965
"s1-du-a2-3-o-d-07:40","MSP",231,226,236,3.9053
"s1-du-a2-3-o-d-07:40","MSP",272,267,277,1.70340000000024
"s1-du-a2-3-o-d-07:40","MSP",351,346,356,1.10840000000012
"s1-du-p1-1-o-d-08:11","MSP",1,0,6,12.0469999999999
"s1-du-p1-1-o-d-08:11","MSP",8,3,13,0
"s1-du-p1-1-o-d-08:11","MSP",91,86,96,11.0000000000001
"s1-du-p1-1-o-d-08:11","MSP",108,103,113,6.4519999999999
"s1-du-p1-1-o-d-08:11","MSP",135,130,140,2.92599999999998
"s1-du-p1-1-o-d-08:11","MSP",189,184,194,2.65599999999999
"s1-du-p1-1-o-d-08:11","MSP",216,211,221,7.40600000000002
"s1-du-p1-1-o-d-08:11","MSP",254,249,259,2.6250000000001
"s1-du-p1-1-o-d-08:11","MSP",309,304,314,2.07899999999972
"s1-du-p1-1-o-d-08:11","MSP",508,503,513,6.55699999999992
"s1-du-p1-1-o-d-08:11","MSP",566,561,571,3.26600000000044
"s1-du-p1-1-o-d-08:11","MSP",588,583,593,1.56299999999998
"s1-du-p1-2-o-d-08:27","MSP",48,43,53,6.09600000000032
"s1-du-p1-2-o-d-08:27","MSP",140,135,145,19.0299999999999
"s1-du-p1-2-o-d-08:27","MSP",274,269,279,8.07199999999986
"s1-du-p1-2-o-d-08:27","MSP",312,307,317,0
"s1-du-p1-2-o-d-08:27","MSP",361,356,366,11.6039999999997
"s1-du-p1-2-o-d-08:27","MSP",402,397,407,18.8600000000001
"s1-du-p1-2-o-d-08:27","MSP",480,475,485,7.81600000000005
"s1-du-p1-2-o-d-08:27","MSP",553,548,558,0
"s1-du-p1-2-o-d-08:27","MSP",643,638,648,1.56299999999998
"s1-du-p1-3-o-d-08:43","MSP",12,7,17,11.3699999999999
"s1-du-p1-3-o-d-08:43","MSP",18,13,23,4.64500000000001
"s1-du-p1-3-o-d-08:43","MSP",107,102,112,39.209
"s1-du-p1-3-o-d-08:43","MSP",112,107,117,36.413
"s1-du-p1-3-o-d-08:43","MSP",509,504,514,38.6120000000001
"s1-du-p1-3-o-d-08:43","MSP",631,626,636,36.0020000000003
"s1-du-p2-1-o-d-07:27","MSP",50,45,55,0.0141999999998532
"s1-du-p2-3-o-d-07:56","MSP",6,1,11,0.569800000000065
"s1-du-p2-3-o-d-07:56","MSP",11,6,16,0.584499999999988
"s1-du-p2-3-o-d-07:56","MSP",168,163,173,0.324200000000108
"s1-du-p2-3-o-d-07:56","MSP",234,229,239,0.583800000000245
"s1-du-p2-3-o-d-07:56","MSP",277,272,282,0.419899999999807
"s1-du-p2-3-o-d-07:56","MSP",302,297,307,0.660699999999625
"s1-du-p2-3-o-d-07:56","MSP",315,310,320,0.53489999999945
"s1-du-p2-3-o-d-07:56","MSP",329,324,334,0.381799999999988
"s1-du-p2-3-o-d-07:56","MSP",361,356,366,0.512500000000138
"s1-du-p2-3-o-d-07:56","MSP",377,372,382,0.25390000000014
"s1-du-p2-3-o-d-07:56","MSP",396,391,401,0.374699999999617
"s1-du-p2-3-o-d-07:56","MSP",421,416,426,0.381399999999754
"s1-du-p2-3-o-d-07:56","MSP",466,461,471,0.512900000000371
"s1-du-p2-7-o-d-09:16","MSP",43,38,48,0.388599999999961
"s1-du-p2-7-o-d-09:16","MSP",150,145,155,0.595799999999702
"s1-du-p2-7-o-d-09:16","MSP",199,194,204,0.341999999999842
"s1-du-p2-7-o-d-09:16","MSP",272,267,277,0.37660000000006
"s1-du-p2-7-o-d-09:16","MSP",356,351,360,0.323600000000202
"s1-du-r1-2-o-d-08:00","MSP",4,0,9,8.54700000000008
"s1-du-r1-2-o-d-08:00","MSP",7,2,12,2.63000000000035
"s1-du-r1-2-o-d-08:00","MSP",14,9,19,3.00600000000006
"s1-du-r1-2-o-d-08:00","MSP",24,19,29,0.0589999999998092
"s1-du-r1-2-o-d-08:00","MSP",32,27,37,5.62200000000024
"s1-du-r1-2-o-d-08:00","MSP",87,82,92,1.72699999999981
"s1-du-r1-2-o-d-08:00","MSP",115,110,120,2.2669999999998
"s1-du-r1-2-o-d-08:00","MSP",197,192,202,3.57900000000022
"s1-du-r1-2-o-d-08:00","MSP",230,225,235,1.95200000000018
"s1-du-r1-2-o-d-08:00","MSP",334,329,339,5.27900000000026
"s1-du-r1-2-o-d-08:00","MSP",340,335,345,8.62199999999991
"s1-du-r1-2-o-d-08:00","MSP",520,515,525,7.96999999999981
"s1-du-r1-2-o-d-08:00","MSP",611,606,616,3.97399999999992
"s1-du-r1-5-o-d-08:56","MSP",14,9,19,6.35200000000014
"s1-du-r1-5-o-d-08:56","MSP",85,80,90,7.63800000000003
"s1-du-r1-5-o-d-08:56","MSP",101,96,106,2.01000000000029
"s1-du-r1-5-o-d-08:56","MSP",167,162,172,5.56899999999994
"s1-du-r1-5-o-d-08:56","MSP",233,228,238,9.05699999999987
"s1-du-r1-5-o-d-08:56","MSP",286,281,291,6.16599999999945
"s1-du-r1-5-o-d-08:56","MSP",303,298,308,4.31899999999974
"s1-du-r1-5-o-d-08:56","MSP",367,362,372,4.31300000000023
"s1-du-r1-5-o-d-08:56","MSP",384,379,389,2.87299999999968
"s1-du-r1-5-o-d-08:56","MSP",484,479,489,8.85899999999973
"s1-du-r1-5-o-d-08:56","MSP",528,523,533,5.67799999999963
"s1-du-r1-5-o-d-08:56","MSP",568,563,573,8.74299999999995
"s1-du-r1-5-o-d-08:56","MSP",651,646,656,10.0320000000003
"s1-du-r1-6-o-d-09:11","MSP",52,47,57,2.58199999999986
"s1-du-r1-6-o-d-09:11","MSP",60,55,65,3.81400000000021
"s1-du-r1-6-o-d-09:11","MSP",115,110,120,12.419
"s1-du-r1-6-o-d-09:11","MSP",178,173,183,6.60099999999986
"s1-du-r1-6-o-d-09:11","MSP",185,180,190,0
"s1-du-r1-6-o-d-09:11","MSP",216,211,221,0
"s1-du-r1-6-o-d-09:11","MSP",374,369,379,2.36999999999998
"s1-du-r1-6-o-d-09:11","MSP",407,402,412,7.39100000000015
"s1-du-r1-6-o-d-09:11","MSP",412,407,417,4.48700000000013
"s1-du-r1-6-o-d-09:11","MSP",504,499,509,5.10499999999992
"s1-du-r1-6-o-d-09:11","MSP",512,507,517,3.44900000000026
"s1-du-r1-6-o-d-09:11","MSP",518,513,523,7.89499999999999
"s1-du-r1-6-o-d-09:11","MSP",541,536,546,2.33399999999984
"s1-du-r1-6-o-d-09:11","MSP",575,570,580,7.29900000000017
"s1-du-r1-6-o-d-09:11","MSP",582,577,587,2.36199999999975
"s1-du-r1-6-o-d-09:11","MSP",590,585,595,7.82599999999967
"s1-ri-a2-13-o-d-12:26","goAquaFlux",649,637,653,14.2092714817972
"s1-ri-a2-13-o-d-12:26","MSP",44,39,49,4.84550000000006
"s1-ri-a2-13-o-d-12:26","MSP",613,608,618,3.48969999999937
"s1-ri-a2-14-o-d-12:51","goAquaFlux",446,440,446,10.8867763476175
"s1-ri-a2-14-o-d-12:51","MSP",84,79,89,11.8542000000001
"s1-ri-a2-14-o-d-12:51","MSP",367,362,372,19.0487999999998
"s1-ri-a2-14-o-d-12:51","MSP",461,456,466,23.0692999999995
"s1-ri-a2-14-o-d-12:51","MSP",504,499,509,22.6017999999999
"s1-ri-a2-14-o-d-12:51","MSP",580,575,585,18.7808
"s1-ri-a2-15-o-d-13:07","MSP",40,35,45,16.419
"s1-ri-a2-15-o-d-13:07","MSP",124,119,129,18.2158999999995
"s1-ri-a2-15-o-d-13:07","MSP",212,207,217,20.0290999999999
"s1-ri-a2-16-o-d-13:20","goAquaFlux",190,182,197,13.149015982625
"s1-ri-a2-16-o-d-13:20","goAquaFlux",223,209,233,8.72152462627259
"s1-ri-a2-16-o-d-13:20","MSP",229,224,234,16.3395999999998
"s1-ri-p1-12-o-d-13:36","goAquaFlux",90,45,121,30.7119801318069
"s1-ri-p1-12-o-d-13:36","MSP",15,10,20,6.30339999999974
"s1-ri-p1-12-o-d-13:36","MSP",38,33,43,5.04419999999994
"s1-ri-p1-12-o-d-13:36","MSP",104,99,109,6.9132999999999
"s1-ri-p1-13-o-d-13:53","MSP",56,51,61,10.0376
"s1-ri-p1-13-o-d-13:53","MSP",69,64,74,7.39529999999977
"s1-ri-p1-13-o-d-13:53","MSP",129,124,134,10.0378999999995
"s1-ri-p1-13-o-d-13:53","MSP",141,136,146,9.15330000000036
"s1-ri-p1-13-o-d-13:53","MSP",210,205,215,7.6972999999998
"s1-ri-p1-13-o-d-13:53","MSP",223,218,228,7.84349999999989
"s1-ri-p1-13-o-d-13:53","MSP",304,299,309,5.98070000000028
"s1-ri-p1-13-o-d-13:53","MSP",324,319,329,5.96629999999987
"s1-ri-p1-14-o-d-14:05","MSP",9,4,14,5.5696999999999
"s1-ri-p1-14-o-d-14:05","MSP",106,101,111,3.0783999999997
"s1-ri-p1-14-o-d-14:05","MSP",216,211,221,2.30219999999992
"s1-ri-p1-14-o-d-14:05","MSP",384,379,389,4.42799999999988
"s1-ri-p1-14-o-d-14:05","MSP",595,590,600,9.22529999999977
"s1-ri-p1-15-o-d-14:30","MSP",72,67,77,8.22440000000002
"s1-ri-p1-15-o-d-14:30","MSP",91,86,96,4.59910000000008
"s1-ri-p1-15-o-d-14:30","MSP",106,101,111,8.22140000000005
"s1-ri-p1-15-o-d-14:30","MSP",230,225,235,8.66699999999954
"s1-ri-p1-16-o-d-14:28","MSP",28,23,33,40.4951000000002
"s1-ri-p1-17-o-d-14:43","MSP",20,15,25,7.38259999999968
"s1-ri-p1-17-o-d-14:43","MSP",114,109,119,21.3161999999998
"s1-ri-p1-17-o-d-14:43","MSP",200,195,205,27.5255999999997
"s1-ri-p1-17-o-d-14:43","MSP",235,230,240,45.4279999999998
"s1-ri-p1-17-o-d-14:43","MSP",287,282,292,43.2880999999998
"s1-ri-p1-17-o-d-14:43","MSP",326,321,331,24.0597999999999
"s1-ri-p1-18-o-d-14:40","goAquaFlux",180,174,187,41.8296202971665
"s1-ri-p1-18-o-d-14:40","goAquaFlux",254,232,277,32.8512224144246
"s1-ri-p1-18-o-d-14:40","goAquaFlux",351,316,353,8.68615509584027
"s1-ri-p1-18-o-d-14:40","MSP",184,179,189,34.0822999999992
"s1-ri-p1-18-o-d-14:40","MSP",199,194,204,6.9726999999995
"s1-ri-p1-18-o-d-14:40","MSP",253,248,258,43.0623000000003
"s1-ri-p1-18-o-d-14:40","MSP",293,288,298,25.3747999999998
"s1-ri-p1-18-o-d-14:40","MSP",323,318,328,28.6230999999999
"s1-ri-p1-18-o-d-14:40","MSP",355,350,360,43.4287000000002
"s1-ri-p1-7-o-d-11:54","MSP",47,42,52,0.368099999999982
"s1-ri-p1-7-o-d-11:54","MSP",57,52,62,0.38819999999995
"s1-ri-p1-7-o-d-11:54","MSP",66,61,71,0.540399999999996
"s1-ri-p1-7-o-d-11:54","MSP",131,126,136,0.360399999999927
"s1-ri-p1-7-o-d-11:54","MSP",153,148,158,0.477000000000061
"s1-ri-p1-7-o-d-11:54","MSP",256,251,261,0.164500000000123
"s1-ri-p1-7-o-d-11:54","MSP",280,275,285,0.391400000000042
"s1-ri-p1-7-o-d-11:54","MSP",336,331,341,0.778299999999899
"s1-ri-p1-7-o-d-11:54","MSP",344,339,349,0.239299999999831
"s1-ri-p1-7-o-d-11:54","MSP",418,413,423,0.77869999999991
"s1-ri-p1-7-o-d-11:54","MSP",455,450,460,1.32589999999988
"s1-ri-p1-7-o-d-11:54","MSP",464,459,469,1.57070000000004
"s1-ri-p1-7-o-d-11:54","MSP",475,470,480,0.0606999999999136
"s1-ri-p1-7-o-d-11:54","MSP",496,491,501,0.762400000000163
"s1-ri-p1-7-o-d-11:54","MSP",531,526,536,0.345900000000121
"s1-ri-p1-7-o-d-11:54","MSP",550,545,555,0.16919999999998
"s1-ri-p1-7-o-d-11:54","MSP",601,596,606,0.113100000000088
"s1-ri-p1-7-o-d-11:54","MSP",644,639,649,0.322500000000003
"s1-ri-p1-7-o-d-11:54","MSP",720,715,725,0.199099999999897
"s1-ri-p1-7-o-d-11:54","MSP",728,723,733,0.198599999999827
"s1-ri-p1-7-o-d-11:54","MSP",741,736,746,0.409300000000057
"s1-ri-p1-8-o-d-12:14","MSP",140,135,145,0.968700000000045
"s1-ri-p1-8-o-d-12:14","MSP",187,182,192,0.81669999999967
"s1-ri-p1-8-o-d-12:14","MSP",380,375,385,0.573100000000437
"s1-ri-p1-8-o-d-12:14","MSP",463,458,468,0.977900000000087
"s1-ri-p1-8-o-d-12:14","MSP",531,526,536,0.996699999999962
"s1-ri-p1-8-o-d-12:14","MSP",601,596,606,0.995399999999869
"s1-ri-p1-9-o-d-12:35","MSP",226,221,231,68.6891999999999
"s1-ri-p1-9-o-d-12:35","MSP",232,227,237,68.4065999999999
"s1-ri-r2-1-o-d-13:38","goAquaFlux",386,383,390,50.3181718314369
"s1-ri-r2-1-o-d-13:38","MSP",22,17,27,48.1943
"s1-ri-r2-1-o-d-13:38","MSP",203,198,208,7.9908999999998
"s1-ri-r2-1-o-d-13:38","MSP",286,281,291,33.6091000000001
"s1-ri-r2-1-o-d-13:38","MSP",356,351,361,46.2610000000003
"s1-ri-r2-1-o-d-13:38","MSP",440,435,445,35.9778000000004
"s1-ri-r2-1-o-d-13:38","MSP",504,499,509,40.2307
"s1-ri-r2-1-o-d-13:38","MSP",620,615,625,24.2677999999996
"s1-ri-r2-2-o-d-13:52","goAquaFlux",96,40,117,173.519629998212
"s1-ri-r2-2-o-d-13:52","MSP",55,50,60,17.3738000000001
"s1-ri-r2-2-o-d-13:52","MSP",113,108,118,52.6126000000002
"s1-ri-r2-2-o-d-13:52","MSP",221,216,226,22.8337999999999
"s1-ri-r2-3-o-d-14:05","goAquaFlux",499,494,506,17.1365409090898
"s1-ri-r2-3-o-d-14:05","MSP",27,22,32,14.7736000000003
"s1-ri-r2-3-o-d-14:05","MSP",119,114,124,26.7930000000001
"s1-ri-r2-3-o-d-14:05","MSP",185,180,190,39.5443999999996
"s1-ri-r2-3-o-d-14:05","MSP",212,207,217,39.9202000000001
"s1-ri-r2-3-o-d-14:05","MSP",239,234,244,28.7644
"s1-ri-r2-3-o-d-14:05","MSP",264,259,269,32.0929999999997
"s1-ri-r2-3-o-d-14:05","MSP",316,311,321,37.5160999999999
"s1-ri-r2-3-o-d-14:05","MSP",391,386,396,25.1206000000006
"s1-ri-r2-3-o-d-14:05","MSP",504,499,509,33.8588999999998
"s1-ri-r2-3-o-d-14:05","MSP",572,567,577,28.8435000000007
"s1-va-a2-1-o-d-09:02","goAquaFlux",36,34,43,9.30848701800082
"s1-va-a2-1-o-d-09:02","MSP",9,4,14,8.02420000000037
"s1-va-a2-1-o-d-09:02","MSP",82,77,87,7.43890000000036
"s1-va-a2-1-o-d-09:02","MSP",173,168,178,3.38210000000005
"s1-va-a2-1-o-d-09:02","MSP",261,256,266,4.02389999999997
"s1-va-a2-1-o-d-09:02","MSP",330,325,335,7.67719999999983
"s1-va-a2-1-o-d-09:02","MSP",493,488,498,6.22509999999954
"s1-va-a2-1-o-d-09:02","MSP",621,616,626,1.47269999999988
"s1-va-a2-10-o-d-11:57","MSP",4,0,9,4.99340000000004
"s1-va-a2-10-o-d-11:57","MSP",85,80,90,5.44240000000018
"s1-va-a2-10-o-d-11:57","MSP",100,95,105,4.64629999999966
"s1-va-a2-10-o-d-11:57","MSP",108,103,113,4.1319999999998
"s1-va-a2-13-o-d-13:03","goAquaFlux",224,216,231,24.695836311035
"s1-va-a2-13-o-d-13:03","MSP",53,48,58,23.0507999999996
"s1-va-a2-13-o-d-13:03","MSP",67,62,72,27.7410000000002
"s1-va-a2-13-o-d-13:03","MSP",229,224,234,0
"s1-va-a2-2-o-d-09:17","goAquaFlux",11,7,12,33.5553267768584
"s1-va-a2-2-o-d-09:17","goAquaFlux",173,167,183,29.7421264739155
"s1-va-a2-2-o-d-09:17","MSP",45,40,50,19.0441999999997
"s1-va-a2-2-o-d-09:17","MSP",87,82,92,10.1039999999997
"s1-va-a2-2-o-d-09:17","MSP",174,169,179,35.8312999999999
"s1-va-a2-2-o-d-09:17","MSP",210,205,215,26.2607999999998
"s1-va-a2-2-o-d-09:17","MSP",271,266,276,16.8556999999998
"s1-va-a2-5-o-d-10:19","MSP",79,74,84,4.7176999999996
"s1-va-a2-5-o-d-10:19","MSP",109,104,114,2.62160000000033
"s1-va-a2-5-o-d-10:19","MSP",178,173,183,2.52929999999951
"s1-va-a2-5-o-d-10:19","MSP",284,279,289,2.07080000000026
"s1-va-a2-5-o-d-10:19","MSP",290,285,295,2.1268000000001
"s1-va-a2-5-o-d-10:19","MSP",299,294,304,2.25439999999999
"s1-va-a2-5-o-d-10:19","MSP",306,301,311,1.74289999999999
"s1-va-a2-5-o-d-10:19","MSP",378,373,383,2.08250000000021
"s1-va-a2-5-o-d-10:19","MSP",386,381,391,1.9863
"s1-va-a2-5-o-d-10:19","MSP",392,387,397,1.85670000000027
"s1-va-a2-5-o-d-10:19","MSP",641,636,646,3.10809999999995
"s1-va-a2-5-o-d-10:19","MSP",650,645,655,2.75519999999974
"s1-va-a2-6-o-d-10:35","MSP",18,13,23,1.53809999999988
"s1-va-a2-9-o-d-11:44","MSP",1,0,6,8.32709999999981
"s1-va-a2-9-o-d-11:44","MSP",24,19,29,7.19549999999991
"s1-va-a2-9-o-d-11:44","MSP",102,97,107,8.00979999999996
"s1-va-a2-9-o-d-11:44","MSP",125,120,130,6.1015999999996
"s1-va-a2-9-o-d-11:44","MSP",289,284,294,2.95629999999969
"s2-ca-a1-1-o-d-08:47","goAquaFlux",13,7,50,5.49297220187207
"s2-ca-a1-1-o-d-08:47","MSP",593,588,598,1816.18
"s2-ca-a1-1-o-d-08:47","MSP",600,595,605,1755.3648
"s2-ca-a1-1-o-d-08:47","MSP",633,628,638,1.17839999999969
"s2-ca-a1-11-o-d-11:58","goAquaFlux",27,20,34,7.08696632971855
"s2-ca-a1-11-o-d-11:58","MSP",35,30,40,2.44849999999985
"s2-ca-a1-11-o-d-11:58","MSP",135,130,140,0.68120000000027
"s2-ca-a1-11-o-d-11:58","MSP",400,395,405,0.56590000000023
"s2-ca-a1-11-o-d-11:58","MSP",475,470,480,0.807899999999862
"s2-ca-a1-14-o-d-12:56","MSP",23,18,28,0.142300000000262
"s2-ca-a1-14-o-d-12:56","MSP",60,55,65,0.198900000000446
"s2-ca-a1-14-o-d-12:56","MSP",74,69,79,0.669199999999925
"s2-ca-a1-14-o-d-12:56","MSP",145,140,150,0.408900000000489
"s2-ca-a1-14-o-d-12:56","MSP",156,151,161,0.455300000000047
"s2-ca-a1-14-o-d-12:56","MSP",217,212,222,0.23149999999994
"s2-ca-a1-14-o-d-12:56","MSP",281,276,286,0.290000000000123
"s2-ca-a1-14-o-d-12:56","MSP",309,304,314,0.272899999999687
"s2-ca-a1-14-o-d-12:56","MSP",365,360,370,0.125000000000153
"s2-ca-a1-14-o-d-12:56","MSP",380,375,385,0.1300999999998
"s2-ca-a1-2-o-d-08:59","MSP",11,6,16,1.43409999999999
"s2-ca-a1-2-o-d-08:59","MSP",100,95,105,1.00679999999942
"s2-ca-a1-2-o-d-08:59","MSP",111,106,116,1.18379999999974
"s2-ca-a2-13-o-d-11:34","MSP",20,15,25,0.794700000000148
"s2-ca-a2-13-o-d-11:34","MSP",31,26,36,1.19040000000004
"s2-ca-a2-13-o-d-11:34","MSP",64,59,69,1.11029999999968
"s2-ca-a2-13-o-d-11:34","MSP",105,100,110,0.639600000000407
"s2-ca-a2-13-o-d-11:34","MSP",118,113,123,0.764999999999905
"s2-ca-a2-13-o-d-11:34","MSP",550,545,555,1.04860000000029
"s2-ca-a2-14-o-d-11:49","MSP",51,46,56,1.99120000000041
"s2-ca-a2-14-o-d-11:49","MSP",100,95,105,1.56740000000033
"s2-ca-a2-14-o-d-11:49","MSP",219,214,224,1.00940000000005
"s2-ca-a2-14-o-d-11:49","MSP",354,349,359,0.929199999999852
"s2-ca-a2-14-o-d-11:49","MSP",496,491,501,1.15009999999982
"s2-ca-a2-14-o-d-11:49","MSP",557,552,562,1.23169999999995
"s2-ca-a2-14-o-d-11:49","MSP",620,615,625,1.02910000000023
"s2-ca-a2-14-o-d-11:49","MSP",675,670,680,1.61720000000054
"s2-ca-a2-14-o-d-11:49","MSP",730,725,735,1.46710000000061
"s2-ca-a2-15-o-d-12:10","goAquaFlux",7,7,21,101.046754936669
"s2-ca-a2-15-o-d-12:10","MSP",14,9,19,38.3208000000002
"s2-ca-a2-15-o-d-12:10","MSP",119,114,124,58.8596000000003
"s2-ca-a2-15-o-d-12:10","MSP",339,334,344,47.5007000000001
"s2-ca-p1-10-o-d-12:22","MSP",30,25,35,1.42557960000023
"s2-ca-p1-10-o-d-12:22","MSP",67,62,72,0
"s2-ca-p1-10-o-d-12:22","MSP",99,94,104,2.51805810000016
"s2-ca-p1-10-o-d-12:22","MSP",268,263,273,2.04511520000006
"s2-ca-p1-10-o-d-12:22","MSP",323,318,328,1.47278880000012
"s2-ca-p1-10-o-d-12:22","MSP",342,337,347,0
"s2-ca-p1-10-o-d-12:22","MSP",399,394,404,1.03829749999962
"s2-ca-p1-10-o-d-12:22","MSP",408,403,413,0
"s2-ca-p1-10-o-d-12:22","MSP",416,411,421,3.95955469999976
"s2-ca-p1-10-o-d-12:22","MSP",494,489,499,0.21163390000023
"s2-ca-p1-10-o-d-12:22","MSP",500,495,505,6.02458849999987
"s2-ca-p1-10-o-d-12:22","MSP",556,551,561,4.23479350000022
"s2-ca-p1-10-o-d-12:22","MSP",561,556,566,4.94771249999992
"s2-ca-p1-10-o-d-12:22","MSP",587,582,592,0
"s2-ca-p1-10-o-d-12:22","MSP",605,600,610,0.0293364999999213
"s2-ca-p1-10-o-d-12:22","MSP",641,636,646,0.996959400000108
"s2-ca-p1-10-o-d-12:22","MSP",683,678,688,2.65255680000021
"s2-ca-p1-12-o-d-12:58","MSP",18,13,23,10.382184
"s2-ca-p1-12-o-d-12:58","MSP",50,45,55,7.15095510000019
"s2-ca-p1-12-o-d-12:58","MSP",60,55,65,3.55183790000035
"s2-ca-p1-12-o-d-12:58","MSP",164,159,169,3.34670069999987
"s2-ca-p1-12-o-d-12:58","MSP",223,218,228,4.66552520000008
"s2-ca-p1-12-o-d-12:58","MSP",230,225,235,4.37485820000028
"s2-ca-p1-13-o-d-13:07","MSP",50,45,55,2.44272919999977
"s2-ca-p1-13-o-d-13:07","MSP",118,113,123,2.19991800000008
"s2-ca-p1-13-o-d-13:07","MSP",145,140,150,2.94928159999985
"s2-ca-p1-13-o-d-13:07","MSP",188,183,193,2.76707249999975
"s2-ca-p1-13-o-d-13:07","MSP",216,211,221,6.0251791999999
"s2-ca-p1-13-o-d-13:07","MSP",238,233,243,0.0187596000000845
"s2-ca-p1-13-o-d-13:07","MSP",291,286,296,1.15317020000028
"s2-ca-p1-13-o-d-13:07","MSP",460,455,465,5.05368180000021
"s2-ca-p1-13-o-d-13:07","MSP",530,525,535,1.90202720000032
"s2-ca-p1-13-o-d-13:07","MSP",548,543,553,3.98263430000023
"s2-ca-p1-13-o-d-13:07","MSP",603,598,608,4.66964820000015
"s2-ca-p1-13-o-d-13:07","MSP",657,652,662,0.006661400000052
"s2-ca-p1-13-o-d-13:07","MSP",698,693,703,1.26068779999988
"s2-ca-p1-13-o-d-13:07","MSP",728,723,733,0
"s2-ca-p1-14-o-d-13:25","MSP",6,1,11,11.5697017
"s2-ca-p1-14-o-d-13:25","MSP",16,11,21,4.81867269999992
"s2-ca-p1-14-o-d-13:25","MSP",84,79,89,3.59545450000009
"s2-ca-p1-14-o-d-13:25","MSP",98,93,103,2.66995299999984
"s2-ca-p1-14-o-d-13:25","MSP",208,203,213,5.68191240000004
"s2-ca-p1-15-o-d-13:35","MSP",69,64,74,6.58029910000035
"s2-ca-p1-15-o-d-13:35","MSP",159,154,164,4.60298220000022
"s2-ca-p1-15-o-d-13:35","MSP",224,219,229,5.11427920000029
"s2-ca-p1-9-o-d-12:12","MSP",2,0,7,3.45800600000024
"s2-ca-p1-9-o-d-12:12","MSP",45,40,50,1.1795593999997
"s2-ca-p1-9-o-d-12:12","MSP",103,98,108,2.41532270000011
"s2-ca-p1-9-o-d-12:12","MSP",162,157,167,0.0202208000001924
"s2-ca-p1-9-o-d-12:12","MSP",196,191,201,3.35152870000011
"s2-ca-p1-9-o-d-12:12","MSP",227,222,232,1.2345899999997
"s2-ca-p1-9-o-d-12:12","MSP",246,241,251,5.40087750000007
"s2-ca-p1-9-o-d-12:12","MSP",302,297,307,5.93747555000013
"s2-ca-p1-9-o-d-12:12","MSP",324,319,329,3.70195869999979
"s2-ca-r1-1-o-d-09:05","MSP",27,22,32,0.338100000000452
"s2-ca-r1-1-o-d-09:05","MSP",74,69,79,3.50200000000056
"s2-ca-r1-1-o-d-09:05","MSP",224,219,229,0.577800000000295
"s2-ca-r1-1-o-d-09:05","MSP",283,278,288,1.26079999999984
"s2-ca-r1-1-o-d-09:05","MSP",327,322,332,0.70389999999998
"s2-ca-r1-1-o-d-09:05","MSP",353,348,358,1.86449999999994
"s2-ca-r1-1-o-d-09:05","MSP",429,424,434,3.4478
"s2-ca-r1-1-o-d-09:05","MSP",504,499,509,0.6390000000005
"s2-ca-r1-10-o-d-11:26","MSP",20,15,25,2.54729999999981
"s2-ca-r1-10-o-d-11:26","MSP",27,22,32,1.96719999999972
"s2-ca-r1-10-o-d-11:26","MSP",32,27,37,1.01430000000002
"s2-ca-r1-10-o-d-11:26","MSP",88,83,93,1.76460000000001
"s2-ca-r1-11-o-d-11:38","goAquaFlux",44,37,79,10.4319936859751
"s2-ca-r1-11-o-d-11:38","MSP",4,0,9,1.65209999999982
"s2-ca-r1-11-o-d-11:38","MSP",50,45,55,1.30739999999996
"s2-ca-r1-11-o-d-11:38","MSP",57,52,62,3.23280000000015
"s2-ca-r1-11-o-d-11:38","MSP",66,61,71,2.77709999999987
"s2-ca-r1-11-o-d-11:38","MSP",90,85,95,0.869900000000534
"s2-ca-r1-11-o-d-11:38","MSP",317,312,322,43.4075000000003
"s2-ca-r1-11-o-d-11:38","MSP",322,317,327,43.1153000000002
"s2-ca-r1-15-o-d-12:33","MSP",17,12,22,0.670299999999902
"s2-ca-r1-15-o-d-12:33","MSP",27,22,32,0.647499999999912
"s2-ca-r1-15-o-d-12:33","MSP",41,36,46,0.978799999999946
"s2-ca-r1-15-o-d-12:33","MSP",45,40,50,0.475500000000295
"s2-ca-r1-15-o-d-12:33","MSP",56,51,61,0.784099999999732
"s2-ca-r1-15-o-d-12:33","MSP",111,106,116,1.50399999999973
"s2-ca-r1-15-o-d-12:33","MSP",122,117,127,0.922400000000323
"s2-ca-r1-2-o-d-09:23","MSP",52,47,57,2.01150000000005
"s2-ca-r1-2-o-d-09:23","MSP",110,105,115,2.0671000000001
"s2-ca-r1-2-o-d-09:23","MSP",156,151,161,0.989999999999824
"s2-ca-r1-2-o-d-09:23","MSP",215,210,220,2.9878000000001
"s2-ca-r1-2-o-d-09:23","MSP",228,223,233,2.24780000000013
"s2-ca-r1-2-o-d-09:23","MSP",269,264,274,1.33639999999957
"s2-ca-r1-5-o-d-10:06","MSP",60,55,65,1.57530000000028
"s2-ca-r1-5-o-d-10:06","MSP",201,196,206,0.884099999999943
"s2-ca-r1-5-o-d-10:06","MSP",321,316,326,1.14299999999989
"s2-ca-r1-5-o-d-10:06","MSP",399,394,404,1.28609999999973
"s2-ca-r1-5-o-d-10:06","MSP",441,436,446,1.44900000000003
"s2-ca-r1-5-o-d-10:06","MSP",483,478,488,2.27629999999968
"s2-ca-r1-5-o-d-10:06","MSP",523,518,528,0.749800000000356
"s2-ca-r1-6-o-d-10:20","MSP",216,211,221,1.22169999999988
"s2-ca-r1-6-o-d-10:20","MSP",234,229,239,42.0034999999999
"s2-ca-r1-6-o-d-10:20","MSP",283,278,288,254.7677
"s2-cu-a1-1-o-d-08:17","goAquaFlux",219,211,225,407.44989013072
"s2-cu-a1-1-o-d-08:17","MSP",235,230,240,1290.82
"s2-cu-a1-1-o-d-08:17","MSP",285,280,290,1237.5
"s2-cu-a1-1-o-d-08:17","MSP",321,316,326,774.929999999998
"s2-cu-a1-10-o-d-10:09","MSP",46,41,51,5.83799999999979
"s2-cu-a1-10-o-d-10:09","MSP",108,103,113,9.25799999999999
"s2-cu-a1-10-o-d-10:09","MSP",236,231,238,6.51100000000016
"s2-cu-a1-11-o-d-10:16","goAquaFlux",10,8,13,7.51937093327919
"s2-cu-a1-11-o-d-10:16","goAquaFlux",582,580,585,5.83945330086609
"s2-cu-a1-11-o-d-10:16","MSP",1,0,6,13.7990000000001
"s2-cu-a1-11-o-d-10:16","MSP",9,4,14,9.0380000000001
"s2-cu-a1-11-o-d-10:16","MSP",20,15,25,16.0279999999999
"s2-cu-a1-11-o-d-10:16","MSP",75,70,80,8.94299999999992
"s2-cu-a1-11-o-d-10:16","MSP",149,144,154,5.88100000000003
"s2-cu-a1-11-o-d-10:16","MSP",157,152,162,7.07699999999978
"s2-cu-a1-11-o-d-10:16","MSP",229,224,234,13.3450000000002
"s2-cu-a1-11-o-d-10:16","MSP",332,327,337,8.47499999999979
"s2-cu-a1-11-o-d-10:16","MSP",337,332,342,8.96600000000003
"s2-cu-a1-11-o-d-10:16","MSP",504,499,509,5.11899999999965
"s2-cu-a1-11-o-d-10:16","MSP",516,511,521,7.72400000000006
"s2-cu-a1-12-o-d-10:31","MSP",4,0,9,8.75499999999985
"s2-cu-a1-12-o-d-10:31","MSP",24,19,29,12.821
"s2-cu-a1-12-o-d-10:31","MSP",106,101,111,14.5190000000004
"s2-cu-a1-12-o-d-10:31","MSP",136,131,141,17.2870000000001
"s2-cu-a1-12-o-d-10:31","MSP",145,140,150,22.748
"s2-cu-a1-12-o-d-10:31","MSP",155,150,160,22.135
"s2-cu-a1-13-o-d-10:34","MSP",197,192,202,7.57200000000013
"s2-cu-a1-13-o-d-10:34","MSP",264,259,269,2.59900000000002
"s2-cu-a1-13-o-d-10:34","MSP",370,365,375,13.9779999999998
"s2-cu-a1-14-o-d-10:48","goAquaFlux",10,7,17,8.58978613182816
"s2-cu-a1-14-o-d-10:48","goAquaFlux",185,178,201,31.2736850218149
"s2-cu-a1-14-o-d-10:48","MSP",10,5,15,20.861
"s2-cu-a1-14-o-d-10:48","MSP",95,90,100,12.937
"s2-cu-a1-14-o-d-10:48","MSP",109,104,114,10.392
"s2-cu-a1-14-o-d-10:48","MSP",187,182,192,28.0299999999998
"s2-cu-a1-3-o-d-08:50","goAquaFlux",184,135,195,326.841690254402
"s2-cu-a1-3-o-d-08:50","MSP",7,2,12,168.503000000001
"s2-cu-a1-3-o-d-08:50","MSP",18,13,23,203.416
"s2-cu-a1-3-o-d-08:50","MSP",90,85,95,268.813000000001
"s2-cu-a1-3-o-d-08:50","MSP",190,185,195,374.596
"s2-cu-a1-3-o-d-08:50","MSP",197,192,202,277.442000000001
"s2-cu-a1-5-o-d-09:12","MSP",39,34,44,68.1430000000001
"s2-cu-a1-5-o-d-09:12","MSP",86,81,91,24.2819999999999
"s2-cu-a1-5-o-d-09:12","MSP",165,160,170,84.3340000000001
"s2-cu-a1-5-o-d-09:12","MSP",206,201,211,67.5439999999998
"s2-cu-a1-6-o-d-09:23","goAquaFlux",217,187,224,6.46510506745555
"s2-cu-a1-6-o-d-09:23","goAquaFlux",430,423,438,37.4523829451218
"s2-cu-a1-6-o-d-09:23","MSP",19,14,24,14.5870000000001
"s2-cu-a1-6-o-d-09:23","MSP",25,20,30,7.42399999999988
"s2-cu-a1-6-o-d-09:23","MSP",190,185,195,50.1209999999999
"s2-cu-a1-6-o-d-09:23","MSP",226,221,231,11.4610000000002
"s2-cu-a1-6-o-d-09:23","MSP",288,283,293,7.66199999999984
"s2-cu-a1-6-o-d-09:23","MSP",340,335,345,7.35200000000003
"s2-cu-a1-6-o-d-09:23","MSP",354,349,359,5.28700000000004
"s2-cu-a1-6-o-d-09:23","MSP",365,360,370,12.2409999999999
"s2-cu-a1-6-o-d-09:23","MSP",371,366,376,12.6729999999999
"s2-cu-a1-6-o-d-09:23","MSP",433,428,438,186.079
"s2-cu-a1-6-o-d-09:23","MSP",484,479,489,216.266
"s2-cu-a1-6-o-d-09:23","MSP",491,486,496,215.844
"s2-cu-a1-6-o-d-09:23","MSP",516,511,521,9.52800000000043
"s2-cu-a1-6-o-d-09:23","MSP",577,572,582,8.52000000000031
"s2-cu-a1-7-o-d-09:37","goAquaFlux",142,126,149,24.7201442357723
"s2-cu-a1-7-o-d-09:37","MSP",23,18,28,23.366
"s2-cu-a1-7-o-d-09:37","MSP",67,62,72,33.3129999999993
"s2-cu-a1-7-o-d-09:37","MSP",147,142,152,19.3539999999999
"s2-cu-a1-8-o-d-09:52","MSP",42,37,47,9.12800000000002
"s2-cu-a1-8-o-d-09:52","MSP",49,44,54,5.45300000000015
"s2-cu-a1-8-o-d-09:52","MSP",54,49,59,2.18600000000002
"s2-cu-a1-8-o-d-09:52","MSP",63,58,68,5.18999999999981
"s2-cu-a1-8-o-d-09:52","MSP",70,65,75,4.36699999999979
"s2-cu-a1-8-o-d-09:52","MSP",112,107,117,5.07999999999997
"s2-cu-a1-8-o-d-09:52","MSP",159,154,164,8.83900000000004
"s2-cu-a1-8-o-d-09:52","MSP",167,162,172,7.27499999999992
"s2-cu-a1-8-o-d-09:52","MSP",175,170,180,8.4970000000002
"s2-cu-a1-8-o-d-09:52","MSP",219,214,224,8.45399999999996
"s2-cu-a1-8-o-d-09:52","MSP",233,228,238,6.75200000000009
"s2-cu-a1-9-o-d-10:00","MSP",48,43,53,8.92099999999996
"s2-cu-a1-9-o-d-10:00","MSP",118,113,123,8.58399999999993
"s2-cu-a1-9-o-d-10:00","MSP",177,172,182,4.90600000000008
"s2-cu-a1-9-o-d-10:00","MSP",227,222,232,14.6809999999999
"s2-cu-a2-10-o-d-10:22","goAquaFlux",44,30,97,15457.6531529267
"s2-cu-a2-10-o-d-10:22","FS_default",44,10,114,19642.2688
"s2-cu-a2-10-o-d-10:22","MSP",45,40,50,35070.82
"s2-cu-a2-11-o-d-10:30","MSP",37,32,42,98.3682000000003
"s2-cu-a2-12-o-d-10:40","goAquaFlux",30,30,38,2299.50813033775
"s2-cu-a2-12-o-d-10:40","FS_default",30,1,63,11614.991
"s2-cu-a2-12-o-d-10:40","FS_default",281,158,439,60194.697
"s2-cu-a2-12-o-d-10:40","MSP",280,275,285,2041124.055
"s2-cu-a2-12-o-d-10:40","MSP",284,279,289,2008173.484
"s2-cu-a2-13-o-d-10:54","goAquaFlux",92,76,138,10195.8367454517
"s2-cu-a2-13-o-d-10:54","FS_default",92,55,139,11112.6786
"s2-cu-a2-13-o-d-10:54","MSP",95,90,100,7572.531
"s2-cu-a2-14-o-d-11:03","MSP",50,45,55,36.5019000000002
"s2-cu-a2-14-o-d-11:03","MSP",92,87,97,39.1801000000003
"s2-cu-a2-14-o-d-11:03","MSP",129,124,134,54.6781999999997
"s2-cu-a2-14-o-d-11:03","MSP",193,188,198,26.6149999999996
"s2-cu-a2-15-o-d-11:11","MSP",35,30,40,17.4157999999998
"s2-cu-a2-15-o-d-11:11","MSP",44,39,49,10.3874000000004
"s2-cu-a2-15-o-d-11:11","MSP",111,106,116,10.2412000000007
"s2-cu-a2-15-o-d-11:11","MSP",122,117,127,14.4123
"s2-cu-a2-15-o-d-11:11","MSP",130,125,135,9.19749999999997
"s2-cu-a2-4-o-d-09:13","goAquaFlux",11,7,83,67.4379470350243
"s2-cu-a2-4-o-d-09:13","MSP",22,17,27,32.0733000000004
"s2-cu-a2-4-o-d-09:13","MSP",83,78,88,4.42579999999992
"s2-cu-a2-4-o-d-09:13","MSP",479,474,484,4.57420000000219
"s2-cu-a2-4-o-d-09:13","MSP",551,546,556,2.99610000000072
"s2-cu-a2-4-o-d-09:13","MSP",619,614,624,5.29299999999999
"s2-cu-a2-5-o-d-09:34","MSP",5,0,10,86.0048
"s2-cu-a2-5-o-d-09:34","MSP",18,13,23,70.2362999999999
"s2-cu-a2-5-o-d-09:34","MSP",66,61,71,55.8149999999999
"s2-cu-a2-5-o-d-09:34","MSP",161,156,166,86.7548999999999
"s2-cu-a2-5-o-d-09:34","MSP",167,162,172,33.2751000000004
"s2-cu-a2-6-o-d-09:42","MSP",25,20,30,55.0866999999999
"s2-cu-a2-6-o-d-09:42","MSP",209,204,214,59.6818999999997
"s2-cu-a2-7-o-d-09:50","goAquaFlux",619,615,627,10.28056021944
"s2-cu-a2-7-o-d-09:50","MSP",29,24,34,12.0974
"s2-cu-a2-7-o-d-09:50","MSP",105,100,110,13.7803000000005
"s2-cu-a2-7-o-d-09:50","MSP",135,130,140,11.8163999999998
"s2-cu-a2-7-o-d-09:50","MSP",182,177,187,11.1395999999999
"s2-cu-a2-7-o-d-09:50","MSP",221,216,226,7.83909999999999
"s2-cu-a2-7-o-d-09:50","MSP",273,268,278,8.88530000000065
"s2-cu-a2-7-o-d-09:50","MSP",513,508,518,12.7035999999996
"s2-cu-a2-8-o-d-10:04","MSP",154,149,159,14.8839999999999
"s2-cu-a2-8-o-d-10:04","MSP",186,181,191,29.9823999999997
"s2-cu-a2-8-o-d-10:04","MSP",201,196,206,38.1486999999998
"s2-cu-a2-9-o-d-10:13","goAquaFlux",142,135,149,68.4801517308232
"s2-cu-a2-9-o-d-10:13","MSP",3,0,8,19.9879999999997
"s2-cu-a2-9-o-d-10:13","MSP",19,14,24,12.8622999999997
"s2-cu-a2-9-o-d-10:13","MSP",77,72,82,23.9737
"s2-cu-a2-9-o-d-10:13","MSP",88,83,93,26.0841999999997
"s2-cu-a2-9-o-d-10:13","MSP",200,195,205,27.6852999999999
"s2-cu-p1-1-o-d-07:38","goAquaFlux",379,360,389,18.6791596315416
"s2-cu-p1-1-o-d-07:38","MSP",116,111,121,7.97299999999979
"s2-cu-p1-1-o-d-07:38","MSP",179,174,184,38.4319999999998
"s2-cu-p1-1-o-d-07:38","MSP",269,264,274,7.5289999999999
"s2-cu-p1-1-o-d-07:38","MSP",323,318,328,28.0129999999996
"s2-cu-p1-1-o-d-07:38","MSP",387,382,392,24.1599999999997
"s2-cu-p1-1-o-d-07:38","MSP",501,496,506,8.79199999999969
"s2-cu-p1-1-o-d-07:38","MSP",585,580,590,37.5729999999996
"s2-cu-p1-1-o-d-07:38","MSP",639,634,644,5.28799999999974
"s2-cu-p1-10-o-d-09:29","MSP",41,36,46,7.06300000000004
"s2-cu-p1-10-o-d-09:29","MSP",207,202,212,4.9819999999996
"s2-cu-p1-10-o-d-09:29","MSP",274,269,279,12.785
"s2-cu-p1-10-o-d-09:29","MSP",347,342,352,9.31499999999996
"s2-cu-p1-10-o-d-09:29","MSP",476,471,481,5.6860000000003
"s2-cu-p1-10-o-d-09:29","MSP",558,553,563,11.7750000000001
"s2-cu-p1-10-o-d-09:29","MSP",657,652,662,7.29999999999986
"s2-cu-p1-12-o-d-10:03","goAquaFlux",61,56,70,5.29969142164836
"s2-cu-p1-12-o-d-10:03","goAquaFlux",279,270,291,113.209034326411
"s2-cu-p1-12-o-d-10:03","MSP",68,63,73,21.9499999999999
"s2-cu-p1-12-o-d-10:03","MSP",285,280,290,77.6680000000001
"s2-cu-p1-13-o-d-10:11","MSP",4,0,9,13.2810000000001
"s2-cu-p1-13-o-d-10:11","MSP",33,28,38,1.70399999999993
"s2-cu-p1-13-o-d-10:11","MSP",104,99,109,9.598
"s2-cu-p1-13-o-d-10:11","MSP",127,122,132,7.68000000000013
"s2-cu-p1-13-o-d-10:11","MSP",175,170,180,10.0569999999998
"s2-cu-p1-13-o-d-10:11","MSP",290,285,295,4.27899999999992
"s2-cu-p1-14-o-d-10:20","MSP",46,41,51,8.84199999999957
"s2-cu-p1-14-o-d-10:20","MSP",53,48,58,4.48899999999997
"s2-cu-p1-14-o-d-10:20","MSP",62,57,67,3.27300000000008
"s2-cu-p1-14-o-d-10:20","MSP",144,139,149,11.2450000000002
"s2-cu-p1-14-o-d-10:20","MSP",181,176,186,12.3419999999999
"s2-cu-p1-14-o-d-10:20","MSP",191,186,196,4.42900000000002
"s2-cu-p1-14-o-d-10:20","MSP",202,197,207,7.86400000000009
"s2-cu-p1-15-o-d-10:28","MSP",9,4,14,12.4980000000001
"s2-cu-p1-15-o-d-10:28","MSP",64,59,69,15.8
"s2-cu-p1-15-o-d-10:28","MSP",133,128,138,11.6370000000003
"s2-cu-p1-15-o-d-10:28","MSP",177,172,182,8.76799999999989
"s2-cu-p1-3-o-d-08:05","goAquaFlux",188,182,193,12.2338562868731
"s2-cu-p1-3-o-d-08:05","MSP",80,75,85,30.7630000000001
"s2-cu-p1-3-o-d-08:05","MSP",87,82,92,14.9560000000002
"s2-cu-p1-3-o-d-08:05","MSP",94,89,99,0
"s2-cu-p1-3-o-d-08:05","MSP",152,147,157,5.73899999999994
"s2-cu-p1-3-o-d-08:05","MSP",235,230,240,0.861000000000001
"s2-cu-p1-4-o-d-08:16","goAquaFlux",569,561,576,12.4438242006891
"s2-cu-p1-4-o-d-08:16","MSP",63,58,68,26.2920000000002
"s2-cu-p1-4-o-d-08:16","MSP",205,200,210,79.3460000000001
"s2-cu-p1-4-o-d-08:16","MSP",272,267,277,2.46499999999994
"s2-cu-p1-4-o-d-08:16","MSP",354,349,359,5.32099999999991
"s2-cu-p1-4-o-d-08:16","MSP",422,417,427,6.81999999999983
"s2-cu-p1-4-o-d-08:16","MSP",490,485,495,38.983
"s2-cu-p1-4-o-d-08:16","MSP",599,594,604,26.4609999999998
"s2-cu-p1-5-o-d-08:30","goAquaFlux",79,75,82,7.38977249537218
"s2-cu-p1-5-o-d-08:30","goAquaFlux",224,215,229,13.7888038961037
"s2-cu-p1-5-o-d-08:30","MSP",28,23,33,64.4389999999999
"s2-cu-p1-5-o-d-08:30","MSP",91,86,96,6.22699999999998
"s2-cu-p1-5-o-d-08:30","MSP",180,175,185,64.3570000000002
"s2-cu-p1-5-o-d-08:30","MSP",218,213,223,28.5880000000001
"s2-cu-p1-7-o-d-08:54","goAquaFlux",360,355,367,69.6461456711297
"s2-cu-p1-7-o-d-08:54","goAquaFlux",526,439,534,42.5030719356682
"s2-cu-p1-7-o-d-08:54","MSP",65,60,70,27.7970000000001
"s2-cu-p1-7-o-d-08:54","MSP",420,415,425,5.63700000000011
"s2-cu-p1-7-o-d-08:54","MSP",484,479,489,46.217
"s2-cu-p1-7-o-d-08:54","MSP",600,595,605,60.9579999999998
"s2-cu-p1-8-o-d-09:10","MSP",31,26,36,22.1230000000001
"s2-cu-p1-8-o-d-09:10","MSP",87,82,92,13.9270000000002
"s2-cu-p1-8-o-d-09:10","MSP",184,179,189,8.26200000000021
"s2-cu-p1-9-o-d-09:19","MSP",87,82,92,11.5340000000002
"s2-cu-p1-9-o-d-09:19","MSP",139,134,144,10.8519999999999
"s2-cu-p1-9-o-d-09:19","MSP",186,181,191,10.9919999999999
"s2-cu-p1-9-o-d-09:19","MSP",233,228,238,6.83100000000003
"s2-cu-p2-10-o-d-10:52","MSP",27,22,32,32.3452000000004
"s2-cu-p2-10-o-d-10:52","MSP",50,45,55,39.345
"s2-cu-p2-10-o-d-10:52","MSP",83,78,88,20.7766
"s2-cu-p2-10-o-d-10:52","MSP",165,160,170,21.0350999999998
"s2-cu-p2-10-o-d-10:52","MSP",176,171,180,7.82180000000032
"s2-cu-p2-11-o-d-11:08","goAquaFlux",127,120,134,21.282639026019
"s2-cu-p2-11-o-d-11:08","MSP",12,7,17,15.8469999999999
"s2-cu-p2-11-o-d-11:08","MSP",44,39,49,13.1047
"s2-cu-p2-11-o-d-11:08","MSP",85,80,90,19.0011999999999
"s2-cu-p2-11-o-d-11:08","MSP",138,133,143,41.0298
"s2-cu-p2-12-o-d-11:15","goAquaFlux",120,118,126,83.5827814079901
"s2-cu-p2-12-o-d-11:15","goAquaFlux",267,248,293,36.8783130679044
"s2-cu-p2-12-o-d-11:15","MSP",123,118,128,85.5195000000002
"s2-cu-p2-12-o-d-11:15","MSP",185,180,190,87.4674999999998
"s2-cu-p2-12-o-d-11:15","MSP",208,203,213,32.743
"s2-cu-p2-12-o-d-11:15","MSP",270,265,275,75.9175000000001
"s2-cu-p2-12-o-d-11:15","MSP",296,291,300,52.0877
"s2-cu-p2-13-o-d-11:23","goAquaFlux",181,145,191,14.2953464126156
"s2-cu-p2-13-o-d-11:23","MSP",131,126,136,51.2024000000002
"s2-cu-p2-13-o-d-11:23","MSP",151,146,156,97.3229999999998
"s2-cu-p2-13-o-d-11:23","MSP",171,166,176,97.9089000000002
"s2-cu-p2-13-o-d-11:23","MSP",183,178,188,125.4836
"s2-cu-p2-13-o-d-11:23","MSP",195,190,200,73.6838999999998
"s2-cu-p2-13-o-d-11:23","MSP",211,206,216,74.8873999999997
"s2-cu-p2-14-o-d-11:31","goAquaFlux",200,197,203,34.2616319099025
"s2-cu-p2-14-o-d-11:31","MSP",35,30,40,30.2424000000001
"s2-cu-p2-14-o-d-11:31","MSP",110,105,115,18.0940000000001
"s2-cu-p2-14-o-d-11:31","MSP",133,128,138,35.2947000000001
"s2-cu-p2-14-o-d-11:31","MSP",149,144,154,10.8114999999995
"s2-cu-p2-14-o-d-11:31","MSP",213,208,218,22.2026
"s2-cu-p2-15-o-d-11:39","MSP",322,317,327,3566.8628
"s2-cu-p2-15-o-d-11:39","MSP",345,340,350,19.6016000000001
"s2-cu-p2-4-o-d-09:21","goAquaFlux",116,111,118,15.5668154914532
"s2-cu-p2-4-o-d-09:21","goAquaFlux",209,202,216,9.57845494463561
"s2-cu-p2-4-o-d-09:21","MSP",89,84,94,13.0566999999999
"s2-cu-p2-4-o-d-09:21","MSP",142,137,147,13.4314
"s2-cu-p2-4-o-d-09:21","MSP",442,437,447,10.6231000000001
"s2-cu-p2-4-o-d-09:21","MSP",613,608,618,19.1585000000001
"s2-cu-p2-4-o-d-09:21","MSP",651,646,656,12.8705999999994
"s2-cu-p2-5-o-d-09:36","MSP",50,45,55,26.9282
"s2-cu-p2-5-o-d-09:36","MSP",89,84,94,17.9290000000001
"s2-cu-p2-5-o-d-09:36","MSP",101,96,106,11.4978000000003
"s2-cu-p2-5-o-d-09:36","MSP",188,183,193,8.09890000000069
"s2-cu-p2-5-o-d-09:36","MSP",197,192,202,11.4283999999998
"s2-cu-p2-6-o-d-09:45","goAquaFlux",37,7,45,35.3356107744261
"s2-cu-p2-6-o-d-09:45","goAquaFlux",88,82,88,46.1096898266854
"s2-cu-p2-6-o-d-09:45","goAquaFlux",176,175,183,7.94388604681212
"s2-cu-p2-6-o-d-09:45","goAquaFlux",626,619,631,11.9087513725488
"s2-cu-p2-6-o-d-09:45","MSP",43,38,48,17.1279000000006
"s2-cu-p2-6-o-d-09:45","MSP",106,101,111,16.2122
"s2-cu-p2-6-o-d-09:45","MSP",177,172,182,14.8957999999997
"s2-cu-p2-6-o-d-09:45","MSP",291,286,296,19.7680999999998
"s2-cu-p2-6-o-d-09:45","MSP",427,422,432,8.83599999999962
"s2-cu-p2-6-o-d-09:45","MSP",535,530,540,11.6784999999999
"s2-cu-p2-7-o-d-10:03","MSP",72,67,77,10.6150000000005
"s2-cu-p2-7-o-d-10:03","MSP",154,149,159,13.7378000000004
"s2-cu-p2-7-o-d-10:03","MSP",212,207,217,13.3871999999999
"s2-cu-p2-7-o-d-10:03","MSP",270,265,275,12.6762999999999
"s2-cu-p2-7-o-d-10:03","MSP",351,346,356,15.1616000000003
"s2-cu-p2-8-o-d-10:13","MSP",82,77,87,20.6591999999999
"s2-cu-p2-8-o-d-10:13","MSP",137,132,142,15.4621000000006
"s2-cu-p2-8-o-d-10:13","MSP",220,215,225,19.8989000000003
"s2-cu-p2-8-o-d-10:13","MSP",255,250,260,16.9353000000001
"s2-cu-p2-8-o-d-10:13","MSP",274,269,279,23.5002
"s2-cu-p2-9-o-d-10:45","MSP",52,47,57,13.9008999999999
"s2-cu-p2-9-o-d-10:45","MSP",119,114,124,23.2880999999998
"s2-cu-p2-9-o-d-10:45","MSP",173,168,178,17.8965
"s2-cu-r1-10-o-d-10:23","goAquaFlux",114,100,117,47.178247352615
"s2-cu-r1-10-o-d-10:23","MSP",101,96,106,25.6060000000002
"s2-cu-r1-10-o-d-10:23","MSP",140,135,145,48.7770000000003
"s2-cu-r1-10-o-d-10:23","MSP",201,196,206,157.331
"s2-cu-r1-11-o-d-10:41","goAquaFlux",117,90,119,58.7875860896564
"s2-cu-r1-11-o-d-10:41","MSP",241,236,246,19.0089999999996
"s2-cu-r1-12-o-d-10:52","MSP",10,5,15,18.9509999999999
"s2-cu-r1-12-o-d-10:52","MSP",81,76,86,30.5260000000001
"s2-cu-r1-12-o-d-10:52","MSP",194,189,199,21.979
"s2-cu-r1-12-o-d-10:52","MSP",250,245,255,9.73300000000021
"s2-cu-r1-6-o-d-09:14","goAquaFlux",413,399,414,74.4609738992914
"s2-cu-r1-6-o-d-09:14","MSP",192,187,197,74.7810000000007
"s2-cu-r1-6-o-d-09:14","MSP",243,238,248,108.141
"s2-cu-r1-6-o-d-09:14","MSP",388,383,393,56.6019999999998
"s2-cu-r1-6-o-d-09:14","MSP",430,425,435,114.81
"s2-cu-r1-6-o-d-09:14","MSP",479,474,484,89.2270000000002
"s2-cu-r1-6-o-d-09:14","MSP",581,576,586,45.6090000000007
"s2-cu-r1-6-o-d-09:14","MSP",641,636,646,92.6239999999998
"s2-cu-r1-7-o-d-09:31","MSP",44,39,49,41.026
"s2-cu-r1-7-o-d-09:31","MSP",174,169,179,61.4499999999998
"s2-cu-r1-7-o-d-09:31","MSP",226,221,231,40.0340000000003
"s2-cu-r1-9-o-d-10:03","MSP",10,5,15,22.7360000000001
"s2-cu-r1-9-o-d-10:03","MSP",99,94,104,28.2860000000005
"s2-cu-r1-9-o-d-10:03","MSP",232,227,237,26.8709999999999
"s2-cu-r1-9-o-d-10:03","MSP",398,393,403,15.2769999999998
"s2-cu-r2-10-o-d-11:10","MSP",25,20,30,0.916200000000256
"s2-cu-r2-10-o-d-11:10","MSP",115,110,120,3.78230000000013
"s2-cu-r2-10-o-d-11:10","MSP",142,137,147,5.12259999999998
"s2-cu-r2-10-o-d-11:10","MSP",148,143,153,3.68609999999991
"s2-cu-r2-11-o-d-11:23","MSP",1,0,6,31.1896999999997
"s2-cu-r2-11-o-d-11:23","MSP",10,5,15,33.1626000000003
"s2-cu-r2-11-o-d-11:23","MSP",352,347,357,3.3799000000001
"s2-cu-r2-11-o-d-11:23","MSP",395,390,400,5.19109999999978
"s2-cu-r2-11-o-d-11:23","MSP",420,415,425,26.0598000000001
"s2-cu-r2-11-o-d-11:23","MSP",432,427,437,15.1348000000002
"s2-cu-r2-11-o-d-11:23","MSP",438,433,443,10.4478000000001
"s2-cu-r2-12-o-d-11:37","MSP",11,6,16,4.68430000000009
"s2-cu-r2-12-o-d-11:37","MSP",142,137,147,7.50729999999988
"s2-cu-r2-12-o-d-11:37","MSP",210,205,215,13.3956999999998
"s2-cu-r2-12-o-d-11:37","MSP",224,219,229,14.4883
"s2-cu-r2-12-o-d-11:37","MSP",239,234,244,13.4468000000005
"s2-cu-r2-12-o-d-11:37","MSP",284,279,289,15.7238999999998
"s2-cu-r2-13-o-d-11:45","MSP",6,1,11,27.2170000000003
"s2-cu-r2-13-o-d-11:45","MSP",130,125,135,38.1982999999999
"s2-cu-r2-13-o-d-11:45","MSP",159,154,164,35.0790999999999
"s2-cu-r2-13-o-d-11:45","MSP",189,184,194,37.1236000000001
"s2-cu-r2-13-o-d-11:45","MSP",243,238,248,18.9055000000002
"s2-cu-r2-13-o-d-11:45","MSP",292,287,297,37.3766999999998
"s2-cu-r2-13-o-d-11:45","MSP",316,311,321,39.5659000000004
"s2-cu-r2-13-o-d-11:45","MSP",351,346,356,24.2790999999998
"s2-cu-r2-14-o-d-11:55","goAquaFlux",292,292,297,31.2314525350524
"s2-cu-r2-14-o-d-11:55","MSP",67,62,72,12.5039
"s2-cu-r2-14-o-d-11:55","MSP",134,129,139,20.3996000000002
"s2-cu-r2-14-o-d-11:55","MSP",293,288,298,26.7232000000006
"s2-cu-r2-14-o-d-11:55","MSP",361,356,366,8.32100000000002
"s2-cu-r2-14-o-d-11:55","MSP",447,442,452,13.2091999999999
"s2-cu-r2-14-o-d-11:55","MSP",513,508,518,6.10789999999994
"s2-cu-r2-14-o-d-11:55","MSP",583,578,588,15.5578999999997
"s2-cu-r2-14-o-d-11:55","MSP",649,644,654,26.7333999999999
"s2-cu-r2-15-o-d-12:10","MSP",113,108,118,106.8716
"s2-cu-r2-15-o-d-12:10","MSP",145,140,150,75.0801000000001
"s2-cu-r2-15-o-d-12:10","MSP",207,202,212,180.5557
"s2-cu-r2-16-o-d-12:17","MSP",106,101,111,46.1580000000001
"s2-cu-r2-16-o-d-12:17","MSP",143,138,148,16.9912000000005
"s2-cu-r2-16-o-d-12:17","MSP",189,184,194,39.1773
"s2-cu-r2-16-o-d-12:17","MSP",222,217,227,30.4564999999997
"s2-cu-r2-7-o-d-10:10","goAquaFlux",271,265,277,10.528467544583
"s2-cu-r2-7-o-d-10:10","goAquaFlux",313,306,319,9.51936337117393
"s2-cu-r2-7-o-d-10:10","goAquaFlux",401,396,407,16.2704092597279
"s2-cu-r2-7-o-d-10:10","goAquaFlux",496,489,503,16.8814360340249
"s2-cu-r2-7-o-d-10:10","goAquaFlux",524,517,548,8.14942167846302
"s2-cu-r2-7-o-d-10:10","MSP",12,7,17,34.4472999999996
"s2-cu-r2-7-o-d-10:10","MSP",81,76,86,12.4707000000006
"s2-cu-r2-7-o-d-10:10","MSP",211,206,216,18.2153000000005
"s2-cu-r2-7-o-d-10:10","MSP",283,278,288,12.4673000000004
"s2-cu-r2-7-o-d-10:10","MSP",324,319,329,0
"s2-cu-r2-7-o-d-10:10","MSP",385,380,390,0
"s2-cu-r2-7-o-d-10:10","MSP",427,422,432,10.8115
"s2-cu-r2-7-o-d-10:10","MSP",474,469,479,9.60130000000037
"s2-cu-r2-7-o-d-10:10","MSP",504,499,509,0
"s2-cu-r2-7-o-d-10:10","MSP",578,573,583,0
"s2-cu-r2-7-o-d-10:10","MSP",627,622,632,1.45530000000038
"s2-cu-r2-7-o-d-10:10","MSP",725,720,730,8.41899999999995
"s2-cu-r2-7-o-d-10:10","MSP",760,755,765,15.7426000000003
"s2-cu-r2-7-o-d-10:10","MSP",1020,1015,1025,5.43919999999964
"s2-cu-r2-7-o-d-10:10","MSP",1079,1074,1080,0
"s2-cu-r2-8-o-d-10:33","goAquaFlux",158,148,171,183.884684995311
"s2-cu-r2-8-o-d-10:33","goAquaFlux",308,305,319,153.82868830488
"s2-cu-r2-8-o-d-10:33","goAquaFlux",464,457,474,52.0543310614019
"s2-cu-r2-8-o-d-10:33","MSP",164,159,169,60.0327000000003
"s2-cu-r2-8-o-d-10:33","MSP",247,242,252,135.4294
"s2-cu-r2-8-o-d-10:33","MSP",315,310,320,67.8061999999997
"s2-cu-r2-8-o-d-10:33","MSP",471,466,476,0
"s2-cu-r2-8-o-d-10:33","MSP",625,620,630,132.992100000001
"s2-cu-r2-8-o-d-10:33","MSP",701,696,706,250.179700000002
"s2-cu-r2-8-o-d-10:33","MSP",782,777,787,166.485999999999
"s2-cu-r2-9-o-d-11:00","MSP",116,111,121,1.70409999999954
"s2-cu-r2-9-o-d-11:00","MSP",164,159,169,5.64210000000021
"s2-cu-r2-9-o-d-11:00","MSP",176,171,181,7.1298999999998
"s2-cu-r2-9-o-d-11:00","MSP",191,186,196,2.71430000000006
"s2-cu-r2-9-o-d-11:00","MSP",199,194,204,3.64299999999984
"s2-cu-r2-9-o-d-11:00","MSP",214,209,219,8.84649999999931
"s2-da-a1-1-o-d-08:17","MSP",65,60,70,0.0678999999998986
"s2-da-a1-1-o-d-08:17","MSP",126,121,131,0.18669999999954
"s2-da-a1-1-o-d-08:17","MSP",177,172,182,0
"s2-da-a1-1-o-d-08:17","MSP",218,213,223,0.244099999999747
"s2-da-a1-1-o-d-08:17","MSP",249,244,254,0.14409999999998
"s2-da-a1-1-o-d-08:17","MSP",296,291,301,0.185500000000172
"s2-da-a1-1-o-d-08:17","MSP",381,376,386,0.527399999999734
"s2-da-a1-1-o-d-08:17","MSP",439,434,444,0.146999999999675
"s2-da-a1-1-o-d-08:17","MSP",506,501,511,0.478999999999896
"s2-da-a1-1-o-d-08:17","MSP",621,616,626,0.171399999999711
"s2-da-a1-2-o-d-08:33","MSP",12,7,17,0.438700000000125
"s2-da-a1-2-o-d-08:33","MSP",54,49,59,0.2443999999997
"s2-da-a1-2-o-d-08:33","MSP",85,80,90,0.345700000000448
"s2-da-a1-2-o-d-08:33","MSP",113,108,118,0.487099999999963
"s2-da-a1-3-o-d-08:43","MSP",5,0,10,0.356899999999882
"s2-da-a1-3-o-d-08:43","MSP",39,34,44,0.477499999999687
"s2-da-a1-3-o-d-08:43","MSP",85,80,90,0.53599999999987
"s2-da-a1-3-o-d-08:43","MSP",104,99,109,0.211600000000089
"s2-da-a1-3-o-d-08:43","MSP",119,114,124,0.378899999999849
"s2-da-a1-3-o-d-08:43","MSP",228,223,233,0.47150000000018
"s2-da-a1-3-o-d-08:43","MSP",257,252,262,0.280199999999731
"s2-da-a1-3-o-d-08:43","MSP",314,309,319,0.527500000000014
"s2-da-a1-3-o-d-08:43","MSP",329,324,334,0.49179999999982
"s2-da-a1-3-o-d-08:43","MSP",389,384,394,0.395699999999888
"s2-da-a1-3-o-d-08:43","MSP",406,401,411,0.345900000000565
"s2-da-a2-1-o-d-07:32","goAquaFlux",360,360,367,28.0081000622178
"s2-da-a2-1-o-d-07:32","MSP",99,94,104,4.39840000000036
"s2-da-a2-1-o-d-07:32","MSP",366,361,371,8.51299999999977
"s2-da-a2-1-o-d-07:32","MSP",608,603,613,0.916499999999765
"s2-da-a2-1-o-d-07:32","MSP",749,744,754,3.97680000000022
"s2-da-a2-10-o-d-09:31","MSP",29,24,34,6.27980000000017
"s2-da-a2-10-o-d-09:31","MSP",94,89,99,5.50320000000015
"s2-da-a2-10-o-d-09:31","MSP",129,124,134,7.42259999999995
"s2-da-a2-11-o-d-09:57","MSP",17,12,22,0.297799999999793
"s2-da-a2-11-o-d-09:57","MSP",32,27,37,0.839800000000057
"s2-da-a2-11-o-d-09:57","MSP",83,78,88,0.967500000000232
"s2-da-a2-11-o-d-09:57","MSP",94,89,99,0.563499999999717
"s2-da-a2-11-o-d-09:57","MSP",178,173,183,2.73559999999984
"s2-da-a2-11-o-d-09:57","MSP",190,185,195,2.81130000000029
"s2-da-a2-11-o-d-09:57","MSP",203,198,208,3.48969999999982
"s2-da-a2-11-o-d-09:57","MSP",208,203,213,2.58439999999949
"s2-da-a2-12-o-d-10:06","goAquaFlux",75,73,82,22.7452967244477
"s2-da-a2-12-o-d-10:06","MSP",77,72,82,11.5352
"s2-da-a2-12-o-d-10:06","MSP",156,151,161,16.3213
"s2-da-a2-12-o-d-10:06","MSP",225,220,230,13.4148000000001
"s2-da-a2-13-o-d-10:17","MSP",42,37,47,6.40940000000034
"s2-da-a2-14-o-d-10:29","goAquaFlux",586,582,596,19.5574608914895
"s2-da-a2-14-o-d-10:29","MSP",14,9,19,3.97050000000032
"s2-da-a2-14-o-d-10:29","MSP",181,176,186,16.5739999999994
"s2-da-a2-14-o-d-10:29","MSP",240,235,245,20.9723999999998
"s2-da-a2-14-o-d-10:29","MSP",289,284,294,13.1733000000001
"s2-da-a2-14-o-d-10:29","MSP",622,617,627,13.8210999999999
"s2-da-a2-15-o-d-10:46","MSP",72,67,77,14.9718999999999
"s2-da-a2-15-o-d-10:46","MSP",276,271,281,7.20939999999981
"s2-da-a2-2-o-d-07:52","MSP",4,0,9,11.9031000000001
"s2-da-a2-2-o-d-07:52","MSP",79,74,84,5.87840000000028
"s2-da-a2-2-o-d-07:52","MSP",154,149,159,5.79230000000042
"s2-da-a2-2-o-d-07:52","MSP",195,190,200,11.0719999999995
"s2-da-a2-3-o-d-08:04","goAquaFlux",61,53,68,12.3050590177038
"s2-da-a2-3-o-d-08:04","goAquaFlux",101,95,113,9.18311538152238
"s2-da-a2-3-o-d-08:04","MSP",17,12,22,2.45240000000013
"s2-da-a2-3-o-d-08:04","MSP",65,60,70,9.10840000000013
"s2-da-a2-3-o-d-08:04","MSP",131,126,136,3.85739999999979
"s2-da-a2-3-o-d-08:04","MSP",323,318,328,8.06299999999993
"s2-da-a2-4-o-d-08:16","MSP",45,40,50,10.0562000000002
"s2-da-a2-4-o-d-08:16","MSP",116,111,121,6.94900000000009
"s2-da-a2-4-o-d-08:16","MSP",134,129,139,5.1755
"s2-da-a2-4-o-d-08:16","MSP",146,141,151,6.35369999999957
"s2-da-a2-4-o-d-08:16","MSP",199,194,204,5.1272
"s2-da-a2-4-o-d-08:16","MSP",286,281,291,7.51240000000042
"s2-da-a2-5-o-d-08:26","MSP",4,0,9,1.99799999999994
"s2-da-a2-5-o-d-08:26","MSP",46,41,51,1.81670000000045
"s2-da-a2-5-o-d-08:26","MSP",155,150,160,5.26070000000001
"s2-da-a2-6-o-d-08:36","MSP",39,34,44,0.558200000000397
"s2-da-a2-6-o-d-08:36","MSP",117,112,122,3.20019999999976
"s2-da-a2-6-o-d-08:36","MSP",131,126,136,1.36059999999993
"s2-da-a2-6-o-d-08:36","MSP",204,199,209,0.722200000000228
"s2-da-a2-7-o-d-08:47","MSP",48,43,53,0.528500000000154
"s2-da-a2-7-o-d-08:47","MSP",172,167,177,2.03659999999983
"s2-da-a2-8-o-d-09:02","MSP",330,325,335,3546.1184
"s2-da-a2-8-o-d-09:02","MSP",336,331,341,3472.2888
"s2-da-a2-9-o-d-09:17","goAquaFlux",163,156,186,16.1699623930972
"s2-da-a2-9-o-d-09:17","MSP",119,114,124,6.56029999999985
"s2-da-a2-9-o-d-09:17","MSP",168,163,173,8.0448999999998
"s2-da-a2-9-o-d-09:17","MSP",268,263,273,7.73849999999987
"s2-da-a2-9-o-d-09:17","MSP",302,297,307,8.10770000000005
"s2-da-a2-9-o-d-09:17","MSP",327,322,332,9.08299999999995
"s2-da-a2-9-o-d-09:17","MSP",367,362,372,6.41920000000029
"s2-da-p1-1-o-d-08:10","MSP",14,9,19,2.30780000000008
"s2-da-p1-1-o-d-08:10","MSP",129,124,134,2.29299999999988
"s2-da-p1-1-o-d-08:10","MSP",135,130,140,2.06129999999982
"s2-da-p1-1-o-d-08:10","MSP",231,226,236,1.20290000000001
"s2-da-p1-1-o-d-08:10","MSP",303,298,308,0.430199999999825
"s2-da-p1-1-o-d-08:10","MSP",309,304,314,0.00409999999995136
"s2-da-p1-1-o-d-08:10","MSP",642,637,647,0.404500000000141
"s2-da-p1-10-o-d-09:56","MSP",55,50,60,29.7129000000003
"s2-da-p1-10-o-d-09:56","MSP",147,142,152,25.1820999999999
"s2-da-p1-10-o-d-09:56","MSP",194,189,199,14.6691999999997
"s2-da-p1-10-o-d-09:56","MSP",258,253,263,28.4175000000002
"s2-da-p1-11-o-d-10:08","goAquaFlux",100,91,107,65.6681979930689
"s2-da-p1-11-o-d-10:08","MSP",36,31,41,6.58469999999989
"s2-da-p1-11-o-d-10:08","MSP",111,106,116,29.4380000000003
"s2-da-p1-11-o-d-10:08","MSP",223,218,228,16.0388
"s2-da-p1-12-o-d-10:28","MSP",8,3,13,0
"s2-da-p1-12-o-d-10:28","MSP",46,41,51,0.139699999999632
"s2-da-p1-12-o-d-10:28","MSP",121,116,126,0.961200000000328
"s2-da-p1-12-o-d-10:28","MSP",194,189,199,1.0785999999996
"s2-da-p1-12-o-d-10:28","MSP",261,256,266,0.699699999999748
"s2-da-p1-2-o-d-08:28","MSP",33,28,38,10.2698000000001
"s2-da-p1-2-o-d-08:28","MSP",105,100,110,11.4716999999995
"s2-da-p1-2-o-d-08:28","MSP",167,162,172,13.1186999999997
"s2-da-p1-3-o-d-08:38","goAquaFlux",140,139,147,9.62875668380554
"s2-da-p1-3-o-d-08:38","MSP",103,98,108,16.4399000000004
"s2-da-p1-3-o-d-08:38","MSP",142,137,147,26.1510999999999
"s2-da-p1-3-o-d-08:38","MSP",183,178,188,14.9665999999997
"s2-da-p1-4-o-d-08:47","MSP",55,50,60,21.6726
"s2-da-p1-4-o-d-08:47","MSP",64,59,69,16.4006999999997
"s2-da-p1-4-o-d-08:47","MSP",101,96,106,25.0608000000003
"s2-da-p1-4-o-d-08:47","MSP",153,148,158,10.4419
"s2-da-p1-4-o-d-08:47","MSP",254,249,259,13.9773000000001
"s2-da-p1-4-o-d-08:47","MSP",263,258,268,8.86669999999956
"s2-da-p1-4-o-d-08:47","MSP",274,269,279,9.06859999999998
"s2-da-p1-4-o-d-08:47","MSP",333,328,338,6.62059999999975
"s2-da-p1-5-o-d-08:57","goAquaFlux",62,54,70,22.9094427514806
"s2-da-p1-5-o-d-08:57","MSP",76,71,81,14.2646999999996
"s2-da-p1-5-o-d-08:57","MSP",188,183,193,11.7603000000002
"s2-da-p1-5-o-d-08:57","MSP",295,290,300,10.8950000000001
"s2-da-p1-6-o-d-09:08","goAquaFlux",10,7,18,20.2375444133832
"s2-da-p1-6-o-d-09:08","MSP",12,7,17,26.8817999999995
"s2-da-p1-7-o-d-09:19","goAquaFlux",89,40,99,37.4841630591013
"s2-da-p1-7-o-d-09:19","goAquaFlux",556,545,579,1676.31542619496
"s2-da-p1-7-o-d-09:19","FS_default",556,525,591,9480.9558
"s2-da-p1-7-o-d-09:19","MSP",538,533,543,11.0573999999999
"s2-da-p1-7-o-d-09:19","MSP",544,539,549,7.96919999999979
"s2-da-p1-7-o-d-09:19","MSP",563,558,568,3.63769999999963
"s2-da-p1-7-o-d-09:19","MSP",570,565,575,20.9160000000002
"s2-da-p1-8-o-d-09:36","MSP",22,17,27,11.9213999999999
"s2-da-p1-8-o-d-09:36","MSP",98,93,103,24.2544000000002
"s2-da-p1-8-o-d-09:36","MSP",167,162,172,11.8816000000002
"s2-da-p1-9-o-d-09:46","MSP",37,32,42,3.29760000000023
"s2-da-p1-9-o-d-09:46","MSP",53,48,58,4.31959999999965
"s2-da-p1-9-o-d-09:46","MSP",110,105,115,18.9368000000001
"s2-da-p1-9-o-d-09:46","MSP",121,116,126,20.0588000000002
"s2-da-p1-9-o-d-09:46","MSP",127,122,132,15.5449999999999
"s2-da-p1-9-o-d-09:46","MSP",134,129,139,10.1648000000001
"s2-da-p1-9-o-d-09:46","MSP",150,145,155,9.79000000000019
"s2-da-p1-9-o-d-09:46","MSP",206,201,211,5.10160000000015
"s2-da-p2-1-o-d-09:44","goAquaFlux",392,385,409,8.10960320088276
"s2-da-p2-1-o-d-09:44","MSP",111,106,116,18.214
"s2-da-p2-1-o-d-09:44","MSP",149,144,154,12.8760000000003
"s2-da-p2-1-o-d-09:44","MSP",231,226,236,7.11499999999976
"s2-da-p2-1-o-d-09:44","MSP",318,313,323,5.16100000000019
"s2-da-p2-1-o-d-09:44","MSP",462,457,467,14.0090000000002
"s2-da-p2-1-o-d-09:44","MSP",518,513,523,13.6919999999998
"s2-da-p2-10-o-d-11:23","MSP",11,6,16,20.7379999999997
"s2-da-p2-10-o-d-11:23","MSP",93,88,98,38.7040000000001
"s2-da-p2-10-o-d-11:23","MSP",177,172,182,36.4739999999997
"s2-da-p2-10-o-d-11:23","MSP",209,204,214,48.1640000000003
"s2-da-p2-10-o-d-11:23","MSP",257,252,262,26.7030000000004
"s2-da-p2-11-o-d-11:33","MSP",253,248,258,15.1239999999997
"s2-da-p2-11-o-d-11:33","MSP",336,331,341,15.4890000000001
"s2-da-p2-11-o-d-11:33","MSP",421,416,426,20.769
"s2-da-p2-11-o-d-11:33","MSP",505,500,510,12.6170000000001
"s2-da-p2-11-o-d-11:33","MSP",583,578,588,38.7270000000002
"s2-da-p2-13-o-d-12:17","MSP",91,86,96,40.7859999999998
"s2-da-p2-13-o-d-12:17","MSP",132,127,137,30.98
"s2-da-p2-13-o-d-12:17","MSP",208,203,213,31.4199999999998
"s2-da-p2-14-o-d-12:26","MSP",66,61,71,31.8830000000001
"s2-da-p2-14-o-d-12:26","MSP",121,116,126,28.9990000000002
"s2-da-p2-14-o-d-12:26","MSP",232,227,237,16.9049999999999
"s2-da-p2-15-o-d-12:34","MSP",16,11,21,50.0829999999999
"s2-da-p2-15-o-d-12:34","MSP",116,111,121,19.9120000000002
"s2-da-p2-4-o-d-10:26","goAquaFlux",179,169,187,11.2572068037476
"s2-da-p2-4-o-d-10:26","MSP",38,33,43,11.4789999999998
"s2-da-p2-4-o-d-10:26","MSP",46,41,51,0.648999999999678
"s2-da-p2-4-o-d-10:26","MSP",79,74,84,12.2239999999998
"s2-da-p2-4-o-d-10:26","MSP",115,110,120,39.2709999999998
"s2-da-p2-4-o-d-10:26","MSP",121,116,126,16.2519999999997
"s2-da-p2-4-o-d-10:26","MSP",131,126,136,7.00399999999934
"s2-da-p2-4-o-d-10:26","MSP",189,184,194,7.36999999999988
"s2-da-p2-5-o-d-10:34","MSP",15,10,20,41.506
"s2-da-p2-5-o-d-10:34","MSP",36,31,41,34.7729999999999
"s2-da-p2-6-o-d-10:42","MSP",10,5,15,22.8999999999999
"s2-da-p2-6-o-d-10:42","MSP",105,100,110,24.553
"s2-da-p2-6-o-d-10:42","MSP",146,141,151,34.8570000000001
"s2-da-p2-6-o-d-10:42","MSP",201,196,206,6.87900000000008
"s2-da-p2-7-o-d-10:51","goAquaFlux",625,618,630,27.7819410457513
"s2-da-p2-7-o-d-10:51","MSP",94,89,99,26.319
"s2-da-p2-7-o-d-10:51","MSP",181,176,186,31.698
"s2-da-p2-7-o-d-10:51","MSP",255,250,260,20.1479999999998
"s2-da-p2-7-o-d-10:51","MSP",429,424,434,23.3430000000001
"s2-da-p2-7-o-d-10:51","MSP",543,538,548,23.787
"s2-da-p2-7-o-d-10:51","MSP",609,604,614,23.6840000000003
"s2-da-p2-7-o-d-10:51","MSP",632,627,637,29.8990000000003
"s2-da-p2-8-o-d-11:07","goAquaFlux",24,7,77,23.4898735722451
"s2-da-p2-8-o-d-11:07","MSP",80,75,85,27.6019999999999
"s2-da-p2-8-o-d-11:07","MSP",144,139,149,43.8209999999999
"s2-da-p2-8-o-d-11:07","MSP",156,151,161,38.3810000000002
"s2-da-p2-8-o-d-11:07","MSP",172,167,177,37.7260000000001
"s2-da-p2-9-o-d-11:15","goAquaFlux",89,82,94,6.29443294857539
"s2-da-p2-9-o-d-11:15","MSP",53,48,58,14.3649999999997
"s2-da-p2-9-o-d-11:15","MSP",112,107,117,23.8580000000002
"s2-da-p2-9-o-d-11:15","MSP",184,179,189,34.9340000000002
"s2-da-p2-9-o-d-11:15","MSP",268,263,273,21.2300000000001
"s2-da-r1-1-o-d-09:00","MSP",93,88,98,25.9800000000001
"s2-da-r1-1-o-d-09:00","MSP",192,187,197,17.2179999999997
"s2-da-r1-1-o-d-09:00","MSP",293,288,298,10.634
"s2-da-r1-1-o-d-09:00","MSP",461,456,466,15.7470000000002
"s2-da-r1-1-o-d-09:00","MSP",575,570,580,17.5960000000002
"s2-da-r1-10-o-d-11:06","MSP",6,1,11,5.14300000000012
"s2-da-r1-10-o-d-11:06","MSP",17,12,22,7.12000000000002
"s2-da-r1-10-o-d-11:06","MSP",112,107,117,1.73500000000004
"s2-da-r1-10-o-d-11:06","MSP",119,114,124,5.10900000000003
"s2-da-r1-10-o-d-11:06","MSP",143,138,148,20.3160000000002
"s2-da-r1-10-o-d-11:06","MSP",157,152,162,3.94399999999973
"s2-da-r1-10-o-d-11:06","MSP",174,169,179,4.88
"s2-da-r1-10-o-d-11:06","MSP",248,243,253,9.7590000000003
"s2-da-r1-11-o-d-11:15","MSP",10,5,15,12.7489999999999
"s2-da-r1-11-o-d-11:15","MSP",100,95,105,5.89700000000004
"s2-da-r1-11-o-d-11:15","MSP",182,177,187,12.715
"s2-da-r1-11-o-d-11:15","MSP",222,217,227,12.648
"s2-da-r1-11-o-d-11:15","MSP",277,272,282,14.8029999999997
"s2-da-r1-12-o-d-11:25","MSP",28,23,33,15.7099999999999
"s2-da-r1-12-o-d-11:25","MSP",106,101,111,18.8839999999999
"s2-da-r1-12-o-d-11:25","MSP",140,135,145,10.1680000000002
"s2-da-r1-12-o-d-11:25","MSP",188,183,193,10.6170000000003
"s2-da-r1-12-o-d-11:25","MSP",230,225,235,15.8839999999998
"s2-da-r1-13-o-d-11:39","goAquaFlux",58,45,58,33.7140553407256
"s2-da-r1-13-o-d-11:39","MSP",12,7,17,5.80700000000034
"s2-da-r1-13-o-d-11:39","MSP",78,73,83,20.429
"s2-da-r1-13-o-d-11:39","MSP",97,92,102,12.2810000000002
"s2-da-r1-13-o-d-11:39","MSP",164,159,169,8.58899999999974
"s2-da-r1-13-o-d-11:39","MSP",193,188,198,9.63100000000017
"s2-da-r1-13-o-d-11:39","MSP",255,250,260,10.0209999999996
"s2-da-r1-13-o-d-11:39","MSP",396,391,401,5.87700000000035
"s2-da-r1-13-o-d-11:39","MSP",479,474,484,3.86199999999981
"s2-da-r1-3-o-d-09:33","MSP",33,28,38,29.9719999999999
"s2-da-r1-3-o-d-09:33","MSP",97,92,102,19.593
"s2-da-r1-3-o-d-09:33","MSP",112,107,117,14.7310000000003
"s2-da-r1-3-o-d-09:33","MSP",162,157,167,13.6679999999996
"s2-da-r1-4-o-d-09:41","MSP",5,0,10,9.436
"s2-da-r1-4-o-d-09:41","MSP",44,39,49,8.80400000000003
"s2-da-r1-4-o-d-09:41","MSP",108,103,113,7.49900000000014
"s2-da-r1-4-o-d-09:41","MSP",127,122,132,10.3430000000002
"s2-da-r1-4-o-d-09:41","MSP",169,164,174,12.8869999999996
"s2-da-r1-4-o-d-09:41","MSP",191,186,196,10.0009999999999
"s2-da-r1-4-o-d-09:41","MSP",229,224,234,5.43300000000002
"s2-da-r1-4-o-d-09:41","MSP",274,269,279,8.39800000000013
"s2-da-r1-5-o-d-09:50","MSP",9,4,14,9.39299999999998
"s2-da-r1-5-o-d-09:50","MSP",68,63,73,15.8770000000001
"s2-da-r1-5-o-d-09:50","MSP",152,147,157,8.58999999999988
"s2-da-r1-5-o-d-09:50","MSP",297,292,302,9.90899999999995
"s2-da-r1-5-o-d-09:50","MSP",347,342,352,6.97599999999987
"s2-da-r1-5-o-d-09:50","MSP",397,392,402,5.92300000000012
"s2-da-r1-6-o-d-10:00","MSP",31,26,36,6.37599999999994
"s2-da-r1-6-o-d-10:00","MSP",95,90,100,9.93599999999972
"s2-da-r1-6-o-d-10:00","MSP",167,162,172,10.3999999999997
"s2-da-r1-6-o-d-10:00","MSP",223,218,228,6.23800000000019
"s2-da-r1-7-o-d-10:11","MSP",4,0,9,45.1710000000001
"s2-da-r1-7-o-d-10:11","MSP",10,5,15,6.92700000000013
"s2-da-r1-7-o-d-10:11","MSP",92,87,97,15.0129999999997
"s2-da-r1-7-o-d-10:11","MSP",149,144,154,6.081
"s2-da-r1-7-o-d-10:11","MSP",167,162,172,12.054
"s2-da-r1-7-o-d-10:11","MSP",233,228,238,4.32299999999985
"s2-da-r1-7-o-d-10:11","MSP",791,786,796,7.22600000000018
"s2-da-r2-1-o-d-07:23","MSP",196,191,201,6.88099999999991
"s2-da-r2-1-o-d-07:23","MSP",298,293,303,11.6609999999997
"s2-da-r2-1-o-d-07:23","MSP",361,356,366,13.8960000000004
"s2-da-r2-1-o-d-07:23","MSP",449,444,454,9.23700000000016
"s2-da-r2-1-o-d-07:23","MSP",523,518,528,4.94899999999987
"s2-da-r2-10-o-d-09:18","MSP",26,21,31,8.91500000000001
"s2-da-r2-10-o-d-09:18","MSP",73,68,78,8.13399999999986
"s2-da-r2-10-o-d-09:18","MSP",90,85,95,6.51100000000016
"s2-da-r2-10-o-d-09:18","MSP",113,108,118,5.47000000000031
"s2-da-r2-10-o-d-09:18","MSP",151,146,156,4.79900000000022
"s2-da-r2-10-o-d-09:18","MSP",183,178,188,8.0610000000001
"s2-da-r2-10-o-d-09:18","MSP",199,194,204,8.64999999999982
"s2-da-r2-11-o-d-09:27","MSP",8,3,13,6.86399999999998
"s2-da-r2-11-o-d-09:27","MSP",14,9,19,6.7039999999996
"s2-da-r2-11-o-d-09:27","MSP",20,15,25,6.16800000000017
"s2-da-r2-11-o-d-09:27","MSP",95,90,100,9.61600000000029
"s2-da-r2-11-o-d-09:27","MSP",135,130,140,12.1020000000001
"s2-da-r2-11-o-d-09:27","MSP",147,142,152,8.87899999999986
"s2-da-r2-11-o-d-09:27","MSP",195,190,200,15.2740000000002
"s2-da-r2-11-o-d-09:27","MSP",205,200,210,10.008
"s2-da-r2-12-o-d-09:37","MSP",39,34,44,7.70900000000019
"s2-da-r2-12-o-d-09:37","MSP",63,58,68,9.5970000000003
"s2-da-r2-12-o-d-09:37","MSP",70,65,75,2.59099999999979
"s2-da-r2-12-o-d-09:37","MSP",132,127,137,19.1699999999999
"s2-da-r2-12-o-d-09:37","MSP",137,132,142,12.6240000000002
"s2-da-r2-12-o-d-09:37","MSP",147,142,152,13.1969999999999
"s2-da-r2-12-o-d-09:37","MSP",225,220,230,10.9019999999997
"s2-da-r2-13-o-d-09:46","MSP",61,56,66,4.2279999999999
"s2-da-r2-13-o-d-09:46","MSP",264,259,269,6.30100000000011
"s2-da-r2-13-o-d-09:46","MSP",348,343,353,7.09900000000019
"s2-da-r2-13-o-d-09:46","MSP",447,442,452,8.52800000000009
"s2-da-r2-13-o-d-09:46","MSP",547,542,552,3.45100000000009
"s2-da-r2-13-o-d-09:46","MSP",593,588,598,3.247
"s2-da-r2-13-o-d-09:46","MSP",673,668,678,11.2799999999997
"s2-da-r2-13-o-d-09:46","MSP",730,725,735,9.42299999999996
"s2-da-r2-13-o-d-09:46","MSP",775,770,780,9.59699999999986
"s2-da-r2-3-o-d-08:07","goAquaFlux",19,7,27,198.728315607463
"s2-da-r2-3-o-d-08:07","MSP",23,18,28,113
"s2-da-r2-4-o-d-08:15","MSP",41,36,46,25.3190000000001
"s2-da-r2-4-o-d-08:15","MSP",132,127,137,13.9840000000002
"s2-da-r2-4-o-d-08:15","MSP",175,170,180,26.5080000000002
"s2-da-r2-4-o-d-08:15","MSP",227,222,232,16.5650000000004
"s2-da-r2-5-o-d-08:25","MSP",18,13,23,53.5230000000006
"s2-da-r2-5-o-d-08:25","MSP",91,86,96,30.3849999999999
"s2-da-r2-5-o-d-08:25","MSP",158,153,163,41.5239999999999
"s2-da-r2-5-o-d-08:25","MSP",220,215,225,30.5009999999997
"s2-da-r2-6-o-d-08:33","MSP",35,30,40,29.6570000000003
"s2-da-r2-6-o-d-08:33","MSP",120,115,125,24.0799999999997
"s2-da-r2-6-o-d-08:33","MSP",142,137,147,37.5680000000003
"s2-da-r2-7-o-d-08:42","MSP",16,11,21,23.0579999999998
"s2-da-r2-7-o-d-08:42","MSP",128,123,133,16.2949999999999
"s2-da-r2-7-o-d-08:42","MSP",205,200,210,20.5229999999998
"s2-da-r2-7-o-d-08:42","MSP",318,313,323,14.9689999999998
"s2-da-r2-7-o-d-08:42","MSP",446,441,451,11.3449999999999
"s2-da-r2-7-o-d-08:42","MSP",535,530,540,21.4920000000003
"s2-da-r2-7-o-d-08:42","MSP",599,594,604,20.1119999999997
"s2-da-r2-8-o-d-09:00","MSP",42,37,47,10.6770000000003
"s2-da-r2-8-o-d-09:00","MSP",118,113,123,14.1749999999998
"s2-da-r2-8-o-d-09:00","MSP",199,194,204,10.6619999999999
"s2-da-r2-8-o-d-09:00","MSP",230,225,235,8.52699999999995
"s2-da-r2-9-o-d-09:07","MSP",46,41,51,16.1960000000001
"s2-da-r2-9-o-d-09:07","MSP",95,90,100,16.0809999999998
"s2-du-a1-1-o-d-09:21","MSP",52,47,57,0.333999999999612
"s2-du-a1-1-o-d-09:21","MSP",115,110,120,0.430200000000269
"s2-du-a1-1-o-d-09:21","MSP",328,323,333,0.815400000000022
"s2-du-a1-1-o-d-09:21","MSP",412,407,417,0.302000000000024
"s2-du-a1-1-o-d-09:21","MSP",437,432,442,0.277300000000036
"s2-du-a1-1-o-d-09:21","MSP",482,477,487,0.768100000000604
"s2-du-a1-1-o-d-09:21","MSP",502,497,507,0.315700000000252
"s2-du-a1-1-o-d-09:21","MSP",561,556,566,0.916499999999765
"s2-du-a1-2-o-d-09:36","MSP",40,35,45,0.148400000000048
"s2-du-a1-2-o-d-09:36","MSP",100,95,105,0.115900000000391
"s2-du-a1-2-o-d-09:36","MSP",113,108,118,0.388200000000172
"s2-du-a1-2-o-d-09:36","MSP",161,156,166,0.231400000000104
"s2-du-a1-2-o-d-09:36","MSP",212,207,217,0.138900000000053
"s2-du-a1-2-o-d-09:36","MSP",229,224,234,0.248000000000026
"s2-du-a1-2-o-d-09:36","MSP",270,265,275,0.369900000000367
"s2-du-a1-2-o-d-09:36","MSP",323,318,328,0.195799999999746
"s2-du-a1-2-o-d-09:36","MSP",419,414,424,0.221199999999921
"s2-du-a1-2-o-d-09:36","MSP",445,440,450,0.244700000000098
"s2-du-a1-2-o-d-09:36","MSP",453,448,458,0.199700000000025
"s2-du-a1-3-o-d-09:48","MSP",48,43,53,0.163399999999925
"s2-du-a1-3-o-d-09:48","MSP",103,98,108,0.238100000000241
"s2-du-a1-9-o-d-11:40","MSP",54,49,59,0.171199999999594
"s2-du-a1-9-o-d-11:40","MSP",105,100,110,0.353499999999674
"s2-du-a1-9-o-d-11:40","MSP",113,108,118,0.299599999999511
"s2-du-a1-9-o-d-11:40","MSP",180,175,185,0.380599999999731
"s2-du-a1-9-o-d-11:40","MSP",187,182,192,0.334500000000126
"s2-du-a1-9-o-d-11:40","MSP",245,240,250,0.437199999999915
"s2-du-a1-9-o-d-11:40","MSP",272,267,277,0.311299999999903
"s2-du-a1-9-o-d-11:40","MSP",323,318,328,0.254199999999649
"s2-du-a1-9-o-d-11:40","MSP",358,353,363,0.3274000000002
"s2-du-a1-9-o-d-11:40","MSP",375,370,380,0.0758999999996846
"s2-du-a1-9-o-d-11:40","MSP",427,422,432,0.214099999999995
"s2-du-a1-9-o-d-11:40","MSP",439,434,444,0.402800000000703
"s2-du-a1-9-o-d-11:40","MSP",510,505,515,0.0653999999999932
"s2-du-a1-9-o-d-11:40","MSP",530,525,535,0.0209999999998267
"s2-du-a1-9-o-d-11:40","MSP",560,555,565,0.260499999999553
"s2-du-a1-9-o-d-11:40","MSP",612,607,617,0.300300000000142
"s2-du-a1-9-o-d-11:40","MSP",620,615,625,0.03680000000017
"s2-du-a1-9-o-d-11:40","MSP",679,674,684,0.51369999999995
"s2-du-a1-9-o-d-11:40","MSP",686,681,691,0.271000000000132
"s2-du-a1-9-o-d-11:40","MSP",695,690,700,0.304000000000304
"s2-du-a1-9-o-d-11:40","MSP",746,741,751,0.0568999999996933
"s2-du-a1-9-o-d-11:40","MSP",796,791,801,0.052000000000163
"s2-du-a1-9-o-d-11:40","MSP",828,823,833,0.16650000000018
"s2-du-a1-9-o-d-11:40","MSP",888,883,893,0.337400000000265
"s2-du-a1-9-o-d-11:40","MSP",895,890,900,0.128600000000034
"s2-du-a2-1-o-d-08:54","MSP",52,47,57,0.711200000000023
"s2-du-a2-1-o-d-08:54","MSP",126,121,131,0.545900000000099
"s2-du-a2-1-o-d-08:54","MSP",388,383,393,0.543499999999586
"s2-du-a2-1-o-d-08:54","MSP",426,421,431,0.475600000000131
"s2-du-a2-1-o-d-08:54","MSP",536,531,541,0.681000000000154
"s2-du-a2-1-o-d-08:54","MSP",589,584,594,0.623299999999549
"s2-du-a2-1-o-d-08:54","MSP",674,669,679,1.78659999999997
"s2-du-a2-15-o-d-13:26","goAquaFlux",9,7,41,6.06538791567597
"s2-du-a2-15-o-d-13:26","MSP",14,9,19,6.79110000000005
"s2-du-a2-15-o-d-13:26","MSP",97,92,102,1.53800000000004
"s2-du-a2-2-o-d-09:15","MSP",29,24,34,1.75970000000003
"s2-du-a2-2-o-d-09:15","MSP",126,121,131,1.78879999999948
"s2-du-a2-2-o-d-09:15","MSP",208,203,213,1.99529999999992
"s2-du-a2-2-o-d-09:15","MSP",292,287,297,0.84539999999933
"s2-du-a2-2-o-d-09:15","MSP",425,420,430,0.115899999999947
"s2-du-a2-2-o-d-09:15","MSP",506,501,511,0.957500000000167
"s2-du-a2-2-o-d-09:15","MSP",575,570,580,1.03049999999971
"s2-du-a2-2-o-d-09:15","MSP",666,661,671,0.614300000000512
"s2-du-p1-3-o-d-09:31","MSP",10,5,15,23.1129999999999
"s2-du-p1-3-o-d-09:31","MSP",42,37,47,4.11500000000009
"s2-du-p1-3-o-d-09:31","MSP",77,72,82,3.89999999999979
"s2-du-p1-3-o-d-09:31","MSP",85,80,90,4.99500000000008
"s2-du-p1-3-o-d-09:31","MSP",158,153,163,5.94000000000028
"s2-du-p1-3-o-d-09:31","MSP",183,178,188,0.8490000000001
"s2-du-p1-3-o-d-09:31","MSP",228,223,233,2.91099999999966
"s2-du-p1-3-o-d-09:31","MSP",271,266,276,4.65800000000005
"s2-du-p1-3-o-d-09:31","MSP",342,337,347,0
"s2-du-p1-3-o-d-09:31","MSP",351,346,356,3.00299999999964
"s2-du-p1-3-o-d-09:31","MSP",409,404,414,2.86300000000006
"s2-du-p1-3-o-d-09:31","MSP",484,479,489,0.741999999999798
"s2-du-p1-3-o-d-09:31","MSP",492,487,497,0.704999999999956
"s2-du-p1-3-o-d-09:31","MSP",543,538,548,4.53599999999987
"s2-du-p1-3-o-d-09:31","MSP",617,612,622,0.494999999999912
"s2-du-p1-3-o-d-09:31","MSP",626,621,631,0.573000000000157
"s2-du-p1-6-o-d-10:23","MSP",9,4,14,8.04500000000008
"s2-du-p1-6-o-d-10:23","MSP",64,59,69,1.37799999999988
"s2-du-p1-6-o-d-10:23","MSP",139,134,144,1.67500000000009
"s2-du-p1-6-o-d-10:23","MSP",205,200,210,0.415999999999972
"s2-du-p1-6-o-d-10:23","MSP",246,241,251,4.99099999999997
"s2-du-p1-6-o-d-10:23","MSP",411,406,416,2.15200000000015
"s2-du-p1-6-o-d-10:23","MSP",468,463,473,4.12799999999969
"s2-du-p1-6-o-d-10:23","MSP",502,497,507,0
"s2-du-p1-6-o-d-10:23","MSP",595,590,600,0
"s2-du-p1-6-o-d-10:23","MSP",656,651,661,0.141999999999864
"s2-du-p1-6-o-d-10:23","MSP",704,699,709,12.4940000000002
"s2-du-p1-7-o-d-10:40","MSP",18,13,23,7.63599999999975
"s2-du-p1-7-o-d-10:40","MSP",46,41,51,5.7640000000001
"s2-du-p1-7-o-d-10:40","MSP",110,105,115,4.44900000000015
"s2-du-p1-7-o-d-10:40","MSP",216,211,221,3.97900000000018
"s2-du-p1-7-o-d-10:40","MSP",302,297,307,0
"s2-du-p1-7-o-d-10:40","MSP",370,365,375,3.86500000000023
"s2-du-p1-7-o-d-10:40","MSP",422,417,427,7.0920000000001
"s2-du-p1-7-o-d-10:40","MSP",543,538,548,0.105000000000022
"s2-du-p1-7-o-d-10:40","MSP",600,595,605,0.834999999999919
"s2-du-p1-7-o-d-10:40","MSP",613,608,618,4.54699999999963
"s2-du-p1-7-o-d-10:40","MSP",685,680,690,5.39699999999987
"s2-du-p2-1-o-d-09:17","MSP",39,34,44,0.331100000000362
"s2-du-p2-1-o-d-09:17","MSP",81,76,86,0.0891000000002862
"s2-du-p2-1-o-d-09:17","MSP",162,157,167,0.150600000000001
"s2-du-p2-1-o-d-09:17","MSP",186,181,191,0
"s2-du-p2-1-o-d-09:17","MSP",231,226,236,0.00849999999985585
"s2-du-p2-1-o-d-09:17","MSP",247,242,252,0.336400000000125
"s2-du-p2-1-o-d-09:17","MSP",304,299,309,0
"s2-du-p2-1-o-d-09:17","MSP",376,371,381,0.0939999999998165
"s2-du-p2-1-o-d-09:17","MSP",446,441,451,0.232700000000197
"s2-du-p2-1-o-d-09:17","MSP",462,457,467,0.12059999999936
"s2-du-p2-1-o-d-09:17","MSP",494,489,499,0.121800000000061
"s2-du-p2-1-o-d-09:17","MSP",539,534,544,0.197500000000073
"s2-du-p2-1-o-d-09:17","MSP",586,581,591,0.421100000000063
"s2-du-p2-1-o-d-09:17","MSP",636,631,641,0
"s2-du-p2-1-o-d-09:17","MSP",659,654,660,0
"s2-du-p2-3-o-d-10:11","MSP",96,91,101,0.221199999999921
"s2-du-p2-3-o-d-10:11","MSP",129,124,134,0.42730000000013
"s2-du-p2-3-o-d-10:11","MSP",157,152,162,0.100100000000491
"s2-du-p2-3-o-d-10:11","MSP",174,169,179,0.300100000000025
"s2-du-p2-3-o-d-10:11","MSP",226,221,231,0.0849999999998907
"s2-du-p2-3-o-d-10:11","MSP",266,261,271,0.0119000000000646
"s2-du-p2-3-o-d-10:11","MSP",296,291,301,0.171600000000272
"s2-du-p2-3-o-d-10:11","MSP",340,335,345,0
"s2-du-p2-3-o-d-10:11","MSP",379,374,384,0.171099999999313
"s2-du-p2-3-o-d-10:11","MSP",420,415,425,0.363800000000136
"s2-du-p2-3-o-d-10:11","MSP",455,450,460,0
"s2-du-p2-3-o-d-10:11","MSP",465,460,470,0.153800000000093
"s2-du-p2-3-o-d-10:11","MSP",515,510,520,0.236600000000475
"s2-du-p2-3-o-d-10:11","MSP",547,542,552,0.196299999999816
"s2-du-p2-3-o-d-10:11","MSP",578,573,583,0.424800000000225
"s2-du-p2-3-o-d-10:11","MSP",653,648,658,0.301800000000352
"s2-du-p2-5-o-d-10:43","MSP",7,2,12,0.288499999999914
"s2-du-p2-5-o-d-10:43","MSP",122,117,127,0.0367999999997259
"s2-du-p2-5-o-d-10:43","MSP",214,209,219,0
"s2-du-p2-5-o-d-10:43","MSP",276,271,281,0.27419999999978
"s2-du-p2-5-o-d-10:43","MSP",315,310,320,0.443600000000099
"s2-du-p2-5-o-d-10:43","MSP",358,353,363,0.24539999999984
"s2-du-p2-5-o-d-10:43","MSP",419,414,424,0.25340000000007
"s2-du-p2-5-o-d-10:43","MSP",507,502,512,0.207099999999905
"s2-du-p2-5-o-d-10:43","MSP",572,567,577,0.323799999999874
"s2-du-p2-5-o-d-10:43","MSP",652,647,657,0.437199999999915
"s2-du-r1-11-o-d-12:07","MSP",281,276,286,28.0070000000001
"s2-du-r1-11-o-d-12:07","MSP",383,378,388,21.4540000000003
"s2-du-r1-11-o-d-12:07","MSP",452,447,457,26.351
"s2-du-r1-11-o-d-12:07","MSP",563,558,568,25.5360000000002
"s2-du-r1-11-o-d-12:07","MSP",635,630,640,16.4
"s2-du-r1-4-o-d-10:07","MSP",4,0,9,4.45599999999979
"s2-du-r1-4-o-d-10:07","MSP",75,70,80,0
"s2-du-r1-4-o-d-10:07","MSP",133,128,138,4.33400000000006
"s2-du-r1-4-o-d-10:07","MSP",186,181,191,0
"s2-du-r1-4-o-d-10:07","MSP",259,254,264,3.49500000000003
"s2-du-r1-4-o-d-10:07","MSP",285,280,290,4.53999999999999
"s2-du-r1-4-o-d-10:07","MSP",355,350,360,3.50799999999962
"s2-du-r1-4-o-d-10:07","MSP",461,456,466,1.94399999999995
"s2-du-r1-4-o-d-10:07","MSP",556,551,561,5.90299999999999
"s2-du-r1-4-o-d-10:07","MSP",581,576,586,1.58199999999997
"s2-du-r1-4-o-d-10:07","MSP",681,676,686,2.45799999999985
"s2-du-r1-4-o-d-10:07","MSP",726,721,731,0
"s2-du-r1-4-o-d-10:07","MSP",801,796,806,1.53299999999978
"s2-du-r1-5-o-d-10:23","MSP",9,4,14,4.14599999999998
"s2-du-r1-5-o-d-10:23","MSP",77,72,82,6.01299999999982
"s2-du-r1-5-o-d-10:23","MSP",142,137,147,5.6210000000001
"s2-du-r1-5-o-d-10:23","MSP",188,183,193,0
"s2-du-r1-5-o-d-10:23","MSP",224,219,229,7.34199999999996
"s2-du-r1-5-o-d-10:23","MSP",278,273,283,4.80600000000031
"s2-du-r1-5-o-d-10:23","MSP",293,288,298,4.25900000000023
"s2-du-r1-5-o-d-10:23","MSP",337,332,342,6.16799999999973
"s2-du-r1-5-o-d-10:23","MSP",404,399,409,0
"s2-du-r1-5-o-d-10:23","MSP",435,430,440,1.92699999999979
"s2-du-r1-5-o-d-10:23","MSP",489,484,494,5.42899999999991
"s2-du-r1-5-o-d-10:23","MSP",505,500,510,1.07900000000027
"s2-du-r1-5-o-d-10:23","MSP",566,561,571,4.56099999999982
"s2-du-r1-5-o-d-10:23","MSP",596,591,601,4.95100000000015
"s2-du-r2-12-o-d-12:13","MSP",26,21,31,2.04800000000027
"s2-du-r2-12-o-d-12:13","MSP",86,81,91,3.50300000000026
"s2-du-r2-12-o-d-12:13","MSP",94,89,99,1.00199999999973
"s2-du-r2-12-o-d-12:13","MSP",178,173,183,1.82299999999991
"s2-du-r2-12-o-d-12:13","MSP",243,238,248,1.89700000000004
"s2-du-r2-12-o-d-12:13","MSP",274,269,279,3.64599999999982
"s2-du-r2-12-o-d-12:13","MSP",320,315,325,3.52999999999959
"s2-du-r2-12-o-d-12:13","MSP",328,323,333,2.39600000000006
"s2-du-r2-12-o-d-12:13","MSP",351,346,356,2.52600000000003
"s2-du-r2-12-o-d-12:13","MSP",358,353,363,1.97100000000017
"s2-du-r2-12-o-d-12:13","MSP",482,477,487,6.00500000000004
"s2-du-r2-12-o-d-12:13","MSP",503,498,508,6.07199999999963
"s2-du-r2-12-o-d-12:13","MSP",511,506,516,3.07599999999963
"s2-du-r2-12-o-d-12:13","MSP",537,532,542,6.88199999999961
"s2-du-r2-12-o-d-12:13","MSP",567,562,572,4.90199999999996
"s2-du-r2-12-o-d-12:13","MSP",598,593,603,4.27799999999978
"s2-du-r2-12-o-d-12:13","MSP",617,612,622,6.03400000000009
"s2-du-r2-12-o-d-12:13","MSP",636,631,641,2.06699999999982
"s2-du-r2-8-o-d-11:11","MSP",31,26,36,3.54900000000002
"s2-du-r2-8-o-d-11:11","MSP",39,34,44,5.56199999999984
"s2-du-r2-8-o-d-11:11","MSP",61,56,66,5.10600000000005
"s2-du-r2-8-o-d-11:11","MSP",78,73,83,3.12500000000027
"s2-du-r2-8-o-d-11:11","MSP",128,123,133,4.467
"s2-du-r2-8-o-d-11:11","MSP",173,168,178,5.25799999999998
"s2-du-r2-8-o-d-11:11","MSP",182,177,187,0
"s2-du-r2-8-o-d-11:11","MSP",213,208,218,4.33100000000008
"s2-du-r2-8-o-d-11:11","MSP",261,256,266,2.77900000000031
"s2-du-r2-8-o-d-11:11","MSP",330,325,335,3.98199999999971
"s2-du-r2-8-o-d-11:11","MSP",362,357,367,5.6860000000003
"s2-du-r2-8-o-d-11:11","MSP",391,386,396,1.24600000000008
"s2-du-r2-8-o-d-11:11","MSP",415,410,420,0.723000000000251
"s2-du-r2-8-o-d-11:11","MSP",465,460,470,2.11899999999998
"s2-du-r2-8-o-d-11:11","MSP",472,467,477,2.92499999999984
"s2-du-r2-8-o-d-11:11","MSP",490,485,495,3.81100000000023
"s2-du-r2-8-o-d-11:11","MSP",498,493,503,3.24100000000005
"s2-du-r2-8-o-d-11:11","MSP",558,553,563,0
"s2-du-r2-8-o-d-11:11","MSP",566,561,571,3.43099999999996
"s2-du-r2-9-o-d-11:25","MSP",2,0,7,5.077
"s2-du-r2-9-o-d-11:25","MSP",9,4,14,5.4479999999999
"s2-du-r2-9-o-d-11:25","MSP",16,11,21,0
"s2-du-r2-9-o-d-11:25","MSP",35,30,40,1.54499999999969
"s2-du-r2-9-o-d-11:25","MSP",88,83,93,5.75599999999987
"s2-du-r2-9-o-d-11:25","MSP",119,114,124,0.23099999999987
"s2-du-r2-9-o-d-11:25","MSP",167,162,172,1.03000000000009
"s2-du-r2-9-o-d-11:25","MSP",223,218,228,2.36299999999989
"s2-du-r2-9-o-d-11:25","MSP",255,250,260,3.83099999999992
"s2-du-r2-9-o-d-11:25","MSP",318,313,323,6.49699999999998
"s2-du-r2-9-o-d-11:25","MSP",350,345,355,4.58200000000009
"s2-du-r2-9-o-d-11:25","MSP",359,354,364,0.674000000000063
"s2-du-r2-9-o-d-11:25","MSP",483,478,488,3.26499999999985
"s2-du-r2-9-o-d-11:25","MSP",547,542,552,4.2930000000001
"s2-du-r2-9-o-d-11:25","MSP",556,551,561,1.09599999999999
"s2-du-r2-9-o-d-11:25","MSP",580,575,585,2.79500000000033
"s2-du-r2-9-o-d-11:25","MSP",587,582,592,3.51799999999969
"s2-du-r2-9-o-d-11:25","MSP",638,633,643,3.73899999999994
"s2-du-r2-9-o-d-11:25","MSP",645,640,650,3.65500000000019
"s2-du-r2-9-o-d-11:25","MSP",654,649,658,0.983000000000178
"s2-ri-a2-13-o-d-11:24","goAquaFlux",591,583,598,44.8703659122155
"s2-ri-a2-13-o-d-11:24","MSP",120,115,125,11.7129
"s2-ri-a2-13-o-d-11:24","MSP",207,202,212,4.88480000000058
"s2-ri-a2-13-o-d-11:24","MSP",436,431,441,1.04829999999989
"s2-ri-a2-13-o-d-11:24","MSP",485,480,490,2.9458
"s2-ri-a2-14-o-d-11:39","goAquaFlux",256,248,266,8.52200360464441
"s2-ri-a2-14-o-d-11:39","goAquaFlux",301,290,310,25.8350114009909
"s2-ri-a2-14-o-d-11:39","MSP",9,4,14,6.37640000000017
"s2-ri-a2-14-o-d-11:39","MSP",308,303,313,2.97629999999982
"s2-ri-a2-14-o-d-11:39","MSP",517,512,522,11.7731999999999
"s2-ri-a2-15-o-d-11:56","goAquaFlux",317,305,333,40.6484509693543
"s2-ri-a2-15-o-d-11:56","MSP",331,326,336,44.0556999999999
"s2-ri-a2-15-o-d-11:56","MSP",408,403,413,26.2172999999994
"s2-ri-a2-16-o-d-12:08","MSP",8,3,13,2.14179999999997
"s2-ri-a2-16-o-d-12:08","MSP",204,199,209,11.3181000000004
"s2-ri-a2-16-o-d-12:08","MSP",496,491,501,7.54079999999968
"s2-ri-a2-16-o-d-12:08","MSP",514,509,519,9.57839999999965
"s2-ri-a2-16-o-d-12:08","MSP",586,581,591,11.9633000000001
"s2-ri-p1-12-o-d-12:25","MSP",2,0,7,1.4729
"s2-ri-p1-12-o-d-12:25","MSP",78,73,83,1.67360000000016
"s2-ri-p1-12-o-d-12:25","MSP",252,247,257,1.61900000000026
"s2-ri-p1-12-o-d-12:25","MSP",459,454,464,0.492600000000287
"s2-ri-p1-12-o-d-12:25","MSP",551,546,556,1.92330000000007
"s2-ri-p1-12-o-d-12:25","MSP",652,647,657,1.0498000000001
"s2-ri-p1-13-o-d-12:52","MSP",35,30,40,0.87890000000046
"s2-ri-p1-13-o-d-12:52","MSP",131,126,136,1.13900000000022
"s2-ri-p1-13-o-d-12:52","MSP",276,271,281,0.9857000000002
"s2-ri-p1-13-o-d-12:52","MSP",357,352,362,1.01089999999981
"s2-ri-p1-13-o-d-12:52","MSP",406,401,411,1.30970000000019
"s2-ri-p1-13-o-d-12:52","MSP",462,457,467,1.21000000000038
"s2-ri-p1-13-o-d-12:52","MSP",492,487,497,1.52269999999977
"s2-ri-p1-13-o-d-12:52","MSP",565,560,570,2.52419999999987
"s2-ri-p1-13-o-d-12:52","MSP",585,580,590,1.76710000000035
"s2-ri-p1-14-o-d-13:19","MSP",5,0,10,3.02779999999991
"s2-ri-p1-14-o-d-13:19","MSP",36,31,41,1.27910000000009
"s2-ri-p1-14-o-d-13:19","MSP",383,378,388,1.27880000000014
"s2-ri-p1-14-o-d-13:19","MSP",461,456,466,1.16329999999998
"s2-ri-p1-14-o-d-13:19","MSP",522,517,527,1.3888999999998
"s2-ri-p1-15-o-d-13:41","MSP",62,57,67,1.38710000000009
"s2-ri-p1-15-o-d-13:41","MSP",126,121,131,1.38170000000004
"s2-ri-p1-15-o-d-13:41","MSP",203,198,208,1.71299999999963
"s2-ri-p1-15-o-d-13:41","MSP",283,278,288,1.29280000000032
"s2-ri-p1-7-o-d-10:36","MSP",99,94,104,0.394299999999959
"s2-ri-p1-7-o-d-10:36","MSP",116,111,121,0.556900000000304
"s2-ri-p1-7-o-d-10:36","MSP",177,172,182,0.421100000000063
"s2-ri-p1-7-o-d-10:36","MSP",246,241,251,0.36270000000016
"s2-ri-p1-7-o-d-10:36","MSP",302,297,307,0.312099999999926
"s2-ri-p1-7-o-d-10:36","MSP",349,344,354,0.419500000000017
"s2-ri-p1-7-o-d-10:36","MSP",393,388,398,0.314700000000112
"s2-ri-p1-7-o-d-10:36","MSP",429,424,434,0.394600000000356
"s2-ri-p1-7-o-d-10:36","MSP",466,461,471,0.414999999999832
"s2-ri-p1-8-o-d-10:47","MSP",18,13,23,1.0416000000002
"s2-ri-p1-8-o-d-10:47","MSP",90,85,95,0.180199999999964
"s2-ri-p1-8-o-d-10:47","MSP",120,115,125,0.155299999999858
"s2-ri-p1-8-o-d-10:47","MSP",155,150,160,0.388699999999798
"s2-ri-p1-8-o-d-10:47","MSP",185,180,190,0.407799999999625
"s2-ri-p1-8-o-d-10:47","MSP",215,210,220,0
"s2-ri-p1-8-o-d-10:47","MSP",241,236,246,0.514300000000301
"s2-ri-p1-8-o-d-10:47","MSP",314,309,319,0.555399999999651
"s2-ri-p1-8-o-d-10:47","MSP",386,381,391,0.429900000000316
"s2-ri-p1-8-o-d-10:47","MSP",617,612,622,0.427600000000083
"s2-ri-p1-9-o-d-11:10","MSP",56,51,61,0.639799999999857
"s2-ri-p1-9-o-d-11:10","MSP",66,61,71,0.457000000000152
"s2-ri-p1-9-o-d-11:10","MSP",103,98,108,0.295600000000062
"s2-ri-p1-9-o-d-11:10","MSP",115,110,120,0.622799999999923
"s2-ri-p1-9-o-d-11:10","MSP",126,121,131,0.306399999999929
"s2-ri-p1-9-o-d-11:10","MSP",137,132,142,0.371000000000121
"s2-ri-p1-9-o-d-11:10","MSP",183,178,188,0.204400000000104
"s2-ri-p1-9-o-d-11:10","MSP",194,189,199,0.276299999999896
"s2-ri-p1-9-o-d-11:10","MSP",238,233,243,0.232700000000197
"s2-ri-p1-9-o-d-11:10","MSP",325,320,330,1.89189999999995
"s2-ri-p1-9-o-d-11:10","MSP",333,328,338,1.08029999999992
"s2-ri-p1-9-o-d-11:10","MSP",368,363,373,0.344899999999981
"s2-ri-p1-9-o-d-11:10","MSP",378,373,383,0.209100000000184
"s2-ri-p1-9-o-d-11:10","MSP",389,384,394,0.430399999999942
"s2-ri-p1-9-o-d-11:10","MSP",399,394,404,0.125799999999732
"s2-ri-p1-9-o-d-11:10","MSP",481,476,486,0.518399999999808
"s2-ri-p1-9-o-d-11:10","MSP",550,545,555,0.3690999999999
"s2-ri-p1-9-o-d-11:10","MSP",579,574,584,0.168700000000133
"s2-ri-r2-1-o-d-12:32","MSP",38,33,43,18.3420000000001
"s2-ri-r2-1-o-d-12:32","MSP",83,78,88,16.0717999999997
"s2-ri-r2-1-o-d-12:32","MSP",137,132,142,15.5048999999998
"s2-ri-r2-1-o-d-12:32","MSP",167,162,172,15.6693999999997
"s2-ri-r2-1-o-d-12:32","MSP",229,224,234,16.1563
"s2-ri-r2-1-o-d-12:32","MSP",339,334,344,7.91530000000007
"s2-ri-r2-1-o-d-12:32","MSP",513,508,518,1.49999999999961
"s2-ri-r2-1-o-d-12:32","MSP",596,591,601,9.98609999999989
"s2-ri-r2-1-o-d-12:32","MSP",634,629,639,5.27469999999974
"s2-ri-r2-2-o-d-12:47","MSP",170,165,175,26.6958000000002
"s2-ri-r2-2-o-d-12:47","MSP",291,286,296,20.6189000000001
"s2-ri-r2-2-o-d-12:47","MSP",324,319,329,17.4463
"s2-ri-r2-2-o-d-12:47","MSP",415,410,420,8.94530000000016
"s2-ri-r2-2-o-d-12:47","MSP",484,479,489,19.8261999999998
"s2-ri-r2-2-o-d-12:47","MSP",528,523,533,16.8425999999999
"s2-ri-r2-2-o-d-12:47","MSP",593,588,598,14.0123999999999
"s2-ri-r2-3-o-d-13:26","goAquaFlux",110,107,114,6.73575201283417
"s2-ri-r2-3-o-d-13:26","MSP",21,16,26,10.2006000000001
"s2-ri-r2-3-o-d-13:26","MSP",107,102,112,13.1920999999995
"s2-ri-r2-3-o-d-13:26","MSP",170,165,175,6.40190000000063
"s2-ri-r2-3-o-d-13:26","MSP",582,577,587,2.46509999999978
"s2-ri-r2-3-o-d-13:26","MSP",650,645,655,3.01609999999997
"s2-va-a1-1-o-d-10:02","MSP",5,0,10,0.506899999999977
"s2-va-a1-1-o-d-10:02","MSP",13,8,18,0.111700000000159
"s2-va-a1-1-o-d-10:02","MSP",29,24,34,0.445899999999888
"s2-va-a1-1-o-d-10:02","MSP",57,52,62,0.337800000000055
"s2-va-a1-1-o-d-10:02","MSP",92,87,97,0.39250000000024
"s2-va-a1-1-o-d-10:02","MSP",127,122,132,0.525600000000015
"s2-va-a1-1-o-d-10:02","MSP",188,183,193,0.424299999999711
"s2-va-a1-1-o-d-10:02","MSP",227,222,232,0.377999999999989
"s2-va-a1-1-o-d-10:02","MSP",276,271,281,0.392900000000029
"s2-va-a1-1-o-d-10:02","MSP",298,293,303,0
"s2-va-a1-1-o-d-10:02","MSP",329,324,334,0.353899999999907
"s2-va-a1-1-o-d-10:02","MSP",338,333,343,0.0722999999998031
"s2-va-a1-1-o-d-10:02","MSP",415,410,420,0.415800000000299
"s2-va-a1-1-o-d-10:02","MSP",423,418,428,0.115099999999924
"s2-va-a1-1-o-d-10:02","MSP",441,436,446,0.203500000000023
"s2-va-a1-1-o-d-10:02","MSP",508,503,513,0.363899999999973
"s2-va-a1-1-o-d-10:02","MSP",517,512,522,0.189400000000006
"s2-va-a1-15-o-d-14:49","MSP",18,13,23,2.16480000000008
"s2-va-a1-15-o-d-14:49","MSP",80,75,85,1.30760000000008
"s2-va-a1-15-o-d-14:49","MSP",152,147,157,1.82130000000047
"s2-va-a1-15-o-d-14:49","MSP",244,239,249,1.02710000000039
"s2-va-a1-15-o-d-14:49","MSP",392,387,397,1.01490000000037
"s2-va-a1-2-o-d-10:21","MSP",14,9,19,1.00169999999999
"s2-va-a1-2-o-d-10:21","MSP",121,116,126,0.183100000000325
"s2-va-a1-2-o-d-10:21","MSP",229,224,234,2.51709999999972
"s2-va-a1-2-o-d-10:21","MSP",276,271,281,1.60979999999999
"s2-va-a1-2-o-d-10:21","MSP",319,314,324,0
"s2-va-a1-2-o-d-10:21","MSP",391,386,396,1.36590000000014
"s2-va-a1-2-o-d-10:21","MSP",429,424,434,1.42200000000003
"s2-va-a1-2-o-d-10:21","MSP",472,467,477,0.2799
"s2-va-a1-2-o-d-10:21","MSP",490,485,495,1.64569999999964
"s2-va-a1-2-o-d-10:21","MSP",580,575,585,0.276900000000246
"s2-va-a1-2-o-d-10:21","MSP",700,695,705,0.52859999999999
"s2-va-a1-2-o-d-10:21","MSP",761,756,766,0.254800000000222
"s2-va-a1-2-o-d-10:21","MSP",808,803,813,0.212199999999996
"s2-va-a1-5-o-d-11:15","MSP",30,25,35,1.85780000000002
"s2-va-a1-5-o-d-11:15","MSP",95,90,100,1.49420000000022
"s2-va-a1-5-o-d-11:15","MSP",166,161,171,0.866199999999928
"s2-va-a1-5-o-d-11:15","MSP",213,208,218,1.05520000000014
"s2-va-a1-5-o-d-11:15","MSP",295,290,300,1.52410000000014
"s2-va-a1-8-o-d-12:25","goAquaFlux",64,56,71,5.08531236586261
"s2-va-a1-8-o-d-12:25","MSP",40,35,45,0.654299999999886
"s2-va-a1-8-o-d-12:25","MSP",47,42,52,0.859699999999908
"s2-va-a1-8-o-d-12:25","MSP",53,48,58,1.29849999999987
"s2-va-a1-8-o-d-12:25","MSP",73,68,78,1.80610000000003
"s2-va-a1-8-o-d-12:25","MSP",79,74,84,1.81430000000016
"s2-va-a1-8-o-d-12:25","MSP",172,167,177,1.61670000000003
"s2-va-a1-9-o-d-12:42","MSP",35,30,40,2.96969999999952
"s2-va-a1-9-o-d-12:42","MSP",90,85,95,3.36280000000011
"s2-va-a1-9-o-d-12:42","MSP",138,133,143,1.13040000000009
"s2-va-a1-9-o-d-12:42","MSP",461,456,466,0.222900000000248
"s2-va-a1-9-o-d-12:42","MSP",521,516,526,2.04660000000034
"s2-va-a1-9-o-d-12:42","MSP",550,545,555,1.29469999999987
"s2-va-a1-9-o-d-12:42","MSP",609,604,614,0.890099999999894
"s2-va-a1-9-o-d-12:42","MSP",681,676,686,1.04049999999933
"s2-va-a2-1-o-d-09:13","MSP",37,32,42,2.08653219999988
"s2-va-a2-1-o-d-09:13","MSP",82,77,87,4.79870840000007
"s2-va-a2-1-o-d-09:13","MSP",140,135,145,6.25545290000007
"s2-va-a2-1-o-d-09:13","MSP",204,199,209,0.974845799999624
"s2-va-a2-1-o-d-09:13","MSP",289,284,294,4.9890199
"s2-va-a2-1-o-d-09:13","MSP",325,320,330,2.73936649999973
"s2-va-a2-1-o-d-09:13","MSP",387,382,392,1.52429540000032
"s2-va-a2-1-o-d-09:13","MSP",436,431,441,2.95236249999986
"s2-va-a2-1-o-d-09:13","MSP",510,505,515,2.4452838000002
"s2-va-a2-1-o-d-09:13","MSP",555,550,560,4.29521560000001
"s2-va-a2-1-o-d-09:13","MSP",612,607,617,0.0165268000000829
"s2-va-a2-1-o-d-09:13","MSP",640,635,645,1.14019210000027
"s2-va-a2-10-o-d-11:56","MSP",7,2,12,7.2156568999997
"s2-va-a2-10-o-d-11:56","MSP",42,37,47,1.42883660000015
"s2-va-a2-10-o-d-11:56","MSP",83,78,88,2.32425959999993
"s2-va-a2-10-o-d-11:56","MSP",139,134,144,4.15221740000016
"s2-va-a2-10-o-d-11:56","MSP",161,156,166,4.24687469999974
"s2-va-a2-10-o-d-11:56","MSP",206,201,211,4.53666519999985
"s2-va-a2-10-o-d-11:56","MSP",241,236,246,3.30872580000019
"s2-va-a2-11-o-d-12:03","MSP",30,25,35,9.14977829999986
"s2-va-a2-11-o-d-12:03","MSP",37,32,42,10.4561221999999
"s2-va-a2-11-o-d-12:03","MSP",103,98,108,8.51150720000016
"s2-va-a2-11-o-d-12:03","MSP",118,113,123,4.47226720000016
"s2-va-a2-11-o-d-12:03","MSP",150,145,155,3.62770080000008
"s2-va-a2-11-o-d-12:03","MSP",157,152,162,4.04958719999993
"s2-va-a2-11-o-d-12:03","MSP",221,216,226,34.5904985000001
"s2-va-a2-11-o-d-12:03","MSP",228,223,233,34.2243643
"s2-va-a2-11-o-d-12:03","MSP",547,542,552,7.82631959999991
"s2-va-a2-11-o-d-12:03","MSP",556,551,561,6.87201690000006
"s2-va-a2-11-o-d-12:03","MSP",617,612,622,6.51956460000003
"s2-va-a2-12-o-d-12:20","MSP",36,31,41,4.65176910000009
"s2-va-a2-12-o-d-12:20","MSP",55,50,60,6.58544139999995
"s2-va-a2-12-o-d-12:20","MSP",65,60,70,5.18252899999982
"s2-va-a2-12-o-d-12:20","MSP",84,79,89,8.09763190000012
"s2-va-a2-12-o-d-12:20","MSP",123,118,128,2.92512489999996
"s2-va-a2-12-o-d-12:20","MSP",175,170,180,6.45533379999996
"s2-va-a2-12-o-d-12:20","MSP",246,241,249,5.18496340000008
"s2-va-a2-2-o-d-09:29","MSP",5,0,10,8.28107500000019
"s2-va-a2-2-o-d-09:29","MSP",15,10,20,8.65465539999999
"s2-va-a2-2-o-d-09:29","MSP",105,100,110,5.7627947000003
"s2-va-a2-2-o-d-09:29","MSP",113,108,118,4.34827750000011
"s2-va-a2-2-o-d-09:29","MSP",225,220,230,2.52738529999963
"s2-va-a2-3-o-d-09:36","MSP",43,38,48,5.64573290000014
"s2-va-a2-3-o-d-09:36","MSP",81,76,86,1.7864893999997
"s2-va-a2-3-o-d-09:36","MSP",142,137,147,6.2736871000002
"s2-va-a2-3-o-d-09:36","MSP",242,237,247,1.84699920000009
"s2-va-a2-6-o-d-10:38","MSP",19,14,24,7.32401749999978
"s2-va-a2-6-o-d-10:38","MSP",56,51,61,3.94268789999996
"s2-va-a2-6-o-d-10:38","MSP",86,81,91,0.0246466000000112
"s2-va-a2-6-o-d-10:38","MSP",144,139,149,4.4206269
"s2-va-a2-6-o-d-10:38","MSP",193,188,198,1.57468939999994
"s2-va-a2-6-o-d-10:38","MSP",229,224,234,2.07236379999998
"s2-va-a2-6-o-d-10:38","MSP",301,296,306,4.73137300000026
"s2-va-a2-6-o-d-10:38","MSP",475,470,480,5.44585200000025
"s2-va-a2-6-o-d-10:38","MSP",543,538,548,3.75010640000006
"s2-va-a2-6-o-d-10:38","MSP",617,612,622,5.86018969999991
"s2-va-a2-7-o-d-10:54","MSP",34,29,39,6.9645693
"s2-va-a2-7-o-d-10:54","MSP",42,37,47,3.99027149999975
"s2-va-a2-7-o-d-10:54","MSP",51,46,56,4.97707499999978
"s2-va-a2-7-o-d-10:54","MSP",82,77,87,5.14318430000005
"s2-va-a2-7-o-d-10:54","MSP",106,101,111,4.38221060000021
"s2-va-a2-7-o-d-10:54","MSP",150,145,155,5.94317630000019
"s2-va-a2-7-o-d-10:54","MSP",158,153,163,5.72991240000009
"s2-va-a2-7-o-d-10:54","MSP",243,238,248,1.94648379999984
"s2-va-p1-6-o-d-10:34","MSP",18,13,23,4.04869379999973
"s2-va-p1-6-o-d-10:34","MSP",65,60,70,0
"s2-va-p1-6-o-d-10:34","MSP",100,95,105,1.11564230000027
"s2-va-p1-6-o-d-10:34","MSP",116,111,121,1.89754960000021
"s2-va-p1-6-o-d-10:34","MSP",159,154,164,3.47602369999978
"s2-va-p1-6-o-d-10:34","MSP",196,191,201,1.32402729999992
"s2-va-p1-6-o-d-10:34","MSP",240,235,245,2.99562209999982
"s2-va-p1-6-o-d-10:34","MSP",258,253,263,0.0617259999997621
"s2-va-p1-6-o-d-10:34","MSP",311,306,316,2.47129860000017
"s2-va-p1-6-o-d-10:34","MSP",361,356,366,2.83106839999991
"s2-va-p1-6-o-d-10:34","MSP",430,425,435,2.19221809999981
"s2-va-p1-6-o-d-10:34","MSP",450,445,455,0.532748899999991
"s2-va-p1-6-o-d-10:34","MSP",478,473,483,0.74212539999996
"s2-va-p1-6-o-d-10:34","MSP",501,496,506,4.78501259999975
"s2-va-p1-6-o-d-10:34","MSP",531,526,536,1.80092250000019
"s2-va-p1-6-o-d-10:34","MSP",593,588,598,1.64932830000009
"s2-va-p1-6-o-d-10:34","MSP",615,610,620,3.65924319999955
"s2-va-p1-8-o-d-11:07","MSP",39,34,44,0.0791809999998172
"s2-va-p1-8-o-d-11:07","MSP",84,79,89,5.1370167
"s2-va-p1-8-o-d-11:07","MSP",123,118,128,2.93605690000032
"s2-va-p1-8-o-d-11:07","MSP",140,135,145,1.59839009999985
"s2-va-p1-8-o-d-11:07","MSP",178,173,183,1.09402999999997
"s2-va-p1-8-o-d-11:07","MSP",220,215,225,0
"s2-va-p1-8-o-d-11:07","MSP",261,256,266,0
"s2-va-p1-8-o-d-11:07","MSP",315,310,320,1.18532379999969
"s2-va-p1-8-o-d-11:07","MSP",372,367,377,3.40344419999994
"s2-va-p1-8-o-d-11:07","MSP",396,391,401,0.123473099999938
"s2-va-p1-8-o-d-11:07","MSP",487,482,492,5.79924499999995
"s2-va-p1-8-o-d-11:07","MSP",588,583,593,1.37438919999999
"s2-va-p1-8-o-d-11:07","MSP",632,627,637,3.45101959999994
"s2-va-p2-1-o-d-09:04","MSP",14,9,19,0.929900000000039
"s2-va-p2-1-o-d-09:04","MSP",104,99,109,0.557600000000047
"s2-va-p2-1-o-d-09:04","MSP",159,154,164,1.55910000000015
"s2-va-p2-1-o-d-09:04","MSP",220,215,225,1.38719999999948
"s2-va-p2-2-o-d-09:20","MSP",93,88,98,2.10669999999968
"s2-va-p2-2-o-d-09:20","MSP",211,206,216,2.72169999999994
"s2-va-p2-2-o-d-09:20","MSP",295,290,300,2.54559999999993
"s2-va-p2-2-o-d-09:20","MSP",529,524,534,0.148899999999674
"s2-va-p2-3-o-d-09:35","MSP",17,12,22,5.18189999999974
"s2-va-p2-3-o-d-09:35","MSP",82,77,87,2.5757000000004
"s2-va-p2-3-o-d-09:35","MSP",184,179,189,0
"s2-va-p2-3-o-d-09:35","MSP",270,265,275,1.79200000000046
"s2-va-p2-3-o-d-09:35","MSP",332,327,337,2.2827000000003
"s2-va-p2-3-o-d-09:35","MSP",395,390,400,1.03829999999983
"s2-va-p2-3-o-d-09:35","MSP",542,537,547,2.42210000000043
"s2-va-p2-4-o-d-09:48","goAquaFlux",7,7,20,38.836157391937
"s2-va-p2-4-o-d-09:48","goAquaFlux",140,135,147,8.63242210416024
"s2-va-p2-4-o-d-09:48","MSP",13,8,18,18.3513
"s2-va-p2-4-o-d-09:48","MSP",82,77,87,7.57230000000009
"s2-va-p2-4-o-d-09:48","MSP",86,81,91,6.96800000000009
"s2-va-p2-4-o-d-09:48","MSP",145,140,150,0.0857000000000774
"s2-va-p2-4-o-d-09:48","MSP",501,496,506,1.24879999999994
"s2-va-p2-5-o-d-10:05","goAquaFlux",434,426,441,48.0312455196093
"s2-va-p2-5-o-d-10:05","goAquaFlux",486,477,493,91.438235641766
"s2-va-p2-5-o-d-10:05","MSP",341,336,346,1780.0151
"s2-va-p2-5-o-d-10:05","MSP",425,420,430,0.597400000000192
"s2-va-p2-5-o-d-10:05","MSP",442,437,447,0.306399999999929
"s2-va-p2-5-o-d-10:05","MSP",493,488,498,0
"s2-va-p2-6-o-d-10:18","MSP",41,36,46,3.46630000000037
"s2-va-p2-6-o-d-10:18","MSP",63,58,68,3.45089999999981
"s2-va-p2-6-o-d-10:18","MSP",84,79,89,2.43580000000021
"s2-va-p2-6-o-d-10:18","MSP",132,127,137,2.01900000000022
"s2-va-p2-6-o-d-10:18","MSP",244,239,249,1.88850000000018
"s2-va-p2-6-o-d-10:18","MSP",343,338,348,3.46680000000044
"s2-va-p2-6-o-d-10:18","MSP",407,402,412,4.57250000000053
"s2-va-p2-6-o-d-10:18","MSP",539,534,544,3.59519999999947
"s2-va-p2-6-o-d-10:18","MSP",581,576,586,2.32909999999986
"s2-va-p2-6-o-d-10:18","MSP",615,610,620,2.91750000000013
"s2-va-p2-7-o-d-10:35","goAquaFlux",30,23,36,17.5745764358104
"s2-va-p2-7-o-d-10:35","goAquaFlux",496,489,505,11.4217570442532
"s2-va-p2-7-o-d-10:35","goAquaFlux",648,647,653,2989.30212332363
"s2-va-p2-7-o-d-10:35","FS_default",656,626,660,7145.9917
"s2-va-p2-7-o-d-10:35","MSP",619,614,624,1.37640000000028
"s2-va-p2-8-o-d-10:53","MSP",173,168,178,25.9947
"s2-va-r1-1-o-d-09:18","MSP",45,40,50,1.0732
"s2-va-r1-1-o-d-09:18","MSP",98,93,103,1.58470000000044
"s2-va-r1-1-o-d-09:18","MSP",206,201,211,1.3987000000002
"s2-va-r1-13-o-d-13:24","MSP",15,10,20,1.88959999999971
"s2-va-r1-13-o-d-13:24","MSP",81,76,86,0.823100000000299
"s2-va-r1-13-o-d-13:24","MSP",166,161,171,1.58689999999995
"s2-va-r1-13-o-d-13:24","MSP",264,259,269,0.76900000000002
"s2-va-r1-2-o-d-09:35","MSP",48,43,53,1.2960999999998
"s2-va-r1-2-o-d-09:35","MSP",60,55,65,0.823000000000018
"s2-va-r1-2-o-d-09:35","MSP",89,84,94,0.702800000000003
"s2-va-r1-2-o-d-09:35","MSP",131,126,136,0.688699999999542
"s2-va-r1-2-o-d-09:35","MSP",146,141,151,0.485099999999683
"s2-va-r1-2-o-d-09:35","MSP",226,221,231,0
"s2-va-r1-2-o-d-09:35","MSP",231,226,236,0.443299999999702
"s2-va-r1-3-o-d-09:49","MSP",50,45,55,2.60570000000016
"s2-va-r1-3-o-d-09:49","MSP",147,142,152,0.999800000000217
"s2-va-r1-3-o-d-09:49","MSP",504,499,509,0.381899999999824
"s2-va-r1-4-o-d-10:03","MSP",619,614,624,0.178199999999684
"s2-va-r1-4-o-d-10:03","MSP",701,696,706,0.711700000000093
"s2-va-r1-5-o-d-10:22","MSP",42,37,47,0.338600000000078
"s2-va-r1-5-o-d-10:22","MSP",48,43,53,0.254600000000327
"s2-va-r1-5-o-d-10:22","MSP",55,50,60,0.513799999999787
"s2-va-r1-5-o-d-10:22","MSP",112,107,117,0.502699999999745
"s2-va-r1-5-o-d-10:22","MSP",128,123,133,0.199999999999978
"s2-va-r1-5-o-d-10:22","MSP",133,128,138,0.283000000000033
"s2-va-r1-5-o-d-10:22","MSP",140,135,145,0.395500000000215
"s2-va-r1-5-o-d-10:22","MSP",184,179,189,0.147700000000306
"s2-va-r1-5-o-d-10:22","MSP",203,198,208,0.371599999999805
"s2-va-r1-5-o-d-10:22","MSP",249,244,254,0.665800000000161
"s2-va-r1-5-o-d-10:22","MSP",323,318,328,0.238799999999983
"s2-va-r1-5-o-d-10:22","MSP",331,326,336,0.77439999999962
"s2-va-r1-5-o-d-10:22","MSP",350,345,355,0.616699999999692
"s2-va-r1-5-o-d-10:22","MSP",431,426,436,0.290500000000193
"s2-va-r1-5-o-d-10:22","MSP",450,445,455,0.231000000000314
"s2-va-r1-5-o-d-10:22","MSP",493,488,498,0.537099999999846
"s2-va-r1-5-o-d-10:22","MSP",521,516,526,0.837099999999591
"s2-va-r1-5-o-d-10:22","MSP",526,521,531,0.621099999999597
"s2-va-r1-5-o-d-10:22","MSP",535,530,540,0.563899999999951
"s2-va-r1-6-o-d-10:42","MSP",4,0,9,0.382399999999894
"s2-va-r1-6-o-d-10:42","MSP",40,35,45,0.451299999999932
"s2-va-r1-6-o-d-10:42","MSP",46,41,51,0.585599999999964
"s2-va-r1-6-o-d-10:42","MSP",92,87,97,0.314300000000323
"s2-va-r1-6-o-d-10:42","MSP",98,93,103,0.460400000000138
"s2-va-r1-6-o-d-10:42","MSP",106,101,111,0.661899999999882
"s2-va-r1-6-o-d-10:42","MSP",167,162,172,0.617099999999926
"s2-va-r1-6-o-d-10:42","MSP",173,168,178,0.579099999999944
"s2-va-r1-6-o-d-10:42","MSP",180,175,185,0.0862999999999836
"s2-va-r1-6-o-d-10:42","MSP",212,207,217,0.4417000000001
"s2-va-r1-6-o-d-10:42","MSP",242,237,247,0.509400000000326
"s2-va-r1-6-o-d-10:42","MSP",277,272,282,0.169999999999781
"s2-va-r1-6-o-d-10:42","MSP",303,298,308,0.428099999999709
"s2-va-r1-6-o-d-10:42","MSP",311,306,316,0.360600000000044
"s2-va-r1-6-o-d-10:42","MSP",370,365,375,0.342199999999959
"s2-va-r1-6-o-d-10:42","MSP",383,378,388,0.0917999999998642
"s2-va-r1-6-o-d-10:42","MSP",459,454,464,0.310800000000278
"s2-va-r1-6-o-d-10:42","MSP",467,462,472,0.370400000000437
"s2-va-r1-6-o-d-10:42","MSP",528,523,533,0.285399999999658
"s2-va-r1-7-o-d-11:01","MSP",43,38,48,1.24030000000008
"s2-va-r1-7-o-d-11:01","MSP",213,208,218,1.3772000000003
"s2-va-r1-7-o-d-11:01","MSP",219,214,224,1.19159999999985
"s2-va-r1-7-o-d-11:01","MSP",294,289,299,1.51929999999956
"s2-va-r1-7-o-d-11:01","MSP",360,355,365,0.932099999999991
"s2-va-r1-7-o-d-11:01","MSP",410,405,415,0.97859999999983
"s2-va-r1-7-o-d-11:01","MSP",421,416,426,1.05860000000035
"s2-va-r1-7-o-d-11:01","MSP",428,423,433,0.92900000000018
"s2-va-r1-7-o-d-11:01","MSP",490,485,495,0.898400000000077
"s2-va-r1-7-o-d-11:01","MSP",497,492,502,1.01640000000014
"s2-va-r1-8-o-d-11:15","MSP",81,76,86,0.914300000000257
"s2-va-r1-8-o-d-11:15","MSP",140,135,145,0.439399999999868
"s2-va-r1-8-o-d-11:15","MSP",165,160,170,0.682900000000153
"s2-va-r1-8-o-d-11:15","MSP",213,208,218,0.889599999999824
"s2-va-r1-8-o-d-11:15","MSP",263,258,268,0.586399999999987
"s2-va-r1-8-o-d-11:15","MSP",415,410,420,0.450499999999909
"s2-va-r1-8-o-d-11:15","MSP",543,538,548,0.563000000000535
"s2-va-r1-8-o-d-11:15","MSP",649,644,654,0.0323999999998215
"s3-ca-a1-1-o-d-07:29","goAquaFlux",13,7,50,1462.06990519451
"s3-ca-a1-1-o-d-07:29","MSP",15,10,20,772.167
"s3-ca-a1-1-o-d-07:29","MSP",20,15,25,457.052800000001
"s3-ca-a1-1-o-d-07:29","MSP",28,23,33,561.5596
"s3-ca-a1-12-o-d-10:49","MSP",4,0,9,2.47750000000035
"s3-ca-a1-12-o-d-10:49","MSP",9,4,14,0.684300000000082
"s3-ca-a1-12-o-d-10:49","MSP",20,15,25,0.160899999999575
"s3-ca-a1-12-o-d-10:49","MSP",78,73,83,2.52069999999982
"s3-ca-a1-12-o-d-10:49","MSP",125,120,130,1.06910000000005
"s3-ca-a1-12-o-d-10:49","MSP",195,190,200,1.62910000000016
"s3-ca-a1-12-o-d-10:49","MSP",538,533,543,0.588599999999939
"s3-ca-a1-12-o-d-10:49","MSP",578,573,583,2.14310000000006
"s3-ca-a1-14-o-d-11:27","MSP",142,137,147,1.02810000000009
"s3-ca-a1-14-o-d-11:27","MSP",242,237,247,1.22370000000016
"s3-ca-a1-14-o-d-11:27","MSP",295,290,300,1.62650000000042
"s3-ca-a1-14-o-d-11:27","MSP",330,325,335,1.8807999999999
"s3-ca-a1-14-o-d-11:27","MSP",387,382,392,0.512699999999811
"s3-ca-a1-14-o-d-11:27","MSP",461,456,466,1.80099999999994
"s3-ca-a1-14-o-d-11:27","MSP",536,531,541,1.33159999999988
"s3-ca-a2-1-o-d-07:15","goAquaFlux",7,7,40,447.987602681164
"s3-ca-a2-1-o-d-07:15","goAquaFlux",315,308,373,99.4169683789499
"s3-ca-a2-1-o-d-07:15","goAquaFlux",695,688,701,48.1298702731593
"s3-ca-a2-1-o-d-07:15","MSP",21,16,26,207.7207
"s3-ca-a2-1-o-d-07:15","MSP",107,102,112,7.00579999999995
"s3-ca-a2-1-o-d-07:15","MSP",316,311,321,171.5361
"s3-ca-a2-1-o-d-07:15","MSP",366,361,371,22.1043999999999
"s3-ca-a2-1-o-d-07:15","MSP",441,436,446,16.0741999999994
"s3-ca-a2-1-o-d-07:15","MSP",712,707,717,25.3149000000006
"s3-ca-a2-10-o-d-09:29","MSP",33,28,38,6.52710000000001
"s3-ca-a2-10-o-d-09:29","MSP",98,93,103,11.2577999999997
"s3-ca-a2-10-o-d-09:29","MSP",199,194,204,5.51099999999982
"s3-ca-a2-12-o-d-09:56","MSP",41,36,46,2.84179999999967
"s3-ca-a2-12-o-d-09:56","MSP",51,46,56,3.18970000000007
"s3-ca-a2-12-o-d-09:56","MSP",58,53,63,3.22749999999994
"s3-ca-a2-12-o-d-09:56","MSP",70,65,75,2.95949999999978
"s3-ca-a2-14-o-d-10:25","goAquaFlux",67,59,77,7.04414969893118
"s3-ca-a2-14-o-d-10:25","goAquaFlux",160,141,183,358.488747036527
"s3-ca-a2-14-o-d-10:25","MSP",72,67,77,237.8933
"s3-ca-a2-14-o-d-10:25","MSP",171,166,176,245.653799999999
"s3-ca-a2-14-o-d-10:25","MSP",185,180,190,110.5659
"s3-ca-a2-17-o-d-11:08","goAquaFlux",92,85,100,68.0985643554112
"s3-ca-a2-17-o-d-11:08","goAquaFlux",117,111,128,37.6257286953514
"s3-ca-a2-17-o-d-11:08","MSP",5,0,10,99.3207999999997
"s3-ca-a2-17-o-d-11:08","MSP",97,92,102,56.3494000000002
"s3-ca-a2-17-o-d-11:08","MSP",160,155,165,51.1785000000007
"s3-ca-a2-2-o-d-07:43","MSP",25,20,30,15.4877999999998
"s3-ca-a2-2-o-d-07:43","MSP",92,87,97,16.0977
"s3-ca-a2-2-o-d-07:43","MSP",107,102,112,22.5610999999999
"s3-ca-a2-4-o-d-08:13","goAquaFlux",12,7,78,64.5635286770515
"s3-ca-a2-4-o-d-08:13","MSP",5,0,10,38.7319000000002
"s3-ca-a2-4-o-d-08:13","MSP",16,11,21,45.9313999999997
"s3-ca-a2-4-o-d-08:13","MSP",25,20,30,29.3793999999998
"s3-ca-a2-4-o-d-08:13","MSP",41,36,46,22.5104999999997
"s3-ca-a2-4-o-d-08:13","MSP",105,100,110,4.05169999999977
"s3-ca-a2-6-o-d-08:36","MSP",10,5,15,3.28399999999984
"s3-ca-a2-6-o-d-08:36","MSP",31,26,36,3.66800000000023
"s3-ca-a2-8-o-d-08:58","MSP",40,35,45,1.37160000000014
"s3-ca-a2-8-o-d-08:58","MSP",49,44,54,1.12179999999995
"s3-ca-a2-8-o-d-08:58","MSP",58,53,63,1.20549999999975
"s3-ca-a2-8-o-d-08:58","MSP",64,59,69,0.641400000000125
"s3-ca-a2-8-o-d-08:58","MSP",73,68,78,0.641799999999915
"s3-ca-a2-8-o-d-08:58","MSP",156,151,161,0.843600000000055
"s3-ca-a2-8-o-d-08:58","MSP",324,319,329,0.87740000000025
"s3-ca-a2-8-o-d-08:58","MSP",570,565,575,0.445500000000543
"s3-ca-a2-8-o-d-08:58","MSP",577,572,582,0.805399999999956
"s3-ca-a2-8-o-d-08:58","MSP",635,630,640,0.417899999999971
"s3-ca-a2-8-o-d-08:58","MSP",653,648,658,0.815900000000092
"s3-ca-a2-8-o-d-08:58","MSP",656,651,660,0.335399999999986
"s3-ca-r1-1-o-d-07:46","MSP",8,3,13,4.47090000000028
"s3-ca-r1-1-o-d-07:46","MSP",58,53,63,5.18460000000021
"s3-ca-r1-1-o-d-07:46","MSP",229,224,234,7.26270000000007
"s3-ca-r1-1-o-d-07:46","MSP",377,372,382,6.73099999999982
"s3-ca-r1-1-o-d-07:46","MSP",462,457,467,7.27350000000015
"s3-ca-r1-1-o-d-07:46","MSP",566,561,571,6.51099999999971
"s3-ca-r1-12-o-d-10:23","MSP",21,16,26,350.5346
"s3-ca-r1-12-o-d-10:23","MSP",101,96,106,29.9497000000004
"s3-ca-r1-13-o-d-10:41","MSP",17,12,22,4.15760000000009
"s3-ca-r1-13-o-d-10:41","MSP",49,44,54,3.50919999999988
"s3-ca-r1-13-o-d-10:41","MSP",84,79,89,0.992899999999519
"s3-ca-r1-13-o-d-10:41","MSP",139,134,144,1.10140000000003
"s3-ca-r1-2-o-d-08:00","MSP",16,11,21,295.8232
"s3-ca-r1-3-o-d-08:10","goAquaFlux",94,87,101,5.50365179895148
"s3-ca-r1-3-o-d-08:10","MSP",26,21,31,1.67440000000019
"s3-ca-r1-3-o-d-08:10","MSP",97,92,102,22.8172999999998
"s3-ca-r1-3-o-d-08:10","MSP",222,217,227,12.5679000000001
"s3-ca-r1-3-o-d-08:10","MSP",314,309,319,8.35790000000003
"s3-ca-r1-7-o-d-09:12","MSP",20,15,25,1.91700000000061
"s3-ca-r1-7-o-d-09:12","MSP",116,111,121,2.90330000000028
"s3-ca-r1-7-o-d-09:12","MSP",160,155,165,0.892099999999729
"s3-ca-r1-7-o-d-09:12","MSP",211,206,216,1.96480000000054
"s3-ca-r1-7-o-d-09:12","MSP",296,291,301,0.977499999999853
"s3-ca-r1-7-o-d-09:12","MSP",394,389,399,0.728800000000085
"s3-ca-r1-7-o-d-09:12","MSP",502,497,507,0.419200000000064
"s3-ca-r1-7-o-d-09:12","MSP",566,561,571,0.61549999999988
"s3-ca-r1-7-o-d-09:12","MSP",631,626,636,1.64479999999978
"s3-ca-r1-8-o-d-09:27","MSP",74,69,79,2.81270000000022
"s3-ca-r1-8-o-d-09:27","MSP",111,106,116,8.79809999999992
"s3-ca-r1-8-o-d-09:27","MSP",163,158,168,1.75729999999996
"s3-ca-r1-8-o-d-09:27","MSP",216,211,221,6.15869999999985
"s3-ca-r2-1-o-d-07:03","goAquaFlux",8,7,15,25.474286046817
"s3-ca-r2-1-o-d-07:03","goAquaFlux",461,454,481,38.2971395689011
"s3-ca-r2-1-o-d-07:03","MSP",14,9,19,44.3697397
"s3-ca-r2-1-o-d-07:03","MSP",102,97,107,4.19016220000001
"s3-ca-r2-1-o-d-07:03","MSP",205,200,210,34.2451130999999
"s3-ca-r2-1-o-d-07:03","MSP",315,310,320,14.2482918000004
"s3-ca-r2-1-o-d-07:03","MSP",409,404,414,36.5079314000001
"s3-ca-r2-1-o-d-07:03","MSP",469,464,474,71.1108644
"s3-ca-r2-1-o-d-07:03","MSP",522,517,527,28.4089028999999
"s3-ca-r2-1-o-d-07:03","MSP",599,594,604,28.0431933999998
"s3-ca-r2-1-o-d-07:03","MSP",683,678,688,4.70189300000001
"s3-ca-r2-10-o-d-10:04","MSP",41,36,46,2.91205200000011
"s3-ca-r2-10-o-d-10:04","MSP",160,155,165,3.23808289999983
"s3-ca-r2-10-o-d-10:04","MSP",368,363,373,2.28898840000014
"s3-ca-r2-10-o-d-10:04","MSP",450,445,455,8.61717150000008
"s3-ca-r2-10-o-d-10:04","MSP",495,490,500,2.81035780000005
"s3-ca-r2-10-o-d-10:04","MSP",576,571,581,11.4320846
"s3-ca-r2-10-o-d-10:04","MSP",636,631,641,2.36056689999975
"s3-ca-r2-10-o-d-10:04","MSP",675,670,680,0
"s3-ca-r2-10-o-d-10:04","MSP",720,715,721,0
"s3-ca-r2-2-o-d-07:29","goAquaFlux",255,252,258,30.3452927469665
"s3-ca-r2-2-o-d-07:29","MSP",103,98,108,39.4058224
"s3-ca-r2-2-o-d-07:29","MSP",175,170,180,12.4638276
"s3-ca-r2-2-o-d-07:29","MSP",256,251,261,60.6708136999998
"s3-ca-r2-2-o-d-07:29","MSP",317,312,322,8.77736910000015
"s3-ca-r2-2-o-d-07:29","MSP",428,423,433,13.4316286000002
"s3-ca-r2-2-o-d-07:29","MSP",473,468,478,47.1732778999998
"s3-ca-r2-2-o-d-07:29","MSP",541,536,546,13.7729840999996
"s3-ca-r2-2-o-d-07:29","MSP",565,560,570,25.2331695999999
"s3-ca-r2-2-o-d-07:29","MSP",633,628,638,66.8487501000001
"s3-ca-r2-2-o-d-07:29","MSP",652,647,657,62.3717140000002
"s3-ca-r2-3-o-d-07:50","goAquaFlux",117,110,161,1729.18732891216
"s3-ca-r2-3-o-d-07:50","FS_default",117,1,187,29922.477774
"s3-ca-r2-3-o-d-07:50","MSP",5,0,10,5289.245049
"s3-ca-r2-3-o-d-07:50","MSP",9,4,14,4429.075369
"s3-ca-r2-3-o-d-07:50","MSP",36,31,41,1780.12738
"s3-ca-r2-3-o-d-07:50","MSP",71,66,76,450.552730999995
"s3-ca-r2-3-o-d-07:50","MSP",122,117,127,948.831882999997
"s3-ca-r2-3-o-d-07:50","MSP",161,156,166,1247.754976
"s3-ca-r2-3-o-d-07:50","MSP",412,407,417,1304.939812
"s3-ca-r2-3-o-d-07:50","MSP",630,625,635,48.9079540000006
"s3-ca-r2-4-o-d-08:06","MSP",3,0,8,2.93025549999992
"s3-ca-r2-4-o-d-08:06","MSP",30,25,35,2.47386080000034
"s3-ca-r2-4-o-d-08:06","MSP",94,89,99,3.08449700000013
"s3-ca-r2-4-o-d-08:06","MSP",175,170,180,3.30392210000019
"s3-ca-r2-4-o-d-08:06","MSP",234,229,239,2.97434950000008
"s3-ca-r2-4-o-d-08:06","MSP",278,273,283,1.93586060000017
"s3-ca-r2-4-o-d-08:06","MSP",306,301,311,6.1773071000002
"s3-ca-r2-4-o-d-08:06","MSP",342,337,347,1.29305580000016
"s3-ca-r2-4-o-d-08:06","MSP",409,404,414,0
"s3-ca-r2-4-o-d-08:06","MSP",509,504,514,3.69205719999988
"s3-ca-r2-4-o-d-08:06","MSP",563,558,568,5.33476629999985
"s3-ca-r2-4-o-d-08:06","MSP",586,581,591,2.14067600000023
"s3-ca-r2-4-o-d-08:06","MSP",609,604,614,1.24189469999969
"s3-ca-r2-4-o-d-08:06","MSP",668,663,673,0
"s3-ca-r2-5-o-d-08:23","MSP",11,6,16,10.1883090999997
"s3-ca-r2-5-o-d-08:23","MSP",93,88,98,0.608029999999982
"s3-ca-r2-5-o-d-08:23","MSP",678,673,683,0
"s3-ca-r2-6-o-d-08:44","MSP",631,626,636,20.4927972000002
"s3-ca-r2-7-o-d-09:01","goAquaFlux",28,21,37,46.2012075993674
"s3-ca-r2-7-o-d-09:01","MSP",35,30,40,11.7585448000002
"s3-ca-r2-7-o-d-09:01","MSP",55,50,60,10.8847785999999
"s3-ca-r2-7-o-d-09:01","MSP",99,94,104,3.7471147999999
"s3-ca-r2-7-o-d-09:01","MSP",109,104,114,1.83919430000001
"s3-ca-r2-7-o-d-09:01","MSP",168,163,173,1.04092559999991
"s3-ca-r2-7-o-d-09:01","MSP",400,395,405,6.13639270000021
"s3-ca-r2-7-o-d-09:01","MSP",466,461,471,8.15477459999991
"s3-ca-r2-7-o-d-09:01","MSP",476,471,481,0
"s3-ca-r2-7-o-d-09:01","MSP",485,480,490,3.51284199999968
"s3-ca-r2-7-o-d-09:01","MSP",553,548,558,14.9205306
"s3-ca-r2-7-o-d-09:01","MSP",630,625,635,2.23312040000012
"s3-ca-r2-7-o-d-09:01","MSP",683,678,688,9.32366609999979
"s3-ca-r2-7-o-d-09:01","MSP",689,684,690,2.79391340000013
"s3-ca-r2-8-o-d-09:20","goAquaFlux",212,211,217,19.6864333114471
"s3-ca-r2-8-o-d-09:20","MSP",52,47,57,8.47954249999994
"s3-ca-r2-8-o-d-09:20","MSP",112,107,117,14.6861911
"s3-ca-r2-8-o-d-09:20","MSP",146,141,151,4.26419949999968
"s3-ca-r2-8-o-d-09:20","MSP",215,210,220,12.3915944999999
"s3-ca-r2-8-o-d-09:20","MSP",314,309,319,9.72960419999991
"s3-ca-r2-8-o-d-09:20","MSP",408,403,413,3.39203620000017
"s3-ca-r2-8-o-d-09:20","MSP",462,457,467,4.09595700000009
"s3-ca-r2-8-o-d-09:20","MSP",522,517,527,5.70852309999959
"s3-ca-r2-9-o-d-09:37","MSP",70,65,75,4.25450339999944
"s3-ca-r2-9-o-d-09:37","MSP",107,102,112,5.98504620000018
"s3-ca-r2-9-o-d-09:37","MSP",133,128,138,3.65747099999947
"s3-ca-r2-9-o-d-09:37","MSP",173,168,178,3.68272389999946
"s3-ca-r2-9-o-d-09:37","MSP",201,196,206,2.51531690000029
"s3-ca-r2-9-o-d-09:37","MSP",256,251,261,0.00826360000072413
"s3-ca-r2-9-o-d-09:37","MSP",346,341,351,6.25287289999976
"s3-ca-r2-9-o-d-09:37","MSP",431,426,436,3.03459569999998
"s3-ca-r2-9-o-d-09:37","MSP",499,494,504,1.26881030000003
"s3-ca-r2-9-o-d-09:37","MSP",574,569,579,4.41458800000039
"s3-ca-r2-9-o-d-09:37","MSP",601,596,606,2.69225949999985
"s3-ca-r2-9-o-d-09:37","MSP",636,631,641,3.2098238999998
"s3-cu-a1-1-o-d-06:39","goAquaFlux",12,7,30,70157.6382176487
"s3-cu-a1-1-o-d-06:39","goAquaFlux",70,63,83,17530.5318507163
"s3-cu-a1-1-o-d-06:39","FS_default",12,1,561,50244.52
"s3-cu-a1-1-o-d-06:39","MSP",19,14,24,13076.73
"s3-cu-a1-1-o-d-06:39","MSP",79,74,84,6902.60000000001
"s3-cu-a1-1-o-d-06:39","MSP",263,258,268,4162.90000000004
"s3-cu-a1-10-o-d-09:02","goAquaFlux",376,375,380,47.9256518207282
"s3-cu-a1-10-o-d-09:02","MSP",39,34,44,26.3869999999997
"s3-cu-a1-10-o-d-09:02","MSP",120,115,125,27.6329999999998
"s3-cu-a1-10-o-d-09:02","MSP",206,201,211,32.8200000000001
"s3-cu-a1-10-o-d-09:02","MSP",380,375,385,54.138
"s3-cu-a1-10-o-d-09:02","MSP",494,489,499,80.2960000000001
"s3-cu-a1-10-o-d-09:02","MSP",536,531,541,49.55
"s3-cu-a1-10-o-d-09:02","MSP",631,626,636,32.349
"s3-cu-a1-11-o-d-09:16","goAquaFlux",143,133,150,170.210790789072
"s3-cu-a1-11-o-d-09:16","MSP",65,60,70,82.9200000000001
"s3-cu-a1-11-o-d-09:16","MSP",146,141,151,128.178
"s3-cu-a1-11-o-d-09:16","MSP",195,190,200,78.4210000000001
"s3-cu-a1-12-o-d-09:25","MSP",4,0,9,118.808999999999
"s3-cu-a1-12-o-d-09:25","MSP",10,5,15,89.9259999999993
"s3-cu-a1-2-o-d-06:53","goAquaFlux",143,130,189,2636.4534049902
"s3-cu-a1-2-o-d-06:53","FS_default",143,112,190,5681.052
"s3-cu-a1-2-o-d-06:53","MSP",148,143,153,4140.81
"s3-cu-a1-4-o-d-07:21","MSP",22,17,27,79.7820000000002
"s3-cu-a1-4-o-d-07:21","MSP",90,85,95,85.3670000000002
"s3-cu-a1-4-o-d-07:21","MSP",195,190,200,159.562999999999
"s3-cu-a1-4-o-d-07:21","MSP",233,228,238,166.903
"s3-cu-a1-6-o-d-07:53","goAquaFlux",129,124,136,41.0706910468319
"s3-cu-a1-6-o-d-07:53","MSP",61,56,66,16.229
"s3-cu-a1-6-o-d-07:53","MSP",138,133,143,28.8849999999994
"s3-cu-a1-6-o-d-07:53","MSP",292,287,297,29.0729999999999
"s3-cu-a1-8-o-d-08:26","goAquaFlux",206,197,213,117.99066314935
"s3-cu-a1-8-o-d-08:26","goAquaFlux",851,851,856,7.39370238927799
"s3-cu-a1-8-o-d-08:26","MSP",48,43,53,0
"s3-cu-a1-8-o-d-08:26","MSP",107,102,112,51.3940000000002
"s3-cu-a1-8-o-d-08:26","MSP",217,212,222,50.5149999999999
"s3-cu-a1-8-o-d-08:26","MSP",280,275,285,149.023
"s3-cu-a1-8-o-d-08:26","MSP",316,311,321,87.8289999999997
"s3-cu-a1-8-o-d-08:26","MSP",407,402,412,56.006
"s3-cu-a1-8-o-d-08:26","MSP",934,929,939,53.7099999999997
"s3-cu-a1-9-o-d-08:54","MSP",29,24,34,58.799
"s3-cu-a1-9-o-d-08:54","MSP",131,126,136,121.454
"s3-cu-a1-9-o-d-08:54","MSP",193,188,198,100.132
"s3-cu-a2-1-o-d-09:26","MSP",14,9,19,35.501
"s3-cu-a2-1-o-d-09:26","MSP",36,31,41,52.619
"s3-cu-a2-1-o-d-09:26","MSP",98,93,103,103.467
"s3-cu-a2-1-o-d-09:26","MSP",109,104,114,83.3920000000004
"s3-cu-a2-1-o-d-09:26","MSP",257,252,262,70.5559999999998
"s3-cu-a2-1-o-d-09:26","MSP",265,260,270,58.7260000000001
"s3-cu-a2-10-o-d-12:02","goAquaFlux",503,490,526,33753.2606045861
"s3-cu-a2-10-o-d-12:02","FS_default",334,308,383,11727.66
"s3-cu-a2-10-o-d-12:02","FS_default",503,469,546,27039.04
"s3-cu-a2-10-o-d-12:02","MSP",357,352,362,1656.38000000001
"s3-cu-a2-10-o-d-12:02","MSP",453,448,458,0
"s3-cu-a2-10-o-d-12:02","MSP",515,510,520,5145.69
"s3-cu-a2-11-o-d-12:19","goAquaFlux",19,9,30,814.662403887245
"s3-cu-a2-11-o-d-12:19","MSP",27,22,32,449.65
"s3-cu-a2-11-o-d-12:19","MSP",130,125,135,97.594
"s3-cu-a2-11-o-d-12:19","MSP",187,182,192,74.376
"s3-cu-a2-12-o-d-12:29","goAquaFlux",527,512,556,1768.8134948791
"s3-cu-a2-12-o-d-12:29","MSP",470,465,475,40.4420000000001
"s3-cu-a2-12-o-d-12:29","MSP",541,536,546,681.44
"s3-cu-a2-12-o-d-12:29","MSP",648,643,653,732.848
"s3-cu-a2-13-o-d-12:47","goAquaFlux",14,7,22,31.7885107732946
"s3-cu-a2-13-o-d-12:47","MSP",17,12,22,347.566
"s3-cu-a2-13-o-d-12:47","MSP",50,45,55,245.439
"s3-cu-a2-13-o-d-12:47","MSP",80,75,85,215.107
"s3-cu-a2-13-o-d-12:47","MSP",152,147,157,136.022
"s3-cu-a2-13-o-d-12:47","MSP",214,209,219,79.1029999999999
"s3-cu-a2-14-o-d-12:55","goAquaFlux",22,15,30,267.879597736656
"s3-cu-a2-14-o-d-12:55","MSP",26,21,31,367.893
"s3-cu-a2-14-o-d-12:55","MSP",96,91,101,131.104
"s3-cu-a2-15-o-d-13:07","MSP",61,56,66,902.799999999999
"s3-cu-a2-15-o-d-13:07","MSP",164,159,169,4678.9
"s3-cu-a2-15-o-d-13:07","MSP",223,218,228,1928.1
"s3-cu-a2-7-o-d-11:26","goAquaFlux",95,86,104,3243.37664046496
"s3-cu-a2-7-o-d-11:26","goAquaFlux",126,119,139,2056.86692746376
"s3-cu-a2-7-o-d-11:26","FS_default",33,4,164,12274.568
"s3-cu-a2-7-o-d-11:26","FS_default",404,366,439,13554.86
"s3-cu-a2-7-o-d-11:26","FS_default",647,569,706,14365.9
"s3-cu-a2-7-o-d-11:26","MSP",40,35,45,1621.41
"s3-cu-a2-7-o-d-11:26","MSP",656,651,661,4023.91
"s3-cu-a2-8-o-d-11:42","goAquaFlux",119,106,155,5530.66502890397
"s3-cu-a2-8-o-d-11:42","FS_default",119,1,188,29414.348
"s3-cu-a2-8-o-d-11:42","MSP",127,122,132,8795.63
"s3-cu-a2-9-o-d-11:52","FS_default",45,14,76,3610.82
"s3-cu-a2-9-o-d-11:52","MSP",48,43,53,1713.47
"s3-cu-a2-9-o-d-11:52","MSP",57,52,62,298.33
"s3-cu-p1-10-o-d-08:37","MSP",63,58,68,104.513
"s3-cu-p1-10-o-d-08:37","MSP",90,85,95,152.69
"s3-cu-p1-10-o-d-08:37","MSP",459,454,464,79.4969999999999
"s3-cu-p1-12-o-d-09:20","MSP",65,60,70,22.726
"s3-cu-p1-12-o-d-09:20","MSP",98,93,103,21.8259999999999
"s3-cu-p1-13-o-d-09:28","goAquaFlux",191,182,196,55.6441258503402
"s3-cu-p1-13-o-d-09:28","MSP",9,4,14,22.7650000000001
"s3-cu-p1-13-o-d-09:28","MSP",143,138,148,34.484
"s3-cu-p1-13-o-d-09:28","MSP",155,150,160,12.505
"s3-cu-p1-13-o-d-09:28","MSP",196,191,201,25.5180000000004
"s3-cu-p1-14-o-d-09:36","MSP",131,126,136,20.4469999999999
"s3-cu-p1-14-o-d-09:36","MSP",234,229,239,28.0279999999999
"s3-cu-p1-14-o-d-09:36","MSP",312,307,317,8.68899999999995
"s3-cu-p1-14-o-d-09:36","MSP",429,424,434,11.3789999999998
"s3-cu-p1-14-o-d-09:36","MSP",538,533,543,8.23300000000016
"s3-cu-p1-14-o-d-09:36","MSP",590,585,595,7.45599999999991
"s3-cu-p1-14-o-d-09:36","MSP",650,645,655,11.603
"s3-cu-p1-15-o-d-09:53","MSP",15,10,20,14.4369999999996
"s3-cu-p1-15-o-d-09:53","MSP",36,31,41,30.1440000000004
"s3-cu-p1-15-o-d-09:53","MSP",42,37,47,10.043
"s3-cu-p1-15-o-d-09:53","MSP",86,81,91,14.3450000000001
"s3-cu-p1-15-o-d-09:53","MSP",228,223,233,14.0219999999998
"s3-cu-p1-4-o-d-07:12","goAquaFlux",558,550,578,53.0106182412017
"s3-cu-p1-4-o-d-07:12","goAquaFlux",615,608,623,56.4073839323211
"s3-cu-p1-4-o-d-07:12","MSP",48,43,53,333.854
"s3-cu-p1-4-o-d-07:12","MSP",360,355,365,293.57
"s3-cu-p1-4-o-d-07:12","MSP",563,558,568,118.004
"s3-cu-p1-5-o-d-07:26","goAquaFlux",61,54,68,11.4427177295461
"s3-cu-p1-5-o-d-07:26","goAquaFlux",198,191,231,91.9124061081924
"s3-cu-p1-5-o-d-07:26","MSP",50,45,55,31.3090000000003
"s3-cu-p1-5-o-d-07:26","MSP",65,60,70,124.918
"s3-cu-p1-5-o-d-07:26","MSP",201,196,206,144.801
"s3-cu-p1-7-o-d-07:50","goAquaFlux",347,315,353,34.5419732672502
"s3-cu-p1-7-o-d-07:50","MSP",117,112,122,85.054
"s3-cu-p1-7-o-d-07:50","MSP",206,201,211,53.4829999999999
"s3-cu-p1-7-o-d-07:50","MSP",261,256,266,47.8260000000001
"s3-cu-p1-7-o-d-07:50","MSP",320,315,325,91.485
"s3-cu-p1-7-o-d-07:50","MSP",355,350,360,49.6489999999996
"s3-cu-p1-9-o-d-08:23","goAquaFlux",254,231,263,5.82860868006609
"s3-cu-p1-9-o-d-08:23","goAquaFlux",305,298,352,45.5554393599902
"s3-cu-p1-9-o-d-08:23","goAquaFlux",377,364,378,29.8175146649985
"s3-cu-p1-9-o-d-08:23","MSP",61,56,66,43.4589999999999
"s3-cu-p1-9-o-d-08:23","MSP",158,153,163,15.644
"s3-cu-p1-9-o-d-08:23","MSP",261,256,266,21.296
"s3-cu-p1-9-o-d-08:23","MSP",316,311,321,20.6789999999999
"s3-cu-p1-9-o-d-08:23","MSP",397,392,402,16.9459999999999
"s3-cu-p1-9-o-d-08:23","MSP",489,484,494,17.69
"s3-cu-p1-9-o-d-08:23","MSP",562,557,567,27.5129999999999
"s3-cu-p2-5-o-d-10:02","goAquaFlux",482,411,517,53.7717281874084
"s3-cu-p2-5-o-d-10:02","MSP",47,42,52,41.2922
"s3-cu-p2-5-o-d-10:02","MSP",123,118,128,39.5476000000001
"s3-cu-p2-5-o-d-10:02","MSP",343,338,348,15.4800000000002
"s3-cu-p2-5-o-d-10:02","MSP",439,434,444,39.4771000000005
"s3-cu-p2-5-o-d-10:02","MSP",467,462,472,51.6116000000002
"s3-cu-p2-5-o-d-10:02","MSP",511,506,516,66.9384000000002
"s3-cu-p2-6-o-d-10:18","goAquaFlux",45,7,76,95.1817761632143
"s3-cu-p2-6-o-d-10:18","goAquaFlux",100,90,132,86.2574528572047
"s3-cu-p2-6-o-d-10:18","goAquaFlux",279,279,287,67.2775536834737
"s3-cu-p2-6-o-d-10:18","goAquaFlux",510,496,532,107.191161381242
"s3-cu-p2-6-o-d-10:18","MSP",20,15,25,62.4734
"s3-cu-p2-6-o-d-10:18","MSP",47,42,52,406.1917
"s3-cu-p2-6-o-d-10:18","MSP",74,69,79,42.0093000000001
"s3-cu-p2-6-o-d-10:18","MSP",135,130,140,46.0461000000003
"s3-cu-p2-6-o-d-10:18","MSP",515,510,520,22.269099999999
"s3-cu-p2-6-o-d-10:18","MSP",524,519,529,52.3603999999995
"s3-cu-p2-7-o-d-10:36","goAquaFlux",102,93,141,31.9759590374872
"s3-cu-p2-7-o-d-10:36","goAquaFlux",191,170,207,47.8255136404479
"s3-cu-p2-7-o-d-10:36","goAquaFlux",541,529,624,763.252545604756
"s3-cu-p2-7-o-d-10:36","FS_default",541,509,595,5155.8606
"s3-cu-p2-7-o-d-10:36","FS_default",867,817,900,4750.5683
"s3-cu-p2-7-o-d-10:36","MSP",479,474,484,50.6213999999998
"s3-cu-p2-7-o-d-10:36","MSP",548,543,553,9106.051
"s3-cu-p2-7-o-d-10:36","MSP",878,873,883,523.249
"s3-cu-p2-8-o-d-11:01","goAquaFlux",554,531,593,234.191571352819
"s3-cu-p2-8-o-d-11:01","MSP",2,0,7,43.8305999999997
"s3-cu-p2-8-o-d-11:01","MSP",54,49,59,11.4426000000005
"s3-cu-p2-8-o-d-11:01","MSP",187,182,192,20.2276000000001
"s3-cu-p2-8-o-d-11:01","MSP",264,259,269,26.1733
"s3-cu-p2-8-o-d-11:01","MSP",504,499,509,20.6526
"s3-cu-p2-8-o-d-11:01","MSP",519,514,524,30.9740999999999
"s3-cu-p2-8-o-d-11:01","MSP",574,569,579,64.2817
"s3-cu-r1-10-o-d-09:13","MSP",35,30,40,9.09899999999997
"s3-cu-r1-10-o-d-09:13","MSP",81,76,86,13.3959999999997
"s3-cu-r1-10-o-d-09:13","MSP",134,129,139,15.5099999999999
"s3-cu-r1-10-o-d-09:13","MSP",204,199,209,12.947
"s3-cu-r1-10-o-d-09:13","MSP",278,273,283,20.2519999999997
"s3-cu-r1-10-o-d-09:13","MSP",353,348,358,11.3449999999999
"s3-cu-r1-10-o-d-09:13","MSP",389,384,394,5.14100000000006
"s3-cu-r1-10-o-d-09:13","MSP",454,449,459,14.8540000000006
"s3-cu-r1-10-o-d-09:13","MSP",549,544,554,2.61500000000003
"s3-cu-r1-11-o-d-09:28","MSP",50,45,55,6.95300000000021
"s3-cu-r1-11-o-d-09:28","MSP",97,92,102,11.8379999999996
"s3-cu-r1-11-o-d-09:28","MSP",155,150,160,10.9779999999997
"s3-cu-r1-11-o-d-09:28","MSP",252,247,257,8.05100000000003
"s3-cu-r1-12-o-d-09:39","MSP",7,2,12,8.95499999999982
"s3-cu-r1-12-o-d-09:39","MSP",123,118,128,10.0009999999999
"s3-cu-r1-12-o-d-09:39","MSP",187,182,192,8.66500000000014
"s3-cu-r1-13-o-d-09:47","MSP",49,44,54,4.79099999999999
"s3-cu-r1-13-o-d-09:47","MSP",105,100,110,17.8560000000001
"s3-cu-r1-13-o-d-09:47","MSP",477,472,482,7.85200000000019
"s3-cu-r1-13-o-d-09:47","MSP",540,535,545,6.41900000000017
"s3-cu-r1-13-o-d-09:47","MSP",689,684,694,9.12300000000021
"s3-cu-r1-14-o-d-10:03","goAquaFlux",91,84,100,35.0314604251628
"s3-cu-r1-14-o-d-10:03","MSP",95,90,100,98.214
"s3-cu-r1-3-o-d-07:22","MSP",26,21,31,93.3799999999998
"s3-cu-r1-3-o-d-07:22","MSP",84,79,89,119.704
"s3-cu-r1-3-o-d-07:22","MSP",174,169,179,50.6659999999997
"s3-cu-r1-7-o-d-08:38","MSP",39,34,44,10.9189999999999
"s3-cu-r1-7-o-d-08:38","MSP",139,134,144,15.4640000000001
"s3-cu-r1-7-o-d-08:38","MSP",259,254,264,8.98500000000002
"s3-cu-r1-7-o-d-08:38","MSP",321,316,326,4.06299999999993
"s3-cu-r1-7-o-d-08:38","MSP",378,373,383,17.6129999999999
"s3-cu-r1-7-o-d-08:38","MSP",528,523,533,11.0259999999993
"s3-cu-r1-7-o-d-08:38","MSP",683,678,688,15.3799999999999
"s3-cu-r1-8-o-d-08:55","MSP",73,68,78,9.05600000000018
"s3-cu-r1-8-o-d-08:55","MSP",165,160,170,14.967
"s3-cu-r1-8-o-d-08:55","MSP",230,225,235,30.643
"s3-cu-r1-9-o-d-09:04","MSP",52,47,57,1334.525
"s3-cu-r1-9-o-d-09:04","MSP",90,85,95,1194.37
"s3-cu-r1-9-o-d-09:04","MSP",116,111,121,510.18
"s3-cu-r2-10-o-d-10:57","goAquaFlux",495,481,504,25.0504657169539
"s3-cu-r2-10-o-d-10:57","MSP",59,54,64,15.4431000000002
"s3-cu-r2-10-o-d-10:57","MSP",114,109,119,16.8459000000003
"s3-cu-r2-10-o-d-10:57","MSP",165,160,170,4.88650000000002
"s3-cu-r2-10-o-d-10:57","MSP",366,361,371,6.0216999999998
"s3-cu-r2-10-o-d-10:57","MSP",434,429,439,6.7573000000003
"s3-cu-r2-10-o-d-10:57","MSP",503,498,508,6.86519999999957
"s3-cu-r2-14-o-d-12:19","goAquaFlux",445,363,498,84.1041634014296
"s3-cu-r2-14-o-d-12:19","MSP",28,23,33,32.1400999999999
"s3-cu-r2-14-o-d-12:19","MSP",364,359,369,10.2824999999998
"s3-cu-r2-14-o-d-12:19","MSP",418,413,423,63.345
"s3-cu-r2-14-o-d-12:19","MSP",470,465,475,33.5967000000004
"s3-cu-r2-4-o-d-07:42","MSP",28,23,33,8.30829999999994
"s3-cu-r2-4-o-d-07:42","MSP",79,74,84,9.29219999999997
"s3-cu-r2-4-o-d-07:42","MSP",111,106,116,2.17070000000019
"s3-cu-r2-4-o-d-07:42","MSP",179,174,184,18.0056
"s3-cu-r2-4-o-d-07:42","MSP",263,258,268,6.73779999999979
"s3-cu-r2-5-o-d-07:57","goAquaFlux",99,65,122,61.641917861117
"s3-cu-r2-5-o-d-07:57","goAquaFlux",144,143,159,17.9165650686945
"s3-cu-r2-5-o-d-07:57","goAquaFlux",255,246,282,15.3877385568723
"s3-cu-r2-5-o-d-07:57","MSP",33,28,38,4.66719999999965
"s3-cu-r2-5-o-d-07:57","MSP",77,72,82,26.9960999999999
"s3-cu-r2-5-o-d-07:57","MSP",104,99,109,27.9228000000002
"s3-cu-r2-5-o-d-07:57","MSP",147,142,152,28.7615000000003
"s3-cu-r2-5-o-d-07:57","MSP",204,199,209,3.68140000000006
"s3-cu-r2-5-o-d-07:57","MSP",216,211,221,8.68570000000002
"s3-cu-r2-5-o-d-07:57","MSP",262,257,267,13.0805999999999
"s3-cu-r2-5-o-d-07:57","MSP",283,278,288,12.3688999999998
"s3-cu-r2-5-o-d-07:57","MSP",599,594,600,0.744700000000265
"s3-cu-r2-6-o-d-08:26","goAquaFlux",33,7,40,13.8747423510177
"s3-cu-r2-6-o-d-08:26","MSP",36,31,41,20.5305
"s3-cu-r2-6-o-d-08:26","MSP",80,75,85,4.00900000000037
"s3-cu-r2-6-o-d-08:26","MSP",169,164,174,5.88210000000045
"s3-cu-r2-6-o-d-08:26","MSP",265,260,270,4.59620000000038
"s3-cu-r2-6-o-d-08:26","MSP",366,361,371,5.35469999999982
"s3-cu-r2-6-o-d-08:26","MSP",459,454,464,5.28879999999976
"s3-cu-r2-6-o-d-08:26","MSP",585,580,590,3.64599999999982
"s3-cu-r2-7-o-d-08:41","goAquaFlux",45,37,63,32.3716422349171
"s3-cu-r2-7-o-d-08:41","MSP",51,46,56,15.5254
"s3-cu-r2-7-o-d-08:41","MSP",139,134,144,10.3613999999999
"s3-cu-r2-7-o-d-08:41","MSP",205,200,210,5.10719999999987
"s3-cu-r2-7-o-d-08:41","MSP",366,361,371,5.21979999999989
"s3-cu-r2-7-o-d-08:41","MSP",455,450,460,3.28370000000033
"s3-cu-r2-7-o-d-08:41","MSP",529,524,534,4.77759999999972
"s3-cu-r2-9-o-d-10:42","MSP",213,208,218,303.3189
"s3-cu-r2-9-o-d-10:42","MSP",226,221,231,156.8181
"s3-cu-r2-9-o-d-10:42","MSP",292,287,297,31.3303999999999
"s3-da-a2-1-o-d-06:06","goAquaFlux",92,85,105,341.835452500976
"s3-da-a2-1-o-d-06:06","FS_default",239,207,240,985594.519
"s3-da-a2-1-o-d-06:06","MSP",200,195,205,15.0279999999992
"s3-da-a2-10-o-d-08:57","goAquaFlux",157,145,213,4160.29681787418
"s3-da-a2-10-o-d-08:57","goAquaFlux",273,266,285,595.56460576359
"s3-da-a2-10-o-d-08:57","FS_default",157,125,306,5862.8982
"s3-da-a2-10-o-d-08:57","FS_default",459,349,498,5043.52
"s3-da-a2-10-o-d-08:57","MSP",162,157,167,4714.862
"s3-da-a2-10-o-d-08:57","MSP",459,454,464,7282.928
"s3-da-a2-10-o-d-08:57","MSP",616,611,621,4263.531
"s3-da-a2-2-o-d-06:17","goAquaFlux",565,441,654,9094.31595281499
"s3-da-a2-2-o-d-06:17","FS_default",565,421,654,39565.139
"s3-da-a2-2-o-d-06:17","MSP",458,453,463,0
"s3-da-a2-2-o-d-06:17","MSP",570,565,575,41278.489
"s3-da-a2-2-o-d-06:17","MSP",608,603,613,901.050999999995
"s3-da-a2-3-o-d-06:45","goAquaFlux",11,7,18,153.138184598291
"s3-da-a2-3-o-d-06:45","goAquaFlux",218,211,222,157.856281289702
"s3-da-a2-3-o-d-06:45","goAquaFlux",379,372,386,153.383196519391
"s3-da-a2-3-o-d-06:45","goAquaFlux",443,442,450,63.2042314217757
"s3-da-a2-3-o-d-06:45","MSP",79,74,84,55.9294000000001
"s3-da-a2-3-o-d-06:45","MSP",224,219,229,69.8407999999997
"s3-da-a2-3-o-d-06:45","MSP",282,277,287,50.8594000000002
"s3-da-a2-3-o-d-06:45","MSP",356,351,361,91.5525000000006
"s3-da-a2-3-o-d-06:45","MSP",394,389,399,116.130800000001
"s3-da-a2-3-o-d-06:45","MSP",422,417,427,106.538599999999
"s3-da-a2-3-o-d-06:45","MSP",459,454,464,121.847099999999
"s3-da-a2-3-o-d-06:45","MSP",472,467,477,129.415
"s3-da-a2-3-o-d-06:45","MSP",525,520,530,85.8768999999997
"s3-da-a2-4-o-d-07:00","goAquaFlux",83,74,117,428.329636772658
"s3-da-a2-4-o-d-07:00","goAquaFlux",260,251,324,1324.55043819601
"s3-da-a2-4-o-d-07:00","FS_default",260,230,296,2766.2197
"s3-da-a2-4-o-d-07:00","MSP",84,79,89,2534.988
"s3-da-a2-4-o-d-07:00","MSP",90,85,95,0
"s3-da-a2-4-o-d-07:00","MSP",256,251,261,4423.1506
"s3-da-a2-4-o-d-07:00","MSP",290,285,295,477.7119
"s3-da-a2-5-o-d-07:21","goAquaFlux",169,162,176,82.7649160213076
"s3-da-a2-5-o-d-07:21","goAquaFlux",622,608,773,32705.5504353868
"s3-da-a2-5-o-d-07:21","FS_default",622,588,780,61581.3276
"s3-da-a2-5-o-d-07:21","MSP",627,622,632,13636.789
"s3-da-a2-6-o-d-07:39","goAquaFlux",56,17,63,71.116140479203
"s3-da-a2-6-o-d-07:39","goAquaFlux",686,676,743,1932.24168561525
"s3-da-a2-6-o-d-07:39","FS_default",686,656,744,3842.2483
"s3-da-a2-6-o-d-07:39","MSP",691,686,696,6331.785
"s3-da-a2-7-o-d-08:04","goAquaFlux",363,356,370,146.558524530149
"s3-da-a2-7-o-d-08:04","MSP",8,3,13,132.9851
"s3-da-a2-7-o-d-08:04","MSP",222,217,227,110.5059
"s3-da-a2-7-o-d-08:04","MSP",283,278,288,124.7867
"s3-da-a2-7-o-d-08:04","MSP",368,363,373,83.9330999999994
"s3-da-a2-7-o-d-08:04","MSP",455,450,460,33.3924999999997
"s3-da-a2-7-o-d-08:04","MSP",495,490,500,72.0933000000006
"s3-da-a2-8-o-d-08:20","goAquaFlux",410,384,471,115091.390866274
"s3-da-a2-8-o-d-08:20","goAquaFlux",556,510,570,157179.889050864
"s3-da-a2-8-o-d-08:20","FS_default",410,12,660,2118366.1973
"s3-da-a2-8-o-d-08:20","MSP",313,308,318,64806.7500000001
"s3-da-a2-8-o-d-08:20","MSP",410,405,415,179609
"s3-da-a2-8-o-d-08:20","MSP",568,563,573,54005.6999999999
"s3-da-a2-9-o-d-08:41","goAquaFlux",260,254,268,145.593754222901
"s3-da-a2-9-o-d-08:41","MSP",68,63,73,76.2643999999999
"s3-da-a2-9-o-d-08:41","MSP",142,137,147,123.1624
"s3-da-a2-9-o-d-08:41","MSP",288,283,293,83.6190999999999
"s3-da-a2-9-o-d-08:41","MSP",349,344,354,91.2606999999994
"s3-da-a2-9-o-d-08:41","MSP",456,451,461,89.5288000000001
"s3-da-a2-9-o-d-08:41","MSP",523,518,528,44.3188999999995
"s3-da-p1-1-o-d-07:09","goAquaFlux",377,375,384,19.7010318957066
"s3-da-p1-1-o-d-07:09","MSP",94,89,99,5.89719999999971
"s3-da-p1-1-o-d-07:09","MSP",168,163,173,10.5564
"s3-da-p1-1-o-d-07:09","MSP",263,258,268,9.51510000000022
"s3-da-p1-1-o-d-07:09","MSP",383,378,388,4.64239999999982
"s3-da-p1-1-o-d-07:09","MSP",491,486,496,3.93580000000027
"s3-da-p1-1-o-d-07:09","MSP",563,558,568,6.33760000000061
"s3-da-p1-11-o-d-10:39","MSP",51,46,56,7.79050000000003
"s3-da-p1-11-o-d-10:39","MSP",112,107,117,13.3980999999999
"s3-da-p1-11-o-d-10:39","MSP",194,189,199,18.7201999999997
"s3-da-p1-11-o-d-10:39","MSP",223,218,228,16.7948999999998
"s3-da-p1-11-o-d-10:39","MSP",274,269,279,14.9935999999999
"s3-da-p1-11-o-d-10:39","MSP",417,412,422,6.30509999999962
"s3-da-p1-11-o-d-10:39","MSP",467,462,472,7.99880000000019
"s3-da-p1-11-o-d-10:39","MSP",525,520,530,7.64530000000008
"s3-da-p1-12-o-d-10:59","goAquaFlux",150,146,156,23.4023329201099
"s3-da-p1-12-o-d-10:59","goAquaFlux",403,386,410,22.4391949803116
"s3-da-p1-12-o-d-10:59","MSP",90,85,95,52.8224999999996
"s3-da-p1-12-o-d-10:59","MSP",188,183,193,67.7192999999998
"s3-da-p1-12-o-d-10:59","MSP",305,300,310,30.9533000000002
"s3-da-p1-12-o-d-10:59","MSP",408,403,413,26.2416999999999
"s3-da-p1-12-o-d-10:59","MSP",498,493,503,9.1669999999997
"s3-da-p1-12-o-d-10:59","MSP",555,550,560,34.0284000000004
"s3-da-p1-12-o-d-10:59","MSP",650,645,655,32.1014999999996
"s3-da-p1-13-o-d-11:20","MSP",70,65,75,64.2868999999999
"s3-da-p1-13-o-d-11:20","MSP",106,101,111,48.9722000000001
"s3-da-p1-13-o-d-11:20","MSP",162,157,167,30.7251000000002
"s3-da-p1-13-o-d-11:20","MSP",217,212,222,67.4328999999996
"s3-da-p1-13-o-d-11:20","MSP",339,334,344,16.2624999999998
"s3-da-p1-15-o-d-12:09","MSP",24,19,29,5.12090000000009
"s3-da-p1-15-o-d-12:09","MSP",101,96,106,3.98120000000013
"s3-da-p1-2-o-d-07:24","goAquaFlux",213,205,220,6.99770273431291
"s3-da-p1-2-o-d-07:24","MSP",67,62,72,7.44989999999923
"s3-da-p1-2-o-d-07:24","MSP",150,145,155,12.7231999999995
"s3-da-p1-2-o-d-07:24","MSP",247,242,252,12.0966
"s3-da-p1-4-o-d-08:06","MSP",8,3,13,3.76220000000016
"s3-da-p1-4-o-d-08:06","MSP",29,24,34,4.24580000000008
"s3-da-p1-4-o-d-08:06","MSP",99,94,104,3.78610000000013
"s3-da-p1-4-o-d-08:06","MSP",195,190,200,3.32299999999996
"s3-da-p1-5-o-d-08:25","goAquaFlux",589,566,595,42.4082872933228
"s3-da-p1-5-o-d-08:25","MSP",1,0,6,36.3623000000004
"s3-da-p1-5-o-d-08:25","MSP",44,39,49,27.25
"s3-da-p1-5-o-d-08:25","MSP",128,123,133,35.9902000000001
"s3-da-p1-5-o-d-08:25","MSP",177,172,182,40.1503999999999
"s3-da-p1-5-o-d-08:25","MSP",248,243,253,34.9577999999999
"s3-da-p1-5-o-d-08:25","MSP",330,325,335,41.5805999999996
"s3-da-p1-5-o-d-08:25","MSP",653,648,658,84.6074999999997
"s3-da-p1-5-o-d-08:25","MSP",657,652,660,32.2382999999995
"s3-da-p1-6-o-d-08:44","goAquaFlux",484,477,497,120.213956380573
"s3-da-p1-6-o-d-08:44","goAquaFlux",830,820,833,53.0990593531164
"s3-da-p1-6-o-d-08:44","MSP",230,225,235,113.6265
"s3-da-p1-6-o-d-08:44","MSP",318,313,323,73.1767999999997
"s3-da-p1-6-o-d-08:44","MSP",432,427,437,109.7178
"s3-da-p1-6-o-d-08:44","MSP",490,485,495,45.3143999999996
"s3-da-p1-6-o-d-08:44","MSP",524,519,529,26.7777999999996
"s3-da-p1-6-o-d-08:44","MSP",626,621,631,94.9258000000004
"s3-da-p1-6-o-d-08:44","MSP",683,678,688,146.647
"s3-da-p1-6-o-d-08:44","MSP",750,745,755,80.9369999999996
"s3-da-p1-6-o-d-08:44","MSP",793,788,798,21.1079000000005
"s3-da-p1-6-o-d-08:44","MSP",839,834,840,5.02829999999932
"s3-da-p1-7-o-d-09:06","MSP",184,179,189,69.8591
"s3-da-p1-7-o-d-09:06","MSP",251,246,256,32.9867999999998
"s3-da-p1-7-o-d-09:06","MSP",295,290,300,53.5637000000002
"s3-da-p1-7-o-d-09:06","MSP",350,345,355,45.8202999999999
"s3-da-p1-7-o-d-09:06","MSP",468,463,473,47.1928000000004
"s3-da-p1-7-o-d-09:06","MSP",534,529,539,25.2265999999999
"s3-da-p1-9-o-d-09:59","goAquaFlux",109,102,109,7.70195922228938
"s3-da-p1-9-o-d-09:59","MSP",10,5,15,2.89229999999963
"s3-da-p1-9-o-d-09:59","MSP",78,73,83,9.94630000000019
"s3-da-p1-9-o-d-09:59","MSP",121,116,126,4.64529999999996
"s3-da-p1-9-o-d-09:59","MSP",170,165,175,3.78220000000029
"s3-da-p1-9-o-d-09:59","MSP",373,368,378,3.91180000000002
"s3-da-p2-1-o-d-08:59","goAquaFlux",621,600,712,865.59995287393
"s3-da-p2-1-o-d-08:59","MSP",565,560,570,3.22299999999975
"s3-da-p2-1-o-d-08:59","MSP",630,625,635,427.028
"s3-da-p2-1-o-d-08:59","MSP",710,705,715,0
"s3-da-p2-10-o-d-11:05","MSP",5,0,10,45.5169999999998
"s3-da-p2-10-o-d-11:05","MSP",51,46,56,8.76199999999994
"s3-da-p2-10-o-d-11:05","MSP",60,55,65,7.75199999999998
"s3-da-p2-4-o-d-09:55","MSP",40,35,45,14.421
"s3-da-p2-4-o-d-09:55","MSP",132,127,137,27.4730000000001
"s3-da-p2-4-o-d-09:55","MSP",165,160,170,25.827
"s3-da-p2-4-o-d-09:55","MSP",242,237,247,25.909
"s3-da-p2-5-o-d-10:03","MSP",775,770,780,33.8419999999999
"s3-da-p2-5-o-d-10:03","MSP",840,835,845,20.041
"s3-da-p2-6-o-d-10:17","MSP",54,49,59,39.329
"s3-da-p2-6-o-d-10:17","MSP",103,98,108,39.1270000000001
"s3-da-p2-6-o-d-10:17","MSP",190,185,195,42.3560000000003
"s3-da-p2-7-o-d-10:25","goAquaFlux",222,216,222,12.5556670513619
"s3-da-p2-7-o-d-10:25","MSP",2,0,7,30.6380000000002
"s3-da-p2-7-o-d-10:25","MSP",45,40,50,19.2389999999998
"s3-da-p2-7-o-d-10:25","MSP",126,121,131,13.96
"s3-da-p2-7-o-d-10:25","MSP",233,228,238,6.3989999999996
"s3-da-p2-7-o-d-10:25","MSP",318,313,323,6.30299999999995
"s3-da-p2-7-o-d-10:25","MSP",375,370,380,8.48700000000013
"s3-da-p2-7-o-d-10:25","MSP",394,389,399,7.40300000000005
"s3-da-p2-7-o-d-10:25","MSP",646,641,651,21.5970000000003
"s3-da-p2-7-o-d-10:25","MSP",712,707,717,19.2460000000003
"s3-da-p2-8-o-d-10:41","MSP",93,88,98,31.1400000000002
"s3-da-p2-8-o-d-10:41","MSP",100,95,105,16.0909999999999
"s3-da-p2-8-o-d-10:41","MSP",186,181,191,16.1789999999997
"s3-da-p2-8-o-d-10:41","MSP",223,218,228,34.1559999999998
"s3-da-p2-8-o-d-10:41","MSP",236,231,238,23.3620000000001
"s3-da-r1-1-o-d-08:22","goAquaFlux",246,225,278,5767.48595269122
"s3-da-r1-1-o-d-08:22","FS_default",246,220,279,8776.145
"s3-da-r1-1-o-d-08:22","MSP",195,190,200,36.4780000000002
"s3-da-r1-1-o-d-08:22","MSP",254,249,259,1616.977
"s3-da-r1-10-o-d-10:27","goAquaFlux",226,225,231,100.525513647929
"s3-da-r1-10-o-d-10:27","MSP",8,3,13,123.717
"s3-da-r1-10-o-d-10:27","MSP",258,253,263,54.119
"s3-da-r1-11-o-d-10:36","goAquaFlux",32,22,76,637.027926948733
"s3-da-r1-11-o-d-10:36","MSP",36,31,41,291.172
"s3-da-r1-11-o-d-10:36","MSP",74,69,79,193.266
"s3-da-r1-11-o-d-10:36","MSP",153,148,158,87.2210000000004
"s3-da-r1-12-o-d-10:45","MSP",83,78,88,637.177000000001
"s3-da-r1-13-o-d-10:54","MSP",53,48,58,35.8519999999998
"s3-da-r1-13-o-d-10:54","MSP",98,93,103,54.0630000000002
"s3-da-r1-13-o-d-10:54","MSP",157,152,162,42.259
"s3-da-r1-14-o-d-11:03","goAquaFlux",24,7,24,276.087628143983
"s3-da-r1-14-o-d-11:03","MSP",5,0,10,200.123
"s3-da-r1-14-o-d-11:03","MSP",14,9,19,168.052
"s3-da-r1-14-o-d-11:03","MSP",27,22,32,161.995
"s3-da-r1-14-o-d-11:03","MSP",54,49,59,65.347
"s3-da-r1-14-o-d-11:03","MSP",133,128,138,67.0540000000002
"s3-da-r1-14-o-d-11:03","MSP",182,177,187,67.8549999999998
"s3-da-r1-15-o-d-11:13","goAquaFlux",75,67,140,5433.5507281125
"s3-da-r1-15-o-d-11:13","goAquaFlux",191,177,306,47849.6822261018
"s3-da-r1-15-o-d-11:13","FS_default",191,47,287,43067.186
"s3-da-r1-15-o-d-11:13","MSP",131,126,136,1169.37
"s3-da-r1-15-o-d-11:13","MSP",196,191,201,25274.21
"s3-da-r1-15-o-d-11:13","MSP",211,206,216,8781.89
"s3-da-r1-3-o-d-08:55","MSP",4,0,9,27.1470000000003
"s3-da-r1-3-o-d-08:55","MSP",18,13,23,19.288
"s3-da-r1-3-o-d-08:55","MSP",38,33,43,35.339
"s3-da-r1-3-o-d-08:55","MSP",105,100,110,82.6500000000001
"s3-da-r1-3-o-d-08:55","MSP",140,135,145,69.442
"s3-da-r1-3-o-d-08:55","MSP",166,161,171,99.3079999999997
"s3-da-r1-3-o-d-08:55","MSP",198,193,203,91.1200000000001
"s3-da-r1-3-o-d-08:55","MSP",210,205,215,78.7689999999994
"s3-da-r1-4-o-d-09:04","MSP",6,1,11,27.1019999999997
"s3-da-r1-4-o-d-09:04","MSP",118,113,123,42.7029999999999
"s3-da-r1-4-o-d-09:04","MSP",158,153,163,40.1069999999999
"s3-da-r1-4-o-d-09:04","MSP",212,207,217,32.7600000000001
"s3-da-r1-5-o-d-09:12","goAquaFlux",91,80,98,454.763642330921
"s3-da-r1-5-o-d-09:12","goAquaFlux",201,192,232,29.4181664629101
"s3-da-r1-5-o-d-09:12","MSP",99,94,104,199.287
"s3-da-r1-5-o-d-09:12","MSP",109,104,114,158.331
"s3-da-r1-5-o-d-09:12","MSP",206,201,211,254.794
"s3-da-r1-7-o-d-09:42","MSP",11,6,16,32.8300000000001
"s3-da-r1-7-o-d-09:42","MSP",140,135,145,75.863
"s3-da-r1-7-o-d-09:42","MSP",259,254,264,95.1690000000003
"s3-da-r1-7-o-d-09:42","MSP",412,407,417,44.5529999999996
"s3-da-r1-7-o-d-09:42","MSP",502,497,507,58.751
"s3-da-r1-9-o-d-10:16","goAquaFlux",10,7,33,784.357618331138
"s3-da-r1-9-o-d-10:16","MSP",28,23,33,339.44
"s3-da-r1-9-o-d-10:16","MSP",120,115,125,149.964
"s3-da-r1-9-o-d-10:16","MSP",162,157,167,108.902
"s3-da-r2-1-o-d-06:15","goAquaFlux",203,197,209,46.9958326350075
"s3-da-r2-1-o-d-06:15","MSP",62,57,67,53.6939999999997
"s3-da-r2-1-o-d-06:15","MSP",139,134,144,8.33499999999976
"s3-da-r2-1-o-d-06:15","MSP",212,207,217,21.0340000000002
"s3-da-r2-1-o-d-06:15","MSP",314,309,319,14.4500000000001
"s3-da-r2-1-o-d-06:15","MSP",403,398,408,11.3459999999996
"s3-da-r2-1-o-d-06:15","MSP",563,558,568,41.0590000000002
"s3-da-r2-10-o-d-08:28","MSP",61,56,66,68.7950000000002
"s3-da-r2-10-o-d-08:28","MSP",148,143,153,39.3460000000001
"s3-da-r2-10-o-d-08:28","MSP",192,187,197,54.4370000000001
"s3-da-r2-10-o-d-08:28","MSP",251,246,256,58.719
"s3-da-r2-10-o-d-08:28","MSP",323,318,328,81.0739999999996
"s3-da-r2-11-o-d-08:37","MSP",15,10,20,89.6860000000008
"s3-da-r2-11-o-d-08:37","MSP",245,240,250,42.6630000000001
"s3-da-r2-12-o-d-08:45","MSP",14,9,19,108.973
"s3-da-r2-12-o-d-08:45","MSP",55,50,60,64.4650000000002
"s3-da-r2-12-o-d-08:45","MSP",111,106,116,65.0490000000001
"s3-da-r2-12-o-d-08:45","MSP",180,175,185,96.06
"s3-da-r2-13-o-d-08:55","MSP",70,65,75,87.777
"s3-da-r2-13-o-d-08:55","MSP",78,73,83,70.9270000000002
"s3-da-r2-13-o-d-08:55","MSP",131,126,136,99.6420000000002
"s3-da-r2-13-o-d-08:55","MSP",137,132,142,56.565
"s3-da-r2-14-o-d-09:02","MSP",34,29,39,85.7329999999998
"s3-da-r2-14-o-d-09:02","MSP",75,70,80,118.888
"s3-da-r2-14-o-d-09:02","MSP",145,140,150,133.803
"s3-da-r2-14-o-d-09:02","MSP",210,205,215,163.278
"s3-da-r2-14-o-d-09:02","MSP",237,232,242,156.014
"s3-da-r2-14-o-d-09:02","MSP",267,262,272,180.979
"s3-da-r2-15-o-d-09:10","goAquaFlux",26,18,66,1548.53963520497
"s3-da-r2-15-o-d-09:10","goAquaFlux",528,512,533,12.9765075943137
"s3-da-r2-15-o-d-09:10","goAquaFlux",600,593,607,102.200752076134
"s3-da-r2-15-o-d-09:10","MSP",33,28,38,98.4930000000004
"s3-da-r2-15-o-d-09:10","MSP",452,447,457,107.600999999999
"s3-da-r2-15-o-d-09:10","MSP",646,641,651,63.5300000000001
"s3-da-r2-4-o-d-07:12","goAquaFlux",139,124,216,56215.978367798
"s3-da-r2-4-o-d-07:12","FS_default",139,104,245,70713.918
"s3-da-r2-4-o-d-07:12","MSP",150,145,155,26939.4
"s3-da-r2-6-o-d-07:47","goAquaFlux",90,83,97,17.177209354959
"s3-da-r2-6-o-d-07:47","MSP",79,74,84,57.7189999999996
"s3-da-r2-6-o-d-07:47","MSP",169,164,174,58.3780000000003
"s3-da-r2-6-o-d-07:47","MSP",253,248,258,56.4649999999998
"s3-da-r2-7-o-d-07:57","goAquaFlux",227,222,230,16.1984947748128
"s3-da-r2-7-o-d-07:57","MSP",37,32,42,87.4060000000001
"s3-da-r2-7-o-d-07:57","MSP",91,86,96,72.4650000000007
"s3-da-r2-7-o-d-07:57","MSP",158,153,163,78.23
"s3-da-r2-7-o-d-07:57","MSP",226,221,231,91.272
"s3-da-r2-8-o-d-08:05","MSP",9,4,14,66.7529999999998
"s3-da-r2-8-o-d-08:05","MSP",20,15,25,58.8420000000003
"s3-da-r2-8-o-d-08:05","MSP",80,75,85,40.7329999999999
"s3-da-r2-9-o-d-08:14","goAquaFlux",65,58,88,15.5595947151548
"s3-da-r2-9-o-d-08:14","MSP",95,90,100,66.3480000000001
"s3-da-r2-9-o-d-08:14","MSP",166,161,171,43.9529999999997
"s3-da-r2-9-o-d-08:14","MSP",399,394,404,80.6680000000002
"s3-da-r2-9-o-d-08:14","MSP",466,461,471,58.4319999999998
"s3-da-r2-9-o-d-08:14","MSP",516,511,521,111.435999999999
"s3-da-r2-9-o-d-08:14","MSP",562,557,567,99.5089999999994
"s3-du-a1-4-o-d-08:41","MSP",3,0,8,0.135799999999797
"s3-du-a1-4-o-d-08:41","MSP",43,38,48,0.347200000000214
"s3-du-a1-4-o-d-08:41","MSP",61,56,66,0.568099999999738
"s3-du-a1-4-o-d-08:41","MSP",68,63,73,0.886500000000012
"s3-du-a1-4-o-d-08:41","MSP",119,114,124,0.481699999999918
"s3-du-a1-4-o-d-08:41","MSP",247,242,252,0.675799999999782
"s3-du-a1-4-o-d-08:41","MSP",253,248,258,0.153399999999859
"s3-du-a1-4-o-d-08:41","MSP",262,257,267,0.259300000000184
"s3-du-a1-4-o-d-08:41","MSP",308,303,313,0.216500000000064
"s3-du-a1-4-o-d-08:41","MSP",510,505,515,0.557600000000047
"s3-du-a1-4-o-d-08:41","MSP",558,553,563,0.51420000000002
"s3-du-a1-4-o-d-08:41","MSP",619,614,624,0.0835000000001251
"s3-du-a1-5-o-d-08:56","MSP",3,0,8,0.716800000000184
"s3-du-a1-5-o-d-08:56","MSP",10,5,15,0.349299999999886
"s3-du-a1-5-o-d-08:56","MSP",19,14,24,0.622600000000251
"s3-du-a1-5-o-d-08:56","MSP",44,39,49,0.408199999999859
"s3-du-a1-5-o-d-08:56","MSP",132,127,137,0.698299999999819
"s3-du-a1-5-o-d-08:56","MSP",216,211,221,0.611800000000162
"s3-du-a1-5-o-d-08:56","MSP",223,218,228,0.425300000000295
"s3-du-a1-5-o-d-08:56","MSP",230,225,235,0.100799999999346
"s3-du-a1-5-o-d-08:56","MSP",266,261,271,0.50069999999991
"s3-du-a1-5-o-d-08:56","MSP",274,269,279,0.192599999999654
"s3-du-a1-5-o-d-08:56","MSP",358,353,363,0.244199999999584
"s3-du-a1-5-o-d-08:56","MSP",429,424,434,0.527799999999967
"s3-du-a1-5-o-d-08:56","MSP",472,467,477,0.257500000000022
"s3-du-a1-5-o-d-08:56","MSP",490,485,495,0.506400000000351
"s3-du-a1-5-o-d-08:56","MSP",537,532,542,0
"s3-du-a1-5-o-d-08:56","MSP",545,540,550,0.184299999999915
"s3-du-a1-5-o-d-08:56","MSP",553,548,558,0.327100000000691
"s3-du-a1-8-o-d-09:45","MSP",7,2,12,0.277299999999592
"s3-du-a1-8-o-d-09:45","MSP",113,108,118,0.113499999999878
"s3-du-a1-8-o-d-09:45","MSP",189,184,194,0.272499999999454
"s3-du-a1-8-o-d-09:45","MSP",300,295,305,0.210699999999786
"s3-du-a1-8-o-d-09:45","MSP",349,344,354,0.352599999999814
"s3-du-a1-8-o-d-09:45","MSP",412,407,417,0.232700000000197
"s3-du-a1-8-o-d-09:45","MSP",463,458,468,0.252199999999814
"s3-du-a1-8-o-d-09:45","MSP",528,523,533,0.246100000000027
"s3-du-a1-8-o-d-09:45","MSP",615,610,620,0.458300000000023
"s3-du-a2-13-o-d-11:43","goAquaFlux",354,347,354,7.76121420707188
"s3-du-a2-13-o-d-11:43","MSP",19,14,24,9.07179999999963
"s3-du-a2-13-o-d-11:43","MSP",60,55,65,4.50680000000014
"s3-du-a2-13-o-d-11:43","MSP",155,150,160,5.45459999999975
"s3-du-a2-14-o-d-12:01","MSP",67,62,72,3.89190000000017
"s3-du-a2-14-o-d-12:01","MSP",270,265,275,2.6991999999999
"s3-du-a2-14-o-d-12:01","MSP",350,345,355,1.32440000000011
"s3-du-a2-14-o-d-12:01","MSP",407,402,412,2.36639999999966
"s3-du-a2-14-o-d-12:01","MSP",513,508,518,1.74340000000006
"s3-du-a2-15-o-d-12:14","MSP",17,12,22,1.54339999999964
"s3-du-a2-15-o-d-12:14","MSP",120,115,125,1.08320000000006
"s3-du-a2-15-o-d-12:14","MSP",206,201,211,0.952400000000075
"s3-du-a2-15-o-d-12:14","MSP",238,233,243,0.172099999999897
"s3-du-a2-15-o-d-12:14","MSP",306,301,311,0.714899999999741
"s3-du-a2-15-o-d-12:14","MSP",450,445,455,1.17799999999946
"s3-du-p1-2-o-d-07:47","MSP",46,41,51,4.33499999999976
"s3-du-p1-2-o-d-07:47","MSP",53,48,58,1.24199999999997
"s3-du-p1-2-o-d-07:47","MSP",133,128,138,1.15700000000007
"s3-du-p1-2-o-d-07:47","MSP",141,136,146,6.62899999999977
"s3-du-p1-2-o-d-07:47","MSP",246,241,251,3.25100000000011
"s3-du-p1-2-o-d-07:47","MSP",320,315,325,3.51299999999988
"s3-du-p1-2-o-d-07:47","MSP",328,323,333,2.0150000000001
"s3-du-p1-2-o-d-07:47","MSP",337,332,342,4.054
"s3-du-p1-2-o-d-07:47","MSP",417,412,422,4.10499999999958
"s3-du-p1-2-o-d-07:47","MSP",483,478,488,4.49900000000003
"s3-du-p1-2-o-d-07:47","MSP",509,504,514,0.468999999999831
"s3-du-p1-2-o-d-07:47","MSP",525,520,530,2.66300000000008
"s3-du-p1-2-o-d-07:47","MSP",553,548,558,5.72799999999996
"s3-du-p1-2-o-d-07:47","MSP",601,596,606,3.92899999999985
"s3-du-p1-2-o-d-07:47","MSP",611,606,616,6.02500000000017
"s3-du-p1-2-o-d-07:47","MSP",630,625,635,7.11700000000004
"s3-du-p1-5-o-d-08:29","MSP",8,3,13,3.25799999999976
"s3-du-p1-5-o-d-08:29","MSP",60,55,65,3.4029999999996
"s3-du-p1-5-o-d-08:29","MSP",127,122,132,6.72600000000001
"s3-du-p1-5-o-d-08:29","MSP",175,170,180,0.471999999999806
"s3-du-p1-5-o-d-08:29","MSP",221,216,226,6.57600000000036
"s3-du-p1-5-o-d-08:29","MSP",311,306,316,3.97499999999962
"s3-du-p1-5-o-d-08:29","MSP",432,427,437,0.188000000000077
"s3-du-p1-5-o-d-08:29","MSP",493,488,498,0.326000000000271
"s3-du-p1-5-o-d-08:29","MSP",558,553,563,7.52599999999992
"s3-du-p1-5-o-d-08:29","MSP",620,615,625,8.95099999999971
"s3-du-p1-7-o-d-09:03","goAquaFlux",461,455,467,9.04867258953129
"s3-du-p1-7-o-d-09:03","MSP",22,17,27,5.27599999999984
"s3-du-p1-7-o-d-09:03","MSP",66,61,71,3.20600000000004
"s3-du-p1-7-o-d-09:03","MSP",175,170,180,2.67400000000029
"s3-du-p1-7-o-d-09:03","MSP",222,217,227,0
"s3-du-p1-7-o-d-09:03","MSP",241,236,246,1.82700000000002
"s3-du-p1-7-o-d-09:03","MSP",280,275,285,0.258000000000091
"s3-du-p1-7-o-d-09:03","MSP",353,348,358,4.30900000000012
"s3-du-p1-7-o-d-09:03","MSP",393,388,398,5.93000000000021
"s3-du-p1-7-o-d-09:03","MSP",426,421,431,4.48599999999999
"s3-du-p1-7-o-d-09:03","MSP",460,455,465,7.90200000000008
"s3-du-p1-7-o-d-09:03","MSP",472,467,477,3.9340000000001
"s3-du-p1-7-o-d-09:03","MSP",488,483,493,6.691
"s3-du-p1-7-o-d-09:03","MSP",549,544,554,5.24199999999997
"s3-du-p1-7-o-d-09:03","MSP",596,591,601,9.87999999999989
"s3-du-p1-7-o-d-09:03","MSP",653,648,658,5.30300000000006
"s3-du-p2-1-o-d-08:05","MSP",30,25,35,2.15919999999992
"s3-du-p2-1-o-d-08:05","MSP",87,82,92,1.79229999999997
"s3-du-p2-1-o-d-08:05","MSP",115,110,120,3.13309999999989
"s3-du-p2-1-o-d-08:05","MSP",178,173,183,0.932399999999944
"s3-du-p2-5-o-d-09:38","MSP",24,19,29,0.733900000000176
"s3-du-p2-5-o-d-09:38","MSP",110,105,115,0.963400000000281
"s3-du-p2-5-o-d-09:38","MSP",193,188,198,0.370800000000227
"s3-du-p2-5-o-d-09:38","MSP",256,251,261,1.00020000000001
"s3-du-p2-5-o-d-09:38","MSP",296,291,301,0.819299999999856
"s3-du-p2-5-o-d-09:38","MSP",484,479,489,0.699500000000075
"s3-du-p2-5-o-d-09:38","MSP",552,547,557,0.0861999999997032
"s3-du-p2-9-o-d-11:08","MSP",3,0,8,0.350300000000026
"s3-du-p2-9-o-d-11:08","MSP",10,5,15,0.162800000000018
"s3-du-p2-9-o-d-11:08","MSP",37,32,42,0.275400000000037
"s3-du-p2-9-o-d-11:08","MSP",53,48,58,0.307300000000232
"s3-du-p2-9-o-d-11:08","MSP",60,55,65,0.176300000000129
"s3-du-p2-9-o-d-11:08","MSP",77,72,82,0.367899999999644
"s3-du-p2-9-o-d-11:08","MSP",117,112,122,0.253899999999696
"s3-du-p2-9-o-d-11:08","MSP",155,150,160,0.126900000000152
"s3-du-p2-9-o-d-11:08","MSP",223,218,228,0.105700000000208
"s3-du-p2-9-o-d-11:08","MSP",232,227,237,0.288500000000358
"s3-du-p2-9-o-d-11:08","MSP",262,257,267,0.384799999999963
"s3-du-p2-9-o-d-11:08","MSP",269,264,274,0.28909999999982
"s3-du-p2-9-o-d-11:08","MSP",327,322,332,0.311499999999576
"s3-du-p2-9-o-d-11:08","MSP",334,329,339,0.474899999999945
"s3-du-p2-9-o-d-11:08","MSP",358,353,363,0.346500000000027
"s3-du-p2-9-o-d-11:08","MSP",439,434,444,0.231599999999776
"s3-du-p2-9-o-d-11:08","MSP",488,483,493,0.0347000000004982
"s3-du-p2-9-o-d-11:08","MSP",494,489,499,0.113999999999947
"s3-du-p2-9-o-d-11:08","MSP",536,531,541,0.418699999999994
"s3-du-p2-9-o-d-11:08","MSP",571,566,576,0.197799999999582
"s3-du-r1-10-o-d-09:37","MSP",53,48,58,53.3190000000001
"s3-du-r1-10-o-d-09:37","MSP",149,144,154,49.3939999999999
"s3-du-r1-10-o-d-09:37","MSP",201,196,206,42.967
"s3-du-r1-10-o-d-09:37","MSP",248,243,253,55.0220000000001
"s3-du-r1-10-o-d-09:37","MSP",294,289,299,49.8460000000001
"s3-du-r1-10-o-d-09:37","MSP",407,402,412,35.5819999999998
"s3-du-r1-10-o-d-09:37","MSP",461,456,466,30.1749999999998
"s3-du-r1-5-o-d-08:13","MSP",2,0,7,7.59700000000008
"s3-du-r1-5-o-d-08:13","MSP",113,108,118,7.56500000000004
"s3-du-r1-5-o-d-08:13","MSP",158,153,163,5.52299999999972
"s3-du-r1-5-o-d-08:13","MSP",223,218,228,4.53999999999999
"s3-du-r1-5-o-d-08:13","MSP",310,305,315,1.19300000000022
"s3-du-r1-5-o-d-08:13","MSP",400,395,405,7.4329999999998
"s3-du-r1-5-o-d-08:13","MSP",439,434,444,6.2549999999999
"s3-du-r1-5-o-d-08:13","MSP",514,509,519,7.89100000000031
"s3-du-r1-5-o-d-08:13","MSP",557,552,562,5.61699999999998
"s3-du-r1-5-o-d-08:13","MSP",617,612,622,1.33200000000011
"s3-du-r1-6-o-d-08:30","MSP",46,41,51,1.87199999999965
"s3-du-r1-6-o-d-08:30","MSP",72,67,77,4.48799999999983
"s3-du-r1-6-o-d-08:30","MSP",123,118,128,0
"s3-du-r1-6-o-d-08:30","MSP",134,129,139,0
"s3-du-r1-6-o-d-08:30","MSP",201,196,206,2.25000000000009
"s3-du-r1-6-o-d-08:30","MSP",253,248,258,2.58200000000031
"s3-du-r1-6-o-d-08:30","MSP",338,333,343,3.35600000000014
"s3-du-r1-6-o-d-08:30","MSP",420,415,425,2.19300000000011
"s3-du-r1-6-o-d-08:30","MSP",448,443,453,2.89299999999981
"s3-du-r1-6-o-d-08:30","MSP",531,526,536,2.72799999999984
"s3-du-r1-6-o-d-08:30","MSP",602,597,607,0.650000000000261
"s3-du-r1-6-o-d-08:30","MSP",652,647,657,2.5179999999998
"s3-du-r1-6-o-d-08:30","MSP",734,729,739,0.980999999999899
"s3-du-r2-12-o-d-11:41","MSP",1,0,6,5.21899999999986
"s3-du-r2-12-o-d-11:41","MSP",7,2,12,3.20300000000007
"s3-du-r2-12-o-d-11:41","MSP",118,113,123,0
"s3-du-r2-12-o-d-11:41","MSP",167,162,172,5.62700000000005
"s3-du-r2-12-o-d-11:41","MSP",202,197,207,0.957999999999792
"s3-du-r2-12-o-d-11:41","MSP",210,205,215,1.24299999999966
"s3-du-r2-12-o-d-11:41","MSP",216,211,221,3.62099999999987
"s3-du-r2-12-o-d-11:41","MSP",263,258,268,3.63599999999975
"s3-du-r2-12-o-d-11:41","MSP",304,299,309,7.97399999999993
"s3-du-r2-12-o-d-11:41","MSP",309,304,314,2.65499999999985
"s3-du-r2-12-o-d-11:41","MSP",352,347,357,1.86999999999982
"s3-du-r2-12-o-d-11:41","MSP",392,387,397,7.18899999999989
"s3-du-r2-12-o-d-11:41","MSP",400,395,405,0.383000000000244
"s3-du-r2-12-o-d-11:41","MSP",419,414,424,1.96799999999975
"s3-du-r2-12-o-d-11:41","MSP",444,439,449,6.19199999999998
"s3-du-r2-12-o-d-11:41","MSP",450,445,455,4.52300000000028
"s3-du-r2-12-o-d-11:41","MSP",475,470,480,3.4449999999997
"s3-du-r2-12-o-d-11:41","MSP",518,513,523,1.34800000000013
"s3-du-r2-12-o-d-11:41","MSP",528,523,533,0.348999999999933
"s3-du-r2-6-o-d-09:54","MSP",44,39,49,7.98800000000011
"s3-du-r2-6-o-d-09:54","MSP",132,127,137,1.53299999999978
"s3-du-r2-6-o-d-09:54","MSP",212,207,217,0
"s3-du-r2-6-o-d-09:54","MSP",222,217,227,4.9990000000002
"s3-du-r2-6-o-d-09:54","MSP",248,243,253,5.88200000000016
"s3-du-r2-6-o-d-09:54","MSP",280,275,285,0
"s3-du-r2-6-o-d-09:54","MSP",303,298,308,7.50099999999998
"s3-du-r2-6-o-d-09:54","MSP",306,301,311,1.60099999999996
"s3-du-r2-6-o-d-09:54","MSP",314,309,319,2.20399999999987
"s3-du-r2-6-o-d-09:54","MSP",689,684,694,0.388000000000055
"s3-du-r2-6-o-d-09:54","MSP",733,728,738,5.0589999999997
"s3-du-r2-6-o-d-09:54","MSP",741,736,746,0.07199999999985
"s3-du-r2-7-o-d-10:12","MSP",186,181,191,0
"s3-du-r2-7-o-d-10:12","MSP",203,198,208,6.48099999999996
"s3-du-r2-7-o-d-10:12","MSP",218,213,223,7.54300000000008
"s3-du-r2-7-o-d-10:12","MSP",263,258,268,9.34400000000002
"s3-du-r2-7-o-d-10:12","MSP",270,265,275,9.07599999999986
"s3-du-r2-7-o-d-10:12","MSP",344,339,349,1.34800000000013
"s3-du-r2-7-o-d-10:12","MSP",415,410,420,4.2390000000001
"s3-du-r2-7-o-d-10:12","MSP",644,639,649,0.500000000000167
"s3-du-r2-7-o-d-10:12","MSP",688,683,693,4.24900000000017
"s3-du-r2-7-o-d-10:12","MSP",693,688,698,2.87000000000015
"s3-ri-a2-16-o-d-12:03","MSP",1,0,6,1.54420000000011
"s3-ri-a2-16-o-d-12:03","MSP",12,7,17,2.64259999999972
"s3-ri-a2-16-o-d-12:03","MSP",34,29,39,2.18430000000058
"s3-ri-a2-16-o-d-12:03","MSP",230,225,235,2.90280000000065
"s3-ri-a2-16-o-d-12:03","MSP",262,257,267,1.76389999999982
"s3-ri-a2-16-o-d-12:03","MSP",348,343,353,2.25069999999983
"s3-ri-a2-16-o-d-12:03","MSP",426,421,431,2.0437000000002
"s3-ri-a2-16-o-d-12:03","MSP",456,451,461,2.40209999999985
"s3-ri-a2-16-o-d-12:03","MSP",491,486,496,2.8226999999994
"s3-ri-a2-16-o-d-12:03","MSP",521,516,526,2.34639999999997
"s3-ri-a2-16-o-d-12:03","MSP",583,578,588,2.37750000000014
"s3-ri-a2-16-o-d-12:03","MSP",678,673,683,2.57279999999982
"s3-ri-a2-17-o-d-12:23","MSP",11,6,16,0.671699999999831
"s3-ri-a2-17-o-d-12:23","MSP",76,71,81,1.08199999999981
"s3-ri-a2-17-o-d-12:23","MSP",84,79,89,1.30540000000012
"s3-ri-a2-17-o-d-12:23","MSP",156,151,161,1.72319999999981
"s3-ri-a2-17-o-d-12:23","MSP",163,158,168,1.56419999999979
"s3-ri-a2-17-o-d-12:23","MSP",231,226,236,1.10399999999977
"s3-ri-a2-17-o-d-12:23","MSP",319,314,324,1.3544999999997
"s3-ri-a2-17-o-d-12:23","MSP",456,451,461,1.67429999999946
"s3-ri-a2-17-o-d-12:23","MSP",515,510,520,1.42700000000007
"s3-ri-a2-17-o-d-12:23","MSP",531,526,536,1.55439999999984
"s3-ri-a2-17-o-d-12:23","MSP",538,533,543,1.2209000000003
"s3-ri-a2-17-o-d-12:23","MSP",591,586,596,1.85699999999978
"s3-ri-a2-17-o-d-12:23","MSP",599,594,604,1.91160000000012
"s3-ri-a2-17-o-d-12:23","MSP",606,601,611,1.63869999999999
"s3-ri-a2-18-o-d-13:17","goAquaFlux",485,482,511,33.3090527763077
"s3-ri-a2-18-o-d-13:17","MSP",341,336,346,10.3206
"s3-ri-a2-18-o-d-13:17","MSP",403,398,408,14.8447000000003
"s3-ri-a2-18-o-d-13:17","MSP",429,424,434,19.2421999999999
"s3-ri-a2-18-o-d-13:17","MSP",448,443,453,14.5669000000002
"s3-ri-a2-18-o-d-13:17","MSP",488,483,493,28.2024000000001
"s3-ri-a2-18-o-d-13:17","MSP",512,507,517,23.5956999999996
"s3-ri-a2-18-o-d-13:17","MSP",530,525,535,13.1115999999998
"s3-ri-a2-18-o-d-13:17","MSP",569,564,574,16.7221999999998
"s3-ri-a2-18-o-d-13:17","MSP",630,625,635,17.0330000000005
"s3-ri-p1-10-o-d-11:27","MSP",76,71,81,74.4269000000002
"s3-ri-p1-10-o-d-11:27","MSP",82,77,87,74.1415000000001
"s3-ri-p1-11-o-d-11:45","MSP",32,27,37,0.391799999999609
"s3-ri-p1-11-o-d-11:45","MSP",107,102,112,0.549999999999606
"s3-ri-p1-11-o-d-11:45","MSP",166,161,171,1.25229999999998
"s3-ri-p1-11-o-d-11:45","MSP",272,267,277,0.74720000000017
"s3-ri-p1-11-o-d-11:45","MSP",349,344,354,0.419700000000134
"s3-ri-p1-11-o-d-11:45","MSP",419,414,424,0.518300000000416
"s3-ri-p1-11-o-d-11:45","MSP",503,498,508,0.361300000000231
"s3-ri-p1-11-o-d-11:45","MSP",586,581,591,0.667299999999926
"s3-ri-p1-11-o-d-11:45","MSP",681,676,686,0.455099999999931
"s3-ri-p1-15-o-d-13:00","MSP",85,80,90,7.19629999999993
"s3-ri-p1-15-o-d-13:00","MSP",103,98,108,5.21510000000047
"s3-ri-p1-15-o-d-13:00","MSP",123,118,128,6.18289999999977
"s3-ri-p1-15-o-d-13:00","MSP",187,182,192,4.61590000000012
"s3-ri-p1-15-o-d-13:00","MSP",207,202,212,6.37739999999987
"s3-ri-p1-15-o-d-13:00","MSP",291,286,296,4.76369999999982
"s3-ri-p1-15-o-d-13:00","MSP",355,350,360,5.09110000000002
"s3-ri-p1-16-o-d-13:12","goAquaFlux",558,549,574,8.8352114090374
"s3-ri-p1-16-o-d-13:12","goAquaFlux",608,607,612,32.5129051157724
"s3-ri-p1-16-o-d-13:12","MSP",652,647,657,2.25539999999969
"s3-ri-p1-16-o-d-13:12","MSP",657,652,660,0.504099999999674
"s3-ri-p1-17-o-d-13:28","MSP",36,31,41,0.426299999999991
"s3-ri-p1-17-o-d-13:28","MSP",85,80,90,0.474999999999781
"s3-ri-p1-17-o-d-13:28","MSP",127,122,132,0.267200000000134
"s3-ri-p1-17-o-d-13:28","MSP",163,158,168,0.831900000000108
"s3-ri-p1-17-o-d-13:28","MSP",193,188,198,0.385700000000266
"s3-ri-p1-17-o-d-13:28","MSP",207,202,212,0.375200000000131
"s3-ri-p1-7-o-d-10:42","MSP",1,0,6,0.768700000000067
"s3-ri-p1-7-o-d-10:42","MSP",11,6,16,0.195399999999957
"s3-ri-p1-7-o-d-10:42","MSP",129,124,134,0.287900000000008
"s3-ri-p1-7-o-d-10:42","MSP",166,161,171,0.119100000000039
"s3-ri-p1-7-o-d-10:42","MSP",197,192,202,0.172499999999687
"s3-ri-p1-7-o-d-10:42","MSP",236,231,241,0.33329999999987
"s3-ri-p1-7-o-d-10:42","MSP",246,241,251,0.257700000000138
"s3-ri-p1-7-o-d-10:42","MSP",254,249,259,0.353899999999907
"s3-ri-p1-7-o-d-10:42","MSP",275,270,280,0.252499999999767
"s3-ri-p1-7-o-d-10:42","MSP",316,311,321,0.411499999999787
"s3-ri-p1-7-o-d-10:42","MSP",354,349,359,0.473400000000179
"s3-ri-p1-7-o-d-10:42","MSP",389,384,394,0.0502000000000002
"s3-ri-p1-7-o-d-10:42","MSP",396,391,401,0.248800000000049
"s3-ri-p1-7-o-d-10:42","MSP",404,399,409,0.243900000000075
"s3-ri-p1-7-o-d-10:42","MSP",458,453,463,0.60949999999993
"s3-ri-p1-7-o-d-10:42","MSP",461,456,466,0.463700000000067
"s3-ri-p1-7-o-d-10:42","MSP",569,564,574,0.279600000000269
"s3-ri-p1-7-o-d-10:42","MSP",584,579,589,0.26930000000025
"s3-ri-p1-7-o-d-10:42","MSP",636,631,641,0.441399999999703
"s3-ri-p1-7-o-d-10:42","MSP",647,642,652,0
"s3-ri-p1-7-o-d-10:42","MSP",732,727,737,0.468699999999878
"s3-ri-p1-7-o-d-10:42","MSP",742,737,747,0.199199999999955
"s3-ri-p2-6-o-d-10:41","MSP",21,16,26,2.90314679999959
"s3-ri-p2-6-o-d-10:41","MSP",71,66,76,0
"s3-ri-p2-6-o-d-10:41","MSP",104,99,109,1.18400410000019
"s3-ri-p2-6-o-d-10:41","MSP",131,126,136,2.0414061999996
"s3-ri-p2-6-o-d-10:41","MSP",198,193,203,1.85342970000013
"s3-ri-p2-6-o-d-10:41","MSP",249,244,254,2.76876190000008
"s3-ri-p2-6-o-d-10:41","MSP",335,330,340,1.64830869999966
"s3-ri-p2-6-o-d-10:41","MSP",393,388,398,0.0362557999999957
"s3-ri-p2-6-o-d-10:41","MSP",417,412,422,0.305151100000067
"s3-ri-p2-6-o-d-10:41","MSP",439,434,444,1.03511210000029
"s3-ri-p2-6-o-d-10:41","MSP",461,456,466,2.25066070000013
"s3-ri-p2-6-o-d-10:41","MSP",480,475,485,2.27323609999974
"s3-ri-p2-6-o-d-10:41","MSP",523,518,528,3.02723820000006
"s3-ri-p2-6-o-d-10:41","MSP",614,609,619,0.00472540000018284
"s3-ri-p2-6-o-d-10:41","MSP",681,676,686,0
"s3-ri-r2-1-o-d-13:44","MSP",74,69,79,3.96920000000023
"s3-ri-r2-1-o-d-13:44","MSP",158,153,163,10.8556999999996
"s3-ri-r2-1-o-d-13:44","MSP",247,242,252,14.2023999999998
"s3-ri-r2-1-o-d-13:44","MSP",325,320,330,12.8702000000001
"s3-ri-r2-1-o-d-13:44","MSP",421,416,426,15.1798999999997
"s3-ri-r2-1-o-d-13:44","MSP",585,580,590,13.0862
"s3-ri-r2-2-o-d-13:58","MSP",52,47,57,21.3977999999999
"s3-ri-r2-3-o-d-14:12","MSP",151,146,156,4.76610000000033
"s3-ri-r2-3-o-d-14:12","MSP",210,205,215,4.14619999999966
"s3-ri-r2-3-o-d-14:12","MSP",255,250,260,12.1186999999998
"s3-ri-r2-3-o-d-14:12","MSP",449,444,454,5.8764
"s3-ri-r2-3-o-d-14:12","MSP",495,490,500,7.04250000000028
"s3-ri-r2-3-o-d-14:12","MSP",523,518,528,3.87009999999988
"s3-ri-r2-3-o-d-14:12","MSP",557,552,562,4.38650000000029
"s3-ri-r2-3-o-d-14:12","MSP",591,586,596,8.67359999999984
"s3-ri-r2-3-o-d-14:12","MSP",657,652,662,4.75830000000022
"s3-ri-r2-3-o-d-14:12","MSP",697,692,702,6.73219999999963
"s3-va-a2-1-o-d-08:11","MSP",576,571,581,3599.7656
"s3-va-a2-1-o-d-08:11","MSP",582,577,587,3595.7417
"s3-va-a2-11-o-d-10:53","MSP",27,22,32,11.9044999999995
"s3-va-a2-11-o-d-10:53","MSP",89,84,94,5.44049999999974
"s3-va-a2-11-o-d-10:53","MSP",243,238,248,3.64629999999977
"s3-va-a2-12-o-d-11:05","goAquaFlux",32,7,60,85.4535257829673
"s3-va-a2-12-o-d-11:05","goAquaFlux",124,116,132,135.210234531563
"s3-va-a2-12-o-d-11:05","goAquaFlux",173,161,187,33.1214966813086
"s3-va-a2-12-o-d-11:05","goAquaFlux",222,215,230,6.73119148164496
"s3-va-a2-12-o-d-11:05","goAquaFlux",605,603,613,9.97846564123526
"s3-va-a2-12-o-d-11:05","MSP",38,33,43,16.8389000000002
"s3-va-a2-12-o-d-11:05","MSP",107,102,112,9.45779999999985
"s3-va-a2-12-o-d-11:05","MSP",113,108,118,2.69899999999978
"s3-va-a2-12-o-d-11:05","MSP",134,129,139,0
"s3-va-a2-12-o-d-11:05","MSP",140,135,145,0
"s3-va-a2-2-o-d-08:26","MSP",46,41,51,13.9844
"s3-va-a2-2-o-d-08:26","MSP",103,98,108,9.02130000000012
"s3-va-a2-2-o-d-08:26","MSP",258,253,263,6.47949999999975
"s3-va-a2-6-o-d-09:34","goAquaFlux",716,682,718,8.38031149429569
"s3-va-a2-6-o-d-09:34","MSP",217,212,222,3.0155999999999
"s3-va-a2-6-o-d-09:34","MSP",260,255,265,3.33929999999993
"s3-va-a2-6-o-d-09:34","MSP",339,334,344,4.30540000000024
"s3-va-a2-6-o-d-09:34","MSP",465,460,470,3.21729999999976
"s3-va-a2-6-o-d-09:34","MSP",694,689,699,5.49290000000013
"s3-va-a2-6-o-d-09:34","MSP",742,737,747,6.61840000000025
"s3-va-a2-6-o-d-09:34","MSP",796,791,801,3.18670000000054
"s3-va-a2-7-o-d-09:51","MSP",31,26,36,1.93629999999967
"s3-va-a2-7-o-d-09:51","MSP",92,87,97,2.6202999999998
"s3-va-a2-7-o-d-09:51","MSP",112,107,117,3.01490000000015
"s3-va-a2-7-o-d-09:51","MSP",182,177,187,1.96609999999975
"s3-va-a2-8-o-d-09:58","MSP",14,9,19,5.65280000000046
"s3-va-a2-8-o-d-09:58","MSP",109,104,114,2.79199999999991
"s3-va-a2-8-o-d-09:58","MSP",193,188,198,3.56440000000013
"s3-va-p1-1-o-d-08:24","MSP",44,39,49,0.634499999999871
"s3-va-p1-1-o-d-08:24","MSP",115,110,120,1.52910000000039
"s3-va-p1-1-o-d-08:24","MSP",169,164,174,0.567399999999996
"s3-va-p1-1-o-d-08:24","MSP",237,232,242,0.508500000000467
"s3-va-p1-1-o-d-08:24","MSP",334,329,339,1.02150000000023
"s3-va-p1-6-o-d-09:57","MSP",10,5,15,1.9910000000003
"s3-va-p1-6-o-d-09:57","MSP",126,121,131,2.60450000000034
"s3-va-p1-6-o-d-09:57","MSP",247,242,252,1.7195000000001
"s3-va-p1-6-o-d-09:57","MSP",324,319,329,2.24849999999988
"s3-va-p1-6-o-d-09:57","MSP",457,452,462,0.928500000000554
"s3-va-p1-6-o-d-09:57","MSP",546,541,551,2.32890000000019
"s3-va-p1-6-o-d-09:57","MSP",599,594,604,1.59209999999987
"s3-va-p1-6-o-d-09:57","MSP",617,612,622,2.10079999999957
"s3-va-p1-6-o-d-09:57","MSP",666,661,671,3.45780000000051
"s3-va-p1-6-o-d-09:57","MSP",683,678,688,1.48830000000011
"s3-va-p1-7-o-d-10:13","MSP",16,11,21,7.12340000000022
"s3-va-p1-7-o-d-10:13","MSP",53,48,58,1.13759999999985
"s3-va-p1-7-o-d-10:13","MSP",542,537,547,1.4805
"s3-va-p1-7-o-d-10:13","MSP",597,592,602,2.16699999999959
"s3-va-p1-7-o-d-10:13","MSP",625,620,630,2.37259999999972
"s3-va-p1-7-o-d-10:13","MSP",666,661,671,3.16280000000013
"s3-va-p2-1-o-d-08:21","MSP",37,32,42,6.47764509999993
"s3-va-p2-1-o-d-08:21","MSP",63,58,68,7.85871370000057
"s3-va-p2-1-o-d-08:21","MSP",112,107,117,2.69345080000027
"s3-va-p2-1-o-d-08:21","MSP",170,165,175,3.92987099999997
"s3-va-p2-1-o-d-08:21","MSP",286,281,291,3.03975744999985
"s3-va-p2-1-o-d-08:21","MSP",400,395,405,2.23681290000011
"s3-va-p2-1-o-d-08:21","MSP",485,480,490,5.91980399999992
"s3-va-p2-1-o-d-08:21","MSP",589,584,594,3.90545600000003
"s3-va-p2-1-o-d-08:21","MSP",648,643,653,5.79067359999996
"s3-va-p2-2-o-d-08:40","goAquaFlux",456,442,463,7.11534483919621
"s3-va-p2-2-o-d-08:40","MSP",10,5,15,9.71074989999998
"s3-va-p2-2-o-d-08:40","MSP",99,94,104,5.70260759999996
"s3-va-p2-2-o-d-08:40","MSP",195,190,200,6.77801020000013
"s3-va-p2-2-o-d-08:40","MSP",264,259,269,2.8462493000001
"s3-va-p2-2-o-d-08:40","MSP",386,381,391,6.13374099999975
"s3-va-p2-2-o-d-08:40","MSP",475,470,480,8.1263262000002
"s3-va-p2-2-o-d-08:40","MSP",587,582,592,3.5921847
"s3-va-p2-2-o-d-08:40","MSP",645,640,650,5.95254550000002
"s3-va-p2-3-o-d-08:55","goAquaFlux",31,28,34,9.22113767706964
"s3-va-p2-3-o-d-08:55","goAquaFlux",52,45,65,10.1535009390732
"s3-va-p2-3-o-d-08:55","MSP",56,51,61,14.9077482999997
"s3-va-p2-3-o-d-08:55","MSP",69,64,74,7.95979230000032
"s3-va-p2-3-o-d-08:55","MSP",126,121,131,3.24461170000001
"s3-va-p2-3-o-d-08:55","MSP",135,130,140,3.2980236000002
"s3-va-p2-3-o-d-08:55","MSP",232,227,237,5.47005080000007
"s3-va-p2-3-o-d-08:55","MSP",278,273,283,2.88845360000023
"s3-va-p2-3-o-d-08:55","MSP",311,306,316,5.58778989999986
"s3-va-p2-3-o-d-08:55","MSP",364,359,369,7.9021249000002
"s3-va-p2-3-o-d-08:55","MSP",407,402,412,2.18039360000022
"s3-va-p2-3-o-d-08:55","MSP",436,431,441,2.6292467000002
"s3-va-p2-3-o-d-08:55","MSP",465,460,470,6.72058990000002
"s3-va-p2-3-o-d-08:55","MSP",473,468,478,4.49723540000013
"s3-va-p2-3-o-d-08:55","MSP",543,538,548,4.07245769999998
"s3-va-p2-3-o-d-08:55","MSP",664,659,669,0.0823184000000587
"s3-va-p2-4-o-d-09:11","MSP",57,52,62,8.47823519999968
"s3-va-p2-4-o-d-09:11","MSP",124,119,129,2.05854450000009
"s3-va-p2-4-o-d-09:11","MSP",203,198,208,3.20838950000013
"s3-va-p2-4-o-d-09:11","MSP",274,269,279,0.341017600000271
"s3-va-p2-4-o-d-09:11","MSP",446,441,451,0.0214852000000043
"s3-va-p2-4-o-d-09:11","MSP",505,500,510,2.01865450000005
"s3-va-p2-4-o-d-09:11","MSP",547,542,552,7.56116639999993
"s3-va-p2-4-o-d-09:11","MSP",588,583,593,0.446872900000006
"s3-va-p2-4-o-d-09:11","MSP",662,657,667,1.34334310000028
"s3-va-p2-5-o-d-09:26","goAquaFlux",325,318,332,7.52403365078876
"s3-va-p2-5-o-d-09:26","goAquaFlux",450,447,452,11.962445560535
"s3-va-p2-5-o-d-09:26","MSP",63,58,68,3.80326550000021
"s3-va-p2-5-o-d-09:26","MSP",134,129,139,3.37382019999977
"s3-va-p2-5-o-d-09:26","MSP",174,169,179,11.8945163999999
"s3-va-p2-5-o-d-09:26","MSP",205,200,210,3.32425410000026
"s3-va-p2-5-o-d-09:26","MSP",290,285,295,4.16143559999993
"s3-va-p2-5-o-d-09:26","MSP",333,328,338,7.75352384999994
"s3-va-p2-5-o-d-09:26","MSP",383,378,388,5.58259650000004
"s3-va-p2-5-o-d-09:26","MSP",475,470,480,6.49354040000016
"s3-va-p2-5-o-d-09:26","MSP",501,496,506,3.88766619999981
"s3-va-p2-5-o-d-09:26","MSP",554,549,559,2.96529130000023
"s3-va-p2-5-o-d-09:26","MSP",596,591,601,4.44283969999981
"s3-va-p2-5-o-d-09:26","MSP",654,649,659,5.65609760000019
"s3-va-p2-6-o-d-09:41","MSP",162,157,167,0.737685200000282
"s3-va-p2-6-o-d-09:41","MSP",223,218,228,5.39310349999989
"s3-va-p2-6-o-d-09:41","MSP",250,245,255,6.15897939999988
"s3-va-p2-6-o-d-09:41","MSP",347,342,352,1.72346799999978
"s3-va-p2-6-o-d-09:41","MSP",399,394,404,2.53641820000006
"s3-va-p2-6-o-d-09:41","MSP",454,449,459,7.57040230000028
"s3-va-p2-6-o-d-09:41","MSP",500,495,505,0.995739249999961
"s3-va-p2-6-o-d-09:41","MSP",597,592,602,11.3914572499998
"s3-va-p2-6-o-d-09:41","MSP",640,635,645,6.00802079999996
"s3-va-r1-3-o-d-09:23","MSP",1,0,6,15.0913255999998
"s3-va-r1-3-o-d-09:23","MSP",9,4,14,6.45802299999998
"s3-va-r1-3-o-d-09:23","MSP",17,12,22,10.8459107999996
"s3-va-r1-3-o-d-09:23","MSP",31,26,36,11.5939588000002
"s3-va-r1-3-o-d-09:23","MSP",105,100,110,15.7441603999997
"s3-va-r1-3-o-d-09:23","MSP",126,121,131,9.59127200000021
"s3-va-r1-3-o-d-09:23","MSP",186,181,191,8.59616320000001
"s3-va-r1-3-o-d-09:23","MSP",257,252,262,10.9908011000002
"s3-va-r1-3-o-d-09:23","MSP",263,258,268,2.02234049999994
"s3-va-r1-3-o-d-09:23","MSP",312,307,317,13.2983274000003
"s3-va-r1-3-o-d-09:23","MSP",486,481,491,22.9152464000002
"s3-va-r1-3-o-d-09:23","MSP",534,529,539,13.6883050000001
"s3-va-r1-3-o-d-09:23","MSP",556,551,561,9.81583189999968
"s3-va-r1-3-o-d-09:23","MSP",609,604,614,8.80439840000014
"s3-va-r1-4-o-d-09:45","MSP",105,100,110,671.1597808
"s3-va-r1-4-o-d-09:45","MSP",113,108,118,0
"s3-va-r1-4-o-d-09:45","MSP",121,116,126,701.3384253
"s3-va-r1-8-o-d-11:13","MSP",110,105,115,14.3583111999996
"s3-va-r1-8-o-d-11:13","MSP",154,149,159,8.13553709999981
"s3-va-r1-8-o-d-11:13","MSP",209,204,214,8.29257619999968
"s3-va-r1-8-o-d-11:13","MSP",256,251,261,2.92119959999981
"s3-va-r1-8-o-d-11:13","MSP",380,375,385,3.50529640000019
"s3-va-r1-8-o-d-11:13","MSP",438,433,443,6.07779430000033
"s3-va-r1-8-o-d-11:13","MSP",620,615,625,0
"s3-va-r1-8-o-d-11:13","MSP",674,669,679,19.3181465999999
"s3-va-r1-9-o-d-11:29","goAquaFlux",576,555,587,20.5957707264864
"s3-va-r1-9-o-d-11:29","MSP",73,68,78,2.31457469999974
"s3-va-r1-9-o-d-11:29","MSP",115,110,120,5.81528109999985
"s3-va-r1-9-o-d-11:29","MSP",162,157,167,8.48765119999983
"s3-va-r1-9-o-d-11:29","MSP",216,211,221,12.2921496999999
"s3-va-r1-9-o-d-11:29","MSP",234,229,239,0.875536599999727
"s3-va-r1-9-o-d-11:29","MSP",284,279,289,10.9043709000001
"s3-va-r1-9-o-d-11:29","MSP",367,362,372,0
"s3-va-r1-9-o-d-11:29","MSP",452,447,457,0
"s3-va-r1-9-o-d-11:29","MSP",498,493,503,12.6040944000003
"s3-va-r1-9-o-d-11:29","MSP",517,512,522,1.57386309999996
"s3-va-r1-9-o-d-11:29","MSP",566,561,571,24.8041195999997
"s3-va-r1-9-o-d-11:29","MSP",613,608,618,10.5584148000002
"s3-va-r1-9-o-d-11:29","MSP",629,624,634,16.1866752499997
"s3-va-r2-1-o-d-08:29","MSP",2,0,7,0.514400000000137
"s3-va-r2-1-o-d-08:29","MSP",73,68,78,0.0906000000000518
"s3-va-r2-1-o-d-08:29","MSP",115,110,120,0.237799999999844
"s3-va-r2-1-o-d-08:29","MSP",154,149,159,0
"s3-va-r2-1-o-d-08:29","MSP",185,180,190,0.680100000000294
"s3-va-r2-1-o-d-08:29","MSP",239,234,244,0.323700000000038
"s3-va-r2-1-o-d-08:29","MSP",278,273,283,0.844199999999962
"s3-va-r2-1-o-d-08:29","MSP",331,326,336,0.530799999999942
"s3-va-r2-1-o-d-08:29","MSP",368,363,373,0.560700000000303
"s3-va-r2-1-o-d-08:29","MSP",412,407,417,0.226799999999638
"s3-va-r2-1-o-d-08:29","MSP",471,466,476,0.238799999999983
"s3-va-r2-1-o-d-08:29","MSP",593,588,598,0.57029999999969
"s3-va-r2-1-o-d-08:29","MSP",626,621,631,0.248300000000423
"s3-va-r2-13-o-d-11:26","MSP",67,62,72,3637.1918
"s3-va-r2-13-o-d-11:26","MSP",75,70,80,0
"s3-va-r2-8-o-d-10:12","MSP",50,45,55,0.450799999999862
"s3-va-r2-8-o-d-10:12","MSP",88,83,93,0.56630000000002
"s3-va-r2-8-o-d-10:12","MSP",139,134,144,0.113800000000275
"s3-va-r2-8-o-d-10:12","MSP",202,197,207,0.097600000000142
"s3-va-r2-8-o-d-10:12","MSP",296,291,300,0.544699999999843
"s3-va-r2-9-o-d-10:21","MSP",41,36,46,0.498500000000401
"s3-va-r2-9-o-d-10:21","MSP",66,61,71,1.30540000000012
"s3-va-r2-9-o-d-10:21","MSP",86,81,91,0.55050000000012
"s3-va-r2-9-o-d-10:21","MSP",121,116,126,1.19270000000027
"s3-va-r2-9-o-d-10:21","MSP",201,196,206,0.727400000000156
"s3-va-r2-9-o-d-10:21","MSP",323,318,328,0.796999999999937
"s3-va-r2-9-o-d-10:21","MSP",367,362,372,0.563300000000044
"s3-va-r2-9-o-d-10:21","MSP",524,519,529,0.549200000000027
"s3-va-r2-9-o-d-10:21","MSP",653,648,658,0.641899999999751
"s4-ca-a1-1-o-d-07:16","goAquaFlux",68,58,102,4718.08919945485
"s4-ca-a1-1-o-d-07:16","FS_default",73,1,158,18925.6540873
"s4-ca-a1-1-o-d-07:16","MSP",12,7,17,4235.7609095
"s4-ca-a1-1-o-d-07:16","MSP",75,70,80,10333.5435515
"s4-ca-a1-2-o-d-07:23","goAquaFlux",86,73,199,13140.4393816153
"s4-ca-a1-2-o-d-07:23","FS_default",89,52,217,46184.8428641
"s4-ca-a1-2-o-d-07:23","MSP",29,24,34,365.9581981
"s4-ca-a1-2-o-d-07:23","MSP",93,88,98,18015.370255
"s4-ca-a1-3-o-d-07:40","goAquaFlux",128,125,139,93.8405226297879
"s4-ca-a1-3-o-d-07:40","goAquaFlux",199,192,209,92.9973059342823
"s4-ca-a1-3-o-d-07:40","MSP",137,132,142,97.9806309500004
"s4-ca-a1-3-o-d-07:40","MSP",206,201,211,156.9195901
"s4-ca-a1-4-o-d-07:50","goAquaFlux",102,95,125,79.0274477260243
"s4-ca-a1-4-o-d-07:50","goAquaFlux",232,225,250,88.3385172232472
"s4-ca-a1-4-o-d-07:50","MSP",37,32,42,59.7158506
"s4-ca-a1-4-o-d-07:50","MSP",115,110,120,81.32479535
"s4-ca-a1-4-o-d-07:50","MSP",240,235,245,43.9794786999999
"s4-ca-a1-4-o-d-07:50","MSP",309,304,314,8.64875490000028
"s4-ca-a1-5-o-d-08:11","goAquaFlux",240,233,244,105.989634259225
"s4-ca-a1-5-o-d-08:11","MSP",3,0,8,90.0710778000002
"s4-ca-a1-5-o-d-08:11","MSP",15,10,20,110.4970205
"s4-ca-a1-5-o-d-08:11","MSP",49,44,54,78.8216094999998
"s4-ca-a1-5-o-d-08:11","MSP",150,145,155,250.7884727
"s4-ca-a1-5-o-d-08:11","MSP",242,237,247,207.326510300001
"s4-ca-a1-9-o-d-11:38","MSP",11,6,16,100.102839600001
"s4-ca-a2-1-o-d-07:49","MSP",14,9,19,1223.46
"s4-ca-a2-1-o-d-07:49","MSP",78,73,83,519.61
"s4-ca-a2-1-o-d-07:49","MSP",151,146,156,460.380000000001
"s4-ca-a2-11-o-d-10:03","goAquaFlux",45,33,58,375.503679351667
"s4-ca-a2-11-o-d-10:03","FS_default",45,18,78,3810.772
"s4-ca-a2-11-o-d-10:03","MSP",56,51,61,850.287000000003
"s4-ca-a2-11-o-d-10:03","MSP",258,253,263,690.6
"s4-ca-a2-14-o-d-10:41","goAquaFlux",30,7,58,8948.2675543737
"s4-ca-a2-14-o-d-10:41","goAquaFlux",203,194,213,4355.37470465561
"s4-ca-a2-14-o-d-10:41","FS_default",30,1,102,12099.65
"s4-ca-a2-14-o-d-10:41","FS_default",203,171,238,6250.98999999999
"s4-ca-a2-14-o-d-10:41","MSP",35,30,40,6229.11999999999
"s4-ca-a2-14-o-d-10:41","MSP",55,50,60,3385.79
"s4-ca-a2-14-o-d-10:41","MSP",208,203,213,6516.53
"s4-ca-a2-3-o-d-08:18","goAquaFlux",13,7,38,578.609865644373
"s4-ca-a2-3-o-d-08:18","goAquaFlux",118,111,126,86.777674040892
"s4-ca-a2-3-o-d-08:18","MSP",25,20,30,396.345
"s4-ca-a2-3-o-d-08:18","MSP",32,27,37,239.773
"s4-ca-a2-3-o-d-08:18","MSP",154,149,159,298.756
"s4-ca-a2-5-o-d-08:41","goAquaFlux",65,53,169,2435.05899589842
"s4-ca-a2-5-o-d-08:41","goAquaFlux",344,338,344,19.4883478285206
"s4-ca-a2-5-o-d-08:41","goAquaFlux",602,587,643,1017.46231265325
"s4-ca-a2-5-o-d-08:41","FS_default",602,572,647,1561.475
"s4-ca-a2-5-o-d-08:41","MSP",609,604,614,1321.83
"s4-ca-a2-7-o-d-09:14","MSP",8,3,13,13.0379999999999
"s4-ca-a2-7-o-d-09:14","MSP",54,49,59,15.6239999999999
"s4-ca-a2-7-o-d-09:14","MSP",93,88,98,30.7170000000001
"s4-ca-a2-7-o-d-09:14","MSP",158,153,163,26.0819999999997
"s4-ca-a2-9-o-d-09:36","MSP",133,128,138,51.965
"s4-ca-a2-9-o-d-09:36","MSP",185,180,190,11.9379999999998
"s4-ca-a2-9-o-d-09:36","MSP",195,190,200,1.004
"s4-ca-p1-1-o-d-07:20","MSP",4,0,9,7.3734902
"s4-ca-p1-1-o-d-07:20","MSP",34,29,39,4.89604430000012
"s4-ca-p1-1-o-d-07:20","MSP",97,92,102,11.5006413000001
"s4-ca-p1-1-o-d-07:20","MSP",157,152,162,4.21774590000012
"s4-ca-p1-1-o-d-07:20","MSP",247,242,252,12.6907549999999
"s4-ca-p1-1-o-d-07:20","MSP",261,256,264,6.27891079999987
"s4-ca-p1-11-o-d-11:00","goAquaFlux",37,11,63,7.83033253881478
"s4-ca-p1-11-o-d-11:00","MSP",50,45,55,17.8146117499998
"s4-ca-p1-11-o-d-11:00","MSP",86,81,91,10.1749467999999
"s4-ca-p1-11-o-d-11:00","MSP",229,224,234,8.34938959999976
"s4-ca-p1-11-o-d-11:00","MSP",413,408,418,4.40628469999993
"s4-ca-p1-11-o-d-11:00","MSP",418,413,423,4.73844119999978
"s4-ca-p1-11-o-d-11:00","MSP",423,418,428,2.6625134999998
"s4-ca-p1-11-o-d-11:00","MSP",480,475,485,0.000508199999860182
"s4-ca-p1-11-o-d-11:00","MSP",498,493,503,5.96871860000014
"s4-ca-p1-11-o-d-11:00","MSP",578,573,583,7.13533919999998
"s4-ca-p1-11-o-d-11:00","MSP",584,579,589,0
"s4-ca-p1-11-o-d-11:00","MSP",606,601,611,0.0146165500001239
"s4-ca-p1-11-o-d-11:00","MSP",613,608,618,7.7318193
"s4-ca-p1-11-o-d-11:00","MSP",642,637,647,8.75744350000041
"s4-ca-p1-11-o-d-11:00","MSP",685,680,690,0.00266999999976036
"s4-ca-p1-12-o-d-11:19","goAquaFlux",34,8,40,9.35229834982402
"s4-ca-p1-12-o-d-11:19","MSP",21,16,26,1.6322045499999
"s4-ca-p1-12-o-d-11:19","MSP",167,162,172,0
"s4-ca-p1-12-o-d-11:19","MSP",250,245,255,6.99734019999987
"s4-ca-p1-12-o-d-11:19","MSP",278,273,283,6.49515960000002
"s4-ca-p1-12-o-d-11:19","MSP",340,335,345,6.91974580000032
"s4-ca-p1-12-o-d-11:19","MSP",395,390,400,6.96675530000013
"s4-ca-p1-12-o-d-11:19","MSP",477,472,482,7.05093550000013
"s4-ca-p1-12-o-d-11:19","MSP",557,552,562,10.8533331999996
"s4-ca-p1-12-o-d-11:19","MSP",637,632,642,0
"s4-ca-p1-13-o-d-11:34","MSP",40,35,45,18.0802533
"s4-ca-p1-13-o-d-11:34","MSP",59,54,64,20.0835862500002
"s4-ca-p1-13-o-d-11:34","MSP",149,144,154,16.9768664000003
"s4-ca-p1-13-o-d-11:34","MSP",157,152,162,5.11235930000042
"s4-ca-p1-13-o-d-11:34","MSP",196,191,201,14.9365349999999
"s4-ca-p1-13-o-d-11:34","MSP",243,238,248,6.24549830000021
"s4-ca-p1-13-o-d-11:34","MSP",252,247,256,6.0796212500005
"s4-ca-p1-2-o-d-07:29","MSP",7,2,12,4.6001844000001
"s4-ca-p1-2-o-d-07:29","MSP",38,33,43,13.9432238999997
"s4-ca-p1-2-o-d-07:29","MSP",62,57,67,12.4010583
"s4-ca-p1-2-o-d-07:29","MSP",113,108,118,10.6344739842106
"s4-ca-p1-2-o-d-07:29","MSP",129,124,134,20.4485667999998
"s4-ca-p1-2-o-d-07:29","MSP",210,205,215,0.424679600000033
"s4-ca-p1-2-o-d-07:29","MSP",267,262,272,11.1126997
"s4-ca-p1-2-o-d-07:29","MSP",318,313,323,10.0224746000004
"s4-ca-p1-2-o-d-07:29","MSP",386,381,391,3.04673010000034
"s4-ca-p1-2-o-d-07:29","MSP",450,445,455,11.6793253000003
"s4-ca-p1-2-o-d-07:29","MSP",471,466,476,3.47753080000013
"s4-ca-p1-2-o-d-07:29","MSP",517,512,522,4.03310140000013
"s4-ca-p1-2-o-d-07:29","MSP",567,562,572,14.7981909500001
"s4-ca-p1-2-o-d-07:29","MSP",663,658,668,2.7203011000001
"s4-ca-p1-3-o-d-07:45","MSP",63,58,68,11.7166842999996
"s4-ca-p1-3-o-d-07:45","MSP",147,142,152,3.09941830000016
"s4-ca-p1-3-o-d-07:45","MSP",178,173,183,1.39569149999996
"s4-ca-p1-3-o-d-07:45","MSP",257,252,262,2.36949630000005
"s4-ca-r1-7-o-d-08:56","goAquaFlux",145,135,155,230.991364182086
"s4-ca-r1-7-o-d-08:56","MSP",48,43,53,20.305
"s4-ca-r1-7-o-d-08:56","MSP",152,147,157,41.1890000000001
"s4-ca-r1-7-o-d-08:56","MSP",255,250,260,31.0359999999998
"s4-ca-r1-7-o-d-08:56","MSP",346,341,351,26.0659999999997
"s4-ca-r1-7-o-d-08:56","MSP",527,522,532,29.5159999999997
"s4-ca-r1-8-o-d-09:13","MSP",77,72,82,68.1980000000002
"s4-ca-r1-8-o-d-09:13","MSP",168,163,173,53.0749999999998
"s4-ca-r1-8-o-d-09:13","MSP",346,341,351,43.7330000000005
"s4-ca-r1-8-o-d-09:13","MSP",530,525,535,39.0280000000001
"s4-ca-r1-8-o-d-09:13","MSP",613,608,618,58.2600000000006
"s4-ca-r1-8-o-d-09:13","MSP",665,660,670,71.1700000000004
"s4-ca-r1-8-o-d-09:13","MSP",753,748,758,62.6499999999997
"s4-ca-r1-8-o-d-09:13","MSP",820,815,825,85.6110000000001
"s4-ca-r1-9-o-d-09:38","goAquaFlux",67,7,174,5603.67409167251
"s4-ca-r1-9-o-d-09:38","goAquaFlux",466,465,472,36.937898925239
"s4-ca-r1-9-o-d-09:38","FS_default",67,38,116,6348.6
"s4-ca-r1-9-o-d-09:38","MSP",74,69,79,6688.37
"s4-ca-r2-13-o-d-10:03","goAquaFlux",507,502,515,172.282765194163
"s4-ca-r2-13-o-d-10:03","goAquaFlux",607,575,653,1636.08168124068
"s4-ca-r2-13-o-d-10:03","FS_default",607,574,660,9821.132
"s4-ca-r2-13-o-d-10:03","MSP",615,610,620,4273.1
"s4-ca-r2-15-o-d-10:37","goAquaFlux",148,141,157,180.355996606452
"s4-ca-r2-15-o-d-10:37","goAquaFlux",190,172,246,2262.37809845838
"s4-ca-r2-15-o-d-10:37","FS_default",190,160,224,2862.969
"s4-ca-r2-15-o-d-10:37","MSP",197,192,202,1190.593
"s4-ca-r2-3-o-d-07:35","goAquaFlux",40,31,63,266.650081049883
"s4-ca-r2-3-o-d-07:35","goAquaFlux",138,126,184,450.063437942372
"s4-ca-r2-3-o-d-07:35","goAquaFlux",412,388,419,843.669525074988
"s4-ca-r2-3-o-d-07:35","FS_default",138,108,173,1367.607
"s4-ca-r2-3-o-d-07:35","MSP",145,140,150,986.887000000001
"s4-ca-r2-4-o-d-07:53","goAquaFlux",215,214,219,286.296849862259
"s4-ca-r2-4-o-d-07:53","MSP",41,36,46,136.056
"s4-ca-r2-4-o-d-07:53","MSP",217,212,222,138.851
"s4-ca-r2-4-o-d-07:53","MSP",319,314,324,93.2000000000004
"s4-ca-r2-9-o-d-09:09","MSP",19,14,24,32.915
"s4-ca-r2-9-o-d-09:09","MSP",91,86,96,93.439
"s4-ca-r2-9-o-d-09:09","MSP",177,172,182,66.5009999999997
"s4-cu-a1-1-o-d-07:42","MSP",196,191,201,688.171000000001
"s4-cu-a1-1-o-d-07:42","MSP",265,260,270,608.43
"s4-cu-a1-1-o-d-07:42","MSP",341,336,346,523.579999999995
"s4-cu-a1-10-o-d-09:59","goAquaFlux",63,63,70,21.6668025464161
"s4-cu-a1-10-o-d-09:59","MSP",19,14,24,74.9789999999999
"s4-cu-a1-10-o-d-09:59","MSP",68,63,73,43.3379999999999
"s4-cu-a1-12-o-d-10:25","goAquaFlux",146,109,153,247.508222727272
"s4-cu-a1-12-o-d-10:25","MSP",76,71,81,38.5549999999997
"s4-cu-a1-12-o-d-10:25","MSP",171,166,176,56.235
"s4-cu-a1-12-o-d-10:25","MSP",277,272,282,71.453
"s4-cu-a1-12-o-d-10:25","MSP",451,446,456,32.7630000000001
"s4-cu-a1-13-o-d-10:39","goAquaFlux",111,110,118,149.962119067009
"s4-cu-a1-13-o-d-10:39","MSP",76,71,81,105.421
"s4-cu-a1-13-o-d-10:39","MSP",115,110,120,146.789
"s4-cu-a1-13-o-d-10:39","MSP",193,188,198,46.6509999999998
"s4-cu-a1-13-o-d-10:39","MSP",226,221,231,32.6909999999998
"s4-cu-a1-14-o-d-10:47","goAquaFlux",122,115,131,12.8016555793103
"s4-cu-a1-14-o-d-10:47","MSP",66,61,71,81.5619999999999
"s4-cu-a1-14-o-d-10:47","MSP",132,127,137,69.9360000000002
"s4-cu-a1-14-o-d-10:47","MSP",208,203,213,177.613
"s4-cu-a1-15-o-d-10:55","MSP",127,122,132,67.2860000000002
"s4-cu-a1-15-o-d-10:55","MSP",170,165,175,98.665
"s4-cu-a1-15-o-d-10:55","MSP",215,210,220,91.5919999999999
"s4-cu-a1-3-o-d-08:09","goAquaFlux",46,36,84,107.535827960816
"s4-cu-a1-3-o-d-08:09","goAquaFlux",124,114,140,89.1555221907775
"s4-cu-a1-3-o-d-08:09","MSP",52,47,57,269.862
"s4-cu-a1-3-o-d-08:09","MSP",128,123,133,394.579
"s4-cu-a1-3-o-d-08:09","MSP",200,195,205,438.094
"s4-cu-a1-5-o-d-08:34","goAquaFlux",127,119,134,814.552115575808
"s4-cu-a1-5-o-d-08:34","goAquaFlux",199,195,214,629.53822033947
"s4-cu-a1-5-o-d-08:34","FS_default",299,262,299,17280.69
"s4-cu-a1-5-o-d-08:34","MSP",257,252,262,191.179999999999
"s4-cu-a1-6-o-d-08:44","goAquaFlux",191,183,242,1321.18430022809
"s4-cu-a1-6-o-d-08:44","FS_default",191,165,233,2783.272
"s4-cu-a1-6-o-d-08:44","FS_default",351,284,394,19998.604
"s4-cu-a1-6-o-d-08:44","MSP",207,202,212,954.098999999999
"s4-cu-a1-6-o-d-08:44","MSP",367,362,372,1530.39
"s4-cu-a1-7-o-d-09:01","MSP",224,219,229,24.867
"s4-cu-a1-7-o-d-09:01","MSP",301,296,306,30.0950000000002
"s4-cu-a1-7-o-d-09:01","MSP",361,356,366,16.9759999999997
"s4-cu-a1-8-o-d-09:24","MSP",84,79,89,34.9029999999999
"s4-cu-a1-8-o-d-09:24","MSP",167,162,172,21.9279999999999
"s4-cu-a1-8-o-d-09:24","MSP",196,191,201,21.7739999999997
"s4-cu-a1-8-o-d-09:24","MSP",333,328,338,19.3729999999999
"s4-cu-a1-8-o-d-09:24","MSP",381,376,386,19.2449999999997
"s4-cu-a1-8-o-d-09:24","MSP",450,445,455,25.62
"s4-cu-a1-8-o-d-09:24","MSP",537,532,542,19.4150000000004
"s4-cu-a1-9-o-d-09:48","goAquaFlux",152,142,157,523.590110163639
"s4-cu-a1-9-o-d-09:48","goAquaFlux",252,246,259,262.086160087516
"s4-cu-a1-9-o-d-09:48","MSP",100,95,105,104.324
"s4-cu-a1-9-o-d-09:48","MSP",183,178,188,163.43
"s4-cu-a1-9-o-d-09:48","MSP",260,255,265,131.935
"s4-cu-a2-10-o-d-10:20","goAquaFlux",56,29,84,44.1181828299797
"s4-cu-a2-10-o-d-10:20","MSP",38,33,43,174.1133
"s4-cu-a2-10-o-d-10:20","MSP",60,55,65,190.668400000001
"s4-cu-a2-10-o-d-10:20","MSP",64,59,69,48.2168000000005
"s4-cu-a2-10-o-d-10:20","MSP",81,76,86,185.0606
"s4-cu-a2-10-o-d-10:20","MSP",190,185,195,107.319800000001
"s4-cu-a2-11-o-d-10:31","FS_default",33,1,149,13530.8458
"s4-cu-a2-11-o-d-10:31","MSP",45,40,50,1787.571
"s4-cu-a2-11-o-d-10:31","MSP",206,201,211,0
"s4-cu-a2-11-o-d-10:31","MSP",217,212,222,969.842999999997
"s4-cu-a2-12-o-d-10:41","FS_default",167,119,293,35520.9822
"s4-cu-a2-12-o-d-10:41","FS_default",510,446,780,7447.40999999999
"s4-cu-a2-12-o-d-10:41","MSP",97,92,102,0
"s4-cu-a2-12-o-d-10:41","MSP",167,162,172,11587.106
"s4-cu-a2-12-o-d-10:41","MSP",210,205,215,0
"s4-cu-a2-12-o-d-10:41","MSP",574,569,579,356.957000000001
"s4-cu-a2-13-o-d-11:00","goAquaFlux",95,79,133,6449.5639984341
"s4-cu-a2-13-o-d-11:00","FS_default",95,67,130,8737.5913
"s4-cu-a2-13-o-d-11:00","MSP",99,94,104,3456.7167
"s4-cu-a2-13-o-d-11:00","MSP",112,107,117,1068.471
"s4-cu-a2-14-o-d-11:11","MSP",25,20,30,546.8518
"s4-cu-a2-14-o-d-11:11","MSP",66,61,71,679.043399999999
"s4-cu-a2-14-o-d-11:11","MSP",148,143,153,184.991699999999
"s4-cu-a2-15-o-d-11:20","MSP",130,125,135,1036.605
"s4-cu-a2-15-o-d-11:20","MSP",179,174,184,1095.985
"s4-cu-a2-15-o-d-11:20","MSP",263,258,268,281.720999999999
"s4-cu-a2-3-o-d-08:08","goAquaFlux",425,403,431,17.2006206893818
"s4-cu-a2-3-o-d-08:08","goAquaFlux",479,447,486,7.737360031277
"s4-cu-a2-3-o-d-08:08","goAquaFlux",512,504,518,12.7890351917957
"s4-cu-a2-3-o-d-08:08","MSP",36,31,41,47.4066999999998
"s4-cu-a2-3-o-d-08:08","MSP",105,100,110,25.2697999999998
"s4-cu-a2-3-o-d-08:08","MSP",222,217,227,39.6229999999997
"s4-cu-a2-3-o-d-08:08","MSP",273,268,278,33.9116000000001
"s4-cu-a2-3-o-d-08:08","MSP",323,318,328,56.9997
"s4-cu-a2-3-o-d-08:08","MSP",440,435,445,36.3822999999996
"s4-cu-a2-3-o-d-08:08","MSP",490,485,495,29.7234000000008
"s4-cu-a2-3-o-d-08:08","MSP",548,543,553,26.0170999999998
"s4-cu-a2-3-o-d-08:08","MSP",628,623,633,19.5571000000001
"s4-cu-a2-3-o-d-08:08","MSP",712,707,717,22.0596000000004
"s4-cu-a2-6-o-d-09:27","goAquaFlux",19,11,37,3732.9671196286
"s4-cu-a2-6-o-d-09:27","goAquaFlux",310,285,346,14412.7754621687
"s4-cu-a2-6-o-d-09:27","FS_default",19,1,105,9460.4508
"s4-cu-a2-6-o-d-09:27","FS_default",310,261,389,28668.259
"s4-cu-a2-6-o-d-09:27","MSP",26,21,31,3599.247
"s4-cu-a2-6-o-d-09:27","MSP",70,65,75,1047.325
"s4-cu-a2-6-o-d-09:27","MSP",247,242,252,51.1380000000017
"s4-cu-a2-6-o-d-09:27","MSP",312,307,317,8315.938
"s4-cu-a2-6-o-d-09:27","MSP",364,359,369,312.321000000004
"s4-cu-a2-7-o-d-09:50","MSP",84,79,89,153.0005
"s4-cu-a2-7-o-d-09:50","MSP",152,147,157,313.3584
"s4-cu-a2-7-o-d-09:50","MSP",160,155,165,168.9848
"s4-cu-a2-7-o-d-09:50","MSP",192,187,197,346.8296
"s4-cu-a2-7-o-d-09:50","MSP",207,202,212,162.0088
"s4-cu-a2-8-o-d-10:01","goAquaFlux",74,67,80,612.032016568627
"s4-cu-a2-8-o-d-10:01","MSP",62,57,67,616.288600000001
"s4-cu-a2-8-o-d-10:01","MSP",94,89,99,462.7779
"s4-cu-a2-8-o-d-10:01","MSP",141,136,146,212.5659
"s4-cu-a2-8-o-d-10:01","MSP",186,181,191,434.617199999999
"s4-cu-a2-8-o-d-10:01","MSP",210,205,215,1390.1587
"s4-cu-a2-9-o-d-10:11","goAquaFlux",79,72,94,420.428154713471
"s4-cu-a2-9-o-d-10:11","FS_default",18,1,111,8388.2741
"s4-cu-a2-9-o-d-10:11","MSP",22,17,27,3064.3707
"s4-cu-a2-9-o-d-10:11","MSP",108,103,113,667.562
"s4-cu-a2-9-o-d-10:11","MSP",171,166,176,525.608
"s4-cu-p1-10-o-d-09:37","MSP",14,9,19,46.5200000000001
"s4-cu-p1-10-o-d-09:37","MSP",96,91,101,34.818
"s4-cu-p1-10-o-d-09:37","MSP",168,163,173,33.6799999999999
"s4-cu-p1-10-o-d-09:37","MSP",220,215,225,16.1509999999998
"s4-cu-p1-11-o-d-09:46","goAquaFlux",21,7,36,205.960893950539
"s4-cu-p1-11-o-d-09:46","MSP",28,23,33,216.419
"s4-cu-p1-11-o-d-09:46","MSP",106,101,111,27.9889999999998
"s4-cu-p1-12-o-d-09:53","MSP",59,54,64,39.4229999999998
"s4-cu-p1-12-o-d-09:53","MSP",141,136,146,26.179
"s4-cu-p1-12-o-d-09:53","MSP",234,229,239,35.5460000000001
"s4-cu-p1-13-o-d-10:01","MSP",85,80,90,34.259
"s4-cu-p1-13-o-d-10:01","MSP",143,138,148,23.79
"s4-cu-p1-13-o-d-10:01","MSP",223,218,228,39.0079999999999
"s4-cu-p1-14-o-d-10:09","MSP",52,47,57,30.0890000000003
"s4-cu-p1-14-o-d-10:09","MSP",107,102,112,32.4770000000001
"s4-cu-p1-14-o-d-10:09","MSP",267,262,272,34.586
"s4-cu-p1-14-o-d-10:09","MSP",373,368,378,42.465
"s4-cu-p1-14-o-d-10:09","MSP",433,428,438,18.9169999999996
"s4-cu-p1-14-o-d-10:09","MSP",546,541,551,30.3820000000004
"s4-cu-p1-14-o-d-10:09","MSP",607,602,612,18.9840000000001
"s4-cu-p1-15-o-d-10:23","MSP",45,40,50,38.2099999999999
"s4-cu-p1-15-o-d-10:23","MSP",97,92,102,24.616
"s4-cu-p1-15-o-d-10:23","MSP",151,146,156,33.3580000000002
"s4-cu-p1-15-o-d-10:23","MSP",225,220,230,32.594
"s4-cu-p1-2-o-d-07:06","MSP",5,0,10,15.8320000000001
"s4-cu-p1-2-o-d-07:06","MSP",76,71,81,40.8040000000001
"s4-cu-p1-2-o-d-07:06","MSP",135,130,140,7.69500000000001
"s4-cu-p1-4-o-d-07:29","goAquaFlux",134,127,138,914.749476571666
"s4-cu-p1-4-o-d-07:29","MSP",92,87,97,6.06400000000029
"s4-cu-p1-4-o-d-07:29","MSP",163,158,168,143.055
"s4-cu-p1-7-o-d-08:13","goAquaFlux",20,12,27,13.3752601010105
"s4-cu-p1-7-o-d-08:13","goAquaFlux",1006,1005,1011,5.58690505226504
"s4-cu-p1-7-o-d-08:13","MSP",91,86,96,29.1380000000001
"s4-cu-p1-7-o-d-08:13","MSP",164,159,169,38.424
"s4-cu-p1-7-o-d-08:13","MSP",315,310,320,54.344
"s4-cu-p1-7-o-d-08:13","MSP",389,384,394,41.8959999999999
"s4-cu-p1-7-o-d-08:13","MSP",653,648,658,36.6249999999999
"s4-cu-p1-7-o-d-08:13","MSP",731,726,736,42.5199999999997
"s4-cu-p1-7-o-d-08:13","MSP",808,803,813,43.7630000000002
"s4-cu-p1-7-o-d-08:13","MSP",912,907,917,32.5530000000001
"s4-cu-p1-7-o-d-08:13","MSP",997,992,1002,26.0659999999993
"s4-cu-p1-8-o-d-09:14","MSP",70,65,75,36.5739999999999
"s4-cu-p1-8-o-d-09:14","MSP",101,96,106,40.8649999999997
"s4-cu-p1-8-o-d-09:14","MSP",130,125,135,37.1609999999998
"s4-cu-p1-8-o-d-09:14","MSP",349,344,354,26.494
"s4-cu-p1-8-o-d-09:14","MSP",424,419,429,36.1570000000002
"s4-cu-p1-8-o-d-09:14","MSP",490,485,495,29.712
"s4-cu-p1-8-o-d-09:14","MSP",538,533,543,45.2689999999998
"s4-cu-p1-9-o-d-09:29","goAquaFlux",36,29,43,90.2281696194495
"s4-cu-p1-9-o-d-09:29","MSP",40,35,45,74.1619999999998
"s4-cu-p1-9-o-d-09:29","MSP",109,104,114,22.1299999999998
"s4-cu-p1-9-o-d-09:29","MSP",185,180,190,25.1239999999999
"s4-cu-p2-10-o-d-08:51","MSP",40,35,45,82.9282000000005
"s4-cu-p2-10-o-d-08:51","MSP",111,106,116,63.4615000000003
"s4-cu-p2-10-o-d-08:51","MSP",165,160,170,78.4446000000001
"s4-cu-p2-10-o-d-08:51","MSP",195,190,200,112.2941
"s4-cu-p2-10-o-d-08:51","MSP",289,284,294,28.0933000000001
"s4-cu-p2-11-o-d-09:02","MSP",72,67,77,68.0612999999997
"s4-cu-p2-11-o-d-09:02","MSP",86,81,91,50.0874000000002
"s4-cu-p2-11-o-d-09:02","MSP",97,92,102,38.8682
"s4-cu-p2-11-o-d-09:02","MSP",174,169,179,18.5134000000002
"s4-cu-p2-11-o-d-09:02","MSP",293,288,298,33.636
"s4-cu-p2-12-o-d-09:12","goAquaFlux",232,213,233,106.220178649302
"s4-cu-p2-12-o-d-09:12","MSP",140,135,145,35.0998000000002
"s4-cu-p2-12-o-d-09:12","MSP",146,141,151,20.7384999999998
"s4-cu-p2-12-o-d-09:12","MSP",218,213,223,65.4309
"s4-cu-p2-13-o-d-09:20","goAquaFlux",377,350,450,2664.83261730063
"s4-cu-p2-13-o-d-09:20","goAquaFlux",486,478,493,63.6629259607978
"s4-cu-p2-13-o-d-09:20","MSP",327,322,332,88.4995000000002
"s4-cu-p2-13-o-d-09:20","MSP",398,393,403,323.428199999999
"s4-cu-p2-13-o-d-09:20","MSP",491,486,496,45.3270999999988
"s4-cu-p2-2-o-d-07:28","goAquaFlux",97,87,104,86.913591411685
"s4-cu-p2-2-o-d-07:28","goAquaFlux",215,208,231,85.6252085802948
"s4-cu-p2-2-o-d-07:28","MSP",104,99,109,35.5214999999998
"s4-cu-p2-2-o-d-07:28","MSP",157,152,162,89.5595999999998
"s4-cu-p2-2-o-d-07:28","MSP",276,271,281,101.511
"s4-cu-p2-2-o-d-07:28","MSP",404,399,409,102.365699999999
"s4-cu-p2-2-o-d-07:28","MSP",472,467,477,85.2807000000002
"s4-cu-p2-2-o-d-07:28","MSP",532,527,537,95.0810000000004
"s4-cu-p2-2-o-d-07:28","MSP",618,613,623,76.832500000001
"s4-cu-p2-3-o-d-07:44","MSP",47,42,52,52.0991
"s4-cu-p2-3-o-d-07:44","MSP",107,102,112,137.1079
"s4-cu-p2-3-o-d-07:44","MSP",127,122,132,77.6385999999998
"s4-cu-p2-3-o-d-07:44","MSP",187,182,192,54.1757999999999
"s4-cu-p2-3-o-d-07:44","MSP",212,207,217,106.4138
"s4-cu-p2-3-o-d-07:44","MSP",254,249,259,86.3962000000002
"s4-cu-p2-4-o-d-07:53","MSP",49,44,54,174.77
"s4-cu-p2-4-o-d-07:53","MSP",113,108,118,282.1084
"s4-cu-p2-5-o-d-08:01","MSP",83,78,88,49.7330999999996
"s4-cu-p2-5-o-d-08:01","MSP",105,100,110,57.6724
"s4-cu-p2-5-o-d-08:01","MSP",145,140,150,54.0720000000001
"s4-cu-p2-5-o-d-08:01","MSP",186,181,191,42.3911000000001
"s4-cu-p2-5-o-d-08:01","MSP",236,231,240,68.8618000000001
"s4-cu-p2-6-o-d-08:09","MSP",49,44,54,36.4591999999999
"s4-cu-p2-6-o-d-08:09","MSP",58,53,63,27.1127999999998
"s4-cu-p2-6-o-d-08:09","MSP",119,114,124,56.9335999999998
"s4-cu-p2-6-o-d-08:09","MSP",216,211,221,53.2585000000001
"s4-cu-p2-6-o-d-08:09","MSP",226,221,231,9.92259999999989
"s4-cu-p2-7-o-d-08:17","goAquaFlux",87,80,95,151.663539172685
"s4-cu-p2-7-o-d-08:17","MSP",37,32,42,18.6494000000001
"s4-cu-p2-7-o-d-08:17","MSP",92,87,97,84.6688999999996
"s4-cu-p2-7-o-d-08:17","MSP",154,149,159,57.9423999999999
"s4-cu-p2-8-o-d-08:26","goAquaFlux",123,106,130,215.160664171664
"s4-cu-p2-8-o-d-08:26","goAquaFlux",228,205,276,1882.58252941789
"s4-cu-p2-8-o-d-08:26","goAquaFlux",608,587,620,446.751807411694
"s4-cu-p2-8-o-d-08:26","MSP",237,232,242,827.0014
"s4-cu-p2-8-o-d-08:26","MSP",614,609,619,117.4629
"s4-cu-p2-9-o-d-08:43","MSP",129,124,134,46.7451000000003
"s4-cu-p2-9-o-d-08:43","MSP",154,149,159,64.3880000000001
"s4-cu-p2-9-o-d-08:43","MSP",174,169,179,110.3867
"s4-cu-p2-9-o-d-08:43","MSP",217,212,222,137.987
"s4-cu-p2-9-o-d-08:43","MSP",234,229,239,268.6089
"s4-cu-r1-10-o-d-09:26","MSP",171,166,176,37.2599999999998
"s4-cu-r1-10-o-d-09:26","MSP",222,217,227,55.1239999999997
"s4-cu-r1-10-o-d-09:26","MSP",287,282,292,23.6159999999996
"s4-cu-r1-11-o-d-09:34","MSP",78,73,83,32.3470000000001
"s4-cu-r1-11-o-d-09:34","MSP",115,110,120,51.1719999999998
"s4-cu-r1-11-o-d-09:34","MSP",199,194,204,17.6270000000001
"s4-cu-r1-11-o-d-09:34","MSP",239,234,244,21.7009999999997
"s4-cu-r1-11-o-d-09:34","MSP",299,294,304,7.08699999999984
"s4-cu-r1-11-o-d-09:34","MSP",411,406,416,19.4009999999998
"s4-cu-r1-11-o-d-09:34","MSP",506,501,511,10.8200000000003
"s4-cu-r1-11-o-d-09:34","MSP",627,622,632,18.98
"s4-cu-r1-12-o-d-09:49","MSP",22,17,27,15.7080000000001
"s4-cu-r1-12-o-d-09:49","MSP",31,26,36,10.475
"s4-cu-r1-12-o-d-09:49","MSP",39,34,44,10.0560000000001
"s4-cu-r1-12-o-d-09:49","MSP",110,105,115,14.2150000000001
"s4-cu-r1-12-o-d-09:49","MSP",122,117,127,18.0099999999999
"s4-cu-r1-12-o-d-09:49","MSP",128,123,133,7.24100000000005
"s4-cu-r1-12-o-d-09:49","MSP",184,179,189,6.80700000000023
"s4-cu-r1-12-o-d-09:49","MSP",195,190,200,7.88300000000053
"s4-cu-r1-12-o-d-09:49","MSP",210,205,215,7.41900000000006
"s4-cu-r1-13-o-d-09:56","MSP",9,4,14,25.1980000000003
"s4-cu-r1-13-o-d-09:56","MSP",34,29,39,4.57300000000016
"s4-cu-r1-13-o-d-09:56","MSP",117,112,122,26.0029999999998
"s4-cu-r1-13-o-d-09:56","MSP",167,162,172,26.2789999999997
"s4-cu-r1-13-o-d-09:56","MSP",235,230,240,14.348
"s4-cu-r1-14-o-d-10:05","goAquaFlux",191,185,198,6.99585920906358
"s4-cu-r1-14-o-d-10:05","MSP",136,131,141,12.9359999999998
"s4-cu-r1-14-o-d-10:05","MSP",193,188,198,28.9480000000002
"s4-cu-r1-14-o-d-10:05","MSP",270,265,275,18.1
"s4-cu-r1-15-o-d-10:14","MSP",49,44,54,14.624
"s4-cu-r1-15-o-d-10:14","MSP",70,65,75,19.4429999999999
"s4-cu-r1-15-o-d-10:14","MSP",136,131,141,14.57
"s4-cu-r1-15-o-d-10:14","MSP",198,193,203,15.933
"s4-cu-r1-15-o-d-10:14","MSP",237,232,242,22.4630000000001
"s4-cu-r1-15-o-d-10:14","MSP",262,257,267,15.2240000000003
"s4-cu-r1-15-o-d-10:14","MSP",429,424,434,16.581
"s4-cu-r1-15-o-d-10:14","MSP",566,561,571,12.6680000000001
"s4-cu-r1-15-o-d-10:14","MSP",587,582,592,17.9679999999998
"s4-cu-r1-15-o-d-10:14","MSP",638,633,643,30.2289999999998
"s4-cu-r1-3-o-d-07:20","goAquaFlux",648,643,651,74.9176009139372
"s4-cu-r1-3-o-d-07:20","MSP",68,63,73,106.245
"s4-cu-r1-3-o-d-07:20","MSP",375,370,380,134.587
"s4-cu-r1-3-o-d-07:20","MSP",435,430,440,119.783000000002
"s4-cu-r1-3-o-d-07:20","MSP",478,473,483,110.958
"s4-cu-r1-3-o-d-07:20","MSP",537,532,542,142.17
"s4-cu-r1-3-o-d-07:20","MSP",576,571,581,805.5
"s4-cu-r1-5-o-d-07:45","goAquaFlux",54,47,55,805.244170769493
"s4-cu-r1-5-o-d-07:45","goAquaFlux",116,109,123,149.161537055602
"s4-cu-r1-5-o-d-07:45","MSP",75,70,80,197.912
"s4-cu-r1-5-o-d-07:45","MSP",164,159,169,108.351
"s4-cu-r1-7-o-d-08:29","goAquaFlux",27,7,27,2059.99285708677
"s4-cu-r1-7-o-d-08:29","goAquaFlux",52,45,60,86.3027483220104
"s4-cu-r1-7-o-d-08:29","MSP",2,0,7,3483.248
"s4-cu-r1-7-o-d-08:29","MSP",5,0,10,3483.248
"s4-cu-r1-7-o-d-08:29","MSP",135,130,140,1098.539
"s4-cu-r2-1-o-d-06:40","goAquaFlux",32,24,48,29.0309033862681
"s4-cu-r2-1-o-d-06:40","goAquaFlux",118,106,138,115.908444607143
"s4-cu-r2-1-o-d-06:40","goAquaFlux",626,618,633,77.1674044626312
"s4-cu-r2-1-o-d-06:40","MSP",34,29,39,250.2395
"s4-cu-r2-1-o-d-06:40","MSP",57,52,62,30.1081000000001
"s4-cu-r2-1-o-d-06:40","MSP",126,121,131,20.6728000000003
"s4-cu-r2-1-o-d-06:40","MSP",674,669,679,42.5547000000002
"s4-cu-r2-11-o-d-09:54","goAquaFlux",147,142,147,6.80467217057946
"s4-cu-r2-11-o-d-09:54","MSP",12,7,17,40.3262
"s4-cu-r2-11-o-d-09:54","MSP",40,35,45,42.6598999999999
"s4-cu-r2-11-o-d-09:54","MSP",133,128,138,87.6364999999999
"s4-cu-r2-11-o-d-09:54","MSP",153,148,158,48.3881999999998
"s4-cu-r2-11-o-d-09:54","MSP",316,311,321,39.5026999999999
"s4-cu-r2-11-o-d-09:54","MSP",355,350,360,20.1352999999997
"s4-cu-r2-11-o-d-09:54","MSP",376,371,381,29.8257
"s4-cu-r2-11-o-d-09:54","MSP",420,415,425,40.5839999999995
"s4-cu-r2-11-o-d-09:54","MSP",541,536,546,0
"s4-cu-r2-11-o-d-09:54","MSP",597,592,602,39.1396000000004
"s4-cu-r2-11-o-d-09:54","MSP",653,648,658,12.0445
"s4-cu-r2-12-o-d-10:10","MSP",6,1,11,62.5501000000002
"s4-cu-r2-12-o-d-10:10","MSP",22,17,27,72.4218000000003
"s4-cu-r2-12-o-d-10:10","MSP",92,87,97,14.9816999999999
"s4-cu-r2-12-o-d-10:10","MSP",175,170,180,99.8953
"s4-cu-r2-13-o-d-10:17","goAquaFlux",97,85,105,18.8257157741927
"s4-cu-r2-13-o-d-10:17","MSP",101,96,106,37.8711000000003
"s4-cu-r2-13-o-d-10:17","MSP",139,134,144,35.9929000000001
"s4-cu-r2-13-o-d-10:17","MSP",235,230,240,37.5119999999995
"s4-cu-r2-14-o-d-10:25","MSP",125,120,130,41.9629000000001
"s4-cu-r2-14-o-d-10:25","MSP",132,127,137,21.5052000000004
"s4-cu-r2-14-o-d-10:25","MSP",146,141,151,42.1127999999995
"s4-cu-r2-14-o-d-10:25","MSP",178,173,183,52.2808000000001
"s4-cu-r2-15-o-d-10:38","MSP",75,70,80,199.5859
"s4-cu-r2-15-o-d-10:38","MSP",94,89,99,141.774400000001
"s4-cu-r2-15-o-d-10:38","MSP",132,127,137,176.4407
"s4-cu-r2-15-o-d-10:38","MSP",153,148,158,167.8732
"s4-cu-r2-15-o-d-10:38","MSP",191,186,196,101.905699999999
"s4-cu-r2-5-o-d-07:22","MSP",32,27,37,234.489299999999
"s4-cu-r2-5-o-d-07:22","MSP",119,114,124,127.9092
"s4-cu-r2-5-o-d-07:22","MSP",142,137,147,147.7825
"s4-cu-r2-5-o-d-07:22","MSP",170,165,175,62.1456
"s4-cu-r2-5-o-d-07:22","MSP",206,201,211,181.0779
"s4-cu-r2-5-o-d-07:22","MSP",233,228,238,174.985099999999
"s4-cu-r2-6-o-d-07:33","goAquaFlux",585,585,592,863.601519895951
"s4-cu-r2-6-o-d-07:33","MSP",108,103,113,21998.019
"s4-cu-r2-6-o-d-07:33","MSP",203,198,208,0
"s4-cu-r2-6-o-d-07:33","MSP",263,258,268,238.9885
"s4-cu-r2-7-o-d-08:07","MSP",63,58,68,57.9319000000003
"s4-cu-r2-7-o-d-08:07","MSP",94,89,99,38.1741000000004
"s4-cu-r2-7-o-d-08:07","MSP",117,112,122,57.4349999999999
"s4-da-a2-1-o-d-06:31","MSP",32,27,37,0.784999999993374
"s4-da-a2-1-o-d-06:31","MSP",92,87,97,0
"s4-da-a2-10-o-d-08:29","goAquaFlux",26,19,29,10010.5275915535
"s4-da-a2-10-o-d-08:29","FS_default",51,1,120,62296.378
"s4-da-a2-10-o-d-08:29","MSP",57,52,62,31951.38
"s4-da-a2-11-o-d-08:39","FS_default",120,1,240,435851.23
"s4-da-a2-11-o-d-08:39","MSP",26,21,31,60091.432
"s4-da-a2-11-o-d-08:39","MSP",96,91,101,47312.08
"s4-da-a2-11-o-d-08:39","MSP",125,120,130,74446.81
"s4-da-a2-12-o-d-08:51","goAquaFlux",144,134,210,19856.8859685067
"s4-da-a2-12-o-d-08:51","goAquaFlux",394,387,402,3375.17190645447
"s4-da-a2-12-o-d-08:51","goAquaFlux",477,469,487,3371.64196278575
"s4-da-a2-12-o-d-08:51","goAquaFlux",531,522,569,5210.94718520387
"s4-da-a2-12-o-d-08:51","goAquaFlux",629,621,636,1541.87221607251
"s4-da-a2-12-o-d-08:51","FS_default",144,37,309,103348.297
"s4-da-a2-12-o-d-08:51","FS_default",531,364,660,25933.23
"s4-da-a2-12-o-d-08:51","MSP",149,144,154,20344.47
"s4-da-a2-12-o-d-08:51","MSP",201,196,206,3147.04
"s4-da-a2-13-o-d-09:09","FS_default",68,1,240,168487.8222
"s4-da-a2-13-o-d-09:09","MSP",60,55,65,9866.78000000001
"s4-da-a2-13-o-d-09:09","MSP",70,65,75,22133.27
"s4-da-a2-14-o-d-09:18","goAquaFlux",18,7,104,871.387262613818
"s4-da-a2-14-o-d-09:18","FS_default",18,1,55,4179.0032
"s4-da-a2-14-o-d-09:18","MSP",20,15,25,3738.926
"s4-da-a2-3-o-d-07:07","MSP",72,67,77,43.3178999999999
"s4-da-a2-3-o-d-07:07","MSP",93,88,98,37.8246999999998
"s4-da-a2-3-o-d-07:07","MSP",141,136,146,20.4515999999995
"s4-da-a2-3-o-d-07:07","MSP",189,184,194,40.1670000000003
"s4-da-a2-3-o-d-07:07","MSP",201,196,206,68.9693
"s4-da-a2-3-o-d-07:07","MSP",213,208,218,58.3872000000003
"s4-da-a2-3-o-d-07:07","MSP",230,225,235,22.4575999999992
"s4-da-a2-4-o-d-07:21","goAquaFlux",124,107,146,81.6920219902805
"s4-da-a2-4-o-d-07:21","MSP",137,132,142,44.0173000000001
"s4-da-a2-5-o-d-07:33","FS_default",128,89,220,42358.091
"s4-da-a2-5-o-d-07:33","MSP",133,128,138,19233.226
"s4-da-a2-6-o-d-07:44","MSP",38,33,43,6.24470000000077
"s4-da-a2-6-o-d-07:44","MSP",101,96,106,6.98189999999954
"s4-da-a2-6-o-d-07:44","MSP",196,191,201,6.5527000000003
"s4-da-a2-7-o-d-07:52","goAquaFlux",26,7,183,2940.31974631073
"s4-da-a2-7-o-d-07:52","goAquaFlux",217,210,217,54.8903090807679
"s4-da-a2-7-o-d-07:52","MSP",42,37,47,1064.963
"s4-da-a2-9-o-d-08:18","goAquaFlux",128,120,135,3916.49271793821
"s4-da-a2-9-o-d-08:18","goAquaFlux",210,202,228,38363.929699565
"s4-da-a2-9-o-d-08:18","goAquaFlux",260,252,275,40772.4193889992
"s4-da-a2-9-o-d-08:18","FS_default",210,1,300,207402.006
"s4-da-a2-9-o-d-08:18","MSP",16,11,21,5086.325
"s4-da-a2-9-o-d-08:18","MSP",215,210,220,51197.97
"s4-da-a2-9-o-d-08:18","MSP",271,266,276,12503.9
"s4-da-p1-1-o-d-07:16","FS_default",43,1,120,19120.464
"s4-da-p1-1-o-d-07:16","MSP",46,41,51,14153.211
"s4-da-p1-10-o-d-09:23","goAquaFlux",129,121,146,3285.5857724003
"s4-da-p1-10-o-d-09:23","FS_default",38,8,166,14326.4798
"s4-da-p1-10-o-d-09:23","MSP",51,46,56,1999.266
"s4-da-p1-10-o-d-09:23","MSP",131,126,136,3869.263
"s4-da-p1-11-o-d-09:33","goAquaFlux",30,21,38,5631.03113687418
"s4-da-p1-11-o-d-09:33","goAquaFlux",205,196,222,6897.97956408598
"s4-da-p1-11-o-d-09:33","FS_default",30,1,98,10559.5095
"s4-da-p1-11-o-d-09:33","FS_default",205,174,238,3681.896
"s4-da-p1-11-o-d-09:33","MSP",78,73,83,790.596000000004
"s4-da-p1-11-o-d-09:33","MSP",217,212,222,1669.642
"s4-da-p1-12-o-d-09:55","goAquaFlux",55,43,157,17717.93589668
"s4-da-p1-12-o-d-09:55","FS_default",55,23,131,22430.3208
"s4-da-p1-12-o-d-09:55","MSP",61,56,66,33590.48
"s4-da-p1-13-o-d-10:04","goAquaFlux",195,182,236,11274.1023515688
"s4-da-p1-13-o-d-10:04","FS_default",195,163,246,24088.363
"s4-da-p1-13-o-d-10:04","MSP",155,150,160,525.344000000001
"s4-da-p1-13-o-d-10:04","MSP",214,209,219,3900.039
"s4-da-p1-14-o-d-10:13","goAquaFlux",27,7,84,225.375426368059
"s4-da-p1-14-o-d-10:13","MSP",62,57,67,23.7058999999999
"s4-da-p1-14-o-d-10:13","MSP",146,141,151,13.9551
"s4-da-p1-15-o-d-10:23","goAquaFlux",67,53,96,13823.2955835089
"s4-da-p1-15-o-d-10:23","goAquaFlux",198,154,221,1284.23566531944
"s4-da-p1-15-o-d-10:23","goAquaFlux",323,312,349,3018.73869508172
"s4-da-p1-15-o-d-10:23","goAquaFlux",605,592,623,232.046620340026
"s4-da-p1-15-o-d-10:23","FS_default",198,33,254,22109.9775
"s4-da-p1-15-o-d-10:23","FS_default",323,292,356,4677.896
"s4-da-p1-15-o-d-10:23","FS_default",605,570,650,3486.572
"s4-da-p1-15-o-d-10:23","MSP",78,73,83,6076.089
"s4-da-p1-15-o-d-10:23","MSP",159,154,164,1436.053
"s4-da-p1-15-o-d-10:23","MSP",206,201,211,1804.918
"s4-da-p1-15-o-d-10:23","MSP",611,606,616,2381.235
"s4-da-p1-5-o-d-08:27","goAquaFlux",31,18,66,9014.03058485498
"s4-da-p1-5-o-d-08:27","goAquaFlux",114,105,121,1889.0034341322
"s4-da-p1-5-o-d-08:27","goAquaFlux",259,247,275,2816.38174559286
"s4-da-p1-5-o-d-08:27","goAquaFlux",520,510,527,2196.78093767017
"s4-da-p1-5-o-d-08:27","goAquaFlux",603,552,610,4724.06594652809
"s4-da-p1-5-o-d-08:27","FS_default",31,1,155,26138.946
"s4-da-p1-5-o-d-08:27","FS_default",259,224,351,10632.098
"s4-da-p1-5-o-d-08:27","FS_default",603,406,636,15955.633
"s4-da-p1-5-o-d-08:27","MSP",35,30,40,8580.765
"s4-da-p1-5-o-d-08:27","MSP",263,258,268,34027.805
"s4-da-p1-5-o-d-08:27","MSP",530,525,535,857.038999999986
"s4-da-p1-6-o-d-08:41","goAquaFlux",15,7,44,20409.6182714497
"s4-da-p1-6-o-d-08:41","goAquaFlux",258,241,293,14492.7780002185
"s4-da-p1-6-o-d-08:41","FS_default",15,1,76,26879.3725
"s4-da-p1-6-o-d-08:41","FS_default",258,198,300,23645.219
"s4-da-p1-6-o-d-08:41","MSP",23,18,28,12907.207
"s4-da-p1-7-o-d-08:49","goAquaFlux",100,97,121,7799.82912166174
"s4-da-p1-7-o-d-08:49","goAquaFlux",229,221,236,3819.62697484891
"s4-da-p1-7-o-d-08:49","FS_default",229,1,300,80872.209
"s4-da-p1-7-o-d-08:49","MSP",47,42,52,4161.918
"s4-da-p1-7-o-d-08:49","MSP",111,106,116,9697.703
"s4-da-p1-7-o-d-08:49","MSP",278,273,283,11419.87
"s4-da-p1-8-o-d-08:59","goAquaFlux",60,53,71,21054.6664935733
"s4-da-p1-8-o-d-08:59","FS_default",132,1,213,35598.373
"s4-da-p1-8-o-d-08:59","MSP",68,63,73,6744.85199999999
"s4-da-p1-8-o-d-08:59","MSP",135,130,140,19001.797
"s4-da-p1-9-o-d-09:08","goAquaFlux",411,351,418,8691.60270213166
"s4-da-p1-9-o-d-09:08","goAquaFlux",522,516,538,10321.4897038186
"s4-da-p1-9-o-d-09:08","goAquaFlux",637,629,653,5599.80634196963
"s4-da-p1-9-o-d-09:08","FS_default",76,44,128,14464.4693
"s4-da-p1-9-o-d-09:08","FS_default",411,220,660,96998.099
"s4-da-p1-9-o-d-09:08","MSP",89,84,94,4114.25
"s4-da-p1-9-o-d-09:08","MSP",286,281,291,3860.668
"s4-da-p1-9-o-d-09:08","MSP",534,529,539,4127.25
"s4-da-p2-10-o-d-10:27","goAquaFlux",35,7,50,2347.02190460777
"s4-da-p2-10-o-d-10:27","MSP",9,4,14,975.633
"s4-da-p2-10-o-d-10:27","MSP",108,103,113,251.213999999999
"s4-da-p2-12-o-d-10:52","goAquaFlux",32,7,32,6814.81666319444
"s4-da-p2-12-o-d-10:52","goAquaFlux",51,44,62,511.341172597615
"s4-da-p2-12-o-d-10:52","MSP",55,50,60,355.887
"s4-da-p2-2-o-d-08:56","goAquaFlux",427,412,488,1692.62309717552
"s4-da-p2-2-o-d-08:56","MSP",378,373,383,13.4559999999997
"s4-da-p2-2-o-d-08:56","MSP",447,442,452,480.590000000001
"s4-da-p2-3-o-d-09:10","goAquaFlux",58,43,103,21589.9990095723
"s4-da-p2-3-o-d-09:10","FS_default",58,25,101,25666.093
"s4-da-p2-3-o-d-09:10","MSP",70,65,75,4462.44
"s4-da-p2-5-o-d-09:34","goAquaFlux",155,145,163,2879.42458903654
"s4-da-p2-5-o-d-09:34","FS_default",233,197,240,21615.417
"s4-da-p2-5-o-d-09:34","MSP",194,189,199,220.915000000001
"s4-da-p2-6-o-d-09:41","goAquaFlux",103,91,113,5616.2622461897
"s4-da-p2-6-o-d-09:41","goAquaFlux",182,174,182,2730.09460899978
"s4-da-p2-6-o-d-09:41","goAquaFlux",318,318,324,36.9733633996585
"s4-da-p2-6-o-d-09:41","goAquaFlux",636,625,646,4045.96606859083
"s4-da-p2-6-o-d-09:41","FS_default",636,609,659,11003.74
"s4-da-p2-6-o-d-09:41","MSP",120,115,125,1200.141
"s4-da-p2-6-o-d-09:41","MSP",221,216,226,1515.49
"s4-da-p2-6-o-d-09:41","MSP",322,317,327,626.51
"s4-da-p2-6-o-d-09:41","MSP",600,595,605,744.85
"s4-da-p2-6-o-d-09:41","MSP",649,644,654,2591.77999999999
"s4-da-p2-7-o-d-09:55","goAquaFlux",27,17,88,21222.16736763
"s4-da-p2-7-o-d-09:55","goAquaFlux",219,212,237,5210.44660758373
"s4-da-p2-7-o-d-09:55","FS_default",27,1,110,27850.731
"s4-da-p2-7-o-d-09:55","FS_default",219,189,260,8929.74
"s4-da-p2-7-o-d-09:55","MSP",66,61,71,4723.94
"s4-da-p2-7-o-d-09:55","MSP",231,226,236,2183.44
"s4-da-p2-8-o-d-10:04","MSP",54,49,59,14.1279999999999
"s4-da-p2-8-o-d-10:04","MSP",146,141,151,52.025
"s4-da-p2-8-o-d-10:04","MSP",165,160,170,29.8699999999998
"s4-da-p2-9-o-d-10:12","goAquaFlux",130,114,137,2954.50066918701
"s4-da-p2-9-o-d-10:12","goAquaFlux",439,420,463,840.403080754593
"s4-da-p2-9-o-d-10:12","MSP",421,416,426,22.6100000000002
"s4-da-p2-9-o-d-10:12","MSP",459,454,464,222.300000000001
"s4-da-r1-1-o-d-08:42","goAquaFlux",97,83,113,3737.05825040138
"s4-da-r1-1-o-d-08:42","goAquaFlux",347,333,368,544.445054321495
"s4-da-r1-1-o-d-08:42","goAquaFlux",405,398,408,8072.91245480941
"s4-da-r1-1-o-d-08:42","FS_default",97,65,134,6539.812
"s4-da-r1-1-o-d-08:42","FS_default",347,314,446,16290.353
"s4-da-r1-1-o-d-08:42","FS_default",540,505,599,5630.13
"s4-da-r1-1-o-d-08:42","MSP",360,355,365,1563.96
"s4-da-r1-1-o-d-08:42","MSP",549,544,554,1847.96999999999
"s4-da-r1-5-o-d-10:01","goAquaFlux",172,152,196,2749.99993046653
"s4-da-r1-5-o-d-10:01","goAquaFlux",434,423,492,2115.47911151518
"s4-da-r1-5-o-d-10:01","goAquaFlux",671,600,712,3231.14566853636
"s4-da-r1-5-o-d-10:01","FS_default",434,406,466,3151.684
"s4-da-r1-5-o-d-10:01","FS_default",671,595,719,21389.5
"s4-da-r1-5-o-d-10:01","MSP",177,172,182,802.957999999998
"s4-da-r1-5-o-d-10:01","MSP",441,436,446,643.280000000001
"s4-da-r1-5-o-d-10:01","MSP",676,671,681,2299.43
"s4-da-r1-6-o-d-10:17","goAquaFlux",56,47,63,4687.85638231328
"s4-da-r1-6-o-d-10:17","goAquaFlux",396,377,420,14920.9967106991
"s4-da-r1-6-o-d-10:17","FS_default",97,28,155,18523.85
"s4-da-r1-6-o-d-10:17","FS_default",234,202,269,3066.62
"s4-da-r1-6-o-d-10:17","FS_default",396,355,473,18390.98
"s4-da-r1-6-o-d-10:17","MSP",104,99,109,4318.5
"s4-da-r1-6-o-d-10:17","MSP",407,402,412,4394
"s4-da-r2-1-o-d-06:24","goAquaFlux",7,7,14,2197.22210216019
"s4-da-r2-1-o-d-06:24","goAquaFlux",100,91,120,2183.26838361163
"s4-da-r2-1-o-d-06:24","goAquaFlux",328,321,337,8119.31143911369
"s4-da-r2-1-o-d-06:24","goAquaFlux",417,415,428,3767.26702303639
"s4-da-r2-1-o-d-06:24","goAquaFlux",660,646,675,11905.7873066166
"s4-da-r2-1-o-d-06:24","FS_default",100,71,134,8851.23
"s4-da-r2-1-o-d-06:24","FS_default",328,297,517,28213.42
"s4-da-r2-1-o-d-06:24","FS_default",660,623,699,17180.77
"s4-da-r2-1-o-d-06:24","MSP",337,332,342,1472.73999999999
"s4-da-r2-1-o-d-06:24","MSP",423,418,428,1863.83
"s4-da-r2-1-o-d-06:24","MSP",489,484,494,1328.27000000001
"s4-da-r2-1-o-d-06:24","MSP",671,666,676,2205.42
"s4-da-r2-10-o-d-08:34","goAquaFlux",325,312,365,10990.5986790644
"s4-da-r2-10-o-d-08:34","FS_default",325,180,391,42003.07
"s4-da-r2-10-o-d-08:34","MSP",245,240,250,8068.89
"s4-da-r2-10-o-d-08:34","MSP",335,330,340,5502.87999999999
"s4-da-r2-11-o-d-08:44","MSP",15,10,20,601.665
"s4-da-r2-11-o-d-08:44","MSP",50,45,55,321.781
"s4-da-r2-12-o-d-08:52","FS_default",235,205,240,8658.81
"s4-da-r2-12-o-d-08:52","MSP",102,97,107,678.182
"s4-da-r2-12-o-d-08:52","MSP",203,198,208,1144.59
"s4-da-r2-13-o-d-09:01","goAquaFlux",36,28,47,443.12426845083
"s4-da-r2-13-o-d-09:01","goAquaFlux",91,62,105,10416.4597695333
"s4-da-r2-13-o-d-09:01","goAquaFlux",327,317,341,835.02532081479
"s4-da-r2-13-o-d-09:01","goAquaFlux",387,354,403,1308.48878300464
"s4-da-r2-13-o-d-09:01","FS_default",91,46,124,17816.22
"s4-da-r2-13-o-d-09:01","FS_default",387,296,441,9660.98000000001
"s4-da-r2-13-o-d-09:01","MSP",96,91,101,2461.63
"s4-da-r2-13-o-d-09:01","MSP",335,330,340,1274.58
"s4-da-r2-13-o-d-09:01","MSP",397,392,402,2788.25
"s4-da-r2-14-o-d-09:20","goAquaFlux",67,31,81,13528.6336138228
"s4-da-r2-14-o-d-09:20","FS_default",67,8,125,61339.504
"s4-da-r2-14-o-d-09:20","FS_default",204,169,242,18235.71
"s4-da-r2-14-o-d-09:20","MSP",76,71,81,7846.83
"s4-da-r2-14-o-d-09:20","MSP",216,211,221,2143.26
"s4-da-r2-15-o-d-09:30","FS_default",2,1,155,64698.51
"s4-da-r2-15-o-d-09:30","FS_default",220,187,240,12585.7
"s4-da-r2-15-o-d-09:30","MSP",11,6,16,8873.89
"s4-da-r2-15-o-d-09:30","MSP",123,118,128,5031.71999999999
"s4-da-r2-15-o-d-09:30","MSP",233,228,238,2092
"s4-da-r2-3-o-d-07:07","goAquaFlux",151,143,157,831.904440454679
"s4-da-r2-3-o-d-07:07","FS_default",34,5,81,2829.672
"s4-da-r2-3-o-d-07:07","FS_default",151,121,183,6147.485
"s4-da-r2-3-o-d-07:07","MSP",38,33,43,11580.703
"s4-da-r2-5-o-d-07:34","goAquaFlux",118,104,134,24335.039092161
"s4-da-r2-5-o-d-07:34","FS_default",118,80,160,31315.011
"s4-da-r2-5-o-d-07:34","FS_default",238,202,239,8357.24
"s4-da-r2-5-o-d-07:34","MSP",127,122,132,5933.86
"s4-da-r2-7-o-d-08:01","goAquaFlux",97,90,111,601.166479382366
"s4-da-r2-7-o-d-08:01","goAquaFlux",266,255,282,21295.836094062
"s4-da-r2-7-o-d-08:01","FS_default",266,69,299,93941.981
"s4-da-r2-7-o-d-08:01","MSP",193,188,198,11612.13
"s4-da-r2-7-o-d-08:01","MSP",274,269,279,20481.7
"s4-da-r2-8-o-d-08:12","goAquaFlux",157,150,164,2029.2784019515
"s4-da-r2-8-o-d-08:12","goAquaFlux",376,363,383,6062.86191389583
"s4-da-r2-8-o-d-08:12","FS_default",9,1,190,48455.43
"s4-da-r2-8-o-d-08:12","FS_default",376,343,408,7826.05000000001
"s4-da-r2-8-o-d-08:12","FS_default",660,630,660,3501.8
"s4-da-r2-8-o-d-08:12","MSP",19,14,24,7746.75
"s4-da-r2-8-o-d-08:12","MSP",91,86,96,1376.88
"s4-da-r2-8-o-d-08:12","MSP",165,160,170,845.650000000006
"s4-da-r2-8-o-d-08:12","MSP",389,384,394,1188.09
"s4-da-r2-9-o-d-08:26","goAquaFlux",136,126,170,2662.88374497734
"s4-da-r2-9-o-d-08:26","MSP",145,140,150,1525.43
"s4-du-p1-3-o-d-08:20","MSP",3,0,8,4.98599999999993
"s4-du-p1-3-o-d-08:20","MSP",27,22,32,1.21900000000008
"s4-du-p1-3-o-d-08:20","MSP",86,81,91,1.22099999999992
"s4-du-p1-3-o-d-08:20","MSP",133,128,138,0.515000000000043
"s4-du-p1-3-o-d-08:20","MSP",151,146,156,0
"s4-du-p1-3-o-d-08:20","MSP",186,181,191,3.51100000000004
"s4-du-p1-3-o-d-08:20","MSP",211,206,216,3.03699999999996
"s4-du-p1-3-o-d-08:20","MSP",276,271,281,2.76300000000007
"s4-du-p1-3-o-d-08:20","MSP",297,292,302,2.38399999999994
"s4-du-p1-3-o-d-08:20","MSP",352,347,357,3.57499999999988
"s4-du-p1-3-o-d-08:20","MSP",394,389,399,4.8379999999999
"s4-du-p1-3-o-d-08:20","MSP",431,426,436,0
"s4-du-p1-3-o-d-08:20","MSP",481,476,486,1.59700000000007
"s4-du-p1-3-o-d-08:20","MSP",500,495,505,1.55499999999997
"s4-du-p1-3-o-d-08:20","MSP",520,515,525,5.81199999999993
"s4-du-p1-3-o-d-08:20","MSP",569,564,574,5.72600000000012
"s4-du-p1-3-o-d-08:20","MSP",587,582,592,0
"s4-du-p1-3-o-d-08:20","MSP",633,628,638,1.52099999999988
"s4-du-p1-5-o-d-08:53","MSP",59,54,64,3.21400000000005
"s4-du-p1-5-o-d-08:53","MSP",130,125,135,6.83299999999987
"s4-du-p1-5-o-d-08:53","MSP",160,155,165,1.03700000000018
"s4-du-p1-5-o-d-08:53","MSP",232,227,237,1.94400000000017
"s4-du-p1-5-o-d-08:53","MSP",296,291,301,1.89499999999998
"s4-du-p1-5-o-d-08:53","MSP",310,305,315,0
"s4-du-p1-5-o-d-08:53","MSP",355,350,360,1.97499999999984
"s4-du-p1-5-o-d-08:53","MSP",413,408,418,3.14899999999985
"s4-du-p1-5-o-d-08:53","MSP",427,422,432,4.2930000000001
"s4-du-p1-5-o-d-08:53","MSP",498,493,503,4.99899999999998
"s4-du-p1-5-o-d-08:53","MSP",559,554,564,3.53099999999995
"s4-du-p1-5-o-d-08:53","MSP",687,682,692,0.247178571428641
"s4-du-p1-7-o-d-09:27","MSP",205,200,210,4.64200000000003
"s4-du-p1-7-o-d-09:27","MSP",229,224,234,4.97400000000003
"s4-du-p1-7-o-d-09:27","MSP",403,398,408,17.5209999999999
"s4-du-p1-7-o-d-09:27","MSP",450,445,455,1.92700000000001
"s4-du-p1-7-o-d-09:27","MSP",459,454,464,0.547000000000075
"s4-du-p1-7-o-d-09:27","MSP",468,463,473,3.76600000000016
"s4-du-p1-7-o-d-09:27","MSP",500,495,505,1.37900000000002
"s4-du-p1-7-o-d-09:27","MSP",533,528,538,0.966999999999718
"s4-du-r1-12-o-d-11:10","MSP",60,55,65,68.3240000000001
"s4-du-r1-12-o-d-11:10","MSP",80,75,85,61.0700000000004
"s4-du-r1-12-o-d-11:10","MSP",188,183,193,93.4059999999999
"s4-du-r1-12-o-d-11:10","MSP",221,216,226,78.4089999999997
"s4-du-r1-12-o-d-11:10","MSP",258,253,263,78.2509999999998
"s4-du-r1-12-o-d-11:10","MSP",328,323,333,81.8989999999999
"s4-du-r1-12-o-d-11:10","MSP",358,353,363,89.5049999999999
"s4-du-r1-12-o-d-11:10","MSP",398,393,403,70.9270000000002
"s4-du-r1-12-o-d-11:10","MSP",433,428,438,77.6999999999992
"s4-du-r1-12-o-d-11:10","MSP",468,463,473,71.3100000000004
"s4-du-r1-12-o-d-11:10","MSP",567,562,572,57.0490000000001
"s4-du-r1-12-o-d-11:10","MSP",649,644,654,33.7329999999998
"s4-du-r1-4-o-d-09:05","MSP",4,0,9,6.53100000000006
"s4-du-r1-4-o-d-09:05","MSP",25,20,30,10.5230000000001
"s4-du-r1-4-o-d-09:05","MSP",36,31,41,7.57799999999986
"s4-du-r1-4-o-d-09:05","MSP",82,77,87,7.56099999999993
"s4-du-r1-4-o-d-09:05","MSP",100,95,105,1.47300000000006
"s4-du-r1-4-o-d-09:05","MSP",144,139,149,1.69100000000011
"s4-du-r1-4-o-d-09:05","MSP",164,159,169,4.66999999999995
"s4-du-r1-4-o-d-09:05","MSP",193,188,198,2.23099999999987
"s4-du-r1-4-o-d-09:05","MSP",278,273,283,2.80900000000006
"s4-du-r1-4-o-d-09:05","MSP",372,367,377,3.81399999999976
"s4-du-r1-4-o-d-09:05","MSP",473,468,478,7.56600000000018
"s4-du-r1-4-o-d-09:05","MSP",524,519,529,2.55899999999976
"s4-du-r1-4-o-d-09:05","MSP",570,565,575,7.29300000000022
"s4-du-r1-4-o-d-09:05","MSP",628,623,633,3.08200000000003
"s4-du-r1-4-o-d-09:05","MSP",694,689,699,1.29199999999985
"s4-du-r1-7-o-d-09:48","MSP",4,0,9,6.32900000000003
"s4-du-r1-7-o-d-09:48","MSP",90,85,95,8.13099999999989
"s4-du-r1-7-o-d-09:48","MSP",148,143,153,10.3839999999999
"s4-du-r1-7-o-d-09:48","MSP",177,172,182,2.71299999999997
"s4-du-r1-7-o-d-09:48","MSP",204,199,209,0
"s4-du-r1-7-o-d-09:48","MSP",291,286,296,6.63100000000005
"s4-du-r1-7-o-d-09:48","MSP",349,344,354,9.37699999999975
"s4-du-r1-7-o-d-09:48","MSP",385,380,390,4.62300000000004
"s4-du-r1-7-o-d-09:48","MSP",430,425,435,4.39599999999984
"s4-du-r1-7-o-d-09:48","MSP",484,479,489,6.93300000000008
"s4-du-r1-7-o-d-09:48","MSP",557,552,562,2.35500000000011
"s4-du-r1-7-o-d-09:48","MSP",579,574,584,5.11699999999982
"s4-du-r1-7-o-d-09:48","MSP",649,644,654,1.80200000000008
"s4-du-r1-7-o-d-09:48","MSP",663,658,668,3.85800000000014
"s4-du-r2-6-o-d-09:19","MSP",16,11,21,6.00000000000067
"s4-du-r2-6-o-d-09:19","MSP",44,39,49,1.98399999999976
"s4-du-r2-6-o-d-09:19","MSP",100,95,105,3.70199999999965
"s4-du-r2-6-o-d-09:19","MSP",127,122,132,0.931000000000015
"s4-du-r2-6-o-d-09:19","MSP",134,129,139,0
"s4-du-r2-6-o-d-09:19","MSP",205,200,210,5.38600000000011
"s4-du-r2-6-o-d-09:19","MSP",212,207,217,2.89500000000009
"s4-du-r2-6-o-d-09:19","MSP",222,217,227,2.50499999999976
"s4-du-r2-6-o-d-09:19","MSP",308,303,313,3.84599999999979
"s4-du-r2-6-o-d-09:19","MSP",327,322,332,6.58200000000031
"s4-du-r2-6-o-d-09:19","MSP",357,352,362,0.690000000000079
"s4-du-r2-6-o-d-09:19","MSP",380,375,385,0.77499999999997
"s4-du-r2-6-o-d-09:19","MSP",400,395,405,4.04699999999991
"s4-du-r2-6-o-d-09:19","MSP",408,403,413,3.90800000000002
"s4-du-r2-6-o-d-09:19","MSP",417,412,422,3.70999999999988
"s4-du-r2-6-o-d-09:19","MSP",451,446,456,5.17900000000004
"s4-du-r2-6-o-d-09:19","MSP",496,491,501,4.98399999999988
"s4-du-r2-6-o-d-09:19","MSP",506,501,511,4.35499999999989
"s4-du-r2-6-o-d-09:19","MSP",528,523,533,2.58000000000003
"s4-du-r2-6-o-d-09:19","MSP",563,558,568,5.06800000000052
"s4-du-r2-6-o-d-09:19","MSP",603,598,608,4.37599999999971
"s4-du-r2-6-o-d-09:19","MSP",626,621,631,3.71600000000027
"s4-du-r2-7-o-d-09:36","MSP",64,59,69,111.093
"s4-du-r2-7-o-d-09:36","MSP",70,65,75,119.957
"s4-du-r2-7-o-d-09:36","MSP",80,75,85,127.953
"s4-du-r2-7-o-d-09:36","MSP",86,81,91,33.9309999999999
"s4-du-r2-8-o-d-09:51","MSP",33,28,38,3.81799999999988
"s4-du-r2-8-o-d-09:51","MSP",92,87,97,4.29199999999996
"s4-du-r2-8-o-d-09:51","MSP",99,94,104,0
"s4-du-r2-8-o-d-09:51","MSP",108,103,113,3.31100000000051
"s4-du-r2-8-o-d-09:51","MSP",183,178,188,2.92500000000029
"s4-du-r2-8-o-d-09:51","MSP",227,222,232,1.75199999999975
"s4-du-r2-8-o-d-09:51","MSP",235,230,240,2.29299999999988
"s4-du-r2-8-o-d-09:51","MSP",307,302,312,3.84099999999998
"s4-du-r2-8-o-d-09:51","MSP",356,351,361,3.97500000000006
"s4-du-r2-8-o-d-09:51","MSP",364,359,369,6.18700000000016
"s4-du-r2-8-o-d-09:51","MSP",397,392,402,4.59500000000013
"s4-du-r2-8-o-d-09:51","MSP",451,446,456,3.29099999999993
"s4-du-r2-8-o-d-09:51","MSP",460,455,465,4.34299999999999
"s4-du-r2-8-o-d-09:51","MSP",470,465,475,2.5170000000001
"s4-du-r2-8-o-d-09:51","MSP",532,527,537,5.45200000000001
"s4-du-r2-8-o-d-09:51","MSP",539,534,544,0
"s4-du-r2-8-o-d-09:51","MSP",642,637,647,5.81100000000001
"s4-du-r2-8-o-d-09:51","MSP",687,682,692,3.53599999999998
"s4-ri-a2-13-o-d-09:28","goAquaFlux",37,30,46,14.7563470516551
"s4-ri-a2-13-o-d-09:28","MSP",7,2,12,5.16800000000006
"s4-ri-a2-13-o-d-09:28","MSP",14,9,19,4.01799999999986
"s4-ri-a2-13-o-d-09:28","MSP",49,44,54,11.339
"s4-ri-a2-13-o-d-09:28","MSP",141,136,146,5.22200000000028
"s4-ri-a2-13-o-d-09:28","MSP",185,180,190,5.34299999999988
"s4-ri-a2-13-o-d-09:28","MSP",223,218,228,11.4920000000001
"s4-ri-a2-13-o-d-09:28","MSP",229,224,234,7.65700000000002
"s4-ri-a2-13-o-d-09:28","MSP",272,267,277,10.1960000000001
"s4-ri-a2-13-o-d-09:28","MSP",314,309,319,4.20800000000021
"s4-ri-a2-13-o-d-09:28","MSP",362,357,367,6.64599999999993
"s4-ri-a2-13-o-d-09:28","MSP",584,579,589,6.29599999999986
"s4-ri-a2-14-o-d-09:48","goAquaFlux",432,431,437,6.75684253902559
"s4-ri-a2-14-o-d-09:48","MSP",85,80,90,20.5199999999999
"s4-ri-a2-14-o-d-09:48","MSP",177,172,182,6.34500000000005
"s4-ri-a2-14-o-d-09:48","MSP",269,264,274,4.90000000000013
"s4-ri-a2-14-o-d-09:48","MSP",346,341,351,5.02700000000011
"s4-ri-a2-14-o-d-09:48","MSP",375,370,380,14.5210000000002
"s4-ri-a2-14-o-d-09:48","MSP",439,434,444,6.94800000000084
"s4-ri-a2-14-o-d-09:48","MSP",513,508,518,13.147
"s4-ri-a2-14-o-d-09:48","MSP",563,558,568,7.34900000000005
"s4-ri-a2-14-o-d-09:48","MSP",627,622,632,1.35600000000036
"s4-ri-a2-15-o-d-10:03","goAquaFlux",213,150,249,20.2153642910258
"s4-ri-a2-15-o-d-10:03","MSP",81,76,86,14.3810000000002
"s4-ri-a2-15-o-d-10:03","MSP",131,126,136,11.342
"s4-ri-a2-15-o-d-10:03","MSP",182,177,187,46.91
"s4-ri-a2-15-o-d-10:03","MSP",259,254,264,10.5620000000002
"s4-ri-a2-15-o-d-10:03","MSP",315,310,320,19.4130000000001
"s4-ri-a2-15-o-d-10:03","MSP",366,361,371,12.2949999999999
"s4-ri-a2-15-o-d-10:03","MSP",412,407,417,9.55299999999992
"s4-ri-a2-15-o-d-10:03","MSP",474,469,479,8.59100000000002
"s4-ri-a2-15-o-d-10:03","MSP",542,537,547,14.7389999999996
"s4-ri-p1-13-o-d-10:07","goAquaFlux",62,53,69,9.26271404781854
"s4-ri-p1-13-o-d-10:07","MSP",28,23,33,53.0599999999999
"s4-ri-p1-13-o-d-10:07","MSP",69,64,74,18.3340000000003
"s4-ri-p1-13-o-d-10:07","MSP",98,93,103,6.60799999999995
"s4-ri-p1-13-o-d-10:07","MSP",140,135,145,39.1139999999999
"s4-ri-p1-13-o-d-10:07","MSP",154,149,159,0
"s4-ri-p1-13-o-d-10:07","MSP",166,161,171,0.151000000000234
"s4-ri-p1-13-o-d-10:07","MSP",228,223,233,8.48999999999966
"s4-ri-p1-13-o-d-10:07","MSP",347,342,352,50.341
"s4-ri-p1-13-o-d-10:07","MSP",374,369,379,82.5550000000001
"s4-ri-p1-14-o-d-11:04","MSP",29,24,34,2.1770000000001
"s4-ri-p1-14-o-d-11:04","MSP",44,39,49,2.69000000000008
"s4-ri-p1-14-o-d-11:04","MSP",97,92,102,8.21399999999994
"s4-ri-p1-14-o-d-11:04","MSP",104,99,109,4.90400000000002
"s4-ri-p1-15-o-d-11:15","MSP",18,13,23,6.58999999999987
"s4-ri-p1-15-o-d-11:15","MSP",23,18,28,0
"s4-ri-p1-15-o-d-11:15","MSP",100,95,105,30.1800000000001
"s4-ri-p1-15-o-d-11:15","MSP",111,106,116,4.6670000000002
"s4-ri-p1-15-o-d-11:15","MSP",159,154,164,10.2969999999998
"s4-ri-p1-15-o-d-11:15","MSP",166,161,171,7.24599999999986
"s4-ri-p1-15-o-d-11:15","MSP",172,167,177,2.72600000000001
"s4-ri-p1-5-o-d-07:54","MSP",68,63,73,0.639999999999752
"s4-ri-p1-5-o-d-07:54","MSP",126,121,131,4.04600000000022
"s4-ri-p1-5-o-d-07:54","MSP",204,199,209,4.48599999999999
"s4-ri-p1-5-o-d-07:54","MSP",213,208,218,4.72599999999979
"s4-ri-p1-5-o-d-07:54","MSP",221,216,226,1.21199999999977
"s4-ri-p1-5-o-d-07:54","MSP",421,416,426,6.79300000000005
"s4-ri-p1-5-o-d-07:54","MSP",427,422,432,2.61200000000006
"s4-ri-p1-5-o-d-07:54","MSP",577,572,582,0.425000000000342
"s4-ri-p1-7-o-d-08:26","goAquaFlux",644,635,651,14.8733727297377
"s4-ri-p1-7-o-d-08:26","MSP",113,108,118,5.44199999999995
"s4-ri-p1-7-o-d-08:26","MSP",177,172,182,0.423999999999758
"s4-ri-p1-7-o-d-08:26","MSP",186,181,191,4.11800000000007
"s4-ri-p1-7-o-d-08:26","MSP",237,232,242,3.94799999999984
"s4-ri-p1-7-o-d-08:26","MSP",245,240,250,0
"s4-ri-p1-7-o-d-08:26","MSP",399,394,404,64.9250000000001
"s4-ri-p1-7-o-d-08:26","MSP",406,401,411,63.3520000000001
"s4-ri-p1-7-o-d-08:26","MSP",424,419,429,1.69200000000025
"s4-ri-p1-7-o-d-08:26","MSP",504,499,509,3.05299999999997
"s4-ri-p1-7-o-d-08:26","MSP",516,511,521,1.31899999999985
"s4-ri-p1-7-o-d-08:26","MSP",575,570,580,72.184
"s4-ri-p1-7-o-d-08:26","MSP",581,576,586,40.7540000000002
"s4-ri-p1-7-o-d-08:26","MSP",597,592,602,49.56
"s4-ri-p1-7-o-d-08:26","MSP",623,618,628,3.88199999999972
"s4-ri-p1-9-o-d-08:56","goAquaFlux",279,271,285,7.49508539021478
"s4-ri-p1-9-o-d-08:56","MSP",195,190,200,70.5519999999999
"s4-ri-p1-9-o-d-08:56","MSP",278,273,283,0
"s4-ri-p1-9-o-d-08:56","MSP",304,299,309,13.9990000000001
"s4-ri-p1-9-o-d-08:56","MSP",337,332,342,41.3730000000001
"s4-ri-p1-9-o-d-08:56","MSP",368,363,373,5.67999999999969
"s4-ri-p1-9-o-d-08:56","MSP",423,418,428,20.2009999999999
"s4-ri-p1-9-o-d-08:56","MSP",508,503,513,7.16099999999997
"s4-ri-p1-9-o-d-08:56","MSP",612,607,617,0
"s4-ri-p1-9-o-d-08:56","MSP",631,626,636,2.99800000000006
"s4-ri-r2-1-o-d-10:32","MSP",81,76,86,9.38600000000012
"s4-ri-r2-1-o-d-10:32","MSP",164,159,169,9.13500000000012
"s4-ri-r2-1-o-d-10:32","MSP",231,226,236,14.0319999999998
"s4-ri-r2-1-o-d-10:32","MSP",301,296,306,9.94099999999953
"s4-ri-r2-1-o-d-10:32","MSP",367,362,372,9.15599999999994
"s4-ri-r2-1-o-d-10:32","MSP",423,418,428,14.9880000000002
"s4-ri-r2-1-o-d-10:32","MSP",469,464,474,84.5459999999996
"s4-ri-r2-1-o-d-10:32","MSP",541,536,546,9.43499999999986
"s4-ri-r2-1-o-d-10:32","MSP",577,572,582,9.82299999999992
"s4-ri-r2-2-o-d-10:45","MSP",24,19,29,13.1299999999999
"s4-ri-r2-2-o-d-10:45","MSP",101,96,106,14.2449999999998
"s4-ri-r2-2-o-d-10:45","MSP",203,198,208,9.64099999999979
"s4-ri-r2-2-o-d-10:45","MSP",282,277,287,10.9789999999998
"s4-ri-r2-2-o-d-10:45","MSP",345,340,350,14.154
"s4-ri-r2-2-o-d-10:45","MSP",428,423,433,13.566
"s4-ri-r2-2-o-d-10:45","MSP",485,480,490,9.33000000000028
"s4-ri-r2-3-o-d-11:00","MSP",3,0,8,11.9849999999997
"s4-ri-r2-3-o-d-11:00","MSP",9,4,14,10.5560000000002
"s4-ri-r2-3-o-d-11:00","MSP",14,9,19,5.32600000000016
"s4-ri-r2-3-o-d-11:00","MSP",58,53,63,12.8169999999996
"s4-ri-r2-3-o-d-11:00","MSP",62,57,67,2.83999999999995
"s4-ri-r2-3-o-d-11:00","MSP",82,77,87,7.21099999999986
"s4-ri-r2-3-o-d-11:00","MSP",95,90,100,7.73499999999983
"s4-va-r1-1-o-d-07:30","MSP",13,8,18,6.43464279999995
"s4-va-r1-1-o-d-07:30","MSP",41,36,46,5.09650220000024
"s4-va-r1-1-o-d-07:30","MSP",100,95,105,5.53135999999999
"s4-va-r1-1-o-d-07:30","MSP",144,139,149,3.65778770000036
"s4-va-r1-1-o-d-07:30","MSP",177,172,182,3.70680689999991
"s4-va-r1-1-o-d-07:30","MSP",410,405,415,4.3590268
"s4-va-r1-1-o-d-07:30","MSP",420,415,425,2.67181009999984
"s4-va-r1-1-o-d-07:30","MSP",470,465,475,17.0195332
"s4-va-r1-1-o-d-07:30","MSP",530,525,535,5.4378427999997
"s4-va-r1-1-o-d-07:30","MSP",583,578,588,5.44635784999992
"s4-va-r1-1-o-d-07:30","MSP",670,665,675,4.11456809999988
"s4-va-r1-1-o-d-07:30","MSP",676,671,681,2.96995910000009
"s4-va-r1-2-o-d-07:58","MSP",101,96,106,16.9427408000002
"s4-va-r1-2-o-d-07:58","MSP",162,157,167,5.27541419999977
"s4-va-r1-2-o-d-07:58","MSP",245,240,250,10.4905009
"s4-va-r1-2-o-d-07:58","MSP",300,295,305,2.94280869999985
"s4-va-r1-2-o-d-07:58","MSP",351,346,356,8.3570540000002
"s4-va-r1-2-o-d-07:58","MSP",433,428,438,8.5928448999999
"s4-va-r1-2-o-d-07:58","MSP",508,503,513,3.20371829999999
"s4-va-r1-2-o-d-07:58","MSP",610,605,615,7.54186880000018
"s4-va-r1-3-o-d-08:17","MSP",5,0,10,22.4471115
"s4-va-r1-3-o-d-08:17","MSP",13,8,18,17.2720698000002
"s4-va-r1-3-o-d-08:17","MSP",66,61,71,24.1769984999998
"s4-va-r1-3-o-d-08:17","MSP",87,82,92,18.0587761000006
"s4-va-r1-3-o-d-08:17","MSP",121,116,126,5.81610239999986
"s4-va-r1-3-o-d-08:17","MSP",199,194,204,13.6175537000001
"s4-va-r1-3-o-d-08:17","MSP",618,613,623,14.79870955
"s4-va-r1-3-o-d-08:17","MSP",656,651,658,5.0038686999998
"s4-va-r1-4-o-d-08:32","goAquaFlux",606,599,613,52.5724584361256
"s4-va-r1-4-o-d-08:32","MSP",57,52,62,11.8750151000002
"s4-va-r1-4-o-d-08:32","MSP",88,83,93,8.33029060000001
"s4-va-r1-4-o-d-08:32","MSP",162,157,167,15.0983977000001
"s4-va-r1-4-o-d-08:32","MSP",283,278,288,7.00634330000005
"s4-va-r1-4-o-d-08:32","MSP",316,311,321,13.5043549000002
"s4-va-r1-4-o-d-08:32","MSP",382,377,387,13.4705119
"s4-va-r1-4-o-d-08:32","MSP",480,475,485,13.1854906000002
"s4-va-r1-4-o-d-08:32","MSP",537,532,542,8.82023299999979
"s4-va-r1-4-o-d-08:32","MSP",563,558,568,22.3465952000002
"s4-va-r1-4-o-d-08:32","MSP",612,607,617,22.1914593500001
"s4-va-r1-4-o-d-08:32","MSP",648,643,653,13.6113961
"s4-va-r1-5-o-d-08:48","goAquaFlux",271,264,280,13.1291570823028
"s4-va-r1-5-o-d-08:48","MSP",19,14,24,7.2962355999997
"s4-va-r1-5-o-d-08:48","MSP",106,101,111,8.02919330000007
"s4-va-r1-5-o-d-08:48","MSP",139,134,144,0.0582070999999296
"s4-va-r1-5-o-d-08:48","MSP",199,194,204,5.87294609999978
"s4-va-r1-5-o-d-08:48","MSP",255,250,260,15.3909639000003
"s4-va-r1-5-o-d-08:48","MSP",276,271,281,0
"s4-va-r1-5-o-d-08:48","MSP",294,289,299,9.20898569999995
"s4-va-r1-5-o-d-08:48","MSP",315,310,320,4.73989689999987
"s4-va-r1-5-o-d-08:48","MSP",396,391,401,11.2576437
"s4-va-r1-5-o-d-08:48","MSP",428,423,433,8.34373280000023
"s4-va-r1-5-o-d-08:48","MSP",496,491,501,10.7216324999997
"s4-va-r1-5-o-d-08:48","MSP",522,517,527,9.3263427000001
"s4-va-r1-5-o-d-08:48","MSP",538,533,543,10.0480722
"s4-va-r1-5-o-d-08:48","MSP",608,603,613,6.74735700000006
"s4-va-r1-5-o-d-08:48","MSP",650,645,655,0.871505999999744
"s4-va-r1-6-o-d-09:03","MSP",26,21,31,6.78622479999991
"s4-va-r1-6-o-d-09:03","MSP",73,68,78,6.02156880000004
"s4-va-r1-6-o-d-09:03","MSP",237,232,242,6.58664769999984
"s4-va-r1-6-o-d-09:03","MSP",274,269,279,5.98405490000031
"s4-va-r1-6-o-d-09:03","MSP",356,351,361,3.00333039999989
"s4-va-r1-6-o-d-09:03","MSP",459,454,464,8.62519070000012
"s4-va-r1-6-o-d-09:03","MSP",464,459,469,5.05353760000027
"s4-va-r1-6-o-d-09:03","MSP",506,501,511,9.19427629999969
"s4-va-r1-6-o-d-09:03","MSP",512,507,517,8.94920109999964
"s4-va-r1-6-o-d-09:03","MSP",549,544,554,14.1247273
"s4-va-r1-6-o-d-09:03","MSP",555,550,560,6.80164889999979
"s4-va-r1-6-o-d-09:03","MSP",608,603,613,7.82184310000034
"s4-va-r1-6-o-d-09:03","MSP",616,611,621,19.0837195999998
"s4-va-r1-6-o-d-09:03","MSP",624,619,629,0
"s4-va-r1-6-o-d-09:03","MSP",660,655,665,0.470363400000284
"s4-va-r1-7-o-d-09:19","MSP",26,21,31,4.98768350000001
"s4-va-r1-7-o-d-09:19","MSP",86,81,91,9.59611055000043
"s4-va-r1-7-o-d-09:19","MSP",118,113,123,9.55509370000041
"s4-va-r1-7-o-d-09:19","MSP",166,161,171,3.9402421000001
"s4-va-r1-7-o-d-09:19","MSP",213,208,218,3.97118570000021
"s4-va-r1-7-o-d-09:19","MSP",256,251,261,7.01317140000013
"s4-va-r1-7-o-d-09:19","MSP",270,265,275,6.01259525000009
"s4-va-r1-7-o-d-09:19","MSP",342,337,347,1.4809653000003
"s4-va-r1-7-o-d-09:19","MSP",458,453,463,5.47088380000016
"s4-va-r1-7-o-d-09:19","MSP",490,485,495,6.27326870000022
"s4-va-r1-7-o-d-09:19","MSP",545,540,550,3.66566090000031
"s4-va-r1-7-o-d-09:19","MSP",591,586,596,9.12195059999998
"s4-va-r1-7-o-d-09:19","MSP",609,604,614,9.34309109999987
"s4-va-r1-8-o-d-09:38","MSP",1,0,6,6.32723229999987
"s4-va-r1-8-o-d-09:38","MSP",37,32,42,6.49885049999988
"s4-va-r1-8-o-d-09:38","MSP",83,78,88,7.49641200000006
"s4-va-r1-8-o-d-09:38","MSP",131,126,136,2.63152939999989
"s4-va-r1-8-o-d-09:38","MSP",161,156,166,5.63246615000024
"s4-va-r1-8-o-d-09:38","MSP",189,184,194,11.1191411
"s4-va-r1-8-o-d-09:38","MSP",249,244,254,4.49280485000036
"s4-va-r1-8-o-d-09:38","MSP",415,410,420,9.67744810000015
"s4-va-r1-8-o-d-09:38","MSP",493,488,498,7.01387970000011
"s4-va-r1-8-o-d-09:38","MSP",586,581,591,3.20260029999986
"s4-va-r1-8-o-d-09:38","MSP",601,596,606,6.21698759999978
"s4-va-r1-8-o-d-09:38","MSP",629,624,634,7.57321409999978
"s4-va-r1-9-o-d-09:54","goAquaFlux",425,421,432,13.2841373728076
"s4-va-r1-9-o-d-09:54","MSP",111,106,116,23.0064907000003
"s4-va-r1-9-o-d-09:54","MSP",166,161,171,15.6154357999996
"s4-va-r1-9-o-d-09:54","MSP",217,212,222,10.8860707000002
"s4-va-r1-9-o-d-09:54","MSP",255,250,260,7.34605739999994
"s4-va-r1-9-o-d-09:54","MSP",511,506,516,10.6797244000001
"s4-va-r1-9-o-d-09:54","MSP",518,513,523,1.82824474999999
"s4-va-r1-9-o-d-09:54","MSP",595,590,600,19.2819099000001
